CSIX,1616356084,024353490001,-60,6,128,43300400f00ff010f211f311f312f213f412f414f414f416f516f516f417f417f318f218f216f115f113f013f011f00fef0ff00eef0c00000000000000000000000000000000000000000000f40af309f109f008f008ef07ef07ef07ee07ee07ec07eb07ec07ec08ec07eb08ec08ed08ed08ed09ee09ee0aef0bee0bee0dee0d
CSIX,1616383789,024353490001,-60,6,128,43300400e7fce5fde600e6ffe601e502e702e604e604e305e505e406e306e306e105e105e204e203e402e401e6ffe6fee6fde8fce9fb00000000000000000000000000000000000000000000effaeef9eef8eef7eef7edf5edf5eef4eef4edf3ecf1ecf2edf2ebf3ecf3eaf2ebf4ecf5eaf4ebf6eaf7e9f7eaf8e8f7e7f8e7f9
CSIX,1616413929,024353490001,-60,6,128,43300400f20fee0ef010f110f112f012f415f513f50ff10ef017ec1ff818f516f20ce90fe914ed16ed11ee11ee0eee0ced0aef08eb0700000000000000000000000000000000000000000000f70df60bf40bf209f10bf00aee0af10bf00bf109ef06ed08ea0aec0aee09ec0aee08ef09ed09ed08ed0ced0ef40df008eb0bea0f
CSIX,1616450390,024353490001,-60,6,128,4330040002170418061706170718081808170a170b170d190d170e170d190d190d1a0d1c0b1b0a1b0919071a05180518041803170116000000000000000000000000000000000000000000000011fe11fc13fc13fb13fa13f913f913f914f914f716f816f816f916f815f817f916fa16fa17fb16fc16fc17fe16fe18ff1aff18
CSIX,1616475179,024353490001,-60,6,128,43300400120d140d150a150b160a170a1609180818081b0719061a051b081b071c091c0a1b0b1a0c180c170d150d140d140e120e100f000000000000000000000000000000000000000000000d0a0c0c0c0c0c0e0c0e0c100b110a110b110b120b140c140b140c130b130d140c130d110e130e120e110f120e10101212121211
CSIX,1616504625,024353490001,-60,6,128,43300400ebf2ebf5eef9eaf7eaf8eaf8ebf9eafbe9fce7fce7fbe7fde6fbe5fce5fae5fae5f9e6f7e7f8e9f7eaf5ebf5ebf6eff6eff500000000000000000000000000000000000000000000f4f3f5f2f3f1f3f2f5f3f4f0f5eff7f0f6f2f6edf8eef4edf6f2f3f0f8edf3ecf1eff4f0f3f0f4f0f2f1f0f0f3f3eef1ecf0efef
CSIX,1616533733,024353490001,-60,6,128,43300400f10ff112f211f311f313f313f413f514f514f516f716f717f517f517f418f318f317f217f314f113f111f111f010f10ff10d00000000000000000000000000000000000000000000f409f109f108ef08f009ef07ee07ef07ee07ee07eb06eb07ec06ec08ed06ea07eb08ee08ed0aef0aee0bef0cef0aed0bee0eee0d
CSIX,1616567872,024353490001,-60,6,128,4330040018fa18f918f616f717f617f516f515f217f218f116f116f118f118ef19f01cf01af21af319f519f618f718f918fa16fc16fd0000000000000000000000000000000000000000000011fd11fe13ff1300140014021502140315031604170517051606170415041904160217021602170016ff18ff17ff180019fe19fe
CSIX,1616593961,024353490001,-60,6,128,43300400f0edefeceeefedefeceeecefecf0eaf1eaf1e7f1e8f2e7f2e6f0e6f1e6efe6eee7ede9ecebedececeeedefecefecf1edf3ed00000000000000000000000000000000000000000000f5f1f7eff7eef7edf8edf9ecfaebfbebfbebfaeafae8fae8fae8f9e8faeaf8e8f8eaf8eaf7e9f7eaf6eaf6eaf5ecf4eaf2eaf2ea
CSIX,1616626810,024353490001,-60,6,128,43300400f210f312f413f412f514f514f613f715f714f718f816f917f818f818f719f61af518f417f415f314f312f312f211f310f20e00000000000000000000000000000000000000000000f40af30af209f00af109ef08ef08ef07ee08ed07ec08ec08ed08ec09ed08ec0aed0aef0aed0aef0bef0bef0cf00cef0eee0fef0f
CSIX,1616658132,024353490001,-60,6,128,43300400ec0eec10ee12ee11ee13ee13f013f015f115f017f117f217f018f019ef19ed19ee18ed16ee14ec13ec11ed10ec10ed0eed0c00000000000000000000000000000000000000000000f008ef07ed07ec06ed06eb05eb05eb04eb04ea04e704e805e804e805e904e704e905ea06e907ea07ea09ea09eb0aea0ae90cea0c
CSIX,1616683793,024353490001,-60,6,128,4330040016f817f516f416f416f316f215f214f015f016ee15ee14ed16ed16ed18ec19ee19ef19f018f218f417f517f717f716f815fb0000000000000000000000000000000000000000000011fb12fc12fd14fe13fe15001501140115011602180218021703180116021901170016ff18ff17ff17fe18fe16fc18fc19fa18fa
CSIX,1616713675,024353490001,-60,6,128,433004000cea0ce708e908e906e706e603e604e504e705e404e503e303e104e406e105e206e306e206e507e50ae709e90cea0beb0ced000000000000000000000000000000000000000000000af10cf10cf10df00df20ff10ef10ff110f110f113f213f112f112f012f012f012f00ff011ef0fef0eed0fed0dee10ed10eb0ee9
CSIX,1616749736,024353490001,-60,6,128,43300400ea05ea07ea09ec08eb0aec0aec0aec0ceb0bea0eec0dec0eeb0eea0fea0fe80ee90de90bea0be909ea07ea06ea05eb04ec0200000000000000000000000000000000000000000000f002ef01ee00ee00eeffedfeedfeedfdedfeecfcebfceafcebfbebfeecfde9feeafeebffeafeeb00eb00ea01eb01ea00e902e903
CSIX,1616776053,024353490001,-60,6,128,43300400140e140d160b150b170b180a1609180818081b0819071a061a081c071c081d0a1b091b0a190a180c160b140c140e120d100e000000000000000000000000000000000000000000000d0b0c0d0c0e0c0f0c100b100b110a110b120a130b150b150a150c140b140d150c130d120d130e130f1110121010101213121210
CSIX,1616803914,024353490001,-60,6,128,43300400f7e8f5e8f3e9f4eaf2eaf1e9f2eaefebf0eaeee9eeebedebede9ece9ede8eee6efe7f0e7f2e7f3e7f5e8f6e8f8e8f9eafbea00000000000000000000000000000000000000000000fbeffceefdecfdecfeebffeb00ea00ea01ea01e902e702e702e801e801e900e700e9ffe8ffe8fee9fde9fde8fce9fce7fae7fae8
CSIX,1616873777,024353490001,-59,6,128,433004000e120e1210101011111011101110130f120e150f140e140e160f160f1610161215121312121210120e120d120d130b12091200000000000000000000000000000000000000000000090d080f0710071107110612051304130414041404160516041606150415051605150614071507140713091409130a150c150b14
CSIX,1616894005,024353490001,-59,6,128,43300400031a051b08190719081a091a0a180a190b190d1b0d190e190e1c0d1b0e1d0d1e0b1c0a1d081b071b041a0419021a021800170000000000000000000000000000000000000000000002130014ff14fd15fd15fc16fb16fb15fa16fb17f918f918f918fa18fa17fa19fb18fb17fc18fd19fe18fe1aff18001b011d011b
CSIX,1616927114,024353490001,-59,6,128,433004001015121513131313151316131511161016101910180f190f1a111a101b131a1319131814151314141214111310150e140c14000000000000000000000000000000000000000000000b0f09110812081408130715061505150516061705190618061907180517061907180716091709160a160b170c150d170f181017
CSIX,1616957665,024353490001,-59,6,128,4330040018f319f117f017f117ef17ee15ee16ec14ed16e914ea14e917e915e918e919ea18eb18ed17ef18f018f216f317f416f516f70000000000000000000000000000000000000000000012f913fa14fb15fc15fd16fe17fe16ff17ff18ff1a001aff190019fe18ff1bfe19fe18fd19fc18fc17fa19fa17f919f81af61af5
CSIX,1616986590,024353490001,-59,6,128,43300400e705e606e808e807e809e709e809e80ae90be70de80de90de60de70de50ce50ce50be509e707e706e704e804e803ea02eb0000000000000000000000000000000000000000000000ee03ed01ec00eb00ecffebfeebfdebfcebfceafce8fbe8fbe8fbe9fceafbe7fbe9fceafde9fde9fee9ffe9ffea01e801e603e703
CSIX,1617013859,024353490001,-59,6,128,4330040011ee11ed0fec0fec10eb0fea0eeb0eea0de90ce60be80be70ce70de60ee60fe60fe810e910eb10ec10ee10ef10ef10f010f3000000000000000000000000000000000000000000000ef50ff610f611f712f713f813f813f914f915f916f816f816f915f715f917f814f814f715f714f613f513f412f313f214f013f0
CSIX,1617045336,024353490001,-59,6,128,43300400f3e6f2e5f0e7f1e8efe7efe7efe9ede9edeaeae8eaeaeaeaeae8eae9eae7eae6ece7ede5efe7f1e7f2e7f3e8f4e7f5e9f8e900000000000000000000000000000000000000000000faecfcebfceafde9fee9ffe8ffe800e800e800e601e501e401e5ffe500e600e4ffe6ffe7fde6fde6fbe8fbe6f9e8f9e5f6e5f6e4
CSIX,1617119495,024353490001,-59,6,128,43300400e600e500e603e702e505e603e805e606e704e508e406e707e808e305e307e306e406e304e502e802e902e8fee6feebfdebfa00000000000000000000000000000000000000000000edfeecfcedfcedfaecf9e9f8eef9eaf8ecf8e9f7edf3e9f6eaf2e8f5eaf7e9f5eaf7ecf8eaf7ebf7e9fbe6fae8fde8fce7fbe6fd
CSIX,1617139403,024353490001,-59,6,128,43300400f415f517f717f717f718f718f818f919f919f91bfa1afb1af91bf91bf81cf71cf71bf51af618f416f415f414f314f312f21000000000000000000000000000000000000000000000f60ef50ef40ef20ef20ef00ef00eef0cef0cee0dec0eec0ded0dee0eee0dec0fee0eef0eef0ff00ff00ff010f211f112f114f114
CSIX,1617166877,024353490001,-59,6,128,433004000d150e1511130f1211131213111113111311151214111411151216121613151414141314111310130e130d130c140a130913000000000000000000000000000000000000000000000710061006120512051304140414021402150216011801180117021702150318031504150415051507140715081408150a160b15
CSIX,1617195627,024353490001,-59,6,128,43300400e7f2e5f2e5f5e6f4e4f5e3f5e5f6e3f7e4f8e1f8e2f9e2fae0f8e0f9dff8e0f6e0f6e2f3e4f4e5f3e7f3e8f3e8f2eaf2ecf200000000000000000000000000000000000000000000eff3f0f1f1f0f1eff1eff2edf2ecf3ebf3ebf2eaf2e8f2e9f2e9f1eaf2eaf0e9f0ebf1edefecf0ecefedeeededefeceee9eee9ef
CSIX,1617255715,024353490001,-59,6,128,43300400e808e809e80be80ae90be80ce90ceb0bea0de810e90fe90ee80fe80fe70fe50fe60de60be90ae708e808e906e905ea04eb0200000000000000000000000000000000000000000000ef04ee03ed02ec02ec01ec00ea00ebfeeaffe9fee8fde8fde8fde9feeafee7fee9ffe900e9ffe901e901e902ea03e804e705e806
CSIX,1617284332,024353490001,-59,6,128,4330040004150516061407150815081608140a140a140c150b140c150c160c150b170b1809170817071506160414041403140213011200000000000000000000000000000000000000000000010f0010ff10fe12fd11fd12fc12fc12fb13fb12fa14fa14fa14fb14fb13fb14fb13fc12fd14fe13ff13ff140013001502170216
CSIX,1617317098,024353490001,-59,6,128,43300400e701e602e704e704e705e606e806e608e808e509e709e60ae40ae509e308e307e307e405e604e603e701e901e800ea00ebfe00000000000000000000000000000000000000000000eeffedfdedfcecfbecfbecf9ecf9ecf8ecf8ebf8eaf7e9f7eaf7e9f8eaf7e9f7eaf8ebf9e9f9eafaeafce9fbeafee8fde6fee7ff
CSIX,1617345793,024353490001,-59,6,128,43300400f3edf1ecf4f0efeef0edebf0eef0f0f3edeeecf1eaebedf1f0ece9eeeff0ebefefeaeeeaeeeaf0edf5ebf5ecf3eef7eff9f000000000000000000000000000000000000000000000f9f2f8effaf0fbeefceffaf0fbedfbeefbedfbed00ebfbeaffecfbeafde9fbeafeecfbecf8edf7eefaf0f8edf9ecf7edf6edf6ee
CSIX,1617374290,024353490001,-59,6,128,4330040017f118ef15ed16ee16ec16ec15ec14ea14ea15e713e814e816e715e817e718e918ea19eb17ed17ef17f116f217f215f415f70000000000000000000000000000000000000000000011f713f714f815f915fa17fb17fc17fc18fd18fd1afd1afc19fd1afc18fc1afb18fb18fa19fa18f917f819f716f619f519f319f2
CSIX,1617403704,024353490001,-59,6,128,4330040018071a06190419041a031b0319021a011a001dff1bff1bff1d001d001e021e031d031c04190519061707160716081408120900000000000000000000000000000000000000000000100610071008110a100a100c100c100d100e110e110f110f110f120e110e120f110d110c130d120c130b140c1409160a180a1809
CSIX,1617434056,024353490001,-59,6,128,43300400ff150117ff16031604170115061401190416041803150619021a061c041c001c011c001b001aff18fd16fd13fb15fe12fc1200000000000000000000000000000000000000000000fc10fc0ffa0ff80ff80ff611f510f60ef410f711f512f412f410f712f512f614f713f70ff714f912fb14fa15fb12fa16fb16fd17
CSIX,1617466659,024353490001,-59,6,128,43300400001a011b031a031a041c041b051a061a0619081c081b081b071d071c071e051e041e031d011b001aff19fe18fe18fd16fb1500000000000000000000000000000000000000000000fe11fc12fb12fa13fa12f913f814f713f713f713f615f615f615f716f715f716f815f914f916fa16fb16fb17fc15fc19fe1afe1a
CSIX,1617525873,024353490001,-59,6,128,43300400011a021c041a041a041b051b051a061b071a091d091b091b081d081d071e061f051e041d021b011b0019ff19ff19fe16fc1600000000000000000000000000000000000000000000ff11fd11fc12fb12fb12fa12f813f812f713f713f715f715f715f915f814f816f915fa14fa16fb16fc16fc17fe16fe19ff1bff1a
CSIX,1617555303,024353490001,-58,6,128,4330040013f613f512f111f412f212f211f112f011f013ee10ee11ef13ef13ef13ef14f014f114f212f413f413f712f711f812f911fa000000000000000000000000000000000000000000000dfb0efd0dff0ffd0ffe10ff0e010fff10ff11ff14fd12ff12ff12ff13fc14fe12fe12fd11ff11fc11fb13fb10fc13f914f814f7
CSIX,1617593839,024353490001,-58,6,128,43300400ea0ce90feb0fec0fec0feb10ed0fed11ec11ec14ed13ed13eb13ec13e914ea12ea11e911eb0eea0dea0beb0bea09eb07ec0600000000000000000000000000000000000000000000f206f105f005ef04ef04ee03ed03ee02ed02ec02eb02ea02ea03ea03eb03ea04eb04eb04ea05eb06ec07ea07ec08ea08e90ae90b
CSIX,1617645118,024353490001,-58,6,128,43300400edecebebebeeebeeeaeee9edeaefe8f0e9f0e5f0e6f1e6f1e5efe6f0e5eee6ede6ede8ecebedececeeecefedefecf0edf3ed00000000000000000000000000000000000000000000f5f1f6f0f6eff6edf7eef8ecf8ebf9ebf9ebf8ebf9e9f8e9f8e9f7e9f8eaf6e8f6eaf6ecf5eaf5eaf3ebf3eaf2edf0ebeeeaeeea
CSIX,1617675833,024353490001,-59,6,128,4330040004e603e401e501e500e4ffe4ffe5fee4fee4fce2fce4fbe4fce2fce3fde1fee0ffe200e201e402e403e604e705e705ea06eb0000000000000000000000000000000000000000000006ef08ef09ee09ee0aee0cee0cee0cef0def0dee0fed0fed0eee0dec0dee0eeb0cec0bec0beb0aeb08ea09ea07ea08e807e707e7
CSIX,1617703923,024353490001,-59,6,128,43300400e9f9e8f9e9fceafce8fce8fde9fee7fee8fee6ffe7ffe700e5ffe6ffe5fee4fde6fde6fbe8fbe9faeaf9ebf9ecf8edf7eff600000000000000000000000000000000000000000000f2faf1f9f1f7f0f6f0f5f0f4f0f4eef2f1f1eff1f0f2f0f3f2eff1f0eff3f0f1eff4f0f4eff4eff6eef7edf6edf8ecf7eaf8eaf8
CSIX,1617763763,024353490001,-59,6,128,43300400e707e608e80ae809e70be70be80be80de80de70ee80ee80ee60fe70ee50ee50ee60ce50be70ae708e806e806e704ea03ea0100000000000000000000000000000000000000000000ef02ee00ed00ebffedfeedfeebfcebfcecfcecfceafaeafceafbeafdebfce8fdeafeebffeaffea00ea02e902ea03e803e605e606
CSIX,1617826127,024353490001,-59,6,128,43300400ef0eed10f010f010f011f012f111f112f211f114f213f213f015f113ef14ef14ef13ee12ef10ef0fee0def0cee0bef0aee0800000000000000000000000000000000000000000000f408f307f306f206f206f006f006f005f005ef05ed05ed06ee05ee07ee06ed07ee07ef07ee08ef08ef0aee0af00bee0ced0eee0e
CSIX,1617857440,024353490001,-59,6,128,43300400011c021d051c041b051d051c061b071c061b081d081b091b091e091d081e071f061e051e041c021c011a0019ff1afe17fc1700000000000000000000000000000000000000000000fe11fc11fb11fa12fa11f812f912f812f812f713f615f716f715f916f814f817f915fa15fa17fb16fd17fd18fe17fe1aff1cff1c
CSIX,1617884893,024353490001,-60,6,128,4330040008e907e608e606e807e605e705e704e704e603e503e602e502e404e404e405e406e607e507e708e808ea09ea0aeb0aed0cef0000000000000000000000000000000000000000000006f308f308f309f209f30af30af20af30bf30cf20df10df20cf10cf00bf10cef0cf10bf00bef0aee0aee0aed08ed0beb0aea0aea
CSIX,1617913780,024353490001,-60,6,128,43300400fbe4f9e4f8e5f8e5f7e5f6e4f7e5f4e6f5e6f3e4f3e5f3e6f3e3f2e4f3e2f4e1f5e3f7e2f8e4f9e4fbe5fce6fde5ffe700e80000000000000000000000000000000000000000000000f001ef02ef02ee02ef03ed03ee04ee04ed04ed05ea04ea04ea03ea03ea03e802ea01ea01e800e9ffe8ffe7fee9fee5fce3fde4
CSIX,1617957831,024353490001,-60,6,128,43300400e704e606e807e807e808e708e808e809e909e70be90be90ce60be80ce50be50be609e608e706e705e803e903e802ea00ebff00000000000000000000000000000000000000000000f200f1fff1fef0fef1fef0fdeffdf0fdeffdeefdedfcecfdecfcecfeedfdebfeebfeecffebffeb00eb01e901ea02e802e703e704
CSIX,1617974233,024353490001,-60,6,128,43300400efefe9f1ecf3edf1eaf5e7f1ebf5e8f5ebf3e4f4e7f3e9f7e6f4e4f2e2f3e6f6e7f2e9efeaf2eaf4ecf3edf3eff0f0f1f2f000000000000000000000000000000000000000000000f7f5f7f4f9f3f7eff9effaf2f5eff4f4f6f2f5edf2f1f5eef6eef5eef3eff1ecf3f0f4ebf3ecf2f1f1f3ededf1f6eff1edeeeded
CSIX,1618004384,024353490001,-59,6,128,4330040016121712180f17101810190e180e190d180d1b0e1a0c1a0c1b0d1b0c1c0e1c0f1b0f1a0f170f171014101311121210110e1200000000000000000000000000000000000000000000090c080d080e080e080e08100910081009110812091309140a140b130a130c150c130d120d140f130f1211121111121414141414
CSIX,1618033941,024353490001,-59,6,128,4330040001e301e2ffe3ffe4fee2fee2fee4fce2fce3fbe1fae3fae3fae1fae2fbe0fce0fde1fee0ffe301e302e403e605e604e807ea0000000000000000000000000000000000000000000004f105f105f006ef06f007ef07ee08ef08ee08ed09ec09ea09eb08ea09eb09e807ea07ea07e806e805e806e704e805e504e304e3
CSIX,1618063704,024353490001,-60,6,128,43300400041d051b081c0719081b091b081a0a1a0a1b0b1c0b1a0b1a0b1a0d1c0b1b0b1f091b081c081b061b041a021b011a0018fe1600000000000000000000000000000000000000000000000ffe0ffe10fe10fe11fd11fd13fc12fc13fb15fa16fa16fb16fc17fc15fc19fd16fe17fe160018011801190119011b021c021b
CSIX,1618096370,024353490001,-59,6,128,433004001c051c041c021c031c011d011c001dff1cff1efe1cfe1cfd1efe1efd1ffe20ff1e001e011c021b031a051806180716071409000000000000000000000000000000000000000000000e050e060f0610071007100811081109110a120b130c140c140c140b130b160c140a1509160916081707190817071a081c071c07
CSIX,1618127115,024353490001,-59,6,128,433004001c011e001cfe1cff1dfd1dfd1cfc1cfc1bfb1df91bfa1cf91efa1cfb1ffb1efc1ffd1efe1bff1c011a021702180416041506000000000000000000000000000000000000000000000f0110021003110411041305120612051306130616071607160717061607170717071605180618051803190418021b031d021e02
CSIX,1618157114,024353490001,-59,6,128,43300400f81cf91dfc1cfc1bfc1dfc1dfe1bff1cff1b001d011c021c011e011dff1fff1ffe1efc1efb1bfa1bf819f818f718f816f61400000000000000000000000000000000000000000000fb0ffa0ff90ff910f910f711f711f611f512f613f414f415f415f616f415f316f416f515f517f616f717f618f818f71af81df81c
CSIX,1618185449,024353490001,-59,6,128,4330040012151415161514131612171215101511150e18101710170f1810190f1a101a121812181115111312121110140f140d130b1200000000000000000000000000000000000000000000090d080d080f080f091007110812081208120715071607170717091608140a180a150a140b150c140e140f150e140f1711181116
CSIX,1618215040,024353490001,-59,6,128,4330040010f010ef0fee0fef0eee0eed0dee0ced0dee0deb0cec0bec0ceb0beb0deb0eea0eec0eed0eef0eef0ef10ff20ff30ef40ff6000000000000000000000000000000000000000000000af80bf80bf80cf80cf80df80ef80ef90ff810f812f812f811f811f711f813f611f711f711f611f610f511f410f412f312f112f1
CSIX,1618243773,024353490001,-60,6,128,433004000f110e11110e10101012120f120f1210110b110b130b1209100d140d1512120e140f10110f110e0e0d100a0e0a0f0a110712000000000000000000000000000000000000000000000a08080a0709080b090a070c060e080f060f080e091309100813081109130913091308110a1108100b100b100d0f0c110f120f11
CSIX,1618273899,024353490001,-59,6,128,43300400061c071d091a081a091b091b0a190b190a180d1a0c190d180d190d190d1b0d1c0b1b0a1b091a071a0519041803190317001600000000000000000000000000000000000000000000040f021002110212021201130014ff140015ff16fe18ff18ff190019ff18ff1bff180018011901190219021a0319031b051d051c
CSIX,1618334320,024353490001,-59,6,128,4330040010121313120f121114101410120f130c110c140e130e140e160f140d160f150f15101410120f111010100e110d110b110a11000000000000000000000000000000000000000000000a0a0a0b090b0a0e0a0d0a0f0a0e0a100a110a120a130a1409140b130b140a140b140b120c140d120e120e130d100f1311141113
CSIX,1618363993,024353490001,-59,6,128,433004003dcc32cc39da2fcc3ff426ce38cb39e138e329c530f23be120cf34e03ada3fce37e53ef12fe236f436f731f93302350129040000000000000000000000000000000000000000000007d103d404da1be60aca16e227d721d709de1ee41fc71ad62de027d826e026d21ed910e83dce2ae1110538c642da3aef57e13ec2
CSIX,1618425432,024353490001,-59,6,128,4330040003180419061806170618071807160817081609170a160a160a170a160a18091908180718061605160316031502150114ff1300000000000000000000000000000000000000000000020e010f001000110011ff11fe12fe12fe14fe14fc16fd16fc16fd17fd16fc17fd16fd15fd16ff160016ff170116011802190219
CSIX,1618455337,024353490001,-59,6,128,433004000eea0de90ce90bea0be90be80aea09e909e909e807e807e908e807e808e70ae70ae80be90aea0beb0ced0cee0def0df00df20000000000000000000000000000000000000000000008f209f30af20bf20bf20cf20df20df30ef20ff211f111f111f111f010f112ef10f010f010f00ff00eef10ed0eee10ed0feb0feb
CSIX,1618487570,024353490001,-59,6,128,43300400f2eaf1eaf3ebf1eaf1ebf0ebf1edf0ecf1eeeeeeedeeeeeeefedeeefeceaefedefedefecf1edf2edf3edf5edf6edf7edf8ed00000000000000000000000000000000000000000000f9f2f9f1faf0f9effaeffaeefcedfaecfbeafaeafbeafbe9fde9fce8fce9fbe7fae8fbebf9e8f8ebf8ebf8e8f6ebf7e8f6e7f4e9
CSIX,1618518332,024353490001,-59,6,128,43300400f213eb15e719f219ee1bf018ea17ee12f119f11cf113f516f71af719f518f31df51af418f319f218f215f414f312f212f21000000000000000000000000000000000000000000000f007ee06ed06ed08ed06ec07ec01e909e905e904e204df00ed08e806ec08ec0be405e90de913e516f10ae01ae810ee14e721e607
CSIX,1618545866,024353490001,-59,6,128,433004001bf61bf51af418f518f318f317f317f117f217f015f115f016ef16ef17ef18f017f117f216f317f416f616f716f915fa14fc0000000000000000000000000000000000000000000011fa12fb12fb13fb13fb14fc15fc15fd16fe18fe1afe1afe19ff1afe19fe1bfd19fd18fc19fc19fc18fa1afa18fa1bf91df81cf8
CSIX,1618579386,024353490001,-59,6,128,433004001af41af319f118f318f118f116f115ef15f016ee14ef14ee15ee15ee16ee17ee17ef17f016f216f315f415f615f814f914fa0000000000000000000000000000000000000000000010f711f812f813f813f814f915fa15fa16fa17fa1afb1afb19fb19fb18fb1afa19fa18fa19f919f818f71af718f61af71cf51cf4
CSIX,1618605581,024353490001,-59,6,128,433004001414161417111511170f1710170e180d160d180e180c180c190c190a1b0c1a0d1a0d180d160d160d130e111011100f100d11000000000000000000000000000000000000000000000d0c0d0e0d0e0d100d100d120d120c130d140c150b180c180b180d180d160e170e160e140f161014111413141113121614171417
CSIX,1618633739,024353490001,-59,6,128,43300400f515f516f815f815f916f916fa15fb15fb14fb16fc15fd15fd17fc15fc17fc17fb16fa16fb14f914f812f811f611f70ff60e00000000000000000000000000000000000000000000fa0df90ef80ef70ff70ef50ff50ff40ff30ff40ff110f211f110f211f210f110f210f410f312f412f513f413f512f415f416f417
CSIX,1618664101,024353490001,-59,6,128,43300400031b031602150514061a0517041507160515071607150915061606150517071605170617021301170114ff13ff13ff12fd11000000000000000000000000000000000000000000000510060e0411020f0312021200120114fe13ff14fe18ff16ff160117fd15fe17fe15ff15ff1600150016ff170415021803180519
CSIX,1618696432,024353490001,-59,6,128,43300400e6f5e4f5e6f8e6f7e6f8e5f8e7f9e6fbe7fce4fde5fee5fee4fde5fde3fce4fce4fbe5fae7f9e8f8e9f7ebf8eaf7ecf7eef500000000000000000000000000000000000000000000effceefaedf9ecf8edf8ecf6ecf5edf4ecf3ebf3eaf2e9f2eaf1e9f2eaf1e9f1e9f2ebf3e8f2eaf2e8f3e8f3e9f5e6f4e4f4e4f4
CSIX,1618725623,024353490001,-59,6,128,43300400e509e50be70ce80be80de80dea0dea0feb0eea10eb10ec11ea11eb11e911e910e910e90eea0dea0cea0aeb09ea08eb07ec0500000000000000000000000000000000000000000000f108ef07ee06ec07ed06eb05ea05ea05e904e804e504e604e603e604e704e504e604e805e605e706e707e507e808e508e30ae40a
CSIX,1618753755,024353490001,-59,6,128,43300400fc1afd19011901180216001703170416031704160515061405180518051706180418041801160115001500140015fe13fc1200000000000000000000000000000000000000000000010ffe0efe0ffd10fd11fd12fc12fa14fa12fa15f814f915f915f815f913f716f915fa14f916fa15fc17fd16fd16fd19ff1afe1a
CSIX,1618783755,024353490001,-59,6,128,433004000ef50ef40df40df50cf40cf30bf50bf40bf30bf209f209f20af20af20cf20bf20cf30cf30cf40cf50bf60cf70cf80bf90bfa0000000000000000000000000000000000000000000007f808f809f80af80af90bf90bf90cfa0cfa0df90ff90ff90ffa0ef90efa0ff90ef90df90ef80ef80ef80ef70df70ef70ff610f5
CSIX,1618814163,024353490001,-59,6,128,43300400ef16f017f218f316f418f418f617f518f518f619f718f819f719f81af71af51bf519f418f517f416f314f313f212f210f20f00000000000000000000000000000000000000000000f70df60df40ef30ef30ef10ef10ef00eef0eee0fec0fec0fec0fed10ee0fec11ee10ee10ee11ef11f013ef13ef13ee14ed17ee16
CSIX,1618843813,024353490001,-59,6,128,43300400f5e6f4e6f2e7f4e8f2e8f2e8f2e9f1eaf1e9efe9f0eaefebefeaeeeaeee9efe7f0e8f1e8f3e9f4e8f6e9f8e9f9e9faebfceb00000000000000000000000000000000000000000000f8f0faeffaeefaeefaedfbecfbebfcecfcebfceafde7fde7fde7fce7fce8fbe6fbe8fbe8fbe7fae7f8e8f8e6f8e7f8e5f7e4f7e5
CSIX,1618874104,024353490001,-59,6,128,43300400eaf2e9f2e9f4eaf4eaf5e9f5eaf7e9f8e9f8e7f8e8f9e9fae7f9e8f9e7f8e7f8e8f7e8f7eaf6eaf6ecf5edf5eef4eff4f1f400000000000000000000000000000000000000000000f3f7f3f6f3f5f3f4f3f4f3f3f3f2f3f2f3f2f2f1f2eff1eff2eff1eff2f0efeef0f0f1f1eff0eff0eef2eef1edf3ecf1eaf1ebf1
CSIX,1618904431,024353490001,-59,6,128,43300400f3e6f2e6f2e8f2e7f1e8f1e8f1eaefe8edebedeaeeebeeebede9eeeaede8eee8efe8f0e8f2e9f3e8f6e8f6e9f8e9f9eafbeb00000000000000000000000000000000000000000000f7f1f8f0f9eff9edf9eefaecfbebfbecfbebfaeafbe7fae7fbe7f9e7fae9fae6fbe3f7e8f9e7f8e7f6e7f7e6f6e9f5e6f4e5f4e4
CSIX,1618934609,024353490001,-59,6,128,43300400f017f019f318f317f318f418f617f618f718f71af919f91af81bf81af61cf51cf51af41af417f317f215f314f113f211f10f00000000000000000000000000000000000000000000f70ef50ef40df30ef30ef10ef10ef10eef0eef0fed10ed10ed10ed10ed0fec11ed10ef10ef11ef12f013ef14f113ef16ef17ef18
CSIX,1618964598,024353490001,-59,6,128,43300400e402e303e505e605e506e506e707e708e808e60ae70ae70be50ae60be40ae40ae409e407e606e605e703e802e801e900eafe00000000000000000000000000000000000000000000ef01ee00eeffecffedfeecfdecfdecfcebfceafce8fbe8fbe8fbe8fce8fbe7fbe7fce9fde7fde8fee700e6ffe801e500e301e302
CSIX,1618994131,024353490001,-59,6,128,433004000e161016101410141113121311121211121014121410141015121511161314141414121410130f140e140c130b140a13071300000000000000000000000000000000000000000000080d080f070f071107100612061206120513061405160616051607160616071707160714091609150a150b160b140c160d180e17
CSIX,1619032714,024353490001,-59,6,128,43300400fe1d001f021d021d031e031e041c051c051c071e081d081c081f081e072006210520031f021d001dff1bfe1afc1afc18fa1700000000000000000000000000000000000000000000fe12fd12fc12fb14fb14f915f815f815f815f716f518f619f618f718f718f71af819f817f91afa19fb1afb1bfc19fc1cfd1efd1e
CSIX,1619053959,024353490001,-59,6,128,43300400f6e7f4e6f3e8f3e9f2e9f2e8f2eaf0eaf0ebeee9eeebedebeee9eeeaeee7efe7efe8f1e7f3e9f4e8f6e9f7eaf8e9f9ebfbeb00000000000000000000000000000000000000000000fbf1fceffceefcedfdeefeecfeecffecffebfeebffe9ffe9fee9fde8fee9fee8fde9fdeafce8fbe9fae9fae8f9e9f8e7f7e6f7e6
CSIX,1619087391,024353490001,-59,6,128,43300400f1ecf0ecf0eef1eef0eeefedf1eff1efebefecefecf1ecf1edefecf0edeeecedeeedefecf1edf2edf4edf5edf5edf5eef8ee00000000000000000000000000000000000000000000f8f3f9f3f8f1f9f0f9f0faeffbeffceefbeefaedfaecfaecfaecf9edfaedf9eaf8edf8edf8ecf8ecf7ecf6ecf6edf4ebf3ebf4eb
CSIX,1619114193,024353490001,-59,6,128,43300400f113f114f314f313f414f415f513f615f615f617f716f816f617f717f618f518f517f316f314f213f211f210f310f20df10c00000000000000000000000000000000000000000000f60af40af40af30af209f209f109f108f009f00aee0aee0bee0aef0cef0bee0cef0cf00cef0df00df00ef00ef10ff010ef12ef12
CSIX,1619178590,024353490001,-59,6,128,43300400ef14ee16f116f115f217f217f416f418f518f41af619f619f51af41af31bf21bf219f018f116f015ef13f012ef11ef0fef0d00000000000000000000000000000000000000000000f50cf40bf20bf10bf10bf00bf00bf00aef0aef0ced0ced0ded0ced0ded0cec0eed0dee0eed0fee0fef11ed11f011ee12ed15ed14
CSIX,1619203942,024353490001,-59,6,128,4330040012111115141310101413151012101610140f1612160f140f171218101612171416141414111411160f120b140f170b10051600000000000000000000000000000000000000000000070c0d0d0a0c09110b0d090f0a0f07110b11091108160c15081209160b130b140b140c130b140c130e130d140e130f1410161214
CSIX,1619236049,024353490001,-59,6,128,4330040011ed11eb0feb0fec0fea0eea0dea0de90de80de60ce70be70ce60ce60ee60fe510e710e810ea11eb10ed11ef12ef11f111f3000000000000000000000000000000000000000000000bf50cf60df60ef60ef60ff710f610f710f612f615f613f614f614f513f515f413f413f413f313f312f113f111f113f014ee14ee
CSIX,1619264914,024353490001,-59,6,128,4330040016f115f310ef12f60ff112f410f511f310f213ed12ef13f214ef15f214ef17f018f316f415f514f614f814f914fa13fb13fe000000000000000000000000000000000000000000000cf90cf80cf910fd0efa0efd0ffc0ffc12fc10fc12fe12fd14fc13fd13fd14fc13fb13fa14fa13f911fa12f811f814fa17f814f6
CSIX,1619293861,024353490001,-59,6,128,4330040013ee13ed11ec11ed10ea10ea0feb0eea0ee90fe70ee80de80fe60ee710e611e711e812e811eb11ec13ee12ef14f011f212f4000000000000000000000000000000000000000000000cf80df80ef90ff80ff810f911f910f912f912f915f915f914f914f814f815f714f713f614f513f512f314f312f314f215f015ef
CSIX,1619326954,024353490001,-59,6,128,43300400e8fde7fee800e900e801e801e902e803e803e604e804e805e604e605e504e403e602e501e800e7ffe9fee9fdeafcebfbedfa00000000000000000000000000000000000000000000f3fbf3faf2faf2f9f2f9f1f8f1f8f1f8f0f7f0f7eff5eef6eff5eef6eef6edf6eef5eef7edf8edf9ecfaebf9ecfaeafae8fbe9fb
CSIX,1619355082,024353490001,-59,6,128,4330040015f816f616f413f615f616f312f715f313f316f315f113f215f214f018f419f216f318f517f816f815fa14fc16fc12fc13fe000000000000000000000000000000000000000000000dfc0dfd0efe0efe0ffe100010ff10ff1200110113001500140013ff13ff150014ff13fe14fe14fe14fd14fd14fc15f916f815f9
CSIX,1619417580,024353490001,-59,6,128,4330040015f116ef14ee13ef13ed14ec13ed12eb12ec12e911ea11e913e912e915e915ea15ea16ec15ee15ef15f115f316f414f514f7000000000000000000000000000000000000000000000df80ef90ffa10fa10fa11fa11fb12fb13fb13fa15fa15fa15fa16fa15fa17f916f914f915f815f715f616f614f516f417f217f2
CSIX,1619443999,024353490001,-59,6,128,43300400f115f118f517f317f418f419f618f619f718f71bf81af91bf71df81bf51ef61cf41cf31af318f217f216f314f114f112f01000000000000000000000000000000000000000000000f50af30af40af20bf20af00bf00bf00aef0bef0bed0cec0ded0ced0ded0dec0ded0eef0ded0fef0ff010ef11f111f012ef15ef16
CSIX,1619474242,024353490001,-59,6,128,4330040016ff19fc17fb18fd17fc18fd14fb15f916f818f818f817f817f818f81afa1afa1afb19fb18fd17fe16001600160014021403000000000000000000000000000000000000000000000c010c020d030e030c03100410030f050e05130511071204130713061307120610041304140212041204140413001402150218fe
CSIX,1619503804,024353490001,-59,6,128,43300400f4e8f3e7f2e9f2e9f1e9f0e9f0eaefeaefebeceaedebecebeceaeceaece8ede7eee7f0e7f1e8f3e8f5e8f6e9f7e9f8eafaea00000000000000000000000000000000000000000000faf1fbf0fceffceefceefdedfdecfeecfeebfdeafee9fee8fde9fde9fee9fde8fde9fceafbe8fbe9f9e9f9e8f8eaf7e8f5e6f5e7
CSIX,1619534297,024353490001,-59,6,128,4330040001e501e5ffe5ffe5fee5fee4fee6fce5fce6fbe3fae5f9e5fae3fae3fbe2fce1fce2fee2ffe500e501e702e803e704e906eb0000000000000000000000000000000000000000000003f104f005f006ef06ef07ee08ee08ee09ee09ed0aeb0aeb0bec09eb09eb0ae909eb08eb08e907ea07e906e805e906e705e504e6
CSIX,1619572109,024353490001,-59,6,128,43300400f1eeefedeff0f0f0eef0edf0eef1edf2ecf2eaf1ebf3eaf3eaf2eaf2eaf1eaefebf0ebefeef0eeeff0eff1eff2eef4eff6ef00000000000000000000000000000000000000000000f9f4f9f3f9f2f9f1f9f1faf0faf0faf0faeffaeefaecf9ecf9edf9ecf9edf8ebf8edf8edf7edf7eef5eef6edf5eff4ecf2ecf2ed
CSIX,1619593798,024353490001,-59,6,128,43300400f7e7f6e6f5e7f5e8f4e7f4e7f4e8f2e9f2e9f0e7f0e9efe9f0e7efe8f0e6f0e5f2e6f4e6f6e7f6e7f8e8f9e9f9e8fbeafdeb00000000000000000000000000000000000000000000fdf0fef0ffefffedffee00ed01ec02ed02ec01eb02e901e902e901e901ea01e800e9ffeaffe8ffe9fde9fde8fce9fbe7fae6fae6
CSIX,1619624538,024353490001,-59,6,128,433004001afd1afc1afb19fb19fb1af918fa19f819f81bf619f719f61af61bf51cf71df81cf91cfa1afc1afd18fe17ff170015011403000000000000000000000000000000000000000000000f00100110021102110212041204120413051406150615061506150614051705150515031604160316021702160119021a001900
CSIX,1619658790,024353490001,-59,6,128,4330040014101610150e150e160e160d160c170b170b190b180a190a190b190b1a0d190e190e170f150e140f1110100f10100e0f0d10000000000000000000000000000000000000000000000b0a0b0b0a0c0b0e0a0e0a0f0a100a100a100b110b130c130b130c130b120c140c120c110d120e110f1110110f0f121113111412
CSIX,1619683762,024353490001,-59,6,128,43300400ec15ec17ef17ef17ef18ef18f117f118f119f11bf31bf31bf11cf21cf01def1dee1bed1aee17ed16ed13ed12ec12ee10ed0d00000000000000000000000000000000000000000000f20cf10bf00bee0bef0bed0aec0aec0aeb0aea0ae80be80ce90be90cea0be70cea0deb0dea0eea0eeb0feb10ec10ea12ea14ea14
CSIX,1619713999,024353490001,-59,6,128,43300400f6e3f4e4f3e5f3e5f2e5f1e5f1e7f0e7f0e7ede6eee7eee8ede6ece6ede5ede3f0e4f1e4f3e6f4e5f6e6f7e7f9e6fae8fce900000000000000000000000000000000000000000000fbf2faeafeecfeebfeebffeaffea00ea00e900e801e501e501e600e600e7ffe4fee7fee7fde5fde6fbe6fbe5fae7f9e4f8e2f8e3
CSIX,1619746104,024353490001,-59,6,128,43300400e708e709e80be90ae90be90bea0bea0dea0de90fea0eeb0fe90fe910e810e60fe70de70ce90be809e908e906e906eb04ec0200000000000000000000000000000000000000000000f003ef02ee02ee01ee01ed00ec00ecffecffebffe8ffe9ffe9fee900eaffe7ffe900ea01e901e902e903e804e905e705e606e606
CSIX,1619773715,024353490001,-59,6,128,43300400fe1aff1a0019001801180219021803180418051a05190519051a051a041b031c021b021b0019ff18fe17fd16fc16fc14fb1300000000000000000000000000000000000000000000fe10fd10fc10fb11fb11fa11f912f911f812f813f614f715f714f715f714f715f814f915f915f915fb16fb17fc16fb18fc1afc1a
CSIX,1619805275,024353490001,-59,6,128,4330040007e706e604e604e703e603e602e701e600e7ffe5ffe6fee5ffe4ffe500e300e301e403e403e704e705e905ea06ea06ec08ed0000000000000000000000000000000000000000000005f107f108f008f008f00af00bf00cf00cf00cef0eed0dee0ced0aea0eef0dec0ced0aed0beb0bee0aee0aea08eb09e809e709e7
CSIX,1619834743,024353490001,-59,6,128,433004000be60ae408e508e507e408e406e505e405e504e203e302e203e103e205e006e006e208e309e50ae60ae80ae90bea0beb0ced0000000000000000000000000000000000000000000006ef09ef09ef0bee0bef0dee0eef0eef0fef0fee10ed11ec11ed10eb10ed11eb10ec0eec0feb0eeb0eea0ee90cea0de70de50de5
CSIX,1619865427,024353490001,-59,6,128,43300400f312f414f614f613f615f614f713f915f814f816f915fa16f916f916f817f717f616f515f513f512f411f410f30ff40ef30c00000000000000000000000000000000000000000000f80bf70bf60bf50cf50bf40bf30bf30af20bf20bf00cf00cf00cf00df10cf00df10df20df10ef20ef20ff210f30ff211f212f212
CSIX,1619894894,024353490001,-59,6,128,43300400e406e307e509e608e50ae40ae609e60ce60ce50ee60de70ee50ee50ee30ee20de30ce30ae508e506e605e704e703e802e90000000000000000000000000000000000000000000000ee03ed02ec01ec01ec01eaffeaffeafee9fee9fee6fde6fde7fde6fde8fde4fde7fee7ffe6ffe600e601e502e602e403e304e304
CSIX,1619925469,024353490001,-59,6,128,43300400e8f7e7f7e7fae8f9e7fbe7fbe8fce7fde7fde5fde6fee6ffe4fee5ffe3fee4fde4fce5fbe7fbe8fae9f9ebf8ebf7edf7eef600000000000000000000000000000000000000000000f2faf2f8f2f7f1f6f0f6eff7f1f5f7f3f0f3f0f3f0f1f0f1ecf2ecf1f0f3edf4edf3eff4edf2ecf4ecf5ebf4ebf6eaf5e8f4e9f5
CSIX,1619956525,024353490001,-60,6,128,433004001bf91cf81af61af71bf51bf519f519f318f31af118f119f01af11af11cf11cf21cf41cf51af71bf819fa18fa19fb16fc16fe0000000000000000000000000000000000000000000010fb11fd13fd13fe14ff15001501150115021601180218021802180018011a01180018ff19ff18ff19fd1afe18fc1bfc1dfb1cfb
CSIX,1619983823,024353490001,-59,6,128,43300400e8e1feecf0def5f7f6daf0e9f7e6f3e2f5eaf7e6f2e3f6edf8dbf4e805dcf0df04e3fcdd01e705e102e608e903e607ec0bea00000000000000000000000000000000000000000000f2fdebf6eff9edefeef8f3efebf2f4f0f0edf0f0f1e5ebedf6e9e9e8f5eff2e4f1f0f8e8efe8f4ebf5e7efe7f7edeee2f1f0f7db
CSIX,1620013886,024353490001,-59,6,128,4330040019051a051b0219031a021a0219011a001a001cff1aff1afe1bff1cfe1cff1d001c011b021903180416051505150613061208000000000000000000000000000000000000000000000f040f061006100711081109110a100a110b110c130d130d120d130c120c150d130b130a140a150a150916091508180919081907
CSIX,1620045220,024353490001,-59,6,128,43300400051a061b081907190919091909180a180a180c190b180c170c190c190b1a0a1b091a0819071806180416031602170113ff130000000000000000000000000000000000000000000003100211011200130013ff14fe14fe14fd15fe15fd17fd18fd17fe18fe17fd19fe17ff16ff180017021802190218021a041c041a
CSIX,1620074056,024353490001,-59,6,128,43300400f418f51af71af619f719f81af819fa19f918f91bfa1afa1afa1bfb1bf91cf81cf81af719f717f616f614f513f413f411f40f00000000000000000000000000000000000000000000f80ff70ff60ff510f510f310f210f20ff210f010ee11ee11ef11f012f011ef12f113f212f113f213f214f216f215f217f218f317
CSIX,1620104120,024353490001,-59,6,128,43300400ffe4fee3fde4fde4fce4fbe4fbe6fae6fbe6f9e4f9e5f9e6f9e4f9e5f9e4fbe3fbe5fce5fde7fee7ffe900e901e902eb03ed0000000000000000000000000000000000000000000000ef01ee02ed03ec03ec04eb05eb05ec06eb07eb08e908e808e907e807ea07e706e905e905e704e802e703e602e803e502e302e3
CSIX,1620167422,024353490001,-60,6,128,43300400f118f11af319f419f41af41af519f61bf619f61cf71bf71bf61cf71bf51df41cf41bf31af317f217f114f213f013f111f00f00000000000000000000000000000000000000000000f60df40df40df20df20df10df00df00cf00def0eed0eed0fee0fee10ee0fed11ee10ef10ee12f012f013f014f114ef15ef18f017
CSIX,1620195615,024353490001,-59,6,128,43300400fc15fc16fd16fc17fd14fe17fe15fd1701170219041603170118001500180017fc17fd19fc15fb15f914fa11f912f90ff91000000000000000000000000000000000000000000000fc0bfc0ef90af70ff80cf80df70ef50ef610f50cf210f40df90df614f712f812f711f60ff811fa11fa12f814fb11f813fd16f818
CSIX,1620223810,024353490001,-59,6,128,4330040009e409e206e206e306e206e105e304e203e202e001e201e102df02e003df04df05e006e007e408e409e609e70ae80aea0bec0000000000000000000000000000000000000000000007ef08ee0aef0bee0bee0cee0dee0dee0eee0eee10ec0feb0fec0eeb0eec0fe90dea0cea0de80ce90be80ce60ae70ce50ce30be3
CSIX,1620255753,024353490001,-59,6,128,4330040011151215131312131313131313121411141116111510161016111611161316141414121410130f140d140c130b1309120812000000000000000000000000000000000000000000000b0c090e090f0a100910091108120712071308130815081508150a1509140a160a140b130b150c160c150d160d140e1510161016
CSIX,1620314556,024353490001,-59,6,128,43300400ef1af01cf31bf31af41cf41cf51af61bf71bf81ef91cf91df71ef81ef61ef51ff41df31cf319f218f116f115f114f212f11000000000000000000000000000000000000000000000f60ff40ff30ff110f20ff00fef0fef0fee0eee0fec10ec11ec11ed11ed10eb13ee12ee12ee13ef14ef15ee16f015ee18ee1bee1a
CSIX,1620344408,024353490001,-59,6,128,43300400ee13ee15f115f014f115f115f214f316f315f418f517f518f319f418f219f219f117f015f014ef12ef10f00ff00ff10df00b00000000000000000000000000000000000000000000f50bf30af20af10bf10bf00aef0aef09ee09ed0aec0bec0bec0bed0ced0beb0ded0dee0ded0eed0eed0fed0fee0fed11ec13ec13
CSIX,1620373858,024353490001,-59,6,128,4330040016121812180f170f180f170e160d180c180c1b0c190b1a0a1b0c1b0b1c0d1c0f1a0e1910160f15101310110f11100e0f0d10000000000000000000000000000000000000000000000e0a0e0b0e0d0e0e0e0f0e100d120c120d130d130e140e140e140f130d130f140f120e1110120f13111211131111141316141613
CSIX,1620433810,024353490001,-59,6,128,433004001c031e021cff1b001cff1d001bfe1bfc1afc1dfa1bfa1bfa1dfa1cfa1efb1efc1efd1dff1b001a0218021703170415041306000000000000000000000000000000000000000000001101110312031304120513061307130714091409160a170a1609170816091809170717061807180719051a0619041c051e041d04
CSIX,1620466090,024353490001,-60,6,128,433004000a1a0b1b0d190c190d190d190d170f170f16121711151115111812171119111a0f190d1a0b1809180817071606170515031400000000000000000000000000000000000000000000071005110512051304130314021502150116021701180219021803190217031a03180417041905190619061a0718081b0a1c091c
CSIX,1620496619,024353490001,-59,6,128,43300400ea13ea14ec15ed13ed15ed15ef14f016ef16f019f117f218f018f119ef19ed1aee18ed16ee14ed12ee11ed0fed0fee0dee0a00000000000000000000000000000000000000000000f20af109ef0aee09ee09ed09eb08eb07eb08e908e808e808e908e909ea08e80bea0bea0ce90cea0dea0dea0fea0fe810e812e911
CSIX,1620528145,024353490001,-59,6,128,43300400eff6eef6eef8eff8eef8eff9effaeefaeefbedfbeffbeefdedfceefcedfbedfaeef9eefaf0f9f0f9f2f8f2f9f2f8f3f7f6f700000000000000000000000000000000000000000000f6f9f6f8f6f8f6f7f7f7f7f6f6f6f6f5f6f4f6f5f6f3f5f3f5f3f5f4f5f4f4f4f5f3f4f5f4f4f4f5f2f6f1f4f3f6f1f5eff5eff5
CSIX,1620556677,024353490001,-59,6,128,43300400eaf1e9f1e9f3eaf4e9f4e8f4e9f5e9f7e9f7e7f6e8f8e8f8e7f8e7f7e6f7e6f5e8f5e8f5eaf5ebf4edf3eef3eff2f1f3f3f300000000000000000000000000000000000000000000f3f6f4f5f3f4f3f3f3f3f4f2f3f1f4f1f4f0f3eff3edf3edf3eef2eef3eff1eef1eff1f0f0efeff0eef1edf0edf1ecefeaefeaf0
CSIX,1620586739,024353490001,-59,6,128,43300400f31af31cf61bf519f61bf71bf81af91bf91af91dfa1bfb1bfa1dfa1cf91ef81ef71cf61bf718f518f416f414f314f312f31000000000000000000000000000000000000000000000f80ff710f610f411f410f311f311f211f110f011ee12ee12ef12ef13f012ef14f013f113f115f215f316f217f316f118f11bf11b
CSIX,1620614404,024353490001,-59,6,128,4330040013ef13ed12ed11ee11ee0fed11ed0fed0eeb0feb0eeb0dea0fea0feb10ea11eb11ed12ee10ee11f012f210f311f40ff510f7000000000000000000000000000000000000000000000bf60cf60df50ff50ff411f80ff611f812f912f714f613f614f713f613f614f513f511f613f414f413f214f212f114f014ef15ef
CSIX,1620645255,024353490001,-59,6,128,4330040009180a180b170a170b170c170b150d150c150e160d150e140e150e150e170d180c170b17091608160615051404150313011200000000000000000000000000000000000000000000060d050e050f041104110312031302120213021401160116011602160115021703150315041605160616061706160618081a081a
CSIX,1620680376,024353490001,-59,6,128,43300400f7e4f5e3f4e6f6e5f4e5f4e4f3e6f1e6f4e6f0e5f0e7efe8f0e6efe7f0e5f0e3f2e5f3e4f6e6f7e6f9e7fae8fbe8fceafeeb00000000000000000000000000000000000000000000faf0fceefcedfcecfcecfdebfeeafeeaffe9ffe900e600e600e7fee7ffe8fde5fee7fde8fce5fbe6fbe6fbe5fae6f9e3f8e2f8e3
CSIX,1620719630,024353490001,-59,6,128,433004001cfb1dfa1bf81bf91bf81bf819f819f619f61bf319f419f31af41af31cf41cf51cf61cf81af91afb19fc17fe17ff16ff14010000000000000000000000000000000000000000000010fc11fe11fe12ff13ff14011501140215021603170318031703180217031902180117001900190019ff1aff19fd1bfd1dfc1dfc
CSIX,1620736662,024353490001,-59,6,128,43300400f406e206ea06ea09f004e1fce208e902e604e2fce80ae706e203e402e405e505e504e504e801e701e9ffe9ffe9ffecfdedfc00000000000000000000000000000000000000000000f101f000f1ffeffdeefdeafaedfbedfbecfdebf8ebf9e9fcf1f6edfaecfbe8fae9faecfde9fdeafceafeebfceb01e9fdeeffe1f9
CSIX,1620763855,024353490001,-60,6,128,43300400fb1cfb1dfe1cfe1bfe1cfe1c001a011c011b031d041b041b031d031c021d011e001dff1dfe1afd1afc18fc17fa16fa15f91200000000000000000000000000000000000000000000fd0ffb10fa10f912f912f712f713f612f513f513f415f415f515f515f514f416f615f715f717f717f817f818fa18f91afa1dfa1c
CSIX,1620796454,024353490001,-60,6,128,4330040017021a0218fa190019ff19fe19fb17fc18fe1afc1cf817fa1afb18fc1cfe1bfe19fd1a0014031702160313030f0613031105000000000000000000000000000000000000000000000dff0f010f0210021002120411051205110612051107140613071306120814071305130515031404150416031703160319031902
CSIX,1620824851,024353490001,-60,6,128,43300400f51af61af81bf819f91bf91bfa19fb1afa1afc1dfd1bfd1bfc1cfd1cfb1dfa1efa1cf81bf919f719f717f615f514f512f51000000000000000000000000000000000000000000000f90ef80ef70ff60ff510f410f310f30ff110f011ef11ef12f011f112f111f013f112f213f213f314f414f315f415f317f419f419
CSIX,1620854505,024353490001,-60,6,128,43300400151216121710160f170f170f160e180d170d1a0d190c190b190d1a0c1a0e1a0f180f1710150f1410121110110f110e110b11000000000000000000000000000000000000000000000b090e0c0c0d0c0e0c0f0b100c110b110b120b130b140b150b140c140b130e150d130e120e130f13101210131012121314141413
CSIX,1620887748,024353490001,-60,6,128,433004001b031c021c001b001cff1cff1bfe1cfd1cfd1dfc1bfb1bfa1cfb1cfb1efc1ffd1dfd1dfe1bff1b0119021803170415041406000000000000000000000000000000000000000000000f030f04110511061206120712081209120a130a140c150b140b150b140a160b150a15081609160816071807170519061b051c04
CSIX,1620914089,024353490001,-60,6,128,4330040011ea10e90ee80eea0de80de70de80be70ce70be50ae609e60ae50ae40be40de30de60de60de90ee90feb10ec10ee0ff00ff1000000000000000000000000000000000000000000000bf50bf50cf50df50ef40ff510f510f611f512f514f514f513f513f412f514f312f312f212f211f111f011ef11ef12ee12eb12eb
CSIX,1620946482,024353490001,-60,6,128,43300400001a011c041b031b031b031c031a051a051a071c071a081a061c071b061d051e041d021c011aff1afe18fd17fd18fc15fb1400000000000000000000000000000000000000000000ff0efe0ffd0ffd10fd11fb11fa12f911f912f913f815f815f915f915f914f916fa15fb15fb17fa16fc16fc18fd16fe19ff1aff1a
CSIX,1621004344,024353490001,-60,6,128,4330040009180a190d170c170d180d170d160e170e15101710151015101710171018101a0e180d190b170a180816071605170515021400000000000000000000000000000000000000000000040e030f020f0210021101120112001200130014ff16ff16ff160116001500170115021502160316041504160516061808190818
CSIX,1621064395,024353490001,-60,6,128,4330040016f117ef15ef15ef15ed16ed14ee14ec13ec14eb12eb12eb14eb14eb16ea16eb16ec16ee15ef16f015f314f415f514f713f8000000000000000000000000000000000000000000000ef90ef90ff911fa10fa14fa14f912f811f811fb17fc16fa19ff1af913fa18f916f915fa16f915f815f716f713f616f417f218f2
CSIX,1621093872,024353490001,-60,6,128,433004001a021c021bff1b001cff1cfe1afe1bfd1afd1dfc1bfc1bfc1dfc1bfc1efd1dfe1dfe1cff1a00190118031604170515051306000000000000000000000000000000000000000000000f030f040f051106100611071208110812091209130b140a140b140a140a150a150914081609150716061706160517061a041b04
CSIX,1621124891,024353490001,-60,6,128,433004001412161217101610171117111610170f180e1a0e190c190c190e190d1a0f1a1019101711151013111111101110120e100c11000000000000000000000000000000000000000000000a0b0a0c090d0a0f090e091009110811081209130a150a150a140b140a140b160b140b130c140c130e130e130f11111413141313
CSIX,1621154909,024353490001,-59,6,128,43300400e3fbe2fce2fee2fde3fee2fee3fee200e300e001e200e202e101e202e001e000e1ffe2fde4fce4fbe6fae8fae8f9eaf8ebf700000000000000000000000000000000000000000000f0fbf0faeff9eef8eff8eef6eef6eef4edf5edf4ecf2ebf3ebf3ebf3ecf3e9f3eaf4eaf6e9f5e9f5e8f6e8f7e9f8e6f7e4f9e4f8
CSIX,1621183856,024353490001,-59,6,128,43300400f215f117f417f316f417f318f516f518f617f51af618f719f51af618f41af41af319f217f315f215f112f111f110f10ff10d00000000000000000000000000000000000000000000f80cf60cf50bf40df40cf20cf20cf10cf00cf00cee0dee0eee0def0eef0dee0fee0ef00eef10f010f010f011f111f012f015f015
CSIX,1621218100,024353490001,-59,6,128,43300400e609e60ae70ce80be70de70ce90ce80ee80de70fe90ee90fe80fe810e60fe60fe70de60ce80ae809e807e906e805eb03eb0200000000000000000000000000000000000000000000f104f003ef03ee03ee03ed01ec01ec00eb00ea00e8ffe8ffe9ffe900e9ffe700e801e902e802e903e904e804e904e705e606e607
CSIX,1621245224,024353490001,-59,6,128,4330040013ec13eb11ea11eb10e910e80fe90ee80ee90fe60ee70de70fe60fe710e611e611e811e811eb11ec12ee12f013f111f212f5000000000000000000000000000000000000000000000bf50cf60df50ef50ef610f611f611f612f613f615f615f615f615f614f615f414f413f414f313f312f113f112f114f015ee14ed
CSIX,1621274375,024353490001,-59,6,128,43300400edebebebeaedebedeaede9edeaeee8f0e9efe6eee7f0e7f1e7efe6f0e6eee6ede8ede9edebedececeeecf0ecf1ecf3edf5ed00000000000000000000000000000000000000000000f7f3f7f2f7f1f7f0f7f0f8eff8eef9edf8ecf8ebf9eaf8e9f8eaf7eaf8eaf6e9f6ebf5ecf5eaf4ebf3ebf2eaf2ecf1eaefe9efea
CSIX,1621304189,024353490001,-59,6,128,43300400140b160a17091609170917081708170717061a061805180519061a051a061a08190918091609150a130b120b120d100c0e0c000000000000000000000000000000000000000000000a070a080c080b090b0b0b0c0b0c0b0c0b0d0b0d0c0f0c0f0b0f0c0f0c0f0e0f0d0d0e0d0f0e0f0e100c110d100b120d140d140d
CSIX,1621334798,024353490001,-59,6,128,433004000eed0eeb0ceb0dec0ceb0cea0beb0ae90aea0ae809e909e90ae70ae80ce70ce80de80dea0dec0dec0eee0ef00ff00ef20ef40000000000000000000000000000000000000000000008f60af60af70cf60bf60df70df60df70ef70ff711f611f611f710f610f611f510f50ff510f40ff30ef20ff20ef20ff110ee10ee
CSIX,1621371518,024353490001,-59,6,128,43300400021c031d061b051b071c071d071a091b091a0b1d0b1b0b1b0b1e0b1c0a1e0a1f081e071e061c041c021b0119ff1aff17fd1600000000000000000000000000000000000000000000ff0ffd0ffd10fc11fc11fb12fa12fa12f913f914f815f816f815f916f915f917fa16fb15fb18fc17fe17fd19ff17ff1a001c001c
CSIX,1621398677,024353490001,-60,6,128,4330040013ed14eb11eb11eb11e911e910ea0fe80ee90fe50de70de60fe50fe611e511e512e612e812ea13eb13ed12ef14f012f212f4000000000000000000000000000000000000000000000bf70cf70df70ef70ff811f811f811f912f812f815f815f815f814f714f815f614f613f615f413f413f314f211f214f015ef15ee
CSIX,1621425034,024353490001,-60,6,128,43300400fc19fe1b0019ff19011a011a0219031a0319041c041b051b051d041b031e031e021d011c001afe1afd19fc18fa17fa15f91300000000000000000000000000000000000000000000fc0dfb0efa0ef90ffa0ef80ff810f70ff710f611f412f512f512f513f612f514f613f713f714f814f915f916fa15f917fa19fb19
CSIX,1621460068,024353490001,-60,6,128,4330040016ee16ec14eb14ec13ea13ea12ea11e811e812e610e710e612e612e613e615e614e814e914eb15ec15ee15ef16f114f314f5000000000000000000000000000000000000000000000cf70df70ff80ff810f810f811f911f913f914f816f916f816f916f715f817f615f715f615f615f515f316f315f217f218ef17ef
CSIX,1621483819,024353490001,-60,6,128,43300400ffe2fde2fce3fce4fbe3fae3f9e4f8e3f8e3f6e1f6e3f5e3f6e1f6e1f6e0f7dff8e1f9e1fbe2fce3fee4ffe501e501e703e90000000000000000000000000000000000000000000000f002ef02ef03ee04ee05ed05ec06ed06ec06eb08e908e908ea06e907ea07e706e906e805e704e803e703e602e702e401e201e2
CSIX,1621514053,024353490001,-60,6,128,43300400f617f719fa18f918fb19fb1afc18fd1afe19ff1cff1b001bff1dff1cfd1efd1dfc1dfb1cfb1af91af817f816f716f714f51200000000000000000000000000000000000000000000f90df80df60df50ef50df40ef30ef30ef20ef20ff00ff010f010f110f10ff011f111f210f212f312f414f314f514f416f517f518
CSIX,1621547660,024353490001,-60,6,128,43300400e9f3e6f3e7f6e7f6e6f7e5f7e7f8e6f9e6fae3fae4fbe4fce3fae4fae2f8e3f8e3f7e4f6e7f6e8f5e9f4eaf4ebf3ecf3eff200000000000000000000000000000000000000000000f2f9f1f7f1f6f0f5f1f4f1f3f1f2f2f1f1f1f0f1efefefeeefefefeff0efeeeeeef0f0f1edefeef0edf1ecf1ecf3eaf1e8f1e8f2
CSIX,1621574281,024353490001,-60,6,128,4330040015f116ef13ee14ef13ed13ec11ed11eb10ea10e810e80fe811e810e912e813e914e914eb13ee13ee13f012f113f212f312f6000000000000000000000000000000000000000000000ef60ff710f711f811f813f913fa14f915fa15fa17fa17f916fa17f816f918f917f915f717f816f716f516f514f617f318f218f2
CSIX,1621605029,024353490001,-60,6,128,43300400e8fce7fee7ffe800e800e700e901e803e803e605e805e804e704e705e604e403e602e601e800e8ffe9feeafdebfcedfceefa00000000000000000000000000000000000000000000f0fef0fcf0fceefbeffbeff9eef9eff8eef8edf7ecf6ebf5ecf5ecf5ecf6eaf6ecf7ecf8ebf8ebf9eafaeaf9eafae9fae7fbe7fb
CSIX,1621633818,024353490001,-60,6,128,43300400e9f7e8f8e8fbeafae8fce7fce8fce8fee8fee6fee7ffe7ffe6ffe6ffe5fee4fde6fde7fbe9fbe9faebf9ebf9ecf8eef8eff700000000000000000000000000000000000000000000f1fbf1f9f1f8f1f7f1f7f0f6eff5f1f8f3f4f1f3eef2eff2edf1eef3eff1eef3eef4eef4ecf3edf4ecf5ebf4ecf6eaf4e8f5e9f6
CSIX,1621666229,024353490001,-60,6,128,43300400e504e405e608e607e609e609e70ae70be80be60de70de70de50de60de40de40be40be409e608e607e705e804e803e902ea0000000000000000000000000000000000000000000000ef03ed02ed01ec00ecffebfeebfdebfdeafdeafde7fce7fce8fce7fde8fce6fde7fde8fee6ffe7ffe701e601e702e402e303e303
CSIX,1621695433,024353490001,-60,6,128,433004000ee90ee70be70be80ae70ae608e609e508e508e306e406e408e308e309e30ae30ae40be50be80ce80cea0ceb0deb0ced0def0000000000000000000000000000000000000000000008f10af10bf20df10df10ef210f20ff211f210f113f112f012f012f011f013ef12ef11ef11ee10ee0fed11ec0fec10ea11e910e9
CSIX,1621784349,024353490001,-59,6,128,43300400e801e601e804e904e806e807ea06e908e707e709e707e809e707e607e608e507e606e706e905e903ea02ea01ea00eb00ecfe00000000000000000000000000000000000000000000f003ef00f000f0feef01eefeecfeedfcedfeeafeedfceaf9ecf9e8fbedfce9faeafeecfde9fbecfeeafee8fdea00e7fee700e601
CSIX,1621814850,024353490001,-58,6,128,43300400e8f5e7f5e7f8e9f9e8f8e7f9e8fbe7fbe8fae5fde7fde6fee4fde5fde4fce4fbe6fbe6fae8fae8fae9f8eaf8ebf7ecf6eef500000000000000000000000000000000000000000000f2f9f2f8f2f7f1f5f2f5f1f4f1f3f1f3f1f2f1f2f0f0eff0f1f1eff1f0f1eef0eff2eef2edf2eef3edf3ecf2ecf4eaf3e9f3e9f3
CSIX,1621852674,024353490001,-58,6,128,43300400f9e3f8e3f5e4f7e6f5e5f4e4f4e6f2e6f3e6f1e4f1e6f0e6f0e5efe5f0e4f0e2f3e4f3e4f5e5f6e5f7e6f9e5fae6fbe7fee800000000000000000000000000000000000000000000fceefdeefeecfeecffeb00eb00ea01ea01e903e803e704e604e602e602e701e400e700e600e5ffe6fee6fee4fde5fde3fce1fce2
CSIX,1621880113,024353490001,-58,6,128,4330040012e912e711e710e80fe70de50ee709e70be60be30be50ae50ce30be20de20fe20fe30fe40fe710e810e911eb12eb11ee12f0000000000000000000000000000000000000000000000bf30cf30ef20ff20ff211f212f212f313f314f317f316f216f216f114f316f015f114f115f014f013ee14ed12ee14ec15e915e9
CSIX,1621907256,024353490001,-58,6,128,4330040019fa19f818f617f718f618f516f517f417f318f116f216f117f118f119f11af219f319f417f618f718f917f917fb16fc15fe000000000000000000000000000000000000000000000ffc10fd11fe11fe12fe130013001300140115011701170117021601150118011600160017ff17ff17fd18fd17fc18fc1afb1afb
CSIX,1621933734,024353490001,-58,6,128,43300400081809190b170a170b180c170c160d160d160f170f150c160f170e1607160c1a0d1a0b180a1808180717051704180316011500000000000000000000000000000000000000000000060e050f0410041104110313021402130214011501170117011702170116011801170216031703170416041705160619081a0719
CSIX,1621967073,024353490001,-58,6,128,4330040019fb1afb18f818f919f719f617f617f517f518f317f317f319f318f41bf41af51af61af718f818f917fb17fc17fd15fe1500000000000000000000000000000000000000000000000ffd10fd10fe12ff100213011401140115021502170317021703170216021803170216011801170017fe18ff17fd19fe1bfd1bfc
CSIX,1621997014,024353490001,-58,6,128,4330040004e604e502e602e601e501e5ffe6fee6fee7fee4fde5fce5fde4fde5fde3fee3ffe400e401e602e703e804e905e905eb07ec0000000000000000000000000000000000000000000003f005ef06ef06ee07ee08ed08ee09ee0aee0aed0ceb0ceb0cec0beb0bec0cea0aeb0aec09ea09ea07e908e906ea07e707e507e6
CSIX,1622025380,024353490001,-58,6,128,43300400eeecededeceeeeefecefecefecf0ebf1ebf1e9f1eaf2e9f2e9f1e9f2e8f0e8efeaefebefedefedefefeff1eef2eef3eff5ee00000000000000000000000000000000000000000000f5f4f6f2f6f1f6f0f6eff6eef6edf7edf7edf7ebf7eaf7eaf7eaf6eaf7ebf5e9f5ebf5ecf4ebf3ebf2ecf2ebf2edf1eaf0eaf0eb
CSIX,1622054913,024353490001,-58,6,128,4330040017ee17ee15ec15ed15ec15eb14ec12ea13eb13e811e911e912e912e814e815e815ea15eb14ed15ee14f015f215f214f414f6000000000000000000000000000000000000000000000ef50ff511f612f612f613f714f715f815f816f719f719f718f818f717f719f517f617f518f517f517f418f216f219f21af01af0
CSIX,1622115374,024353490001,-58,6,128,43300400e7f7e6f8e6f8e8f8e6fae7fbe8fce7fde8ffe6ffe800e800e400e501e4fee6fee7fee7fbe8fbe8fae9f9ebf9ebf7ebf8eff600000000000000000000000000000000000000000000f0fcf1faf1f8eff7eef8eef4eff6eff4eef5eff2eef1eef1eef1ecf2edf2ebf1edf4ecf4eaf3ebf4eaf4eaf3e9f6e8f4e6f5e7f4
CSIX,1622146804,024353490001,-59,6,128,43300400e703e604e806e905e806e806ea06ea08ea08e90aea09eb0ae809ea0ae80ae708e808e806e905e904ea02eb02ea01ed01edff00000000000000000000000000000000000000000000f103f002ef01ed01ee00ecffecffecfdecfeebfde9fdeafdeafdeafdeafde9fdeaffeaffe8ffe9ffe9ffe900e901e701e502e602
CSIX,1622173794,024353490001,-59,6,128,4330040016f716f614f613f613f615f413f314f512f414f214f211f314f214f216f315f316f415f614f815f813f913fb12fb12fc12fe000000000000000000000000000000000000000000000dfa10fb0efb0ffa11fb10fc11ff13fe0ffb12ff150014fe14fe16fe14ff15fd14fc12fc13fc14fe15fa15fa11fb16f818f918f6
CSIX,1622205905,024353490001,-59,6,128,433004001c071e061d031d041e031e021c011d001dff1ffe1dfe1dfe1ffe1ffe20ff200020011f021d031c041b05190719081707140900000000000000000000000000000000000000000000100411051106120712071309130a120a130b130b150d150d150d160c150c170c170b160a180b180a18081a0919081b0a1e081e08
CSIX,1622234070,024353490001,-59,6,128,4330040012ed13eb11eb10eb10ea0fe90eea0ee90ee90fe60de80ce80ee70de70fe610e610e710e80feb11eb10ee11ef12f012f111f5000000000000000000000000000000000000000000000bf60bf60cf50df50ef60ff610f610f611f612f614f614f514f613f513f515f313f412f313f213f212f013f012f014ef15ed15ed
CSIX,1622265160,024353490001,-59,6,128,433004000eea0ee80ce90ce80be70be70ae809e709e808e407e607e509e408e50ae30ae40be40ce50ce80de90eeb0eec0fec0eee0ff00000000000000000000000000000000000000000000007f409f309f40bf20bf30df30df30ef30ef30ef211f111f110f210f110f111f010f00ff010ee10ee0fed10ed0eed10eb10e910e8
CSIX,1622293898,024353490001,-59,6,128,43300400e3fce1fee2ffe2ffe301e201e301e203e303e005e205e306e005e106df05df04e003e002e201e200e3fee5fde4fce7fbe8f900000000000000000000000000000000000000000000f0fdeffceffbeefaedfaedf8ecf8edf8ecf7ebf6eaf5e9f5eaf5e9f6eaf6e8f6e9f7e9f8e7f7e7f9e6f9e5f9e6fbe3f9e1fae2fb
CSIX,1622324085,024353490001,-59,6,128,43300400e9ece7ede7efe8efe6f0e6f0e7f2e4f4e5f2e2f3e4f4e4f4e2f3e3f4e2f2e2f2e4f1e4f1e6f0e7f0e9efebefebeeedeef0ed00000000000000000000000000000000000000000000f5f5f5f3f5f2f4f1f5f1f5eff4eef5eef5eef4ecf5ebf4eaf4eaf3eaf4ebf1eaf1ebf1ecf1ebf0eceeededecededecebeaeaeaeb
CSIX,1622385018,024353490001,-59,6,128,43300400e406e407e50ae609e509e50ae709e60be60be50ee70de70de60de60ee50de40de50ce40ae608e607e705e704e703e902ea0000000000000000000000000000000000000000000000f103f002ef02ee02ee01ed00ecffecfeebffeafee8fee8fee8fee8ffeaffe7ffe800e901e801e801e803e603e704e404e305e405
CSIX,1622414764,024353490001,-58,6,128,4330040011ed10eb10ec0deb10ea0ee90fec0eeb0cea0de70de90be90de80de90de80ee90fea10ea0fed0fed0fef0ff010f00ff310f5000000000000000000000000000000000000000000000af509f50df60cf50ef710f70ff70ff510f611f712f713f713f614f410f513f312f311f412f110f410f111f00ff013f114ee12ee
CSIX,1622452921,024353490001,-58,6,128,43300400001a011b0319031a031a031a041804190518061a07190718061a0619071b051a041a031a02180118ff16ff15fe16fd14fc1300000000000000000000000000000000000000000000000e000fff0fff11ff10fd11fd12fb11fb12fc13fa14fa15fa15fb15fb15fa16fb15fc14fc16fd16ff16fe17ff16ff19001b001b
CSIX,1622476695,024353490001,-58,6,128,43300400f31af31df61bf61bf71cf71cf81bf91cf91bf91efa1cfb1cf91efa1cf81ef81ef81df61cf619f619f417f416f315f314f21200000000000000000000000000000000000000000000f90ef70ff70ff510f50ff310f310f310f210f210ef12ef12ef12f013f012ef13f013f213f115f215f316f217f416f219f21bf21b
CSIX,1622504951,024353490001,-58,6,128,43300400e40be40ce50ee60de60ee60ee70ee710e80fe711e810e811e711e812e712e511e710e60ee80de70ce80ae808e708e906ea0400000000000000000000000000000000000000000000f106f004ee05ed05ed04ec03eb03eb01ea02e902e701e701e701e702e802e503e704e804e705e706e707e608e707e408e30ae30a
CSIX,1622534136,024353490001,-58,6,128,4330040010e710e60ee60ee70ee60ee50ce70ce50be60be309e409e40ae40ae40ce30de30de50ee60ee80fe90fea0fec10ec0fee10f00000000000000000000000000000000000000000000008f20af20af20cf10cf10ef10ff20ff210f210f112f012ef12f011ef11f013ee11ee11ef12ed11ee10ec11eb0feb11e911e612e7
CSIX,1622564398,024353490001,-58,6,128,433004000ee60de50be40ce60be50be40ae509e509e508e207e407e408e308e309e20ae20be30be40be70ce70de90dea0eea0eed0eef0000000000000000000000000000000000000000000007f108f109f10af00bf00cf00df00ef10ef010f011ef11ef11ef10ee10ef11ed10ed10ed10ec0fec0eeb0fea0eea0fe80fe610e6
CSIX,1622598365,024353490001,-58,6,128,433004000b1a0c1b0e180d180f1810180f1710171016111811161216121711171119111910180f190d170c180a17091707170616041600000000000000000000000000000000000000000000060d060f061005110511041204130313031504160217031803170418031604190417051605170617081708190917091a0b1b0b1a
CSIX,1622623739,024353490001,-59,6,128,43300400141216131610151116101710160f180e170e1a0e180d180c190e190d1a0e1a10190f1710151015111311121111120f120d12000000000000000000000000000000000000000000000b0a0b0c0a0c0b0e0b0e0a0f0a100a100a110b130a140b150a150c140b140c140c130c120e140e130f1210131011121414151414
CSIX,1622667991,024353490001,-59,6,128,433004001bff1cfe1bfb1afc1bfb1cfb1afb1af91af81cf71af71af71cf71cf71df81ef81df91dfb1bfc1bfd1aff19ff190017011604000000000000000000000000000000000000000000000eff0f011001110211021203120412051305140515061506150616061406170616041503170416031702180217011a011c001c00
CSIX,1622685229,024353490001,-59,6,128,43300400e80ee710ea10ea10ea12e911eb11eb13ec12ea15ec14ed14eb15eb14e915e914e914e812ea11e90fe90de90ce80bea0aea0700000000000000000000000000000000000000000000f306f206f106ef06ef06ee05ed05ed04ec04eb05e904e905e904ea05ea04e806e906ea06e907ea07eb09e909eb0ae80be70de80e
CSIX,1622720360,024353490001,-59,6,128,43300400e403e304e407e506e408e408e608e50ae609e40be50be50be40be40ce30be20be309e308e508e406e604e603e501e800e8fe00000000000000000000000000000000000000000000f100f0ffeffeeefeeefdedfcedfdedfcecfbebfbe9f9e9faeaf9e9fbeafbe8fbe9fce9fde8fde8fee8ffe700e801e500e401e402
CSIX,1622746439,024353490001,-59,6,128,4330040005170619071707170917091809160a1609160b180b160b160c170c170c180b190a190918081707170517041603170215001400000000000000000000000000000000000000000000010d000eff0eff0fff10fd10fd11fc10fc11fc11fa14fb14fa13fd14fc13fb15fe14fe13fe15ff14001300160114011603180218
CSIX,1622838798,024353490001,-58,6,128,4330040013eb14ea12e912ea11e911e811e910e710e810e50ee70ee610e50fe511e512e512e613e712e913ea13ed13ee15ef14f114f3000000000000000000000000000000000000000000000bf60df70ef60ff60ff711f711f711f712f713f715f815f714f714f614f616f414f513f514f313f312f214f012f114ef15ed15ed
CSIX,1622865883,024353490001,-58,6,128,4330040005140819061609110a1708150a130b140a140e160b140d120e160c150f140c1808150d14091707140814051505130415001100000000000000000000000000000000000000000000fe0c010cfe0efe0efd0efd0dfe11fb0ffd0efd12f911fd10fc13fb12fd10fd13fd12fe11fe110213001400130413001602150416
CSIX,1622901953,024353490001,-58,6,128,433004000a1c0d1a07180f151019101916140f170e1a12190f1c1017101813170f16121b101b0f1a10180b1a0b19081a071c0518031600000000000000000000000000000000000000000000040f020e0013001002120112ff10ff130014fe15fb17fe16fe18001702150018011701170416031705170518031a061a081b091b
CSIX,1622924862,024353490001,-58,6,128,433004000c1a0d1a0f190e180f1810180f1712161117131812171216131814171418131a1119101a0f190d190b18091908190617041700000000000000000000000000000000000000000000040f030f03110211021201120213001301140015ff17ff170017011701160218021603160317051606160717071708190a1b0a1a
CSIX,1622962581,024353490001,-58,6,128,43300400f416f417f717f617f817f618f818f918f918f91afa19fb19f91afa1bf81cf81cf71bf619f617f416f415f314f214f311f21000000000000000000000000000000000000000000000f90cf70cf60cf50df50cf30df30df20cf10cf00df00def0ff00ef10ff10ef010f10ff20ff110f210f312f312f411f314f217f216
CSIX,1622986563,024353490001,-58,6,128,43300400e1f7dff2e0f4e4f2e2f0e8f1eaf5ecf5f2fdf103f208f10cec0eef0ee810e912e610e510e50ce50be407e904ec04ef04f1040000000000000000000000000000000000000000000008f609f509f609f407f707f405f504f303f3fff0ffebffe700e600e402e602e502e803eaffea01edfceffeeefaf7f5f6eff8ebf8
CSIX,1623013877,024353490001,-58,6,128,4330040014ec14ea12e912ea11e911e810e90fe70fe70fe40ee60de50fe40ee40fe410e411e512e611e812e912eb13ec13ed12ef13f2000000000000000000000000000000000000000000000cf70ef70ef70ff710f711f812f812f813f813f816f816f715f815f614f716f515f514f515f414f313f215f112f015ef16ed16ed
CSIX,1623045925,024353490001,-58,6,128,43300400e603e504e606e705e606e506e806e609e808e60ae70ae70be60ae60be50ae40ae409e407e606e604e703e802e701ea00eafe00000000000000000000000000000000000000000000f100f1fef0feeffdeffdeefceefceefbeefbedfaebfaebfaebfaebfbecfbeafceafcebfdeafdeafeeaffe9ffe900e700e502e501
CSIX,1623076431,024353490001,-58,6,128,433004001dfa26fb1ef41ff514f61cf814f317f618f61cf218f31ef018f21ff01df21cf11df31af61cf51cfb1bf819fb19fb19fe16fe000000000000000000000000000000000000000000000ff713fa100412fb160816fd16080e000efa1bfe15041a04151123001f0617090e040efd17fe20fb10fa16fb18ff21f920f41af1
CSIX,1623103982,024353490001,-58,6,128,433004000fec0ee80fea0feb0eea0ee90dea0ce90cea0ce70be80be80ce70be70ce60ee60ee80fe90eeb0fec0fed10ef11f010f210f4000000000000000000000000000000000000000000000af60bf60bf50df50ef60ff60ff60ef710f611f613f513f612f612f411f613f311f410f411f210f210f111f010f012ef12ed12ee
CSIX,1623135066,024353490001,-58,6,128,43300400e70fe611e912e912e913e914eb13eb15ec14ea17ed16ed17eb18ec17ea17e917e916e814ea12e911e90fea0ee80dea0cea0800000000000000000000000000000000000000000000f107f006ef06ed06ee05ec05ec04eb04eb04ea05e704e705e805e806e905e706e806e907e808e908e90ae80ae90ce70de60fe60f
CSIX,1623193780,024353490001,-58,6,128,43300400eff7eef7eef9eef8eef9edf9eefaedfbedfbecfbedfcedfcecfcecfcebfbebfaecfaecf9eef9eef9eff8f0f8f1f7f2f7f3f600000000000000000000000000000000000000000000f7f9f8f9f6f7f6f8f9f4f4f9f3f6f7f6f7f5f6f5f6f3f6f3f6f4f6f4f6f4f4f3f5f5f5f5f4f5f4f5f3f6f2f5f2f7f1f6f0f6f0f6
CSIX,1623225911,024353490001,-58,6,128,43300400e4f6e3f7e3fae4f9e2fae2fae4fbe2fde3fde0fde2fee2fee0fee0fee0fddefce0fbe0fae3f9e3f8e5f7e6f6e7f4e9f4ebf300000000000000000000000000000000000000000000f0f9f0f9eff7eff6eff6eff4eff4eff3eff3eef1edf0edf0edf0ecf1edf1eaf1ecf2ecf3ebf2eaf4eaf5e9f4e8f5e6f4e4f4e5f5
CSIX,1623255090,024353490001,-58,6,128,43300400e50ce50de70fe80ee70fe610e80fe811e811e713e913e913e813e814e614e414e512e510e60ee60de60be60ae609e807e80400000000000000000000000000000000000000000000f106f005ee05ed05ed04ec03eb03eb02eb02e902e702e802e802e803e902e603e803e804e805e806e807e707e808e609e50be50b
CSIX,1623284926,024353490001,-58,6,128,433004001315141515121413161316131511171117101a11190f190f19111a101a121a1318131814151314141214111410150e140b14000000000000000000000000000000000000000000000a0c090d090e090f091008110812071207130714081608160816091608150a1609150a140b150c150d140e150e13101612171216
CSIX,1623346485,024353490001,-58,6,128,43300400e5f5e2f6e4f8e4f8e3f9e3f9e4f9e3fbe3fce0fde2fee2ffe0fee1fedffcdffbdffbe0f9e3f9e3f7e5f6e6f6e6f5e8f5eaf300000000000000000000000000000000000000000000f1f8f1f7f1f6f0f5f0f5eff3f0f2f1f1f0f1eff0eeefeeefefeeedf0eef0edefedf0edf2ecf1ecf2eaf3e9f2eaf5e7f3e5f3e5f4
CSIX,1623375856,024353490001,-58,6,128,4330040013ef13ed11ed10ee10ec10eb0eec0eea0deb0ee80de90de90ee70ee810e710e811e811e910eb11ec11ee11ef12f011f212f4000000000000000000000000000000000000000000000bf80cf80df80ff80ef811f910f910f912f912f914fa14f914f914f913f814f814f812f713f612f511f413f311f313f214f015ef
CSIX,1623407108,024353490001,-58,6,128,43300400111613161413131414131513151216111611191118101810191119111a121a141814171416141414121410150f160e140c1400000000000000000000000000000000000000000000080c080e080f08110810071207120613061406150617061706160816071608170815081409160a150c150d160d140e1710181017
CSIX,1623463894,024353490001,-58,6,128,433004000c150e1510140f14101310131012111111121412121014101311141114121314131412130e120e140d120b140a140a12071200000000000000000000000000000000000000000000060b050d040d060f050f04110510031004120212031403150314041404140515051305120614071407130a1408140a160c160b16
CSIX,1623494140,024353490001,-58,6,128,433004000f17111812151215131414141313141213131614161216121713171317151715161615161315121610160e160d170b16081600000000000000000000000000000000000000000000080d070e070f081007110612061305130514051505170518051706170516061807160716081709160a160b170b150c180e190e18
CSIX,1623525016,024353490001,-58,6,128,43300400e407e308e50ae509e60be60be70be60de70de50fe70fe70fe510e610e410e30fe40ee40de50be40be508e607e505e704e80300000000000000000000000000000000000000000000f002ef01ee01ed00edffecffebffebfeeafde9fde7fce7fce8fce8fde8fde6fde7fee8ffe700e800e702e602e703e503e205e305
CSIX,1623555288,024353490001,-58,6,128,4330040010ed10ec0feb0dec0eeb0fea0dea0cea0be90be80ae80ae80be70be60de70de70ee80fe90eeb0feb10ed0fee10ef10f010f10000000000000000000000000000000000000000000009f50af50bf50cf50df50ef50ff60ff610f610f512f512f512f512f412f513f411f411f411f311f310f211f10ff111ef11ed12ed
CSIX,1623583760,024353490001,-58,6,128,43300400081b0a1b0c190b190d190d190d170f180f17111910171117111811181119101b0f1a0f1a0d180b1a0919081807190617031700000000000000000000000000000000000000000000040e041003110312031202130114011400150016ff180018ff180118001700190018011703180318041804190618061b081c071c
CSIX,1623615757,024353490001,-58,6,128,43300400180318031901180119011900180018fe19fe1afd19fd18fb19fd1afc1bfd1cfe1bff1b001901180217031704160514051307000000000000000000000000000000000000000000000e020d030e040f050f050f071107100810081109130a120a120a130a1209140a1209130814081408140715061405170618061906
CSIX,1623647731,024353490001,-58,6,128,4330040007e406e305e405e404e304e302e501e301e400e1ffe3ffe200e1ffe200e001e002e003e104e305e406e606e708e608e809ea0000000000000000000000000000000000000000000004f106f007f008ef08ef09ee0aee0bef0cee0ced0eec0eec0eec0deb0eec0eea0deb0beb0cea0bea0aea0ae809e90ae60ae40ae4
CSIX,1623673881,024353490001,-59,6,128,4330040009190a190c140b160c140c160c120d130d130f140f1310131014101411160f160f170d160b150a160915081506150614041500000000000000000000000000000000000000000000060b060b030e0510050e04120312031002110213031602140214041503160316011405140514061507140715061506170b190917
CSIX,1623703827,024353490001,-58,6,128,43300400170e190e190b180c1a0b1a0b190a1a0819081d081b071b071b081c081d091d0a1c0a1b0c190b180d160d150d140f120e100f000000000000000000000000000000000000000000000d070d090d0a0e0b0e0b0e0d0e0e0d0e0e0f0e100f1210120f1210110f1111121011100f11111110130f1410130e16101710180f
CSIX,1623733904,024353490001,-59,6,128,4330040015121613170f150f180f180f170c180e190a1c0b1b0a1a0a1b0c1b0b1c0d1b0e1a0d190f170f160f14101310131111100f11000000000000000000000000000000000000000000000c0a0b0c0b0d0b0e0b0e0b100b110a110a120b120c140c140c140d140b130d150c140d120e130e130f1210131111121315131513
CSIX,1623764480,024353490001,-59,6,128,43300400e5f7e3f7e4fae4f9e4fae3fbe5fbe4fde4fde2ffe3fee3ffe2fee2ffe0fee0fde1fce2fae4fae4f9e6f8e7f7e7f6e9f6ebf500000000000000000000000000000000000000000000f1faf0f8f0f8eff7eff6eff5eef4eff4eff3eef2edf0ecf1ecf1ecf1edf2ebf1ecf2ecf4ebf2ebf4eaf5e9f4e9f6e7f4e5f5e5f5
CSIX,1623795345,024353490001,-59,6,128,433004001709180918071606170618061705180317031a03180219021a031a031b031b041a0519061806170716081509140a1209100b000000000000000000000000000000000000000000000c050c060d070e080e080d0a0e0a0d0b0e0c0f0c0f0d100e100e100d0f0d110e100c100b110c110b120a130b1309150b170b160a
CSIX,1623854178,024353490001,-58,6,128,4330040003e302e200e300e400e3ffe3fee4fde4fde4fbe2fbe3fae3fbe2fae2fbe1fce0fde2fee2ffe400e402e503e604e604e806ea0000000000000000000000000000000000000000000002f004ef05ee05ee06ee07ed08ed08ed09ed09eb0bea0bea0bea0aea0aeb0ae809ea08ea08e908e906e806e705e805e505e305e3
CSIX,1623884309,024353490001,-59,6,128,433004001c011c001cfe1bff1cfe1cfd1bfd1bfa1bfb1df91bf91bf91cf91cf71ef81ff91efa1efb1bfc1bfe19ff1901190217031604000000000000000000000000000000000000000000001002100310041104120512061307120813081409160a150a150a16091509180916081607170717061705190518041a051c041c03
CSIX,1623914622,024353490001,-59,6,128,43300400e4fbe2fce3fee4fee300e300e500e302e402e103e403e404e204e204e103e002e202e100e400e4ffe5fde6fce6fbe8fbeaf900000000000000000000000000000000000000000000f0fceffaeff9eef8eef8eef7edf7eef7edf5ecf5ebf4eaf3ebf3eaf4ebf4e8f4eaf5eaf6e9f6e9f7e8f8e7f8e7f9e5f8e3f9e3fa
CSIX,1623944177,024353490001,-58,6,128,4330040019f41af318f117f217f017f016f016ee16ef17ec15ed14ed16ed16ec18ec18ec18ee18ef17f118f217f417f618f616f815fa000000000000000000000000000000000000000000000ef90ffa10fa11fa12fa13fc13fb14fc15fc16fc18fd18fd17fd17fc17fc19fc17fb16fa17fa17f917f818f717f719f71bf51bf4
CSIX,1623974912,024353490001,-59,6,128,43300400f2e6f1e6f0e8f1e9efe8efe8efeaeeeaeeebebe9ecebebebebeaebeaece9ebe8ede8eee8f0e9f1e9f3e9f4e9f5e8f6eaf9ea00000000000000000000000000000000000000000000f9f1faf0faeffaedfbedfbecfcecfcecfdebfce9fde8fce8fce8fbe8fce9fbe6fbe8fae9fae8f9e9f8e8f7e7f6e9f6e6f4e5f4e6
CSIX,1624004488,024353490001,-58,6,128,43300400fce4fce2f9e5fae5f8e4f8e4f7e6f6e5f6e6f4e4f3e5f3e6f3e4f4e4f4e2f5e3f5e3f7e3f8e5f9e5fbe6fce7fde6fee800e900000000000000000000000000000000000000000000fff000ef01ee02ed02ed04ec04ec04eb05eb05ea06e805e805e804e805e805e704e803e903e602e700e701e6ffe7ffe5fee3fee2
CSIX,1624034591,024353490001,-58,6,128,43300400041b051d071b071b081b081b08190a190a190c1b0c190c190c1b0c1b0c1c0a1d0a1c081c071a051b031a021901190017fe1600000000000000000000000000000000000000000000020f0210011100130012ff14fe14fd15fd15fd15fc18fc18fc17fd18fd17fd19fd17fe17ff19ff18011801190218021b041d041d
CSIX,1624067301,024353490001,-58,6,128,4330040016ef18ed14ed13ed14ec14ec12ed12ea10ea12e710e90fe812e811e814e714e814e915e914ec15ee14ef14f015f114f314f5000000000000000000000000000000000000000000000df60ef70ff711f710f712f813f813f814f914f817f817f716f816f715f817f717f715f716f515f515f416f413f216f117ef18ee
CSIX,1624106404,024353490001,-58,6,128,433004001b0624071e051c04100115ff1801160117031bff19ff18ff1afe19001c021b001b0119021703180317061505150613071208000000000000000000000000000000000000000000000d030d040e040f050e0610070f080f07110910090f0a120a120a0f091507130d170a17031507130b140d16071306150617081707
CSIX,1624124973,024353490001,-59,6,128,4330040011ed10ec0eec0cec0cea0cea0bea0ae90ae90ae708e808e809e809e70ae60ce60ce80de80cea0dea0ded0eee0fee0ef00ef20000000000000000000000000000000000000000000009f409f60bf60cf50df50ff50ff60ff611f70ff511f513f510f512f513f611f411f410f210f212f210f20ef10ef011ed11ed11ee
CSIX,1624160653,024353490001,-58,6,128,433004001f151b051e0703100d1b0e22231d150f0f0a0210051f0a280e22071efc14f018eb1ff01ded18ef12ec09e506df0ae504edfe00000000000000000000000000000000000000000000f4f4edf3f1f0f6f6f7f4ffee01e4fbe9fde903ed10ee11e90ae407e60ff40df719f221f213ef0fea09fc1004250c27fb1ef80f01
CSIX,1624213787,024353490001,-58,6,128,43300400190c150b18061703170517061b02180014001f00140619021f021aff1b041c031b011b031900190316071605150514071407000000000000000000000000000000000000000000000c070c080c070c080a0a0b0e0e0c0d0d0f0c0e0d0d0e0f0f0e0e0f0e0e0d130f100f0f0b120d140c120c140b140c180a1607160d
CSIX,1624245338,024353490001,-59,6,128,433004001bfc19fb16f715f815f717f318f615f515f618f314f415f316f219f217f31af619f619f719f717f916fa18f915fd15fd14ff000000000000000000000000000000000000000000000ffd0dfd0efd0eff10fd12ff110013fe120114fe17041604180217041301190115fe16fd130214ff18fd17fa15fe18fd19fc1cfb
CSIX,1624274325,024353490001,-59,6,128,43300400ff1bff1d011c011b021c021c031a051b041a071c071b081b061d081c071e061f051e031e021b001bff1afe19fe19fd17fb1600000000000000000000000000000000000000000000fe0ffc0ffb11fb11fb12f912f813f812f713f614f515f515f615f616f714f617f816f915f917f917fa17fb19fc18fc1bfd1dfc1c
CSIX,1624303767,024353490001,-59,6,128,43300400f1e8efe8efe9efeaeee9ede9eeebececececeaebeaedeaede9ebe9ece9eaeae9ebe9ece9eeeaefe9f2e9f3eaf3e9f5eaf7ea00000000000000000000000000000000000000000000f8f2f9f0f9f0f9eef9eefaedfbecfbecfcebfbeafbe8fbe8fce8fbe8fbe9fae7f9e9f9eaf8e8f8e9f6e9f6e8f5eaf4e7f2e7f2e6
CSIX,1624337406,024353490001,-59,6,128,4330040007e506e403e404e603e402e301e500e400e4ffe2fee3fee3fee2fee2ffe100e001e202e203e404e405e606e707e707e909eb0000000000000000000000000000000000000000000005f106f107f008f009ef09ef0aef0bef0cef0cee0eed0eec0eec0dec0ded0deb0cec0bec0beb0aeb09e90ae808e809e709e409e5
CSIX,1624364782,024353490001,-58,6,128,43300400fdeefeeefceffceffbeefbeffbf0f9eff9eff9edf9eef9eff8eef9eef9ecfaedfaedfbedfbeefceefdeefeefffef00f001f100000000000000000000000000000000000000000000fff600f500f400f401f402f301f302f303f303f204f104f003f103f103f103f102f102f102f001f100f000f000ef00eeffec00ee
CSIX,1624397264,024353490001,-59,6,128,43300400e404e305e507e606e608e508e608e60be60be50de60ce70de50ce50de30ce30ce30be309e508e407e505e604e603e802e80000000000000000000000000000000000000000000000f001ef00efffedfeeefeedfdecfdecfcebfceafce8fbe8fbe9fbe8fce9fbe7fbe8fce9fde8fee8fee800e600e802e501e303e404
CSIX,1624423767,024353490001,-59,6,128,43300400fee8ffe6fde7fee7fce7fbe5fce8f9e9fbe9f8e7f8e6f8e8f8e6f7e6f7e4f9e4fae5fbe5fde6fee7ffe800e902e901ea04eb0000000000000000000000000000000000000000000001f202f102f003f003f004ef05ee06ef06ef05ee08ec09ec09ed07ed07ec07eb07ec05ed05ea04eb02eb02ea00ea02e903e700e6
CSIX,1624457470,024353490001,-59,6,128,43300400ea15ed0af10fed11eb13ec10ee11f213f014f514f412f315f516f118f116f117f016f015f114f013f011f010ef0ff00ef00c00000000000000000000000000000000000000000000f405f205f204f005f004f004ee05ee04ef03ec04ec04ec05ed03eb08ec04e804ed05f103eb0aed08ea0be50bf40ced0be904ea07
CSIX,1624514171,024353490001,-59,6,128,4330040004e503e301e401e500e400e3ffe5fee4fde4fce2fce3fbe3fce2fce2fde0fee1ffe100e101e402e403e504e605e605e807ea0000000000000000000000000000000000000000000003f104f005f005ef05ef07ee08ee08ee09ee09ec0beb0beb0beb0aeb0aec0bea0aeb08eb09e908ea06e907e805e806e606e406e4
CSIX,1624545940,024353490001,-59,6,128,4330040019f519f419f218f317f217f116f116ef16ef18ed15ee15ed16ed17ec18ec1aec19ee19ef17f118f217f318f518f717f816fa000000000000000000000000000000000000000000000efc0ffc10fc11fd12fd13fe13fe13ff14ff16ff18011800170017ff160019ff17fe16fd17fd16fc17fa18fa17f91af91bf71af7
CSIX,1624574420,024353490001,-59,6,128,43300400fb1afc1cfe1bfe1a001b001b011a031b031b041d051b051c041d051d041e031f021f011eff1cff1bfd1afc19fb1afb17f91500000000000000000000000000000000000000000000fc0efb0efa0ff910f910f711f711f611f511f512f314f414f414f515f513f415f514f613f616f715f816f817fa17f919fa1af91b
CSIX,1624637756,024353490001,-59,6,128,43300400eb12ec13ee14ee12ef15ef15f014f116f016f019f117f118f019f01aef1aed1aee18ed17ee15ec14ec12eb11eb10ec0dec0b00000000000000000000000000000000000000000000f408f308f208f108f008ef07ee08ee07ed07ec07ea07ea07ea06ea07ec07e909eb08ec09eb09ec0bed0cec0dec0deb0eea10ea10
CSIX,1624664943,024353490001,-59,6,128,43300400f1e8f0e8efeaf0eaeeebedebeeececedecede9ebeaedeaede9ece9ede9ebe9eaeaeaebe9edebeeeaf0e9f2e9f3e9f5eaf7ea00000000000000000000000000000000000000000000faf3fbf1faf0fbeffbeffceefcedfdedfdecfdebfde9fde9fde9fce9fceafbe8fbeafbebfae9f9eaf7eaf6e9f6ebf5e8f4e7f3e8
CSIX,1624724918,024353490001,-59,6,128,43300400160d180d180a170b1909190a19081a0719071c071a061b061d071c071e081d091c0a1c0a190a190c170d150d140f130e100f000000000000000000000000000000000000000000000a080b090b0a0c0b0b0b0b0d0b0d0b0d0b0f0c0f0c110d110c110d100d100e110e100d0e0f0f100e110d120e110c130e160f170e
CSIX,1624753905,024353490001,-59,6,128,43300400efebedebecedefedececeaececf0ebeeeaeee6efe9f0e9efe8ede7eee7eee8ebe9ebeaebedeceeebefeaf0ebf2ebf3ebf5eb00000000000000000000000000000000000000000000f8f4f9f3f9f2f9f1f9f1faf0faeffaeffbeefaecf9ecfaebfaebf8ebfaecf8eaf8ecf8ecf7ecf6edf5edf4ebf3edf2ebf0eaf0ea
CSIX,1624784874,024353490001,-59,6,128,4330040012ee13eb10ec10eb0fea10e90eea0ee80de80ee60ce70ce70ee50ee710e410e611e611e810ea11ea12ed11ee12ef11f012f3000000000000000000000000000000000000000000000af80cf80df90ef80ef910f910f910f911fa11f913f913f813f913f813f814f813f711f713f512f511f312f310f212f013ee14ee
CSIX,1624814240,024353490001,-57,6,128,43300400f2f0f7e4fbe403ee160420f617f1fe07ff2010220910f30ae50de105e8f7f1e3f3e50cf718f821ed10f8fa07011d071cff0e00000000000000000000000000000000000000000000ed00020017fe14f105f2040805170a0cff05e90aee15fc08f9f0ecebf3f5000415f611e505f7081019121305f702f01bfa1ef909
CSIX,1624850171,024353490001,-59,6,128,433004001cfe1efd1dfa1cfb1df91df81cf81cf61df61ff41df51df51ef51ff420f522f621f720f81efa1efb1cfd1cfe1c001a011803000000000000000000000000000000000000000000000e010f020f03100411041106130611061207130715091509150915071407170715061605160517041702190218011b021d001d00
CSIX,1624877601,024353490001,-59,6,128,4330040009e308e306e206e306e205e104e303e103e102de01e000e002de02de03de04dd05df07df07e208e209e40ae50be60be80ceb0000000000000000000000000000000000000000000006f307f309f20af20bf10bf10cf10df20ef10ef010ef0fef0fef0fee0fef0fed0eee0ded0dec0cec0beb0ce90aea0be70be40ae5
CSIX,1624934947,024353490001,-59,6,128,43300400f3e6f2e5f0e7f1e7f0e6efe6efe8ede8eee8ebe7ebe8eae9ebe6ebe7ebe5ece3ede4efe4f2e5f3e4f5e5f6e6f7e5f8e7fae800000000000000000000000000000000000000000000fbf2fcf1fcf0fdeefdeffeedffedffedffecffebffe9ffe9ffe9fee9ffeafde8fde9fdeafbe8fbe9f9e9f9e7f8e9f7e6f5e5f5e5
CSIX,1624968727,024353490001,-59,6,128,43300400eb13eb15ed16ed15ed17ee18ef17f018ef19ee1bf019f11aef1bef1dee1cec1ced1aec1aed17ed16ec14eb12ea11ec0fec0c00000000000000000000000000000000000000000000f306f206f106f006ef06ef05ed05ed05ed05ec05ea04e905ea05ea06ec06e808eb08eb09ea09ec0bec0deb0dec0eea0fe911ea11
CSIX,1625030735,024353490001,-60,6,128,4330040010ea10e80fe70fe80ee70fe60de70ce50ce50ce20be40ae30ce30be20de10ee10fe30fe40fe710e810e911eb11ec10ee11f0000000000000000000000000000000000000000000000af70bf70df70ef70ef70ff810f810f911f812f813f713f713f713f612f614f512f412f412f311f311f112f010f012ee12ec12eb
CSIX,1625053915,024353490001,-60,6,128,4330040017fb18fa17f817f918f818f817f818f617f619f317f417f319f418f41bf51bf51af61bf819f919fb18fc17fc17fe15fe1400000000000000000000000000000000000000000000000cff0c010d010e020e020f030f040f040f04100412041204120513041204130412031202130213011300140014fe16fe18fd19fd
CSIX,1625085011,024353490001,-60,6,128,43300400ecf3deebedf4e2f2edeedef7efeedef9ebf0d8ffeaedd800e8eae0f9f0e3d9f9ecece0efe9efe9ede9eef0eee7ebf4eee9eb00000000000000000000000000000000000000000000f0f9faf5f4f4f3f5f8f3ecf2fef2eeeffcf2f0eefcf5eeeafbf0eae9fceeeded02f7e6e7f9f7ede6f1f8eee8f0f7e6e8eff4e5e9
CSIX,1625119667,024353490001,-61,6,128,433004000fe806e503e80ce70ee60ae50de708e602e909e704e807eb0be509e408e50ce60de710e80eea0fed11ef10ef10f010f111f40000000000000000000000000000000000000000000002f403f304f305f204f308f209f107f508f10bf10ceb0bee0df107ee0ced07ee0ced06ec0bf40ff00de80ef40bf10df80df007e8
CSIX,1625149932,024353490001,-60,6,128,43300400180b190a1a081a081a081b081a061b051b061e051c041d041e061f051f061f081e081d091b091a0a180b160c160d140c120e000000000000000000000000000000000000000000000a080a090a0a0b0b0a0b0a0c0b0d0a0d0b0e0b0f0c100d100c100d0f0d0f0f100e0f0e0e100f100d110d120d120b150d170d170d
CSIX,1625177613,024353490001,-60,6,128,4330040017f318f217f016f016ee16ee15ee15ed15ed17eb15ec15eb16eb16eb18eb19eb18ec18ee17ef18f117f317f518f616f715fa000000000000000000000000000000000000000000000dfc0dfd0efd0ffd0ffe11ff11ff11ff12ff12ff140014ff140014fe13fe15fe14fd14fc15fb14fa14f916f814f817f819f518f4
CSIX,1625205772,024353490001,-59,6,128,43300400fce7f6e6fae3fbe8f5e7fae8f6eaf7eafcebf6e4f8e8f6e6f4e8f5e4f3e8f6e1f9e4f8e6fae8fceaffeafbe9fee8feea02ec00000000000000000000000000000000000000000000fef402f402f301f004f002f104ef04f003f304f004ed02ed05ed03ed05ef04eb00edffee01ecfeed00ef00ebffeaffeafbebfbe7
CSIX,1625264213,024353490001,-60,6,128,433004000f0211021101110111011100110012ff10ff13ff11ff11ff13ff13fe14ff1401140113011202110310030f040f050d050c060000000000000000000000000000000000000000000008030803080408050805090509060806090609070a080a080a080a080a070b070a060b050c060c050d050d040c040e0510051004
CSIX,1625297324,024353490001,-60,6,128,433004000b170c180e160d160f1610161015111511151316131513151317131713181219111910190e180d180b17091708180716041500000000000000000000000000000000000000000000030c020d010e010f010f001100110011ff110012ff14ff14ff140015001300150114021303150414061406150615071709180a18
CSIX,1625323850,024353490001,-60,6,128,43300400f211f212f514f413f515f517f514f718f617f517f718f818f61bf717f518f518f519f318f515f215f212f311f112f310f20d00000000000000000000000000000000000000000000f706f507f508f307f406f206f207f206f208f205ee0af005f107f20bf008ef08f109f20aef0cf40bf00af010f40df211f513ee11
CSIX,1625355653,024353490001,-60,6,128,433004000a130c140d130c130d140e140e120e120f12131311121111111412131215111510160f160d140b150a14091408140714051300000000000000000000000000000000000000000000030b020c020c010d010e010e000f000e000f000f0012ff1200110112001102120211031103120411051206120611071309140815
CSIX,1625383960,024353490001,-60,6,128,43300400e304e208e30ae309e40ae30ce50ae10ee20ce10de20ce511df0fe40de010df0ee00ce00be209e207e406e405e303e602e70000000000000000000000000000000000000000000000f1fff0feeffdedfceefbeefbedfdedfcedfcedfbe9faecfaecf9eafbe8fbe9fae9fbeafde9fde6ffe8ffe6ffe605e601e004e104
CSIX,1625444398,024353490001,-60,6,128,433004000c190d1a10180f181019111911181318131815191517151715191519141b141d121c101c0e1a0d1b0b19091909190819051800000000000000000000000000000000000000000000030e020f011001110111ff12ff13fe12fe13ff14ff16ff150015011600150117011602160317041605160618071608180a1a0a1a
CSIX,1625475552,024353490001,-60,6,128,433004000e0f0f11100e0f11110f1311100d130e160d170e170c160c160d150e1610161114111211101111130f120e120d130a12091000000000000000000000000000000000000000000000050b040c020d020e040c020e02100110050e020f0213031103100411010e03100713030f090e060e040c081207110d140c130c10
CSIX,1625507394,024353490001,-60,6,128,43300400fa1bfa1dfd1dfd1cfe1efd1efe1dff1efe1e0121011f021f00210121ff22fe23fd21fb20fb1dfa1df81bf819f71af717f51500000000000000000000000000000000000000000000f90df70df60df50df50ef40ef20ef20df20df20ef010f110f110f211f210f112f312f412f413f412f614f615f715f718f81af81a
CSIX,1625534410,024353490001,-60,6,128,43300400e7fae5fbe6fee6fde6fde5fee6fee400e500e202e301e401e001e201e000e0fee1fde2fce4fce4fae7f9e8f8e9f7eaf7ecf600000000000000000000000000000000000000000000f3f9f3f8f3f6f2f5f3f5f3f4f3f4f3f4f3f3f3f3f2f2f0f1f1f2f0f3f1f2eff2eff4f0f5eef4eef6edf7ecf6edf8eaf7e7f8e8f8
CSIX,1625563990,024353490001,-60,6,128,43300400eaece9ede7eee9efe7efe6eee7efe5f0e5efe3efe4f0e3f1e3efe3efe2eee2ece5ece6ebe9eceaebecebeeeaefeaf0ebf3eb00000000000000000000000000000000000000000000f7f3f8f2f8f0f7f0f8eff9eef9eefaeef9edf9ecf9ebf8ebf8ebf7ebf7ecf6eaf5ecf6edf5ecf3edf2edf1ecf0eeefececebedec
CSIX,1625599094,024353490001,-60,6,128,433004000d180f1a101710171118121812171317131616191516151615191519151b131c121c101c0e190d1a0a190a1808190717051700000000000000000000000000000000000000000000040e02100210011101110012ff12ff12ff13001300160016001502150115011702160214041605160615071608150a180b190c19
CSIX,1625624086,024353490001,-60,6,128,43300400ed15ed17ef17ef17f019f01af119f11af11af01df11bf11bf01cf11def1ded1ded1bed19ed17ed16ed14ec12eb11ec0fec0d00000000000000000000000000000000000000000000f208f207f007ef07ef06ee06ee06ee05ee06ed06eb06eb06eb06eb07ec07ea09ec09ed0aec0bed0cee0eed0eee0fec10ec12ec13
CSIX,1625656184,024353490001,-60,6,128,4330040006e406e304e304e404e204e103e301e101e100dfffe0ffe001df00de02de04dd04df06e006e308e408e509e70ae70ae90beb0000000000000000000000000000000000000000000008f309f30af20bf20bf30cf20df30df30ef30ef20ff10ff00ff00eef0ef00eee0cef0cef0ced0bed0aec0aea08ea09e808e609e5
CSIX,1625695281,024353490001,-61,6,128,4330040009e508e406e206e405e305e104e303e103e103df02e102e003df02df04de05de06e008e107e309e40ae60ae70be80bea0cec0000000000000000000000000000000000000000000007f40bf40cf30df30ef50ef40ef40ef40ef40ff311f210f210f20ff10ff210ef0ef00df00def0cee0bed0ceb0aec0be90be70be6
CSIX,1625714123,024353490001,-60,6,128,4330040000e705ea0be908e201e001e906ed0ce408dd00de01e708e90ce20add07e009e810e814e50fe60beb10f115f316ef10f010f60000000000000000000000000000000000000000000001efffeffdf202f205f105ee03ef05f108f106ee06ed06ef08ef07ed07ef07ee08ee08ed06eb04f005ef0beb05e903e905eb09e9
CSIX,1625744733,024353490001,-61,6,128,4330040014121614161116121811191118101910180f1c101a0f1a0f1c111b111c131a14191417141513131412140f130f150d130b1400000000000000000000000000000000000000000000070c060e060e0610050f05110511041104120512041405140513071407130714081308120a130b120c110d120d100f1312141213
CSIX,1625777771,024353490001,-61,6,128,43300400f81ef71cfd180218061c06220022fe1d03160d1b0e200a230523051c091b0c1d0c200921041f021a04160717061b031aff1700000000000000000000000000000000000000000000f408ef08ee05ef03f004f005ef05ef07ed08ed06ed06ee08ef0aef0cef0bed0dee0df00df10df40ff711f515f415f215f615fb17
CSIX,1625803863,024353490001,-61,6,128,43300400fee4fce3fbe4fbe5fae3f9e3f9e4f8e3f8e4f6e1f6e3f6e3f7e1f7e1f8dff9dffbe0fbe1fde3fee400e501e602e602e804ea0000000000000000000000000000000000000000000004f206f206f207f108f108f109f109f10af109f00aef0aee09ee09ed09ee09ec07ed07ee05ec04ec03ec03ea01ea01e800e500e5
CSIX,1625833787,024353490001,-61,6,128,4330040007e808e304e605e406e206e404e404e202e401e000e1ffe102de04e206de05e107e009e209e609e60be809ea09e909eb0bec0000000000000000000000000000000000000000000007f50af40af50cf40bf50ef40df60ef50ef60cf50ef30ef10ef30df10ef20ef20ef10bf10cef0cef0aee0bee07ee08ea08e709e6
CSIX,1625869510,024353490001,-61,6,128,43300400ed0deb0eed10ed0fed11ed11ee11ee12ef12ed15ef14ef14ed15ed14eb15ea14ea13ea11eb0feb0eeb0cec0beb0aed09ed0600000000000000000000000000000000000000000000f301f201f200f0fff1fff0fff0fef0fef0fef0feeefeeeffeeffee00efffed00ee01ef02ee03ef04ef06ef06f008ed09ec0bec0b
CSIX,1625925613,024353490001,-62,6,128,43300400ed14e613ef17f012ee0feb12f011ee15ef12eb15eb16ed15eb16ee18ed18e919e713eb13ee14ea15ec0dec0dea10ee0eed0a00000000000000000000000000000000000000000000f4f9f2fef0f9eef9f2f6f1f9f1f9f1f8f5f8f0fbf3fbeff7f1fae7fce6f6f4f2f900ea04e8f7f007ee0de401f105e408e605e812
CSIX,1625953971,024353490001,-61,6,128,43300400ea11e814eb15ea15e916e917eb16ea18eb17e91aeb19eb19e91aea19e81ae619e616e615e813e711e80fe80de80cea0aea0800000000000000000000000000000000000000000000f103f002ef01ee01ee01ed00ed00efffedffed00ebffeb00eb00eb02ec02ea03ec04ed05eb06ec07ed09eb0aed0bea0ce90fe910
CSIX,1626014746,024353490001,-62,6,128,43300400180519041b021a041b031c021b021c011c011e011c011c001d011e011f021f041d041c051a0619061707160815091309110a000000000000000000000000000000000000000000000908090a090b0a0b090b090c080d080c090c090c0a0d0b0d0b0e0b0c0c0c0d0d0d0b0d0a0e0a0e09100812071206130716071706
CSIX,1626044455,024353490001,-62,6,128,433004001af51cf41bf21af31bf21cf01af11bef1bf01ced1bee1bee1dee1def1ff01ff01ef21ef31cf61cf71bf91afa1afb18fc16fe000000000000000000000000000000000000000000000e010f020f03100410040f0510051004100511051105120412041303120314021201130014ff13fe14fc16fc14fa18fa19f71af7
CSIX,1626077220,024353490001,-62,6,128,4330040013ea13e812e712e811e612e511e711e511e511e311e410e412e412e314e315e415e615e714ea15eb15ed15ef16f014f214f5000000000000000000000000000000000000000000000dfb0efb0ffb10fc10fd10fd10fd10fd10fd11fc13fc12fc12fc12fa11fa14f911f811f811f711f510f311f310f112f012ed13ec
CSIX,1626104780,024353490001,-62,6,128,4330040015ee17eb14eb15eb15e915e914e914e813e815e514e714e616e616e719e619e819e919eb17ed18ef18f116f217f315f515f7000000000000000000000000000000000000000000000efc0ffd0ffe10fe10ff10ff10ff10ff110011ff12ff12fe12fe12fd12fc13fc12fb11fa12f912f811f612f410f413f215f016ee
CSIX,1626135243,024353490001,-62,6,128,433004001f07180920061907220a1d041f0c1c031b0b22011e092201210725031e0a22071c0b210d180a1c0d160a170e140b1410120d000000000000000000000000000000000000000000000a0b0909090d0909080c0b0b060f0b0c070e0d0f080e0e110b0d0e0e0a0d0d120d0a0e0d0e08110d1309100d1404140b1a07180b
CSIX,1626165348,024353490001,-62,6,128,43300400eb0feb10ec12ec11eb12eb13ec11ec13ec13eb15ec15ec15ea15eb15e914e814e912e810ea0eea0dea0cea0aea09ec08ec0600000000000000000000000000000000000000000000f202f201f100f100f100f1fff0fff1fff0fff0ffeeffee00ef00ee01ef01ed02ef03ef04ef05ef06ef07ef08ef0aec0bec0deb0d
CSIX,1626194122,024353490001,-61,6,128,4330040010f220f316f215e813ef15e814ef19e615eb17e414ea16ea1ae117e717e915ea14e51eee11f01aea17f118f114f015f613f6000000000000000000000000000000000000000000000d000e01100310011301110510000eff10071201190314031504180313fd17fd11fa10fc16fc10ff0efd16f412fc140017de18f7
CSIX,1626223875,024353490001,-62,6,128,433004000ee70ee40ce50ce50ce30ce20ce40be20ae30be00ae10ae20be00ce10ee00ee10fe20fe30fe60fe80fea10eb11ec0fed11f0000000000000000000000000000000000000000000000cf70ef80ef80ff80ef910f910fa0ffa10fa10f911f911f811f710f60ff711f50ff40ef40ff30ef20cf00eef0cef0eec0eea0ee8
CSIX,1626259205,024353490001,-62,6,128,433004000dea0de90ce80ce90ce80ce70ce80be70be70be409e509e60be50be50de40ee50ee70fe80fea0feb0fed0fef0fef0ef00ff3000000000000000000000000000000000000000000000bf90cfa0dfa0dfa0efb0efb0efc0efc0efc0ffb10fa0ffa0ffa0ff90ef910f70ef70df60ef50df50cf30df20cf10def0ded0eec
CSIX,1626286820,024353490001,-62,6,128,4330040011ee12ec11ec11ec11eb11ea11eb10e910ea11e810e910e811e811e914e914ea14eb14ed13ef13f013f112f313f412f512f7000000000000000000000000000000000000000000000cfb0dfc0efd0efe0dfe0ffe0eff0eff0eff0efe10ff10fe10fe10fc0ffc10fb0ffa0efa0ff90ef70ff60ff50ff511f312f111ef
CSIX,1626313873,024353490001,-62,6,128,43300400edeaeceaebebebebebebe9eaeaebe9ebe9ebe6eae7ece7ece7eae7eae7e8e8e8eae8ece7eee9efe8f1e9f3e9f4e9f5eaf7ea00000000000000000000000000000000000000000000fdf1fef0fef0ffef00ef00ef01ef01f001ef00ee01edffedffedfdedfdeefcecfbeefbeff9edf8eef6eff5edf4eff2ecf0ebf0eb
CSIX,1626343848,024353490001,-62,6,128,43300400eb12eb13ed15eb14ec14eb17eb14ec17ed16ec19ee18ed18eb18ec18eb18e818ea16e814ea12e910ea0fea0de90cec0aeb0900000000000000000000000000000000000000000000f102f001f000efffef00efffeffeeffeefffeffeeeffee00ee00ee01ef01ed03ef03ef04ee05ef07ef08ee0aef0bed0cec0fec10
CSIX,1626374102,024353490001,-62,6,128,43300400fd1afe1bff1bfe1b001c001d0119011e021e0220021c031c021d021f001eff20ff1efd1dfd1bfa1afa18fa17f917f915f71200000000000000000000000000000000000000000000f60bf609f40af309f30af409f20af308f309f309f10bf20cf20bf30cf40af60ef50df70cf60ff911fa10f913fb13fb15fd16fc18
CSIX,1626406433,024353490001,-62,6,128,4330040012ed13ec11ea11eb12ea12e911ea10e810e912e70fe810e711e711e613e713e814e914ea12ed13ee13ef13f113f212f412f6000000000000000000000000000000000000000000000efd0efe0fff0fff0fff100010000f000f001000110010ff11ff11fe10fe11fc0ffc0ffb10f90ff80ff710f60ff411f311f012f0
CSIX,1626433927,024353490001,-63,6,128,43300400f4e5f2e4f1e5f1e5f1e4f1e3f1e5efe5f0e4ede2eee4ede5eee3ede3eee1f0e0f1e1f3e1f5e4f6e3f9e5f9e5fae5fbe7fee80000000000000000000000000000000000000000000002f004ef04f005ef06f006ef07ef06ef07ef06ef07ed07ec06ed04ed04ed04ec02ed01ee00ecffecfdecfceafbebfae9f7e7f7e6
CSIX,1626493965,024353490001,-63,6,128,43300400eeecedebececedecebecebebebeceaecebebe8eaeaece9ede9ebe8ebeaeaeae8ece9ede9efeaf0eaf2eaf4ebf5eaf7ebf9ec00000000000000000000000000000000000000000000fdf2fef2fef1fff000f001f000f000f001f000ef01ee00ee00eefeedfceefcedfceefceffaeef9eff8eff6eef5eff4edf2ecf1ec
CSIX,1626535048,024353490001,-62,6,128,4330040011e912e711e612e711e612e511e610e510e510e20fe40fe311e311e212e215e315e515e614e914eb14ed15ee15ef14f113f4000000000000000000000000000000000000000000000ffa0ffc10fd11fd10fd10fe11fe10fe11fd11fd12fe12fc12fc12fb11fb12f910f810f710f510f50ff310f20ff111ef12ec12eb
CSIX,1626554984,024353490001,-62,6,128,43300400e80be70de80ee80ee70ee70fe80ee810e90fe712e912e812e612e711e511e40fe50ee50ce70be70ae808e907e906ea05eb0300000000000000000000000000000000000000000000f1fef1fcf0fcf0fbf0fbf0faf1faf2faf1faf1faf0faeffbeffbeffdf0fdeefeeffff000ee01ef02ee04ed05ee06eb07e90aea0a
CSIX,1626588658,024353490001,-63,6,128,4330040012f619f012f215f312ee17f315f317ef14ef15ee19ef14f315ed15eb15ec19f217f317f317f417f610fa15fa12f610f810fd000000000000000000000000000000000000000000000f000e010b030e050b010c050b050b020d050b040f050e050c020f040d030e040a020c050d000d000d0112fd0dfe0eff15f615f3
CSIX,1626617959,024353490001,-62,6,128,4330040014ef15ed13ec14ed15ec15ec14ec14eb13eb14e813e912e915e914e916e917ea17ec17ed16f016f115f314f415f414f614f8000000000000000000000000000000000000000000000efe0fff0f0010011001100310030f030f031002110211021001110010ff11fe10fe0ffc11fb10fb10f911f710f612f413f214f1
CSIX,1626646072,024353490001,-63,6,128,43300400051a0a190b1a0b190c190b1c09180b1a0d1b0f1e0d180f1a0e1d0e180b1e0b1d0a1d0a1b091a071a0518041703180115fe1400000000000000000000000000000000000000000000fb0df80df80df80cf90ff70df80ef80ff80ef50ff60ff80ef80ef80ffa0ef80ffa0efb10fd10fe11001100140113011405170617
CSIX,1626677275,024353490001,-62,6,128,43300400ffe400e400e6ffe4fee001e2ffe3fee2ffe4fbe0fbe1fbe1fde1fee0fedf01e101e103e103e303e606e806e706e906eb06ec0000000000000000000000000000000000000000000009f10bf309f30df30cf50cf50bf60cf60bf40df40df20df20cf30af20af50bf109f308f108f006f005f006ed02ec03e902e902e6
CSIX,1626737383,024353490001,-62,6,128,4330040005e604e403e505e504e404e304e403e302e302e002e301e203e102e104e006e106e207e408e609e709e90aea0aeb0aec0bee000000000000000000000000000000000000000000000af60bf60cf60cf60df70df70df80ef80ef80ef70ff70ef60df60cf50cf50cf30af40af30af208f108f008ee07ee08eb07e907e8
CSIX,1626824181,024353490001,-63,6,128,43300400190d1a0e1c0c1b0d1c0d1d0d1b0d1b0c1c0d1f0d1d0b1d0b1d0d1e0c1e0e1e111c101a111710161114101311121210110d1100000000000000000000000000000000000000000000080e070e060f06100511041104120410041104110413051305120711060f08110b0f0b100b0f0c0d0e0d100d100c130e150e160d
CSIX,1626885106,024353490001,-63,6,128,4330040016111811190f18101a101a10190f1b0f1a0e1d0f1d0d1c0d1d0f1d0f1d111d121b121913161215131312121210130e110c1200000000000000000000000000000000000000000000050f0411041103120212011301120112011202120014031403130412041205130611071009110a100b0f0e100e0e101113121411
CSIX,1626923913,024353490001,-62,6,128,433004000015ff1b001aff18011b031cfe1a021c031a021c051a031c041f021b011e011e001d001dff1afd16fe18fd16fb15fb16f70f00000000000000000000000000000000000000000000f70af60df50cf50bf40df30df30cf40bf40cf20cf10ff30df610f30ef808f50ff711f30dfa0afc13ff14ff13fc12fb17fe17fe18
CSIX,1626944366,024353490001,-62,6,128,433004001410150f160f150f160f170f160e180e170e190e180d180d190e190e19101911171115111310121110110f110e110c100a1000000000000000000000000000000000000000000000050e040f031002100211011001110110011101110112011202110311031005110510060f080f080f0a0e0c0f0c0e0f1011111110
CSIX,1626974697,024353490001,-63,6,128,43300400001c001d031d031d041e011f031b041e00200520061d051e041e032002200120001ffe1efe1bfc1cfc18fa17f817f915f81400000000000000000000000000000000000000000000f90ff80ff60ff410f40ff30ff10ff30ef20ef30ef20ff20ff30ff510f60ff610f712f911fa12fa12fc13fc14fd13fe17ff1a001a
CSIX,1627035117,024353490001,-63,6,128,433004000c190d1a0f190e190f1a101a0f1911191019131b12191219111b111a101c0f1e0d1c0b1c091a081a0619061804180217011400000000000000000000000000000000000000000000fe11fd12fd12fc13fb12fa13fa13f912f913f913f815f914fa13fb14fc12fc14fe13ff120013011303130415051306160a170a18
CSIX,1627063962,024353490001,-63,6,128,433004001309160915071508170817091607170716071906180618051907180719091809170a160a140a130a110b100a0f0c0e0b0c0b00000000000000000000000000000000000000000000070b060d060d060e060e050f040f040e040f050f05100510050f070f060e070e070d080c0a0c090b0b0b0d0b0d090f0b110a120a
CSIX,1627093804,024353490001,-63,6,128,4330040011f014ed10ed13ec12ec12ec11ec11ea10ec12e911ea10e913e810eb14e712eb14eb14ed13ef13f013f211f412f411f512f8000000000000000000000000000000000000000000000ffe10ff0fff110010001201100111021102100113021201120112ff13ff12fe12fc0efc12fb10fa11f911f70ff711f513f314f2
CSIX,1627123986,024353490001,-63,6,128,433004000cea0ce80ae80be90be70be60ae80ae60ae709e509e509e60ae50be50ce50de50de70ee80eeb0eec0eed0eef0ff00ef10ff3000000000000000000000000000000000000000000000df70ef80ef80ff80ff910f910fa10fa10fa11fa12fa12f911f910f80ff810f70ff70ef60ef50df40cf30df10bf10def0dec0ceb
CSIX,1627159733,024353490001,-63,6,128,43300400e400e100e302e302e203e103e302e204e204e006e105e205e004e004df02de01e000e1fee3fee4fde6fce7fbe8faeafaecf800000000000000000000000000000000000000000000f0f7f1f6f1f5f0f4f1f4f1f2f1f3f1f3f2f2f1f2eff1f0f1f0f2eff4eff4eff5eff6eff8edf8edf9ecfaeafbebfce8fde5fee6ff
CSIX,1627215664,024353490001,-63,6,128,43300400e6f4e4f4e3f6e5f5e3f6e2f5e3f6e2f6e3f6e0f6e2f7e2f7e1f6e2f6e1f4e1f4e4f3e4f2e7f2e8f2eaf1ebf2edf1eef1f0f000000000000000000000000000000000000000000000f5f1f7f0f7eff7eef7eef9edf8edf9eef8edf8edf9ebf7ecf8edf6eef6eff5eef5f0f4f1f3f1f2f1f0f3eff2eff4ecf3eaf2e9f3
CSIX,1627310508,024353490001,-63,6,128,43300400fc1afc1ffe1cfe1cfe1efe1eff1dff1fff1d0020011e001eff20ff1efd20fc20fd1ffa1efa1bf91af718f816f716f714f61300000000000000000000000000000000000000000000f50df30df30df10df20cf00cf10cf10cf00cf00cef0def0ef00df10ef20ef20ff40ff50ef511f711f912f914fa14f916fa19fb1a
CSIX,1627363824,024353490001,-62,6,128,4330040003190a1a0b190718061d081907170a19061a091b091a0a1a081b091b081c061c041b051a031800180016fe15fc15fc13fb1200000000000000000000000000000000000000000000fd0ffc0ffa10fa10fa10f90ff910f80ef911f810f810f711f710fa0efa11f911fc11fc12fd12ff11021101140311031201160515
CSIX,1627393884,024353490001,-63,6,128,4330040006f105f005f105f005f005ef06f004ef06ef04ee04ee04ef04ee05ef06ee07ee07ef07f007f108f208f308f408f408f608f70000000000000000000000000000000000000000000009fb09fc09fb0afb0afc0afc0bfc0afd0afd0afc0bfc0bfc0afc0afb09fc09fa08fa08f908f908f907f707f607f707f507f408f4
CSIX,1627424047,024353490001,-63,6,128,43300400f3e6f2e5f1e7f1e6f0e5efe6f0e7efe6efe6eee4efe6eee6efe5eee5f0e3f0e3f2e3f3e4f5e6f7e6f8e7fae8fbe8fde9feea0000000000000000000000000000000000000000000000ee01ed02ed03ed03ed05ed04ed05ed05ee05ed05eb05eb04ec03ec03ec01eb00edffedfeecfcecfbedfaebf9ebf8e9f6e8f6e7
CSIX,1627454366,024353490001,-63,6,128,43300400e301e102e203e303e103e003e204e104e204e006e106e106df05e105df04df03e001e100e4ffe4fee6fce7fce7fbe9fbebf900000000000000000000000000000000000000000000f0f8f0f6f1f5f0f4f1f4f1f3f1f3f1f3f1f3f1f3f0f2f0f3f0f4eff4f0f5eef4eef6eef8ecf9ecf9ebfceafceafee8fee5ffe4ff
CSIX,1627484035,024353490001,-63,6,128,4330040003e303e202e202e202e101e102e201e100e100df00e1ffe101df00e002df03df04e105e205e406e508e708e809e908eb0aec000000000000000000000000000000000000000000000af20bf20cf30df30df30ef30ef30ef40ff40ef30ff30ff20ef30df20cf20cf00af00af009ef08ee06ed06eb05eb05e905e505e5
CSIX,1627513906,024353490001,-63,6,128,43300400ecf0e9efebf1eaf0e9f0e9f0eaf1e9f2eaf2e7f1e8f2e8f3e7f1e9f2e7efe8efe9eeebeeedefefeff0eff2f0f2eff3f0f6ef00000000000000000000000000000000000000000000faf2fbf0fcf0fbeffdf0fdeffdeffef0feeffdeffdedfceefceffbeffbf0faf0f9f0f9f2f7f1f6f2f5f3f3f1f3f3f0f1eef0edf0
CSIX,1627554709,024353490001,-63,6,128,43300400e7f5e5f4e5f6e6f6e5f6e4f6e5f6e4f7e4f6e2f6e3f6e4f6e3f6e4f7e2f5e3f4e5f3e6f3e8f4e9f3ecf3edf3eef1eff2f1f100000000000000000000000000000000000000000000f7f2f8f1f7f1f8f0f8eef9eefaeffaeefaeffaeffaedf9eef9eef8eff8f0f6f0f5f1f5f3f5f2f3f3f1f4f0f5f0f6edf4eaf3eaf4
CSIX,1627606310,024353490001,-63,6,128,43300400f1e6f0e4eee6efe5eee5ede4eee6ede5eee6ece4ede6ece6ede4eee4eee3efe3f1e3f2e4f3e6f5e6f7e7f9e8f9e7fae9fde90000000000000000000000000000000000000000000000ec02ec00ec02eb03ec04eb04eb05ed05ec05eb06ea05ea05eb03eb02ec02eb00ecffedfeebfdecfaedf9ebf8ecf7e9f4e7f3e6
CSIX,1627664611,024353490001,-63,6,128,43300400e501e402e304e402e304e204e403e305e304e105e305e305e205e205e104e002e301e300e600e7fee8fde9fde9fcebfbecfa00000000000000000000000000000000000000000000f1f7f1f6f2f5f1f4f2f4f2f3f2f3f3f3f2f2f2f2f2f1f2f1f2f3f1f3f2f4f0f4f0f6f0f9eff8eff9eefbecfcecfdeafde8fee8ff
CSIX,1627694253,024353490001,-63,6,128,43300400ec11ea14ec13eb13eb13ec14ed13ed14ec14eb17ec15ec14eb16ec16e915e914e913ea11eb0feb0eec0cec0aeb0aed08ed0600000000000000000000000000000000000000000000ef02ef01ee00ed00edffedfeeefdeefdedfeedfdebfcecfdedfeecffefffec00ed01f002ed03ef05ef07ee08f009ed0beb0eec0e
CSIX,1627738100,024353490001,-63,6,128,4330040017081a081a081a081b091c091b081b081a071d071b061b061c071b071c081c0a1b0a190b160a150b140b120b130c100b0e0c000000000000000000000000000000000000000000000a0d090e080f08100710061106110510061106110612071207100810080f090f090e0a0c0c0d0c0c0e0a0f0b1009130a160a160a
CSIX,1627817302,024353490001,-63,6,128,4330040009e60ae609e70be60be209e408e60be50ae40ae209e50ae40be20ae30de40ee50ee60ee70dea0eec0fee0fee0fef0ef10ff3000000000000000000000000000000000000000000000cf60ef60ff60ff70ff710f810f810f910f912f913f711f70ff911f911f612f40ef50af60df50ef30bf10aef0af00ced0bea0beb
CSIX,1627844232,024353490001,-63,6,128,43300400eaf0e8f0e7f2e9f1e6f1e6f1e7f2e6f3e7f2e3f1e5f3e6f3e5f1e5f1e5f0e6eee8eee9eeecefedeeefeff0eff0eef2eff4ef00000000000000000000000000000000000000000000f8f1f9f0faeffaeefbeefcedfceefceefdeefcedfdecfcedfbedfaeefaf0f9eef8f0f8f0f6f1f5f1f3f2f2f1f1f3eff1ecf1ecf1
CSIX,1627904211,024353490001,-63,6,128,4330040015f515f317f117f217f016f315f413f015f117ef15ef15ef16f015f219f117f314f418f312f715f815f914fb15fc14fb11ff000000000000000000000000000000000000000000000e001002100211030f030f040e070f030e070f0610040f0311030f040f040f0410000f010ffe10fe0ffd10fb10fb13f915f715f6
CSIX,1627933937,024353490001,-63,6,128,43300400160819081806180719071a0719071a0619051b05190519051c061a061b081a09190a170a150a140b120b100b100b0f0b0d0c00000000000000000000000000000000000000000000090b080c080d080e070e070f070f060f060f060f06100711070f080f080e090e090d090b0b0b0b0a0d090f0a0e07110914091409
CSIX,1627964022,024353490001,-63,6,128,43300400eeeaece9ebebeceaebeaeae9ebeaeaebebebe7e9e9ebe9ece9eae9eae9e7ebe7ece7eee7f1e9f2e8f4e9f5eaf6e9f7ecf9ec00000000000000000000000000000000000000000000fbf0fdeefeeefeedffeeffec00edffed00ed00ed01ea00ebffecfeecfeedfdecfcedfbedf9ecf9eef7eef6edf5eff3ecf1ebf0ea
CSIX,1627993855,024353490001,-63,6,128,4330040015ee17ec16eb16eb16eb17ea15eb15e915ea17e715e915e917e916e919e919eb19ec19ef17f117f216f415f516f614f714f90000000000000000000000000000000000000000000010fc10fe11fe13fe1100130011001102130314011401130212fe120014fd13fe13fc11fc13fa11f912f913f611f514f416f116f0
CSIX,1628026153,024353490001,-63,6,128,43300400101713171417131615181517141615151515171717151715171716171619141a131a12190f170e180c170b1609170915061400000000000000000000000000000000000000000000030f011000110012ff11fe13fe13fe12fd13fe13fd15fe15ff14001400130014021303110513061208120a130b120c150e171015
CSIX,1628054354,024353490001,-62,6,128,433004000ae60ae509e509e609e409e308e508e308e408e207e307e308e208e209e30ce20ce50ce60ce80dea0dec0ded0dee0cf00df1000000000000000000000000000000000000000000000bf70cf80df70ef80ef80ef90ef90ff90ff910f810f810f710f80ff60ef70ff50df50df40cf20cf20af00bef0aef0bec0bea0be9
CSIX,1628085488,024353490001,-62,6,128,43300400140f1711170e170f1810190f180e190e170e1b0e190d190d1a0f190f1b11191118121612131113110f110f100e110d100a1000000000000000000000000000000000000000000000040b030d030d030e020e020f020f020f020f020f021103110310051004100510060f060e090f0a0e0c0e0d0e0d0d100f13101310
CSIX,1628114105,024353490001,-63,6,128,43300400eb11ea12eb13eb12eb14eb14ec13eb15ec14eb15ec14ec15eb15eb16ea15e914e912e911eb0feb0eeb0cec0beb0aed09ed0600000000000000000000000000000000000000000000f301f301f200f100f1fff1fff1fff300f1fff0feeefeeefff0fdef01ef00f002ef03f004ee06f007ef08ef09ef0aec0bec0eeb0f
CSIX,1628143943,024353490001,-63,6,128,433004001cfa1ef91df81df91ef91ff81ef81ef71df720f61ef61df61ff71ff620f721f91ffa1efc1cfe1bfe1a001901180216021504000000000000000000000000000000000000000000000c050c050c060d060d070c080d080d080d080e080f0a10090f0810070f07110610041103120312021300150015ff18ff1afd1afc
CSIX,1628174171,024353490001,-61,6,128,433004001cfd24f422fb24fd20fd1ffc140e2211260e2909180f11171820191d1c1d1219081d0622021eff1efa1bf71bf51df515f00d00000000000000000000000000000000000000000000fbebeff3f6f106f704ecfceafef307f107e9feedfcf70cf713ea0ae507f20af110ef0bea0df611f615ec10e4fff516ff24eb19e0
CSIX,1628204383,024353490001,-64,6,128,43300400160e190d190c180d1a0d1a0d190c1b0c1a0c1c0c1b0c1b0b1b0c1b0d1c0e1b0f1a0f190f160f15101210111010110f100c1000000000000000000000000000000000000000000000040b040b040c030d030c030e030d030d030d040d030f040f050e060f060e070f080d090c0a0d0b0c0d0a0e0c0f0b110d140d150d
CSIX,1628233916,024353490001,-64,6,128,43300400e5fbe4fce4fce5fce3fde3fde4fde3fee3fee1fee3ffe3fee2fee2fee1fde1fce1fbe4fee2fde6f9e8f8e9f8eaf6ebf6edf500000000000000000000000000000000000000000000f9f7f9f6f9f5f8f5f9f5f9f4f9f4f8f4f8f3f8f4f7f2f6f3f6f3f5f4f5f4f3f4f4f6f3f6f1f7f0f8f0f9eef9edfaebfae8f9e8f9
CSIX,1628294063,024353490001,-64,6,128,43300400e8efe6efe6f1e6f0e6f1e5f0e6f1e4f1e6f2e2f2e3f3e3f3e2f1e3f1e2efe3efe5eee6ede9eeeaedecededeeeeedf0eef2ee00000000000000000000000000000000000000000000f8f3f9f2faf2faf1f9f1faf0faf0fbf0fbeffaeff9eef9eef9eef7eef7eff6eef5f0f6f1f3f0f2f1f1f1f0f0eff2edf1ebefeaf0
CSIX,1628324867,024353490001,-64,6,128,43300400061a071a08180a19091b0a1a0a190a1a0a190a1a0d180c180b190b180b1b0b1d081a071a061904190318021602160216ff1300000000000000000000000000000000000000000000fd0dfb0cfa0cfa0cfb0df90ffa0ef70ff80ffa10f710f912f90ffc11fb10fa12fd12ff11fe13ff13011401150415031605180317
CSIX,1628356930,024353490001,-63,6,128,43300400021a031b051a041a051b051c061a061b071a081c071a081a071c071c071e061d051c031c0219011aff18ff17fe17fe16fc1500000000000000000000000000000000000000000000fd0efb0ffb0efa0ffa0ff90ff80ff90ff80ff810f811f812f811fa12fa11fa13fb12fc12fd13fd13ff15ff1500150018021a021a
CSIX,1628384219,024353490001,-63,6,128,43300400f217f119f419f319f31af31af419f41bf519f51cf61af61bf41df51bf31cf21bf21bf119f216f115f114f112f012f110ef0f00000000000000000000000000000000000000000000f509f309f308f109f208f008f008f108f008f008ee09ef0af009f00af00af00bf10cf30cf10ef30ef310f311f411f214f216f117
CSIX,1628413910,024353490001,-63,6,128,43300400121214121410141116111511150f1610151016101610160f1711160f1812161216131412121211120f120d120c130b11091200000000000000000000000000000000000000000000040b040c030c030d030d030e030e030e020e030f0211031103100410050f05100610070e080f0a0e0b0e0c0f0d0e0e1010111211
CSIX,1628446494,024353490001,-63,6,128,43300400f21bf11cf41cf41cf41df41df51cf51df51df41ff61df61ef41ff51ef31ff21ff21df11cf219f119f016f015ef14f012ef1000000000000000000000000000000000000000000000f508f407f307f207f307f106f107f107f107f008ef08ef09f008f00af209ef0cf20cf20df20ef30ff411f312f413f315f218f318
CSIX,1628474476,024353490001,-62,6,128,43300400e8f1e7f0e7f1e7f1e6f1e5f1e7f2e6f3e6f1e4f2e5f3e5f3e4f2e4f2e4f1e5efe7f0e8efeaefebefecefeeefefeef1eff2ef00000000000000000000000000000000000000000000f8f5f9f4f9f4f9f2f9f3faf2faf1faf1faf1f9f0faeff8eff9f0f7f0f7f1f5eff5f1f5f2f3f1f2f2f1f3eff2eff3edf1eaf0eaf0
CSIX,1628504478,024353490001,-62,6,128,43300400eaede8eee8efe9eee7efe7eee8f0e7f0e8f0e5efe7f0e7f1e6f0e6f0e6efe6eee8ede9edebedecedeeeef0edf0ecf2eef4ed00000000000000000000000000000000000000000000f9f5faf3faf3fbf2faf2fbf0fbf1fbf1fcf1fbf0fbeefbeffaeff9f0f9f0f7eff6f1f6f1f5f0f4f0f2f1f1f0f1f1eeefeceeecef
CSIX,1628534309,024353490001,-63,6,128,4330040016eb16ea15e815e914e715e814e813e714e814e713e712e714e613e715e616e717e916ea15ec15ed14ee15f016f214f315f5000000000000000000000000000000000000000000000cfc0efc0cfd0efc0efe0efe10fd0ffd0ffe11fd13fc13fd11fd12fc10fb12f911f810f813f611f610f312f211f115f115ef14ed
CSIX,1628566830,024353490001,-63,6,128,43300400e4f2e3f3e2f5e4f3e2f4e2f4e3f5e2f6e3f5e0f5e2f6e2f7e1f6e1f7e0f5e1f4e2f3e3f3e5f3e6f2e8f2e9f1eaf0edf0eeef00000000000000000000000000000000000000000000f8f7f9f2f9f4f9f3f8f3f8f2f8f2f8f1f8f2f8f1f7f0f7eff6f0f5f1f5f2f3f0f3f2f2f2f1f2f0f3eef4ecf3ecf4eaf2e7f2e7f3
CSIX,1628595348,024353490001,-63,6,128,433004000019001b011a011a011a021b0219031a0319031b03190419031b021a021c001c001bff1afe18fd18fc17fc15fa15fa14f91300000000000000000000000000000000000000000000fc0afa0afa0af90bfa0bf90bfb0bf50bfa0cf90df70dfa0ef90efc11f80bf90ffb0ffc0ffc11fd11fe12fe14ff13ff1600180018
CSIX,1628623839,024353490001,-64,6,128,433004000b1b0c1d0d1b0c1b0d1c0d1c0d1a0f1b0d1b101c0f1a0f1a0f1c101b0f1d0e1e0d1e0b1d0a1a091b07190519051a0318011800000000000000000000000000000000000000000000ff0dfe0efe0efd0ffd0efc0ffc0ffc0ffd10fc11fc12fd13fc11ff13ff12ff1400130113021403140514061607160719091b091b
CSIX,1628663355,024353490001,-64,6,128,43300400fde1fde0fbe1fce2fae1fae1fbe2f8e2fae2f8e1f7e2f7e2f8e1f8e0f8dff9dffae1fce0fde3fee300e400e500e501e703e80000000000000000000000000000000000000000000004f305f207f207f207f107f108f107f108f107f009ee08ee07ef06ee06ee06eb05ed04eb03eb02eb00ea01e8ffe8ffe6fde3fee3
CSIX,1628686236,024353490001,-64,6,128,433004000e16101611150f15111512151114121511141316121412141315131512161217111710160e150d160b150a1508160715051400000000000000000000000000000000000000000000010b010d000d000e000eff0eff0fff0eff0fff0fff11001100110211011102120311041006110711081109120a120a150d160d15
CSIX,1628744170,024353490001,-64,6,128,43300400f5e7f3e5f2e8f3e8f2e6f4e5f2eaf2e7f2e9efe7f0e7eeeaf0e7f1e9f0e5f1e6f2e6f3e6f5e8f5e8f8e8f8eaf9e9faeafcea00000000000000000000000000000000000000000000fff300f201f202f102f103f102f102f103f102f003ef02ee01ef00ef00efffedffedfeeffdecfceefaedfaebf8edf8e9f6e8f6e7
CSIX,1628804177,024353490001,-65,6,128,433004000ae50be309e40ae40ae30ae30ae408e308e407e106e206e207e108e209e109e10be20be30be60ce60de80ce90de90deb0fed000000000000000000000000000000000000000000000af50bf60bf60cf60df70df70df60df70ef70ef50ff40ff30ff30ff30df30ff10df10cf10dee0cef0bee0cec0aec0cea0be70be7
CSIX,1628834440,024353490001,-65,6,128,43300400e605e404e507e606e406e607e405e705e905e409e70ae608e408e507e408e407e405e504e604e702e800ea01e701ea00eafe00000000000000000000000000000000000000000000f2fff1fdf2fcf0fcf1fcf0fbf1fcf2fcf1faf0fbeefcedfdedfcedfeeefdecfcec00edfeecfeecffec02ea01eb02e903e605e605
CSIX,1628865772,024353490001,-64,6,128,43300400f118f119f41af319f31af31af419f41af419f51cf61af61af51bf61af41cf31bf31af219f316f216f214f113f013f113f01000000000000000000000000000000000000000000000f50af309f309f209f209f209f209f209f109f10aef0bef0bef0bf00cf00bef0df00ef10df10ff210f311f212f412f214f217f217
CSIX,1628896377,024353490001,-64,6,128,43300400fee4fde2fbe4fce3fbe3fce2fce4fbe4fae5f8e3f8e5f8e4f8e3f9e5fae1fbe3fbe3fce3fee5fee500e600e800e702e803e90000000000000000000000000000000000000000000001f102ef03f004ee04f005ee05ef05ef05ef05ee06ec05ec05ec04eb05ec05eb04eb03ec03ea02eb00ea01e8ffeaffe7fde4fee4
CSIX,1628924186,024353490001,-64,6,128,43300400f618f71bf81af819f81af71af919f91af918f91bfa18fb19fa1afb1afa1bf91bf81af719f816f716f615f614f514f512f41100000000000000000000000000000000000000000000f80bf70bf60cf60cf60cf30cf50af708f60af40ff30df30cf20af50bf40ff20ff20ff60ef510f611f612f613f713f616f618f618
CSIX,1628962208,024353490001,-63,6,128,43300400e911e912ea13ea12e912e912eb11eb13eb12eb14ed14ed14ec13ec14eb14ea13eb12ea11eb0feb0eeb0cea0ceb0cec0beb0800000000000000000000000000000000000000000000f207f106f005ef05f005ef04ee04ef03ee03ed04ec05ec05ec05ec06ed05eb07ed07ee07ed08ed09ed0bed0bed0cec0feb10ea10
CSIX,1628984523,024353490001,-63,6,128,433004001bf81cf71bf61af71bf61bf619f619f51af61bf519f618f41af519f41af41cf61af71af718f818f918fa17fc18fd16fd1600000000000000000000000000000000000000000000000eff0f000f0110010f0110021002100211031102130412031303130213021401130012ff13fe14fd14fc16fb15fb18fb1afa1af9
CSIX,1629014002,024353490001,-63,6,128,43300400f0ebefeaefebf0ebefebeeeaefeceeecefecedebededeeeeedebedededebeeebefebf1ebf1ecf2ebf4ecf4ecf5ebf6ecf8ec00000000000000000000000000000000000000000000fcf4fdf3fdf3fef2fef2fef1fef2fef2fef1fdf0feeffdeefdeffceffceffbeefaeff9eff8eff8eff6eff5eef5eff3edf2ecf2eb
CSIX,1629043957,024353490001,-63,6,128,433004000fe80fe80fe60fe80ee70ee70ee80ce60ee70ee50ce70be70de60ce50de50ee50ee60fe70ee90fea0fec10ed10ed10ee11f1000000000000000000000000000000000000000000000af80bf90cf90cf90cf90dfa0df90df90df90ef90ff80ff70ff80ff60ef60ff50ef40df40ef30df10df00def0cef0fed10ea10ea
CSIX,1629073826,024353490001,-63,6,128,4330040017021b0218001a01190219011901190117ff1afd18fc18fc1bfe18ff1c0019001a011801170216031504140316031403140500000000000000000000000000000000000000000000000312fc0f150706fe0e10121008f904120413ff0df810070904060611050f03120910060f050f06130511051101140117011803
CSIX,1629106850,024353490001,-64,6,128,4330040019011b011b001b001a001aff1aff1afe1aff1bff1aff19fe1bfe1afd1cfe1c001b0119001901180217031604160614061307000000000000000000000000000000000000000000000b040b050b050c060b060c070c070c070d070d070e090f080f0810080f0711071006100512051204130314021402160319031902
CSIX,1629134748,024353490001,-64,6,128,43300400e306e206e306e207e206e207e407e307e407e109e409e509e309e308e108e107e205e304e503e502e501e600e600e7ffe8fd00000000000000000000000000000000000000000000f100f1fff0feeffdf0fdeffceffceffceffceefcecfcebfcecfcebfcedfceafdebfeecfeeaffeb00ea02e902e904e603e304e405
CSIX,1629164021,024353490001,-64,6,128,43300400180e1a0f190c180c1a0d190d190c1a0b180a1b0a1a091a081c0a1a0a1c0c1b0c1a0d190e170d160e140e130e130e120f1010000000000000000000000000000000000000000000000a090a0b0a0b0a0d090d0a0e090e090e090e0b0e0b0f0c100c0f0d100c0f0d110d0f0d0e100f0f0d110d110e120b140e170e170e
CSIX,1629194019,024353490001,-64,6,128,43300400efeaede8eeebedeaeceaedeaeeebedebececeaeaececebedeaecececebeaebeaeceaeee9efeaf0eaf3ebf3ebf4eaf5eaf6ea00000000000000000000000000000000000000000000f8f3f9f1f9f0f9effaf0faeffaeffbeffaeffaeefaecf9ecf9ecf8ecf8ecf8ebf7ecf8edf6ecf5ecf3edf3ebf3ecf1eaefeaefe9
CSIX,1629224637,024353490001,-64,6,128,43300400ec14ec16ee15ee15ee16ed16ee15ef16f016ef17f116f218ef18f216ef18ef18ee17ee16ef13ee13ee11ef10ed10ed0fed0d00000000000000000000000000000000000000000000f40af20af108f008f108f008ee08ed0aee07ee08ec09ec0aec09ed0aed09ec0bed0bef0bed0cee0def0eed10f00fed11ec14eb14
CSIX,1629256911,024353490001,-64,6,128,433004000fe80fe60ee70de80de70de60ce80be60be70ce60ae609e60ae509e60be40ce50ce50ce70ce90de90deb0dec0fec0eee0fef000000000000000000000000000000000000000000000af40bf40cf40df30df40ef40ef40ef40ff40ff311f212f311f211f211f312f111f10ff110f00eef0eee0fed0dee10eb10e911e9
CSIX,1629285113,024353490001,-63,6,128,433004001709190818061807180618061804170417051905180418041804180419041905180618061606150814081309130b110b100b000000000000000000000000000000000000000000000e040f050e060f070f080e090e080e0c1108110a100c120d0e0d150b0d0c160a120a1109130a1209140815081307150a17091809
CSIX,1629313859,024353490001,-63,6,128,433004000419041b0519041a0419051a041906180616081808160816081809170919071908190518041704170216021501160115fe1500000000000000000000000000000000000000000000030f011100100012ff11fe13fd13fd12fd13fd13fc16fc16fc16fd16fc15fd16fe16fe14ff16ff160016001702160219041a031b
CSIX,1629346281,024353490001,-63,6,128,43300400ea10ea12ec12ec12ed12ed13ef11ef12f012ef14f113f213f114f114f015ef15ef14ef13f011ef11ef10ef0eed0eee0ced0a00000000000000000000000000000000000000000000f30bf10af009ef09ef09ed09ed09ed08ec08ec09e909e909e908e909ea08e809eb0aec09ea0aec0bec0ceb0ded0eea0fea10ea10
CSIX,1629385568,024353490001,-63,6,128,43300400151316131710151016101610140e150d150c180b160b170a170a180b190c190d180d170e150d140e120e120f121110100e1100000000000000000000000000000000000000000000100a0f0d0f0d100e0f0e0e100f110e110e120f1210151015101510150f14101510140f1211131113121213131411151316131614
CSIX,1629404536,024353490001,-64,6,128,43300400051b061a071a061807190718091607140a160b160b130d130d140d150d160d170c150c160a150a15091508150616051503150000000000000000000000000000000000000000000004130113021501150115ff15ff17fe16fe17ff19fe1bfd1bfe1afd1afd18fe1bfe19ff17001801180218021b0418031b051c051c
CSIX,1629439281,024353490001,-64,6,128,43300400e804e805e906ea05ea07eb07ed07ed09ee08ee0bef0bef0cee0cee0ced0dec0cec0bed0bed09ed09ed07ed07ec06ee05ed0200000000000000000000000000000000000000000000ec04eb03ea02e901ea01e8ffe7ffe8fee7fee6fde4fde4fde5fde6fee7fde5fde7fee8ffe7ffe8ffe801e701e902e703e504e604
CSIX,1629463829,024353490001,-65,6,128,43300400140a110914081007120612061004110212021200110011ff11ff14fe12ff15011200120111021103100310040f050e060c0700000000000000000000000000000000000000000000130c100d130f110e1310100f11130f1211131116101710160f1610140d1212140f10101110101110110e130f130e130e130d120d
CSIX,1629494147,024353490001,-65,6,128,4330040014fb11ff12fd13f70efa0efc10fb0ef80ef810f40df810fc14f50df50afc14fe15f60df90dfd0e0013010d0009000a000c050000000000000000000000000000000000000000000012f019f319f316f21af820f51cf51afd22fb1df918fe200322fb1bf81a021b021afe17fe190017ff17fd18fe14fc17ff19fd16fc
CSIX,1629523826,024353490001,-66,6,128,43300400ebfceefff005ec00f101f006f405f408f305f408f106f207f20bf308f308f00bf608f605f504f204f402f504f601f901f80300000000000000000000000000000000000000000000e4fee1fee3fbdef9e1f9e2f8e0f5e6f4dff9e3f5e6eee6f1e9f5e1f0ebf7e7f5e9f8ebf5e8f4eaf7eafcedf7eefef0fee9feec02
CSIX,1629575588,024353490001,-66,6,128,4330040014f40f140505140317040a0b09060bf5060109ec03ed08f511f302fd0af208f606f604f604f604f903fa03fa05f803fa02fa000000000000000000000000000000000000000000001d1f08220c22082a112607201221092308210c270c21111e0f1b0924091508160d1418150618100e0b0b06fa0d1c120e290f2210
CSIX,1629767517,024353490001,-68,6,128,43300400f101f302f503f703f703fa03fc04fd05fe05ff06fe05000500060105010401040104020203020402030003010301040005ff00000000000000000000000000000000000000000000def1dfeedeeddeecdfece0eae0e9e2e8e2e9e3e7e3e5e4e7e7e9e7ebeaedeaeeecf1edf4edf6eef8eefaeefceffdeefded00ee00
CSIX,1629856277,024353490001,-68,6,128,43300400f200f300f601f802f801fa03fb02fd04fd03fe04000301040005ff0202020303030203020401040004000400050004fe05ff00000000000000000000000000000000000000000000e2ece2e9e4e8e3e7e4e6e4e6e5e4e7e5e7e4e7e5e8e3eae4ede7eaebeeebeeeaeef2eff2eff4f2f7f0f7f0f8f1fbf0fcf0fdefff
CSIX,1630037031,024353490001,-67,6,128,433004000c070d060c040a03090208010600060004ff04fe04fc02fc04fc02fc02fd01fd01fd00fefefefefefefefdfffcfffc00fcff00000000000000000000000000000000000000000000151e142113211224112210260e250d240d250d240d260d240c210c1f091d0b1c0a190b150c150b130c0f0d0f0d0b0e0b0f0a0f0a
CSIX,1630065504,024353490001,-67,6,128,43300400fcf303f003f5f9f7f9f9f9f8fbfbfafcfcfcfbfefafffb00fb01fc00fc00fd01fd00fe01ff00ff01010101020202010202020000000000000000000000000000000000000000000003de05dd06dc06dc07dc09dc0add0bde0add0cde0edd0ddf0ce209e209e507e406e903e902e902ebffedffecfdf0fceffaeffbef
CSIX,1630141184,024353490001,-66,6,128,433004000d0a0f070c070907090509040902090303fb050005fe03fe04fd02fe03fc02fd01ff00fe00fffefdfdfdfdfefefefdfefcfe0000000000000000000000000000000000000000000013221124102610280e260c280b280a2809270828062b082805250823061e061f071b08170818091509120c120c100c0f0e0e0e0b
CSIX,1630160436,024353490001,-67,6,128,43300400fdeffdf1fbf1fcf4fcf4fbf6fcf9fcf9fcfbfcfcfbfdfbfefbfffbfffcfffc00fd00fe00fe01ff02000200030003ff030003000000000000000000000000000000000000000000000dda11dc12db13dc14da16dd16db17de16df18de1ade18df17e215e413e713e40ee80ce90be808ea07ea04ec02eb01ebffecffeb
CSIX,1630248764,024353490001,-67,6,128,43300400f8f1f8f3f7f4f9f6f9f7f9f9fbfafafbfbfdfafefa00fb01fb01fc01fb02fc02fd02ff02ff0300030003000401030004010300000000000000000000000000000000000000000000feda01da03d904d704d807d708d808da0ada0ada0cd909db0ade07e007e306e204e602e801e800e9feebfcebfbeefaedf8edf8ed
CSIX,1630279044,024353490001,-67,6,128,43300400f30df70ffa0af90bfc0afd0aff07ff05010402040103030304040403040203020400030003ff03ff03ff04fe03fd03fc03fd00000000000000000000000000000000000000000000e00fdc0edd0cd90cda0bd907d808d905d905da06d903dc04dc04e004e405e404e507eb08ea08eb08f00bef0cf30bf10df30df50e
CSIX,1630312616,024353490001,-67,6,128,43300400f103f203f304f504f605f805fa04fb05fc04fd05fe05fe05000501060005000502030203010203020201040003010000030000000000000000000000000000000000000000000000ddf7ddf5dcf3dcf2dcf2ddefdceedfede0ede0ece0e9e2ebe4ece4efe8f1e6f2e9f4ebf8ebf8ebfaedfcecfdeeffedffee02ee02
CSIX,1630333951,024353490001,-68,6,128,43300400fe0cfe0d000d01090008020702050305030403030301030104000400040004ff03ff02fe02fd02fd01fd00fc00fc01fc01fc00000000000000000000000000000000000000000000eb1dea1be71ce71ce51ce519e21ae417e418e216e115e215e512e713e911e913ee10f111f110f311f511f711f910f910f911fb11
CSIX,1630369051,024353490001,-68,6,128,43300400060b050a050905070306030403030300020002ff01fd00fe00fd00fd00fd00fefefefdfefcfefcfdfafdfafcf9fdf9fdf9fd00000000000000000000000000000000000000000000fa27f727f628f52af428f229f028f025f026ef25ee26ee23f020f21ff41bf61bf819fb16fc18fd16ff1401130211041205110510
CSIX,1630424763,024353490001,-69,6,128,43300400f205fb01faf9fa0bf807f503fdf7ff00f902ff03fcff0001000101010301050104fd020003fe04fe05ff06ff08fd07fe06fa00000000000000000000000000000000000000000000ede6f0e2f0e2f0dff0e7f0dcefe1f3e4f4e0f4dff6def9e2f3e4f8e9fae6f3e7f1ecf1f0f2f0f4f2f2f5f4f3f3f7f5faf3f9f6f6
CSIX,1630454056,024353490001,-68,6,128,43300400f7f4f8f5f9f5faf7fbf9fbfbfdfcfefefefeff010001ff01000101020002020203010501050007000603090108fe0502050100000000000000000000000000000000000000000000ffd702d703d404d405d407d408d409d70ad70ad70bd70ad909dc07de05e304e102e600e7ffe8fee9fceafbecfaeef8edf6eff7f0
CSIX,1630485397,024353490001,-68,6,128,43300400f306f307f507f705f805fa03fc05fd02fe01010100010201030103ff03ff03fe03fc04fb04fb04fa04fa05fa06f905f905f900000000000000000000000000000000000000000000d7fbd6f8d5f7d5f6d5f6d6f2d5f1d8f1d8f0d9efd9eedaeeddefdff2e2f4e1f6e6f9e7fbe8fdeaffea01ea01ed03ed04ed07ef06
CSIX,1630544180,024353490001,-67,6,128,43300400f708f70afb08f907fb06fd04fe050003000404020101040104000400030004ff03fe040005fc04fd04fd04fc05fd05fc05fc00000000000000000000000000000000000000000000e30fe30fe30ade0cdf0ddf0ade07dc0bdf03e006df06e005e005e008e704e800ea08f206e906ee08f105ef08f509f20af50cf50a
CSIX,1630577509,024353490001,-67,6,128,4330040005f305f404f504f602f702f900fafffbfefcfefdfcfdfdfffcfefcfffd00fd02fc02fd03fd04fc04fc04fd05fc05fc06fc05000000000000000000000000000000000000000000001ded21ef20f023ef21f224f224f423f523f623f725f723f621f81ef81bf81af716f714f613f511f50ff40ef40cf40bf20af009f1
CSIX,1630664601,024353490001,-67,6,128,43300400f8f6faf6fbf8faf9fafafdfdfdfffdfffe0100020004fe02fd040004fd03ff0500050206030402050305030703070306030600000000000000000000000000000000000000000000fde0fedeffde01dd00dd04dd04de04e008dd07e107df07de06e304e504e703e702eaffec02edfff0fcf1fdeffceffaf1f5f2f6ef
CSIX,1630727202,024353490001,-68,6,128,43300400fcf6f9f6fbf8fbf8fbfafafdfcfdfe040201fe02fd03fd03fd03ff05fe04ff07ff060005010701080208020902080208020a0000000000000000000000000000000000000000000006dc0adb0cdb0dd90cdb10dc11de10dd11df12de13df10e111e40ee30ce80de709e907ed05ed03ed01efffeffef0feeffbf1f8f3
CSIX,1630814552,024353490001,-68,6,128,433004000bf90dfa07fa06fc05fb03fc01fd00fc02fefefbfdfcf9fdf9fcf9fcf8fef7fef700f801f701f501f7fff6fff504f903f3040000000000000000000000000000000000000000000022ff240223022605230426072308230a210a2108240a200a20091c09190917071a041302140213ff0fff10fd0efc0ffa0ff80df8
CSIX,1630844126,024353490001,-68,6,128,433004000af608f707f805f904f902fa00fbfdfcfdfdfafdf9fdf9fff6fef8fff6fff600f601f602f603f503f602f603f504f505f5040000000000000000000000000000000000000000000028fc290029012b0329032c052a08280828092709270b2609230821071e071d0519031601160013ff13fc12fa0efa0ff70ef50df5
CSIX,1630874703,024353490001,-68,6,128,4330040006f606f603f702fa02fafffcfefdfefdfefefbfffafff900f900f800f801f902f904f904f905f804f905f906f707f807f7060000000000000000000000000000000000000000000021fa24fd24fd27fd24ff27002600240223032303250622041f051d0319031901160011fe13fd11fc0ffa0ef90cf80bf70af60af4
CSIX,1630903931,024353490001,-68,6,128,433004000bfe09fe07fd05fe04fc02fd01fc00fcfefcfcfbfcfcfbfcfafbf9fbf9fcf9fdf9fef8fef800f700f600f601f500f601f501000000000000000000000000000000000000000000001a171919191b191d181b181e171f141e131e131e131f121d111c10190e150e150c120c0e0d0d0c0b0d080c060c040c020d010cff
CSIX,1630935197,024353490001,-68,6,128,43300400040803070406030503030302040003fe04fd03fc02fb02fa03f903f901f901f801f8fff9fef9fef8fdf8fcf7fcf7fcf7fcf700000000000000000000000000000000000000000000ee1eec1dec1eeb1eea1ee81de71ce71ae71ae619e419e618e815ea14ed12ee12f20ff40ff60ff80efa0dfc0dfe0bff0c010c020c
CSIX,1630964083,024353490001,-68,6,128,43300400f00dfc03f9020709fb05050701060204ff0000ff01f6fffc0efa0ff900fb07ff01fd05f900f901f600fbfef701f500f804f700000000000000000000000000000000000000000000d8f4d9f3d9f1d7f0d6f6dff0d9f1d6f2daecdfe9d5f0daeadfeee3f5ebeddf01edfde9ffebfeeb02ef04ee0cf7fcef0cfd04f9ff
CSIX,1630994614,024353490001,-68,6,128,433004000c020b020b01090106ff05fe04fc02fc01fb00f9fffafdf9fdf9fdf9fbf9fafafafbf8faf8fcf8fdf6fcf5fbf3fbf4fdf4fc000000000000000000000000000000000000000000000d29092a0a2b092d082c052e032c0027032dff2aff2cff2afe260023001e031e02190415061506110710090c090b0b090e070d06
CSIX,1631027508,024353490001,-69,6,128,4330040000f500f6fff7fdf8fffafdfcfdfcfcfefc00fb00fb00fa02fb03fa04fb05fc05fb06fd07fd08fd08ff08ff09ff0afe0bfe0a0000000000000000000000000000000000000000000020ec21ed22ed23ee23ee25f125f123f323f425f525f823f721f91df819f819f815f811f710f70df60af609f506f505f403f303f4
CSIX,1631054742,024353490001,-69,6,128,43300400000b000801080107010502030202030003ff03fc03fc03fb04fb04f904f904f903f801f800f700f600f6fff5fff400f5fff300000000000000000000000000000000000000000000e214e013de13de13dd13dc10dc10dd0edd0edc0bda0bdc0ae008e30ae609e70aeb09ee0af00bf20af40bf60af90afb0bfd0dff0c
CSIX,1631083871,024353490001,-69,6,128,43300400ff0b000a010a04070307010004ff020106fd03fb04fe02fc04f904fb04f903f902f801f802f701f6fff5fef6fff5fef5fff400000000000000000000000000000000000000000000e214de14e012db14de11da12db0ddd0ddb0cdf0cdd0cdf0ee10ce40ae40be909e908ee09ef09ee0af508f50bf909fd0cfb0dfc0d
CSIX,1631144792,024353490001,-68,6,128,43300400fa08fa09fd06fe06ff0401020202010103fd04fe04fe05fd05fb06fb07fb08fa05fb06fb05f705f704f804f804f604f806f700000000000000000000000000000000000000000000da07d904d903d703d902d600d7ffd9fedafddafdd9fcdbfcdefde0fee4fde4fee700eb01ec01ee04f104f306f406f508f709f809
CSIX,1631175143,024353490001,-69,6,128,433004000607060506040303020002ff02fe01fd01fc00fafffafff8fef8fff8fef7fdf7fdf7fcf6fbf8faf8faf7f9f7f8f6f8f8f9f700000000000000000000000000000000000000000000f623f323f224f224f124ed24ed24ee20ed1fee20ec20ee1eef1cf11af217f317f614f912fa11fc10fe0e000c020b030b040a060a
CSIX,1631204331,024353490001,-68,6,128,43300400f602f801fa02fc02fc03fd030003020303040403050306020703070309020802080108ff08fe09fe0afe0afd0bfd0bfd0bfd00000000000000000000000000000000000000000000e6e3e6e2e7e1e7dfe8dfeadeebdeecdeeedeeedfeedeefe0f1e2f0e5f3e8f1e8f4edf3f0f4f2f4f5f4f7f5f8f5fbf5fdf4fff5ff
CSIX,1631234067,024353490001,-69,6,128,43300400faf9fbf9fafbfbfcfbfefd00fd02fd03fd04fd06fd06ff08fe08ff0900090009000900070309030805080509050b0508070b000000000000000000000000000000000000000000000fde12dd12de15dd15df16de18e017e118e317e219e417e416e713e811eb0feb0dee0aee08ef07f105f102f200f3fef4fcf5fcf5
CSIX,1631263934,024353490001,-69,6,128,4330040007fa06fa03fa02fb02fb00fbfefcfcfefcfdfafefafdf9fff8fef800f7fff700f802f803f703f704f803f804f706f706f70600000000000000000000000000000000000000000000220f2013221322142115211720181d171c191c181d191c181917181215111510120c100910080f070d040d020b010afe0afc0afb
CSIX,1631325395,024353490001,-68,6,128,4330040008fe07fd06fe05fe03fe01fd00fdfefcfefdfbfcfbfdfafdfafdf9fdf9fef9fef9fff700f801f700f700f701f601f702f601000000000000000000000000000000000000000000001618151a151a161c151c141d131e101d111e101d0f1f0e1d0d1a0d180b150c140b110b0e0b0d0a0a0a070a0709040a030a010900
CSIX,1631355757,024353490001,-68,6,128,43300400faf7fafafbfafdfafcfcfbfdfd02fa04fffefe05fe04fe05ff0500070104020803060208040505070506030b0707080605070000000000000000000000000000000000000000000012de13e015dd16df17dd15df18df17e217e11be31be419e618e815ea13ed11e90cee0ced08ee05f005f201f300f300f5fff4fcf4
CSIX,1631384506,024353490001,-68,6,128,4330040009fa08fa07f905fb03fb02fcfffcfefbfcfcfbfdfafdfafef8fdf8fef8fff800f901f802f804f704f704f704f606f607f6060000000000000000000000000000000000000000000027132515271825182519241a241c211d211d201d201f1e1c1b1a1b17171418131410130c120b1108100610040e010dff0dfc0bfa
CSIX,1631414536,024353490001,-68,6,128,433004000afe0afe08fe07fd05fd03fd02fb00fcfffbfefafdfafcfbfcfbfbfbfbfcfafcfafef9fef800f700f600f600f501f600f500000000000000000000000000000000000000000000001520142112231224122410250f270d250d240c240a250b2309200a1d091a09190816091209100a0e090b0b080b060b050d020c01
CSIX,1631444757,024353490001,-68,6,128,43300400f808fa07fb06fc06fd06ff040003020204010401050104ff050006ff05fe06fd06fd04fa05fa05fa06f906f905f706f807f800000000000000000000000000000000000000000000d9fad9f8d9f7d7f6d8f6d8f3daf3dbf1dbf1ddf1dcf0dcf1e1f2e2f3e5f6e5f7eaf8ebfbebfdeefef000f101f402f304f407f508
CSIX,1631474365,024353490001,-69,6,128,433004000b07090509050702060205ff050003fd03fd01fb00f9fef9fff9fff8fdf9fdf9fbf9fafbf8faf8fbf8fbf5faf5faf6faf6fa00000000000000000000000000000000000000000000022aff2cfe2cfc2cfc2cfa2df92cf62af729f628f429f529f524f921f91efa1efb19fe16ff1401130210040f060d080c0a0b0a09
CSIX,1631503922,024353490001,-68,6,128,43300400f603f604f805fa04fc03fd04fe02ff030103030204020302040105000501060006ff06fd06fc08fc08fb09fc08fb09fa09fb00000000000000000000000000000000000000000000e0eae0e8e2e7e1e5e2e6e3e3e3e3e7e3e6e2e7e3e6e1e9e4ebe6ebe9eeebececeef0f1f4f0f4f2f6f2faf3fbf4fdf401f302f503
CSIX,1631595017,024353490001,-69,6,128,43300400f402f502f803f902fa03fc03fd03ff0301040304040405040605060407040703080108000a000aff0bfe0bff0cfe0cfe0cfe00000000000000000000000000000000000000000000e1e2e3e0e3dee4dce5dde6dae7dbeadceadbeadbebdaebddefe0ede3f0e5efe6f0eaf2eef2f0f1f2f3f5f3f8f2faf2fbf2fef2ff
CSIX,1631637230,024353490001,-69,6,128,4330040007fe070009ff05fe03fe03fe02fc00fcfffcfefcfdfcfbfbfbfcfcfdfbfbfafcfafefafef800f601f8fff8fff5fef4fff60200000000000000000000000000000000000000000000121a111c111c111e0f1d10200e1f0a1e0b1f0c1c091e091d091a0918071609150811070e070e080c0808070708060a0409010a01
CSIX,1631684230,024353490001,-69,6,128,43300400faf7f8f8fafbfbfcfdfdfd00fc00fc01fc03fe05fe05fd05ff06ff06ff07010602070207040704080608060807090609060a000000000000000000000000000000000000000000000edf11df11de13df11e015df17e117e416e615e418e415e415e612e610eb0deb0bed09ef09f005f003f200f4fff4fff4fcf5fcf5
CSIX,1631713951,024353490001,-69,6,128,4330040002f601f701f800f9fffbfefcfcfdfbfffbfffa01fa02f902f903fb05f904fa04fa05fc07fc08fc09fb09fb0afb0bfa0bfa0c0000000000000000000000000000000000000000000022f423f724f726f824f927fb27fd23fe22ff22fe24ff21fe1eff1cfe19fe18fe15fd11fc11fb10fa0cfa0cf809f807f706f705f4
CSIX,1631744407,024353490001,-69,6,128,43300400f907fa08fc07fe06fe05010401030302040106000601060108ff08fe08fe07fd07fc07fb07f908f808f808f709f50af60af500000000000000000000000000000000000000000000d8f9d7f5d7f3d6f3d7f1d7efd8eedceedcedddefddecddefe2f0e3f3e6f4e6f4eaf8ebfaecfceffef000f202f403f405f306f607
CSIX,1631775262,024353490001,-69,6,128,43300400fa07fa06fc06fe05fe0401050201030203010500050106ff050007ff06fd07fc07fc06fa06f907f907f808f708f608f60af700000000000000000000000000000000000000000000dbf8dbf6dbf5daf4dbf3dbf1dcefdef0dfefe1eee1eee1efe5f0e7f3e9f5e9f6edf6eefaeefdeffef2fff403f601f303f405f705
CSIX,1631834686,024353490001,-69,6,128,433004000900070007fe05fe03fc02fd02fb00fbfffbfef9fdf9fbf9fdf9fbf8fbf9f9faf9faf8fbf8fcf6fcf4fcf3fbf3fcf4fcf4fb000000000000000000000000000000000000000000000a24082407250526052601270127fe25ff24fe22fd23fe21fd1f001cff180118011303120410030d050c070a070709070a050a04
CSIX,1631863881,024353490001,-69,6,128,43300400f600f701f803fb03fa03fc04ff05ff06020503070306060606070706070508040803090309010a000c010d010e010e000f0000000000000000000000000000000000000000000000eddbefd8f0d7f1d6f2d6f4d5f6d5f7d6f9d8f9d8f9d8fadaf9def9e0fae5f8e5f9e9f8edf7eef7f1f6f3f6f5f6f8f5fbf2fdf5fe
CSIX,1631893940,024353490001,-69,6,128,43300400fd09fe0900070006020403030502050107ff07fe08fd09fd09fc08fa09fb08fb07f906f805f605f506f506f506f307f307f200000000000000000000000000000000000000000000d503d5ffd5fed3fdd5fdd4fad4f8d7f7d9f7d9f7d9f7dbf7def9e0fae4fae4fae9fdedffee00ef02f203f306f407f708f80af90a
CSIX,1631943310,024353490001,-69,6,128,4330040004070407040504030402040004ff05fd05fc05f905f905f904f804f804f702f801f601f600f6fff4fff5fef4fdf3fdf2fef200000000000000000000000000000000000000000000e61be41ae418e119e318e017df15e112e112e212e011e311e50fe80fea0dec0def0cf20af40bf60bf90afb0afd0b000a010a020a
CSIX,1631958552,024353490001,-69,6,128,4330040004f702f800f8fff9fefafdfbfbfcfafdf9fdf9fef8fff701f701f802f802f804f805f905f907f809f908f90af80af90af80b000000000000000000000000000000000000000000002403230726082509240a240c230d200c210d200d200e1e0d1c0c190916081608120510020f010d000bfe0bfc09fb08f906f807f7
CSIX,1632016680,024353490001,-69,6,128,43300400fa08fb08fe07fe06ff06020404040302050208020701070009ff08fe09fd0afc0afb08fa08f809f709f609f60af60bf50af500000000000000000000000000000000000000000000d8f3d6f0d8eed6ecd9ecd8eadaeadde9ddeadfe9dee8e1eae4ebe5efe8f0e8f2ebf6eef8eefaeffdf0fff302f403f304f507f507
CSIX,1632104190,024353490001,-69,6,128,4330040009ff020208f501fbfdfefc01fdfcfcfff8f8f9fdf6fdf502f800f7fff705f602f803f707f906f806f806f707f708f50af60b0000000000000000000000000000000000000000000021102014211521161f1523192017211a1d181d1c1a1316181912140f1a0f141311070c0a0e040c020a0709010afc0cfc14fd0df8
CSIX,1632134839,024353490001,-69,6,128,43300400f608fb01fe04fc0901fffe05fd02ff040206050105050402060305030702070106010a010afe0cff08fc0aff0efc09ff0bff00000000000000000000000000000000000000000000ebe6ece3ede2efe1ece2f0e2f0e0f5dff2e3f1e4f5e7f8e4f0e9f6eff8edf3eef5f3f4f3faf2f8f6f6fdfbfff800f9fbfcfef302
CSIX,1632166091,024353490001,-69,6,128,43300400f9f9f9faf9fcfafefcfffb01fc01fd03fd04fd06fd06fe07ff08fe0800090109020a03090409050a0609060a060b060b060c0000000000000000000000000000000000000000000011df13df15df16df16e019e118e319e518e518e719e717e815e913ea10ed0fec0cef09f108f105f202f401f4fef4fef6fcf5fbf6
CSIX,1632344117,024353490001,-69,6,128,43300400fd06fd06fe0600060104020304020500050005ff06ff08fe08fc08fc08fb07fa08f907f807f607f607f507f508f408f309f400000000000000000000000000000000000000000000dbfbdbf9daf6d9f6dbf6dbf3dbf3def1dff2dff1dff1e1f1e5f2e6f5e9f7e7f7ecfaeefceffdf1fff301f402f503f705f906f906
CSIX,1632403972,024353490001,-69,6,128,43300400060307030600050004fe03fd01fb01fa01fa00f8fef8fef8fdf7fcf8fcf7fbf8f9f8f8f8f7f8f6f8f5f7f6f7f4f6f5f6f5f600000000000000000000000000000000000000000000fa23f826f823f627f623f325f223f122f121f11eef1ff01cf21af419f617f716fa15fc10fd11ff0e010c020a030a040905070707
CSIX,1632465542,024353490001,-69,6,128,4330040002f800f9fff8fef9fefbfdfbfcfdfbfefafef800f803f802f704f804f805f807f908f909fa0af90af90af90bf80bf80cf80b0000000000000000000000000000000000000000000025ff2602270327042606270726082309230a2209220921091d081b05190519041403110011000ffe0bfd0bfb09fa08fa07f805f9
CSIX,1632555088,024353490001,-69,6,128,4330040004fafbfb01f9fffcfcf8f8fffe04f701fb04f80afb00fa05fb07fe0afc09fc0afd0bfd09fe0cfd0cff0cfe0dff0eff0efe0e0000000000000000000000000000000000000000000024f725fa25fa26fb28fe28fd27ff25ff25fe2400230221ff20031dff1aff17fb13fb12fd0bfe0cf808fa070000fb04f806fd03ef
CSIX,1632584090,024353490001,-68,6,128,4330040007fb07f904f903fa02fafefafdfbfdfbfbfbf9fcf8fdf7fdf7fdf6fdf7fef5fff500f301f402f303f302f203f202f204f103000000000000000000000000000000000000000000001f1320171f1720191d181e1c1c1d191b191c181b181c171a1419141511131111100e0e0a0d090c070c040b030aff0aff0bfb0afb
CSIX,1632615941,024353490001,-68,6,128,4330040002080407020c020305030500050106ff05fc06fb06f704fa05f804f706f503f603f503f402f501f201f300f3fff400ef01f200000000000000000000000000000000000000000000df14dd11d60edc0fdb10da0fd60ddc0bdc0bdb0ada08dd07e106e308e60ce509eb0af109f003f208f809f90af907fe0aff0bff0a
CSIX,1632644747,024353490001,-69,6,128,43300400f6fcf8fcf8fef8fffa00fb02fc03fd04fe07fe0700080009000a0109020a0309050a05090509060a080a080a090b080a080b0000000000000000000000000000000000000000000008da0bda0cda0dd90dda0fda12db11df12df11e012df10e10fe40ce50be90ae807eb05ee03ef02f201f3fdf4fcf6faf6f8f8f8f9
CSIX,1632674213,024353490001,-69,6,128,43300400f605f806fa05fb05fe06000601060306040507060705090409040a040b020b020b000d000dff0dfe0eff0ffe10fe0ffd10fe00000000000000000000000000000000000000000000dfe3e1e1e0dfe1dee2dde4dce5dbe9dce9dbeadbebdbecddede0eee3f0e6efe8f2edf2f1f3f2f4f5f3f7f3faf4fdf401f402f404
CSIX,1632704211,024353490001,-68,6,128,43300400f5fff6fff700f900fb02fc03fd04ff05000600070207030703080408050706070806080708060a060b060b060c060b060b0700000000000000000000000000000000000000000000f9dafbd9fcd7fdd6fed700d701d803d904da04db05db05dc04e003e101e600e6ffeafeedfceefcf1fbf3faf5f9f7f7f8f5faf5fc
CSIX,1632734950,024353490001,-69,6,128,43300400fe0bff0a020802060105040205020600070008fd08fc08fc08fa09fa09f909f807f807f406f407f306f306f307f207f208f200000000000000000000000000000000000000000000d509d507d405d205d203d201d101d4ffd5fed5fdd4fbd8fcdcfddefee2ffe301e701eb03ed04ef05f206f406f609f709f80afb0b
CSIX,1632764360,024353490001,-69,6,128,4330040003f602f700f7fff8fefafcfbfafdfafdf8fdf6fef600f600f501f503f403f405f405f406f508f509f509f409f30af40af40a000000000000000000000000000000000000000000002b042a072b092c092a0a2a0d2b0d260e270e261026112210210f1e0c1a0a1b0916061404130310000dfe0dfc0bfa0af808f707f7
CSIX,1632827546,024353490001,-69,6,128,433004000606050506030403050105ff05fe04fc04fa05f803f803f702f702f602f500f500f5fff5fef5fdf4fbf3fcf2fcf1fcf3fcf200000000000000000000000000000000000000000000ea1fe81fe61ee51fe51de31de31ce41ae318e318e216e316e714e812ec11ed11f00ff40ef50df80dfa0cfc0bfe09000a020b0408
CSIX,1632889713,024353490001,-69,6,128,4330040004090409030704040503040105ff05fd06fc06f905f806f806f805f606f605f404f403f401f301f201f200f102f101f102ef00000000000000000000000000000000000000000000df1ddd1bdd1bda1bdc19d916d916d913db13da12d90fdb0ede0de20ee50ce60eea0cee0cef0cf30cf60bf80cfa0cfc0cff0bff0b
CSIX,1632914816,024353490001,-69,6,128,43300400faf9faf8fafaf9fafafefa00f901fa03fa04f807fb08fc08fc09fb0afb0afd0bfe0bff0dff0c000d010d010e010f010e010f0000000000000000000000000000000000000000000018dd1ade1ad71edf1de11fe821e220e622e419e520e51dea28ea1beb14ed0aea13f20def10f709f207f204f501f401f4fef4fdf4
CSIX,1632947313,024353490001,-69,6,128,4330040007fe07fe06fd04fc03fc01fa00fafffafef9fcf9fbf8faf8f9f8f9f9f9f8f7f8f7f9f6faf5fbf5fbf4faf4faf2fbf3fbf3fb00000000000000000000000000000000000000000000141f12211122112410230e250d250a230b23092308240821071f081c0618071906140711070f080d070a0908080609040a030a02
CSIX,1632974312,024353490001,-69,6,128,4330040005060505040505010401050004fe05fc04fa05f803f804f804f602f702f502f600f4fff4fef4fdf5fef3fdf5fef3fef0fdef00000000000000000000000000000000000000000000ea1fe71ee61de41de51de61be31be31ee317e417e316e416e60fe610ee10ef0eef0ef30ef40ef70df90bfc0cfd0bff0b020a0309
CSIX,1633007978,024353490001,-69,6,128,4330040003f905f701fa01fa01f8fdfcfcfbfcfbfffdfafdfafdf5fff5fdf7fff401f500f504f504f603f505f404f507f306f408f40600000000000000000000000000000000000000000000230a230c230d240f220e241122111f141e121f1120161e121b12190c150b170c100c100710040e030e000bff0afe0bfc08fa08f8
CSIX,1633035240,024353490001,-69,6,128,43300400faf8fbf9fafaf9fcf9fffafffa01f903f904f807f906f908f909fa09fa0afc0bfd0bfd0cff0cfe0d000e000e0010ff10ff0f000000000000000000000000000000000000000000001de01fe21fe222e221e323e524e623ea23ea23eb24ec22ed1fef1def18f117f014f10ff10df30cf208f406f403f501f4fef5fdf6
CSIX,1633065533,024353490001,-69,6,128,43300400f9f8f9f9f9fafafef9fff901fa03fb04fa05f907fb08fb08fc0afd0afc0bfe0dff0b000b010d020d030c040e040f030f030f0000000000000000000000000000000000000000000019de1bdf1ddf1fdf1ddf20e220e21fe520e620e620e81ee91deb18eb16ed14ed10ef0df00bf108f106f203f202f400f3fcf4fcf4
CSIX,1633093882,024353490001,-68,6,128,4330040005fa05f903fb01fafdfc00f8fcfaf9f9fafdf9fdf8faf5faf4fef4fef3fcf3fef6fef501f402f402f402f302f303f204f103000000000000000000000000000000000000000000001f112514201521161e161e191f191a181b18191918191618141714151113130e120e0f0a0e080c070a030a030b000aff0afd09fc
CSIX,1633123862,024353490001,-69,6,128,4330040003f802f801edfef9fefbfbfcfafbfafdf9fdf7fef7fff6fff600f602f501f503f503f505f605f506f406f407f407f508f40800000000000000000000000000000000000000000000250125042505260625072509250a220b230b210c220c200c1d0b1b081807180715051203110310000cff0bfe09fc08fb07f906f8
CSIX,1633184274,024353490001,-69,6,128,43300400f6fef700f800fa02fb03fc04fd05fe07ff070009020903090309040a070906090709090809070a070c070c080d080b070c0800000000000000000000000000000000000000000000fad6fcd4fdd4fdd3ffd402d203d404d605d706d807d706d806dd03df03e201e300e8ffebfeecfdf0fcf2fbf4faf6f7f7f5f9f6fa
CSIX,1633214287,024353490001,-69,6,128,43300400f601f702fa04fb04fc05fe05010601060206050805070707080808060a050b050b050b020c030c020e030e030f030f020f0300000000000000000000000000000000000000000000e8dee9dae9dbead8ecdaedd7eed8f1d9f1d8f4d9f3d8f4dbf5def4e1f6e4f5e5f6e9f6eef6eff6f3f6f6f6f7f6fbf4fdf4fff500
CSIX,1633243964,024353490001,-69,6,128,4330040007fa05f902f901f9fffbfefafcfafbfcf9fbf9fbf8fbf7fcf7fdf6fff5fdf5fdf4fef301f402f404f303f203f202f104f1020000000000000000000000000000000000000000000021102112201321141f151f181e181b181b181b181a1a18171515161311111210100d0e090d080c060b040b000b0009fe0afd0afa
CSIX,1633274903,024353490001,-69,6,128,4330040007fd06fc04fb04fc01fb00fbfefafcfafbfafaf9f9f9f8faf7f9f7fbf6fcf5fcf5fef5fef4fff300f200f201f101f201f20000000000000000000000000000000000000000000000141d0b210e210f240e240c250a240a220824092209230921081e091c081807170713080f090e090b0809090708030a020b010a00
CSIX,1633364159,024353490001,-69,6,128,4330040001f500f5fff8fdfafcfcfafdf9fef9fef700f701f503f503f505f505f506f606f608f609f80af90cf80bf70cf80df70df60d0000000000000000000000000000000000000000000029f72afa2bfb2bfb2afd2cfe2b0029002802290128052703220320021d021c01180014ff12fd0ffc0cfb0cfa09f808f604f505f4
CSIX,1633394384,024353490001,-69,6,128,4330040006fa07fa04fa02fb01fbfffbfcfafbfafafcf8fbf8fcf8fcf6fcf7fcf6fdf4fef5fff400f302f200f203f300f403f203f1020000000000000000000000000000000000000000000020131e151f161e171f171d181c1b1919191a191a181c161915171415111211120e0e0e0b0d0a0c080b050b030a000aff09fc09fb
CSIX,1633454191,024353490001,-69,6,128,433004000903070206ff060004fe01fc04fb01fb01f900f6fef6fdf5fdf7fef7fbf6f9f5f9f5faf6f8f5f8f6f6f6f6f5f5f5f6f6f6f500000000000000000000000000000000000000000000fe24f924f725f827f724f424f423f321f321f321f120f11ff31df71ef517f815fa13fc11fe0f000e020b030a0506070509070a06
CSIX,1633484027,024353490001,-69,6,128,4330040005f904f904fa02fa00fafefafdfafafbfafbf8fbf8fcf7fcf5fcf6fdf4fef4fef500f401f402f303f201f202f202f103f10200000000000000000000000000000000000000000000210f2011201221141f141e161e161c161b181a1619171917151615131110110e0e0c0e080e080d050c020b0109ff0afe0afb09f9
CSIX,1633545011,024353490001,-69,6,128,43300400fff8fff900f9fdfdfefaf8fdfcfef5fbf6fcf703f802f904f903f906f906f707f709f80af809f90af90bf90bf80df80df90b0000000000000000000000000000000000000000000020f020f125f223f323f325f624f525f624f921fb24fb22fd1dfc19fd17fb19fb11fb10f90ff90bf80bf60af806fb050104f300f6
CSIX,1633574711,024353490001,-69,6,128,43300400fd08fe0700060105010403030302060007ff08fe08fe09fd08fd0afd09fa0afa0afa08f908f808f709f609f609f609f60af600000000000000000000000000000000000000000000da02d9ffd9ffd9fdd9fedafbdaf9dbf9dcf8ddf7dcf7def7e2f8e3f8e8fae8fcebfdedffef00f101f202f503f705f806f909f909
CSIX,1633636531,024353490001,-69,6,128,43300400f9fcf8fcf9fefbfffb00fe03fd06fb04ff04fe06ff0801090009020902090409050806080708080a070909090b0b0a0908090000000000000000000000000000000000000000000007db09dc0adb0bda0bdb0ddb10db10e00fdf10df11df0fe20ee40ce60ae809e906ec04ee03ef02f100f4fef4fbf6faf6f9f8f9f8
CSIX,1633664453,024353490001,-69,6,128,43300400fef20bfefefffbfd01fbf804fe05fbfff907fb05010701070106020c0007fb0507020007040b0209050a040c0709040b040a000000000000000000000000000000000000000000001aee1cf01ef11bee20ef1ff11fed1fef1ef61af11af71eec1ff715f216f911f50cf50af90af90afa05f300f900f6fefbf7f4f8fa
CSIX,1633755293,024353490001,-69,6,128,43300400fbf8fbfafcfbfcfcfcfdfb00fb02fc04fb04fb06fc06fc07fc07fd08fd09fe0afe0a000b010b010c010c010c010d020d010c0000000000000000000000000000000000000000000014e317e217e21ae31be51ce51ce71ce91be91deb1cec1beb18ee15ef14f111f00ef20af20bf207f405f502f401f6fff4fef4fdf5
CSIX,1633795603,024353490001,-69,6,128,43300400fc09fd08ff050004020402030500050208fe09fd09fc09fd09fc0afc0afa09f907f806fa08f609f407f407f70af709f309f600000000000000000000000000000000000000000000d703d701d5ffd5fed6fdd4fcd6fbd8fbd8f9d9f9d9f7daf8e0f9e1fae6fbe4fce9feecffee01f002f105f305f507f607f80afa09
CSIX,1633814818,024353490001,-69,6,128,43300400060607050603050105ff04fd03fb02fa01fa02f700f6fff600f500f5fef5fdf4fcf4fbf4faf4f9f5f9f3f8f4f7f3f9f3f9f300000000000000000000000000000000000000000000f526f126f026ee28ef25ec27ea24eb22eb21eb20e921eb1fee1cf01af217f317f514f912fa12fc10fd0e000c010b050c070b0608
CSIX,1633874529,024353490001,-69,6,128,43300400f907fc08fd07ff050104020304020401050007ff07fd08fe09fd08fc0afb0afa08fa09f809f609f709f709f60bf60af40af600000000000000000000000000000000000000000000d7fbd8f7d7f6d6f6d8f5d8f3d8f2dcf0dcf1dbf1dbf0def0e1f1e3f3e7f5e6f7e9f9ecfbeefdf0fef200f202f503f604f707f806
CSIX,1633906852,024353490001,-69,6,128,43300400fc07fd08ff07ff050104030203030500050007ff07fd07fd08fb09fc08fa08fa09f707f707f607f507f507f508f407f408f400000000000000000000000000000000000000000000d9fed7fbd7fad5fad8f9d6f6d7f6d9f5d9f4dbf5daf3dcf4dff5e1f7e4f8e6f9e9fbedfdedfeef00f202f403f504f706f807fa08
CSIX,1633936493,024353490001,-69,6,128,43300400fd08fe060006010401030301030204ff05fe05fe06fd06fc06fc06fb06fa06f805f805f704f805f506f606f604f402f606f200000000000000000000000000000000000000000000dc04db02da01da00da00dafed9fcdcfcddfcdefaddf9dffbe2fae3fce7fce8fdebfeef00ef01f202f502f604f805f807fb08fc08
CSIX,1634053907,024353490001,-69,6,128,4330040001f702f801fafffafffcfdfefdfefafff9fff802f902f903f704f805f705f905f907f808fa09fa09fa09fc09fa0afb0bfa0c0000000000000000000000000000000000000000000026fe2a0226012b0326012a0627062508250723072608230920081f051b0619021701120013000ffe0dfd0cfb09fa09f807f605f6
CSIX,1634085250,024353490001,-69,6,128,43300400faf9faf9fafbfafdfbfefb00fb02fc03fd04fe06fe06fe08ff07ff0800090109030904090408040906090609070b0609070a0000000000000000000000000000000000000000000011dc13db14dc16db15dc17dd18dd17e018e118e21ae118e216e613e611e911ea0dec09ee08ee06f103f101f3fff4fef4fdf5fbf6
CSIX,1634143888,024353490001,-70,6,128,43300400fa08fe04fe07fe060105030303020401050008ff07ff07fe07fd07fc09fc07f907f806f805f807f705f705f507f504f506f500000000000000000000000000000000000000000000d8f6daf4d7f2d8f1d7f0daeed9eddceddeeddeecdceaddeee4f0e2f3e9f5e8f5ecf8ebfbecfcf2fef2fef002f600f805f908f906
CSIX,1634174653,024353490001,-69,6,128,433004000800070006fe05fd04fd02fc01fcfefbfdfbfcfafbfaf9faf9faf9fbf9fbf7fcf8fcf6fef5fef5fef4fff3fef2fff3fff300000000000000000000000000000000000000000000000a260827072806290629042a0329012701260226ff2500250021021e001c021a021604120411050d070b0709070707050a040a02
CSIX,1634204410,024353490001,-69,6,128,43300400f705f905fb05fc04ff04ff03010403020402060206020702080107ff09fe09fe08fc09fa09fb09fa09fa09fb09f90af80dfa00000000000000000000000000000000000000000000deeadfe6dfe6e0e5e0e4e1e3e2e3e4e3e5e3e6e3e7e2e7e3eae6ebe8edededeceff0f0f5f0f6f1f8f2faf3fcf4fef401f403f604
CSIX,1634233914,024353490001,-69,6,128,43300400f903f802fa02fc02fe030003ff03010303030504050305040704080308020903080009ff09fe0afd0bfe0bfe0bfd0cfd0bfd00000000000000000000000000000000000000000000e4e2e6e1e7e1e6e0e5e0e7dceadde7e0e9deecdfefddeee0f1e2f0e4f1e7f2e9f3edf2f1f2f2f3f4f4f7f3f8f5fbf5fef3fff700
CSIX,1634263967,024353490001,-69,6,128,43300400f905fb05fd03ff05ff030204010405fd04fa04ff040005ff060005fe07fd08fd06fb06fa06fa06fa06f906f907f808f708f700000000000000000000000000000000000000000000dff3def0dfefdeeee0f0e0ece1ebe2ebe2ebe5ece3ebe5ece6ede7f0ebf2ebf2edf5f0f7f1fbf1fcf3fdf400f600f502f505f804
CSIX,1634324574,024353490001,-69,6,128,43300400f7fff700f902fb01fb04ff02fe04000301040204040504040505050506050605080407020802090209020a020a020a020a0200000000000000000000000000000000000000000000f2e0f4ddf3def5ddf5ddf6dbf7dbf9def9defadefbdcfcdffde1fbe4fce7fbe8fbecfbeffaf0f9f2f8f5f8f7f8f9f6faf7fcf6fd
CSIX,1634384040,024353490001,-69,6,128,4330040006f904f805f902fa00fb00fcfefcfbfcfbfcf8fef9fef8fff6fff701f700f701f804f704f805f606f605f607f608f708f60800000000000000000000000000000000000000000000250e2411251124132512241623171f172018201720181e161b151a121510160e130b110810070f060d030b010bfe0bfd09fc09fa
CSIX,1634414155,024353490001,-69,6,128,4330040001f500f700f8fff9fefcfdfdfcfffa00fb01f901fa03fa04fa05f905f806fa06fc07fb09fc09fc0afc0afc0bfc0bfd0bfc0c0000000000000000000000000000000000000000000024f328f627f42af727f92af92afb28fd28fe27fd28ff25ff22ff20fe1cfe19fc17fc12fb12fa10fa0df90bf707f708f604f503f4
CSIX,1634445464,024353490001,-69,6,128,43300400faf7faf9fafafbfcfbfdfb00fd01fc01fd04fd06fe06ff07ff07ff08ff090109010903080409040b0509050a050b050a05090000000000000000000000000000000000000000000016df18e01adf1bdf1ce01ee11ee21de51de51ee61ee61de71aea16eb15ed13ec0fef0bf00aef08f204f203f301f4fff4fdf4fcf4
CSIX,1634536021,024353490001,-69,6,128,43300400fb07fb06fe06ff040104000403030302040205010500060006fe07fe07fe06fe07fc05fa06fa07f906f906f807f806f607f700000000000000000000000000000000000000000000ddf4def2dcf0def1ddf0dfeedfece1ece2ede2ebe2ece4ece4f3e6f1ebf1edf3eaf7eff9edf9f0faf2fff4fdf401f502f704f804
CSIX,1634600096,024353490001,-69,6,128,43300400fa05fa04fc06fd05fe04ff03000304fefffe040105000501070107ff07fe06ff06fd08fb08fb08f808fc08f909f908f707fb00000000000000000000000000000000000000000000dfefe0ece0ebe0eae2eae3e9e3e7e6e8e5e8e7e9e6e8e8e9eaeaebeeecefedf0f0f5f1f6f1f8f2f9f4fbf3fdf500f501f603f603
CSIX,1634624041,024353490001,-69,6,128,43300400f5fff601f902fa01fb03fd04ff0501030205030504050405050506040604060407020802090109010a010c020c010c000b0100000000000000000000000000000000000000000000eedbf0d9f1d9f1d8f3d9f5d7f6d7f7d9f8d9f8daf8d9f9dbf9dff9e1fae4f9e6f8eaf9ecf8eef7f1f7f4f7f5f6f8f5faf5fbf6fd
CSIX,1634655084,024353490001,-69,6,128,433004000805060306020501050003fd02fc02fc01fa00fafff9fdf8fdf8fef8fcf8fcf7fbf9faf9f9faf8f9f7f8f6f8f6f8f6f9f6f800000000000000000000000000000000000000000000fc28f928f828f729f627f429f328f224f225f124f125f322f31ff51df71af619f916fc13fd14fe10ff10020d020b050b060a0708
CSIX,1634685704,024353490001,-69,6,128,43300400f9fbf9fbfafbfbfefdfffd02fd02fd02fe03fe040005ff0601060106010602060306040705050507060607070808070707070000000000000000000000000000000000000000000009de0cde0dde0edc0edd10de11de11e110e312e113e112e40fe60ee80ceb0bea08ed08ef06f003f102f300f3fff7fdf7fdf6f8f8
CSIX,1634744302,024353490001,-69,6,128,4330040001f5fff5fef8fef8fdfbfcfcfd00fdfbf802f901fb02fb04fb04fa03fa04fb06fc07fc08fe09fd0afe0afe0bfe0bfe0cfd0b0000000000000000000000000000000000000000000027f328f829f829f929fa2afc2bfe28ff280227ff27fe24fe22ff1ffe1b011cfd17fc12fc12fa0ffb0cfa0bf909f807f706f604f6
CSIX,1634778088,024353490001,-69,6,128,43300400fbf6faf9faf9f9fbfbfbfafefa00fc050000fe04fc03fe05fd06fe07000800070008020803080309050905090509060a050a0000000000000000000000000000000000000000000019e01ce11de11fe21ee320e420e620e821e91fe820e71ee91ced18ec16ef14ee11ee0cf20bf209f206f303f201f5fff4fdf4fcf4
CSIX,1634838605,024353490001,-69,6,128,433004000605070406040503050003fe03fe03fc03fb00f900fafff9fef8fdf9fef8fdf8fcf9fbf8f9f8f9f8f8f8f7f8f7f7f6f8f7f700000000000000000000000000000000000000000000fa27f728f527f42af326f127f026ef23ef23f022ee22ef21f11ef31cf41af519f716fa13fc12fe11ff0e020d020c040b07090709
CSIX,1634864673,024353490001,-69,6,128,43300400f603f703f905fb03f904fe0700040002ff030604050002030902040507010603080008ff09fd0afe09fd0bfd0bfc09fc0bfc00000000000000000000000000000000000000000000e0e5e2e3e3e2e2e1e3e0e4dfe5e0e7e1e7e1e9ddeadfeae1ece0ece6efe8efe9f0edf2f0f3f2f2f6f2f8f2fbf2fcf5fef4fdf200
CSIX,1634897164,024353490001,-69,6,128,43300400070007ff07fe06fe04fe03fc03fd01fc01fbfffafefafcfafdfafcfafcfafafafafbfafcf9fcf8fcf6fdf5fdf6fcf6fdf5fd00000000000000000000000000000000000000000000062304240325022501250024ff25fe23ff23fd23fb23fc20fc1eff1cfd18ff19ff1501120110030e040b050a0508070708060804
CSIX,1634924075,024353490001,-69,6,128,4330040002f602f701f700f8fff9fefafcfbfbfdfbfefafff9fff901f901fa02f903f904fa06fa06fa08f909fa08fb08fa0afa0bfa0a0000000000000000000000000000000000000000000028032806290629082908280a290b260c250d240e240f230e1f0c1e0a1a081a0616051302110210000efe0dfd0afb09fa07f705f7
CSIX,1634984122,024353490001,-69,6,128,43300400fa07f906fb04fc05fe050004010402030402050305010600060107ff08fe07fd07fd07fb06fa07f908f907f908f808f708f800000000000000000000000000000000000000000000daf1daefdbecdbeadbebdbeadbe9dfe9dfe9e1e8e0e5e2e9e6ebe8edeaf2e9f2edf4edf7eef8f1fbf0fcf2fff400f301f606f606
CSIX,1635044065,024353490001,-69,6,128,43300400fdf8fdf8fdfafcfbfcfcfbfdfcfffc00fb02fb02fc03fd05fc06fc05fd07fc07fe07000700080108010801080209020a030a000000000000000000000000000000000000000000001eec21ee21ee22ef22ef23f123f221f321f420f522f520f51df619f617f716f612f80ff60ef60bf709f607f604f703f601f600f7
CSIX,1635074072,024353490001,-69,6,128,43300400f8faf9f9f8fbfbfdf9fffb00fc01fc02fc04fd05fe06ff06ff070007000701090208030804070608060807090809070807080000000000000000000000000000000000000000000014db17dd19dd19dc19dd1bdf1ce01ce31be31be41ce41ae417e715e912eb11eb0eed0aef0af007f005f303f301f3fef4fcf5fbf6
CSIX,1635115302,024353490001,-69,6,128,433004000009000902070205020504020300030004fe04fc04fb04fa04fa05f905f803f802f702f701f601f5fff5fff4fff4fff400f400000000000000000000000000000000000000000000d80ed70bd50bd60ad609d707d506d705d804d804d803da01de02e104e404e404e905ec05ee06f107f307f708f807f909fd0afe09
CSIX,1635166340,024353490001,-69,6,128,4330040007fb08fc06fc04fc02fb01fcfffbfdfbfdfcfcfbfafcfafcf8fcf8fcf7fdf7fef7fff600f700f602f502f402f402f403f303000000000000000000000000000000000000000000001a1f1a211822182417221524142512231123102310250f230e200d1c0c190c170b140b0f0b0f0b0c0b090a070a040b030a0109fe
CSIX,1635195410,024353490001,-69,6,128,43300400ff09ff080106010502040203040004ff04fe05fd05fc05fb06fb05fa04f904f902f803f601f502f501f500f501f401f401f400000000000000000000000000000000000000000000d70cd709d608d406d607d404d503d701d702d800d8ffd900de00e001e401e402e803ec04ed04f105f205f507f806f908fb09fc0a
CSIX,1635257219,024353490001,-69,6,128,4330040002f800f9fff9fefafefbfdfcfcfdfafffb01fa01fa01fa03f802f904fa05f905fa05fb07fb07fc08fc08fb09fc0afc0bfb09000000000000000000000000000000000000000000002401250425042605260525082409220a220a210a210a1f091d081b07170618041402120111000e000cfe0bfd07fd07fa07f904f8
CSIX,1635320628,024353490001,-69,6,128,43300400060106ff060006fe04ff02fe00fcfffdfffbfdfafcfafbfbfafbfafbfafaf9fbf9fcf8fcf8fdf6fef5fef5fdf5fdf5fef5fe00000000000000000000000000000000000000000000042401240025ff27ff24fc25fc26fb22fb22fa23fa22fa20fb1efc1cfd18fd18ff1400120010020f030b030a0508050806060705
CSIX,1635344897,024353490001,-69,6,128,4330040000f8fff8fefafffafdfcfdfefcfffc00fb01fa02fb03fb04fb05fb05fb07fc07fd08fd08fe08ff09ff09000a000a000bff0a0000000000000000000000000000000000000000000023f725fa25fa27fc25fb25fe25fe23ff23002301220121011e001dff19fe18fe14fe11fc10fc0efb0cfb0afa07f906f904f703f7
CSIX,1635375038,024353490001,-69,6,128,43300400000801080306020502040302030103ff04fc05fa03fb03f903fa03f803f702f702f601f500f600f5fff4fef5fdf4fef4fef300000000000000000000000000000000000000000000dc14d912d912d711d810d70ed80bd80bd90ada0ad90ada0bde09e009e407e408e908ec09ee09f108f408f509f809fa09fc0bfe0a
CSIX,1635404414,024353490001,-69,6,128,4330040008fe07fd07fe04fd03fd02fd00fcfefbfcfbfbfbfafcf9fcf8fcf8fbf7fef7fef6fff6fff600f501f400f402f302f403f4030000000000000000000000000000000000000000000014241225112711280f280d280c290a270a250a26092709240920091e081a091b081609120911090e090b090909060a050a030a02
CSIX,1635435776,024353490001,-69,6,128,4330040000f600f7fff8fff9fefbfdfdfcfefc00fb01fb01fa03fb04fa05fb06fc07fd08fc08fb09fd0afd0afe0aff0aff0cfe0cfe0c0000000000000000000000000000000000000000000027f22af52af62bf729f72bfa2afc27fe27fd27fc28fd26fd22fe1ffc1dfd1bfb18fb13fb13fa10fa0df90bf808f808f505f403f4
CSIX,1635464393,024353490001,-68,6,128,4330040006fa05f904fb02fb01fb00fbfefcfdfdfcfdfafefafef900f900f901f801f902f903f803f904f806f806f805f806f806f70600000000000000000000000000000000000000000000211021131f1421161e141e161d171b17191719161b17191517131611140f130f120c0f080f080e060c030b010a000aff09fc09fa
CSIX,1635499242,024353490001,-69,6,128,43300400f602f704f804fb03fb03fd02fe03ff0302030204040305030602070208010902090009ff0aff0afe0afe0bfd0cfd0bfd0bfc00000000000000000000000000000000000000000000e7dde9dbe9d9ead9ebd9efd9efd9f1d9f1dbf2daf3daf3dcf4def4e3f5e6f3e7f3ebf5eef5f0f5f3f4f5f5f8f6fbf4fcf4fef4ff
CSIX,1635549828,024353490001,-69,6,128,4330040006060505050405020401040003ff01fd02fc01fb00fa00fbfff9fdf9fef7fcf7fcf8fbf7fbf8faf8f9f7f9f6f9f6f9f8f9f700000000000000000000000000000000000000000000ef20ed1feb20ea20e91fe81ee81de81ae91ae719e719e818ea14ee15f012f013f410f610f70efa0efb0cfd0bff09010903090407
CSIX,1635564966,024353490001,-69,6,128,433004000108010700060005020401020300030003fd04fd02fb02fb03f903f903f701f801f800f700f6fef5fef5fef7fff4fff4fef400000000000000000000000000000000000000000000dd0cdb0adb08da07db07da05da05dc05dc03dd05dc02df03e103e304e704e804eb04ee05f005f306f406f706f907fa07fc09fe09
CSIX,1635590942,024353490001,-69,6,128,4330040003f803f901f800fafffafdfdfcfcfcfefcfffa00fa01fa02fa02f904f905f905fa07fa07fb08fb09fa09fb0afb0bfb0bfb0b00000000000000000000000000000000000000000000280529082909290b280b280d280f260f230e230e250f230d200d1e0a1a091a0816061303130211000f000cfe0afc0afa09f907f8
CSIX,1635616981,024353490001,-69,6,128,4330040004fa05f902fa01fa01fbfffcfffdfefdfdfffbfffbfff902f801fa02f802f902f904fa05f905f906f907fb07fa08fa08fa0a00000000000000000000000000000000000000000000220a230e210e2411201023131e141e131d131c111e101d0f1a0e1a0c170c150b130a0f0511050e040c030c0109fd0afc08fa08fa
CSIX,1635644124,024353490001,-69,6,128,433004000604070306010500040003fe02fe00fc00fbfffbfefbfdfafcf9fdfafbf8fbf9faf9f9faf9faf8fbf8fbf7fbf5fcf6fcf5fb00000000000000000000000000000000000000000000fa24f724f524f424f423f223f023f11ff11ff21ff11ff31ff41cf71af617f717f914fc11fc10fe0eff0c010c030a050806080507
CSIX,1635674882,024353490001,-69,6,128,43300400fa08fb07fd06fc05fe05ff030002020204010500060005ff07fe07fc07fc07fc07fb07f906f906f805f706f805f606f506f500000000000000000000000000000000000000000000d7f4d7f2d7f1d6efd8f0d9ecd9eddcecdceddfecddeadfece3ede3efe7f3e6f4e9f6ecf9eefaeefdf0fef2fff401f403f606f806
CSIX,1635704869,024353490001,-69,6,128,4330040002f802f802fa02fa00fafffcfefefdfffcfffb00fb01f902f902f903fa04fa03fa05fb06fb06fb07fb07fb08fb09fc0afc090000000000000000000000000000000000000000000024052407240725092409240c230c210c200d200d200e1f0c1c0c1a0a170717071405110310030f010d000cfe09fd09fb08f906f9
CSIX,1635734763,024353490001,-70,6,128,43300400f601fc00f907fc04fd04ff05000400030304040305020602080006fe070009fe07fe06fd09fc08fc09fc0afc0bfd0bfc09fa00000000000000000000000000000000000000000000e1e8dfe4dde8e0e6dbe4dfe3e4dfe7e5e6e1eae2ebe1ece1ebe3ebe2edebf2eaf0e7f0f9eef3edf9f4f6effaf3fdf4fdf6fef3ff
CSIX,1635794139,024353490001,-69,6,128,43300400f602f803f703fa04fc03fd04fe030003010402040404050406040603070108020701090009ff09fe0afd0aff0bfe0afc0bfd00000000000000000000000000000000000000000000e6dfe7dee7dce8dce8daebdbecdaeedceddcf0daf1daf1dbf3dff2e2f3e6f3e7faeff5eaf5f0f6f3f3f5f5f7f5fbf4fcf3fff500
CSIX,1635855070,024353490001,-69,6,128,43300400fff700f8fff7fef9fefafdfcfdfdfdfefc00fc01fb02fb03fb04fb05fb05fc06fd07fe08fe09fe0aff0a000aff0b000cff0c0000000000000000000000000000000000000000000027f228f529f52af728f829fa29fa27fd27fc26fd27fe25fd23fd1ffc1cfd1cfc17fb14fb11fa0ff90df90af809f707f605f604f5
CSIX,1635885174,024353490001,-69,6,128,43300400fd09fc08fe090007ff06010301040202030004ff05fe04fe05fe05fc05fa05fa04f904f804f703f603f403f604f503f303f400000000000000000000000000000000000000000000d600d5fcd5fbd4fad6fad5f7d7f7d9f6d9f7daf5d9f5daf6def6e0f8e4f9e4fae8fcebfdecffef01f102f303f505f607f809f90a
CSIX,1635914132,024353490001,-69,6,128,43300400f8faf8fbf8fbf9fdfbfefbfffc00fc02fd02ff03ff04ff0400050105010602060405050505050605070508060806080608060000000000000000000000000000000000000000000006db08dc0adb0bda0bdc0edc0ddd0edf0edf0ee00fdf0ee10de30be50ae90ae807eb05ee04ef02f000f2fff3fdf6fcf5faf7f8f8
CSIX,1635975464,024353490001,-69,6,128,43300400f8f8f8f9f8fafafdfafdfbfffc00fc03fd03fe050005000400060206010703080308040805060607070707080808080807070000000000000000000000000000000000000000000011d913db15da16d916db18dd18dc18e018df18df1ae019e217e514e511e90fe80beb0aec08ee06ef03f001f2fef4fef4fdf4faf6
CSIX,1636004947,024353490001,-69,6,128,4330040003f703f504ebfefefff803f802f9fbfcfdfcfc03f7fdfafefe06f604fdfbfc08f409fa04fd07fb0afb08fc09fe06fc0cfa09000000000000000000000000000000000000000000001e1c191f19101f251820171a22101a21191a1b1908331f18191a1714fe1a1212150e0d0e200817090d0b0cfe200406fe06f90bf9
CSIX,1636064487,024353490001,-69,6,128,4330040008fd05f903f503fd000002fdfffefffcfefffdfcfc00fcfdf8fff902f8fdf700f802f702f802f702f704f703f602f707f6050000000000000000000000000000000000000000000020131f1120101f191f171e151c191815181519161d1c161616181312121314140e0d0e080b0d0d050d070d050b030b0108fd07ff
CSIX,1636094177,024353490001,-69,6,128,4330040002f802f601f701f9fffafffbfdfefcfefcfffb00fb01fa02f902fa04fa04fa05fb06fb07fc07fb08fb08fb08fd0afc0afc0a00000000000000000000000000000000000000000000250325042405260725052606260a270c220a210a220c21091b0c1d0c1707170715041202130210ff0efe0bfe09fb07fa05f905f8
CSIX,1636126993,024353490001,-69,6,128,4330040009fc07fc07fb06fc04fc02fb00fc00fcfdfcfcfcfafdfafdf8fef9fdf7fef7fef7fff701f701f502f502f403f403f404f4030000000000000000000000000000000000000000000019211623162516261525132612280f250f250f2510250e240d210d1e0a1b0c1b0a150a120b0f0b0e0a0a0a070b0509030a010a00
CSIX,1636155017,024353490001,-69,6,128,43300400f602f602f701fb01fb02fc02ff01fc01010801040504040505030605060408020701080109000bfe0a000bff0cfe0bfe0afe00000000000000000000000000000000000000000000ecdaefd8f1d7f1d5f1d7f5d6f6d6f7d7f7d7f7d8f8d8f8d9f8ddf7e0f9e3fbe3f9e8f9edf8eef8f2f8f3f8f6f7f8f7faf5fcf5ff
CSIX,1636184942,024353490001,-69,6,128,43300400f500f700f702f902fa02fc03fd0300030103020402040404050505040603070307020801080009ff0bff0bff0cfe0bfd0bfe00000000000000000000000000000000000000000000f3d7f5d5f5d5f7d5f7d5fad5fbd6fcd6fdd7fcd7fcd6fcdafeddfcdefce3fde3fce9fbecfaedf9f0f9f3f8f5f8f8f6f9f5fcf6fc
CSIX,1636334994,024353490001,-69,6,128,43300400fc08fd08fd07fd050005000301020202020004ff04ff04ff04fe04fc05fb04fc04fa03f903f703f703f603f604f503f504f500000000000000000000000000000000000000000000db02d900dafed8fddafdd9fcd9faddfaddf9ddfadcf8def9e1f9e3fbe7fae7fceafdedfeedfff001f301f404f605f706f908fa08
CSIX,1636375254,024353490001,-69,6,128,4330040008fb09fc06f603fb01fb02fc01f9fdfafcfef9fefafdf802fbfcf700fa04fc02f603f905fa06f704f606f605f605f706f60600000000000000000000000000000000000000000000210f21121f14231320141f171e161d161b181d1819171d171714181114101310100d0f0a0b0b0c050c030c010cff0afd0afd0bfb
CSIX,1636426253,024353490001,-69,6,128,43300400faf9f9f9f9fbfafcfcfdfbfffc00fd01fd02fe030004ff0500050106020702060306040605060607060607070707070707070000000000000000000000000000000000000000000012df15e116e016e117e218e219e317e518e518e519e517e716ea12e912ec10ec0dee0af009f106f204f202f400f5fef5fdf6fbf6
CSIX,1636454374,024353490001,-69,6,128,43300400fdf6fdf6fdf8fdf9fbfbfffcfa02faf8f9fdf902fb04fd04fd06fd06fd06ff07000700080108000a010a0109010a010b010a000000000000000000000000000000000000000000001eea21eb21ec20ed20ee22f222f221f221f220f523f320f31df518f41cf618f714f70ff60ff70cf70af707f605f803f700f700f7
CSIX,1636515121,024353490001,-69,6,128,43300400f605f805f906fb04fd03fe03ff03020303020402050206010702070008ff09fe07fe07fc08fb0af90af90afa0bf90bfa0bf900000000000000000000000000000000000000000000e0e4e3e1e2dfe4e0e3dfe6dee6dee9dee9dfeadee9deeadfede2ede5f0e7eeeaf0eef0f1f2f2f2f5f3f8f3fcf5fcf500f402f402
CSIX,1636604156,024353490001,-69,6,128,43300400f700f702f802f901fc02fd02fe02000301020403040204030603070107020701080008ff09fe0afd0bfe0bfd0cfe0bfc0cfd00000000000000000000000000000000000000000000eadbecdaeed9eed8efd9f0d7f1d6f5daf3d9f4d9f4d8f6dbf6ddf5e0f6e4f5e5f6e9f6edf7eff6f1f6f3f6f5f6f9f5fbf5fdf4fe
CSIX,1636636618,024353490001,-69,6,128,43300400fe08fd07fbfb000801040304020b010103fe04fc02f600fd03fb02f8fffdfffa01f9fff601f5fef6fef5fdf6fcf7fef5fef500000000000000000000000000000000000000000000da06dc05d50ddb03db04d8ffe1f5df00dd02dd01e4efdffdddffe3fdd306e200e803f000e001f003f403f704070af904fa09fd09
CSIX,1636664692,024353490001,-69,6,128,43300400fd09ff080008ff060105010301030200030004fe04fe04fb05fc05fb04f904f904f803f602f602f502f402f403f302f304f400000000000000000000000000000000000000000000d705d502d501d400d600d4fdd5fcd7fcd7fcd8fcd7f9d9fcdefbdffde3fce3fde7feeb00ec02ef01f104f405f605f707f809fb09
CSIX,1636695561,024353490001,-69,6,128,43300400fef7fff8fef8fefafefafdfcfdfefdfffc01fb02fd03fc03fd05fd06fd06fd06fe07fe080009ff0aff090009000a000aff0a0000000000000000000000000000000000000000000023f424f624f626f724f725f926fa22fb24fc22fb25fc22fd1ffc1cfc1afc19fb15fb12fa10fa0efa0bf909f907f805f703f602f6
CSIX,1636755916,024353490001,-69,6,128,43300400ff08fd08ff08fe05000502020103fe0400fb05fd03fd03fc03fb04fa03f904f902f802f702f703f601f602f500f401f503f600000000000000000000000000000000000000000000d901ddfedafdd9fddafcdbfbdafadef8ddf9daf9dbf7def9e0f9e3fbe6fce7fce9fdedffef00f001f203f402f705f806f806fa08
CSIX,1636784370,024353490001,-69,6,128,43300400f603f806edfdfd05fb04fe02020d01020201040105f9060207000700020308ff08fd08fb0dfc0af90afa0bfa08f70bf90bf900000000000000000000000000000000000000000000dfe5e0e2ebd2e1dfe5e1e7ddd6e6e6e0e9dfe9dfd1daebe1ebe1ede7fafbf3eaf3edf1f5ee07f2f5f3f8f1fa00eef400f402f502
CSIX,1636844430,024353490001,-69,6,128,43300400f8faf7faf9fcfafdfafdfcfffd01fe02fe0300050105010502060206040705070607060707070807080709070a0709060907000000000000000000000000000000000000000000000bd90fd70fd910d70fda14d915db14dc15de13de15dc13de12e20fe20ee70ce609ea05ec05ec05f002f201f3fef4fcf5faf6faf7
CSIX,1636874571,024353490001,-68,6,128,43300400020704080207040503040203020002ff02ff03fb01fb01f802fa00fa00f700f8fef7fff5fdf6fdf6fdf5fcf7fcf5fbf5fbf500000000000000000000000000000000000000000000e315df13df12dd13df11dd10dd0fe20fde0edf0cdd0ee00de30be50ce80be90aed09f10af10bf40af608f909fb08fd08ff0a010a
CSIX,1636936131,024353490001,-69,6,128,4330040000f600f7fff900fafffbfefdfffefdfffd01fd02fc03fd04fc05fd06fc08fd07fd08ff09ff09ff09ff0aff09ff0aff0bff0a0000000000000000000000000000000000000000000022f525f724f926f824f926fb25fc23fc23fd23fd24ff21fd1ffe1cfd19fd18fd15fd11fb11fa0df90afa09f906f806f804f604f6
CSIX,1637114074,024353490001,-69,6,128,43300400fdf3fdf700f9fff9fff7fbfef9030100fefdf702f9080007fe03f802f609fc0cff09fc06fb0afb0dfe0bfe0bfc0afb0cfc0c000000000000000000000000000000000000000000001ee722e925e825e722e925ed27ee26ef25ee23f126f526f422f41cf51af81bf716f811f711f70df60af80af909f504f401f703f8
CSIX,1637150096,024353490001,-69,6,128,43300400010801070107020502040202010003ff03fc03fc01fb02fb01fa01f801f700f700f7fff6fef6fef5fef5fdf5fdf5fdf5fef500000000000000000000000000000000000000000000de11dd0edc0edb0edc0ddc0cdb0bdd09de0add09dc08de08e107e407e706e707eb07ef07f207f407f707f808fa08fd09fe08ff09
CSIX,1637202579,024353490001,-69,6,128,4330040003fe04fb02f9fcf703fcfffd03fafffdfbfffb01fbfffb00fa01fa01f902f902f903f903f904f906f905f905f805f805f80600000000000000000000000000000000000000000000250b20071f0f240e200c1d101f0d1b0f1c0e1a101c111b10150f150d130c150e10090e0711080c030b020801080008ff09fd06f9
CSIX,1637217744,024353490001,-69,6,128,43300400f8f8fbfef8fdf9f9fb00fbfefd000001fd01fe05fd09fd04fd05ff09fe0c03050009020902080508040a02090408050905080000000000000000000000000000000000000000000011e015e014e318de15e31be119e31be519e81ae61be718e817e914ea14ed11ef0cee0af20cf205f006f306f3fff4fff9fdf5fbf8
CSIX,1637266951,024353490001,-69,6,128,43300400f6faf6fcf7fdf9fefafefbfffc01fe01fe04000401040105030604060406060507060705090509050a040a050b050a050a050000000000000000000000000000000000000000000007d70ad60bd70bd50cd80fd70fd80edd0fdb0fda10db0fdc0edf0ce10ce30be507e805ec03ed01ef00f1fef2fcf4f9f6f8f7f8f9
CSIX,1637294120,024353490001,-69,6,128,43300400f6fdf5fef6fff8fff900fb00fd02fe02fe0201040204030304040503060507050703080409020a020a040c030c030b010c0300000000000000000000000000000000000000000000fbd6ffd6ffd501d400d403d405d505d906d805d806d605d906dc04dd03e203e301e7ffebfeecfdeffcf2fbf3faf5f8f7f7f9f6fb
CSIX,1637385283,024353490001,-69,6,128,43300400040704060505040402020201030002fe01fd01fb00fb00fafffafff8fef9fdf9fcf9fcf7faf8fbf6faf7f9f7faf6f9f7f9f700000000000000000000000000000000000000000000ec1fe91de81de71de71ce61be51ae619e518e618e417e616e814ea13ed11ed12f010f40df50df80dfa0cfc0bfe0aff0a03090308
CSIX,1637444938,024353490001,-69,6,128,43300400f9f7f9f8f9fbfafbfafdfbfefc00fd00fd02fe04ff0500060106010602070308040805080708070807080808080908080809000000000000000000000000000000000000000000000fd912da14da14d915dc17dc18dc16df17df17e019e017e216e413e412e911e80ceb0aee07ee05ef02f101f2fff4fcf3fbf4faf5
CSIX,1637475577,024353490001,-69,6,128,43300400f805f906fa05fd05fd03fd030003010202010400040006ff06ff06fe07fd08fd08fa08fa08f909f70af80af80bf80af70af700000000000000000000000000000000000000000000dce9dee7dee5dde4dfe5e0e3e1e3e3e4e3e4e5e4e4e2e5e4e8e6e8e8ebebebeceef0eef4eff6f1f8f1fbf2fdf5fef401f302f503
CSIX,1637504355,024353490001,-69,6,128,433004000805080406040602050103ff02fe00fdfffcfefbfff9fdfafcf9fcf9fafaf8faf9faf7faf6faf5faf5f9f5f8f4f7f4f9f5f700000000000000000000000000000000000000000000f828f528f428f228f327f127f027f024f124f024ed24ef23f11ff21df41af619f715fb14fc13fe0f000e010d030a040a060a0708
CSIX,1637534043,024353490001,-69,6,128,43300400050805070605050403020301020002fd01fc00fafffbfffafef8fef8fdf7fdf7fcf8faf7f9f8f8f7f8f6f7f6f7f5f8f5f9f600000000000000000000000000000000000000000000ec24e923e923e724e822e621e721e61ee61ee51de31ce51ce618ea18ec16ee16f113f411f610f910fc0efe0cff0c010c020b030b
CSIX,1637594079,024353490001,-69,6,128,4330040001f801f901f9fffbfefcfefefefefd00fd01fb03fc04fc04fc05fc05fc07fe07fe08fe08ff08ff09ff0aff0bfe0cff0cfe0c0000000000000000000000000000000000000000000023f624f724fa27fa23fc26fd25fd22fe24fe22ff240121001dff1afd1aff18fe17fd14fb11fc0efb0af80afa06f907f805f803f6
CSIX,1637628095,024353490001,-69,6,128,4330040003f801f901f900fbfffcfffdfefefefffd00fd02fb02fc03fc05fb04fb06fa07fb07fc08fd09fd0afd0afd0afd0bfc0bfd0b000000000000000000000000000000000000000000002400240426042605260625082408220922092208220921081e081b05180619051404110111000fff0dfd0bfc09fb08f907fa06f8
CSIX,1637655040,024353490001,-69,6,128,4330040004070406040403040401030000fe010204f902fbfffafef9fef8fff9fef8fdf7fcf7fbf7f9f7f9f6f8f5f8f6f8f4f9f5f8f500000000000000000000000000000000000000000000e51ee31ce11de01ce01bdf1add18df16de17e016df16e114e313e613e810ea10ee10f20df30ef60cf90bfa0cfd0aff0b000b010b
CSIX,1637688281,024353490001,-69,6,128,43300400fef7fdf8fdf9fdfbfdfcfefefdfffd00fe03fe04fd05fe05ff06ff07ff0801080207020803080609060a050b060c050b050b0000000000000000000000000000000000000000000022ea23ea25eb27ec26ed28ee27f025f225f224f226f324f320f51ef31af518f415f511f50ff50cf40af508f404f503f401f400f4
CSIX,1637714096,024353490001,-69,6,128,433004000703080308010600040003fe02fd00fcfffcfffbfdfbfcfbfbfafbfbfafbf9fcf9fcf7fdf7fdf5fdf4fdf4fdf3fcf4fdf3fd00000000000000000000000000000000000000000000ff28fc29fb2af92bf92bf62af529f626f526f527f526f524f621f81ff91cfa1bfb16fe1400130011020e040d0509060908080906
CSIX,1637744154,024353490001,-69,6,128,4330040006060604060505030402030002ff01fe01fd00fafffbfffafdf8fcf9fcf9fafafafaf9f9f7faf7f9f5f9f4f9f5f8f5f9f5f800000000000000000000000000000000000000000000f027ed25eb25e925ea24e823e723e81fe720e920e720e91eeb1ced1aef16f017f315f711f811fb10fc0efe0d000c020b04090609
CSIX,1637774380,024353490001,-69,6,128,43300400fcf7fbf8fbf9fcfbfcfcfcfefd00fd02fc03fe05ff05ff0600060008ff06020803070309040806080609060a060b0709050b000000000000000000000000000000000000000000001ee320e522e523e522e624e824ea22ec22eb23eb24ec21ed1eee1bee18f117ef13f20ff20ef30af208f406f502f501f5fff5fef5
CSIX,1637834164,024353490001,-69,6,128,433004000109030a0407020803050402040203ff05fe04fe04fc04fc04fa04fa03f804f702f701f700f500f4fff4fff3fff300f200f200000000000000000000000000000000000000000000dd16dc13d913d713da11d710d70ed80dd90dda0bd90ada0add07e00ae407e50aea09ef09ef08f109f60af70af909fc0cfb0cfe0b
CSIX,1637925484,024353490001,-69,6,128,43300400fe07fd07fb08ff08010702050202030103030603090109fd07fb07f405f702f803f802f803f802f804f604f807f508f508f300000000000000000000000000000000000000000000db0fd80bd908d407d505d306d404d804d902da01d600d802de03e003e400e6fde8ffe701e906ee08f309f607f805f608f70cfa0c
CSIX,1637955304,024353490001,-69,6,128,43300400fc0afc09ff07ff0601060205030304030501060005ff06fd06fe07fd07fb07fb06f906f805f705f606f506f407f407f308f300000000000000000000000000000000000000000000d805d601d7ffd4fed7fdd5fcd6fad9f9daf9daf9d9f8daf9defae0fbe3fbe5fce9feec00ed01f002f104f305f506f608f709f90a
CSIX,1637985847,024353490001,-69,6,128,43300400f705f805f905fb04fc05fd040005010402040304040504040604060307020701080009ff09fe09fd0bfe0bfe0cfd0cfc0cfe00000000000000000000000000000000000000000000e2ece3e9e3e8e4e7e5e7e5e6e7e3eae4eae6eae5eae4ece7eee8edebf0eef0eef2f1f2f5f2f6f2f9f4faf3fbf4fef400f502f603
CSIX,1638015744,024353490001,-69,6,128,433004000afe0afe08fd07fc06fc03fa02fa00f8fff9fef8fdf8fcf9fbf8faf9f9f8f9f9f7faf6fbf6fbf5fcf3fbf3fbf1fcf1fcf1fb00000000000000000000000000000000000000000000122210260f270e280d270c290829072607250724062607240521061e061b061906150811090f080e090b0b09070909070f000c02
CSIX,1638044055,024353490001,-69,6,128,43300400fcf5fbf5fbf7fbf8fafafafcfafef800f901f703f803f904f804f905fa08fb08fc08fc09fe0bfd0cfe0cfe0efd0ffe0efc0e000000000000000000000000000000000000000000001ee31fe521e723e723e824ea24eb23ed22ef22ef24f022ef1ef21cf218f217f313f40ff40ef30af309f306f303f303f200f1fff2
CSIX,1638074137,024353490001,-69,6,128,43300400010a020a02070306030405020402060006ff07fe07fd07fc08fc07fb06fa05f906f804f804f505f504f303f305f204f305f200000000000000000000000000000000000000000000e214de13de11dc11de0fdb0ddc0bde0bdd0adf09de09e009e206e507e807e907ed06ef09f009f40af70af70afb09fb0cfd0cff0c
CSIX,1638104097,024353490001,-69,6,128,43300400f3fef3fff500f701f802fa04fb05fc05fc06fe0800080008010902090309040905090608080809080b080b090b0a0b090b0a00000000000000000000000000000000000000000000ecdaefd8f0d7f1d5f3d6f6d4f7d5f8d7fbd8f9d9fbd7fadafbddfae1fce2fce4fbe8faecf8eef8f0f7f2f5f5f4f7f3f8f2faf2fb
CSIX,1638134177,024353490001,-69,6,128,4330040009ff0aff08fc07fb06fc04fb03fa01f900f9fef7fef7fef7fcf7fcf7fbf8faf7f9f9f8f9f8f9f4f9f3fbf5f7f4f9f4f7f5f700000000000000000000000000000000000000000000171c152014211423112010240e230c220a220b200a220a20081e0a1a081809160f11070b0a0f0b0d09090b070b050c040d030d02
CSIX,1638164349,024353490001,-69,6,128,43300400ff0b000a030903070306050406030602070108ff08fe08fe08fd08fb08fa09fb06f907f807f707f507f607f608f408f409f500000000000000000000000000000000000000000000e216e014de15de13de11dc10dc0fde0ddd0cde0bdd0bdf0ae209e509e808e808ec09f009f109f30af60af80bf90cfb0cfc0dfd0d
CSIX,1638194078,024353490001,-69,6,128,4330040006f606f605f606f705f800f8fef8fdf9fcfafaf9faf9f7faf8f9f7faf6fbf7fcf6fdf6fdf600f3fff2fef2fff300f100f1fe0000000000000000000000000000000000000000000024052508240a240d240d230f23121f111f121e101f121c101a0f180d170b160b14071206120310020f010efe0cfc0dfa0bfa0cf9
CSIX,1638225001,024353490001,-69,6,128,43300400fff3fdf4fdf6fdf8fbf9f9fafafcf9fcf8fdf6fff6fff601f600f602f503f504f605f706f806f708f708f609f50af509f509000000000000000000000000000000000000000000001feb20ed22ed23ef23ef24f223f421f522f621f723f821f81df91bf818f917f813f911f70ff60cf60af508f405f505f305f203f3
CSIX,1638268248,024353490001,-69,6,128,433004000a070a050a030903080108fe08fe06fb06f905f705f704f704f603f503f602f501f4fff3fff4fdf2fdf1fcf0fcf0fcf1fef100000000000000000000000000000000000000000000fe2bfa2af82bf72bf52af328f129f125f025f125f124f123f320f51ef51af61bf916fb15ff13ff1201110410050d070c090c090c
CSIX,1638315928,024353490001,-69,6,128,43300400f8f7f9f8f8f9f9faf9fcf8fff9fff8fff803f803f905f805f805f908f908fb09fb0afe0afd0bfd0bfe0dfe0dfc0dfd0cff0d000000000000000000000000000000000000000000000ddd12dd11de15dd14e017e019e217e619e616e417e517e615e810e910ec0fec0df008ef07ef05f103f201f0fff3fef1fbf1fbf3
CSIX,1638434162,024353490001,-69,6,128,43300400060a05090606060507040702070009fd09fe0afb08fa08fa09f908f708f607f606f505f405f304f205f104f106f006f006f000000000000000000000000000000000000000000000e722e321e31fe020e11dde1dde1be018df17df16de15e014e414e513e911ea10ee0ff10df310f60ff90efb0dfd0dff0e010f020d
CSIX,1638464539,024353490001,-69,6,128,43300400faf6f9f6f8f8f9faf8faf8fef8fff801f802f604f704f706f706f708f709f90afa0cf90cfb0cfb0efc0efc0ffb10fb0ffa100000000000000000000000000000000000000000000014db18db1add1cdb1bdf1fde1ee21ee41ee51de61ee61de71ae917ea15ed14ed11ee0cf00bf008f105f102f101f2fff1fdeffcf2
CSIX,1638524860,024353490001,-69,6,128,43300400f4fcf5fdf4fef601f702f902fa04fb05fc08fd09fe09fe0a000a020a010b020b030b040b060b060c080d080e090e080d070d00000000000000000000000000000000000000000000f8d6fcd4fdd4ffd3ffd302d304d406d706d807d807d806db06de03e004e301e400e9feebfdecfaeffaf1f7f2f6f5f6f5f5f6f4f8
CSIX,1638556776,024353490001,-69,6,128,43300400f504f703f704f904fc05fd06fe06010601070307040705070507070707070807090509050b040b040c050d050d050d050d0600000000000000000000000000000000000000000000e4e6e7e4e7e0e7e1e9e0ebdfecdfeee1efe0f0e0f0e0f1e2f2e4f2e7f5eaf2ebf4eef4f1f6f4f5f5f4faf4faf3fdf3fef3fff301
CSIX,1638584399,024353490001,-69,6,128,4330040000f6fcfafaf3fdf8fff5f8f6fcfbfcfef7fcf300f5fff801f608f806f805fa06fa0af708f908f90bf80af90af70df80bf60c0000000000000000000000000000000000000000000019e51ce61ce81ce71ee821ed20ed1fee20ee20f123ef20f11af21af315f215f40ef413f20df40df208f407f508f501f101f4fff4
CSIX,1638616566,024353490001,-69,6,128,43300400f4fbf4fef7fdf6fff902f701f904f606fe0dfc09fe0bfe0aff0bff0b000a020a030b040c050a050c050e060d080e070e060d00000000000000000000000000000000000000000000f9d6fad4fdd5ffd2ffd403d304d505d707d908da08d906db06df03e003e302e501e8ffecfeedfdeefbf1fbf2f8f3f5f6f4f6f2f7
CSIX,1638645376,024353490001,-69,6,128,43300400f5f9f6fef8fdf900f8fff703fa02fb04fd05fc07fe08fe08fe09ff090109010b020a030a040a040b060b060b070d060b050c00000000000000000000000000000000000000000000fddb00d901d802d804d906d807da07db08dd0ade0ade09df08e207e405e703e703ec01edffeffef3fcf3faf3faf6f8f6f6f6f6f8
CSIX,1638674767,024353490001,-69,6,128,4330040007f907f906f803fa01f900f9fef9fcf9fcf9f9f9f9faf9faf7faf7fbf6fbf6fcf6fdf5fef4fff3fff2fff2fff1fef200f1ff0000000000000000000000000000000000000000000020121f131f1620161e171d191d1919191a19171a161c1519131613141011110f100c0e0a0e080e050b020c000cfe0cfd0bfb0bfb
CSIX,1638734653,024353490001,-69,6,128,43300400fcf6fbf6fbf8fbfafbfcfafefafef900f901f803f804f805f805f806f807f808fa08fb0afd0bfb0cfd0afc0cfc0efb0ff80c000000000000000000000000000000000000000000001ce81fe91feb21ea20ec22ef22f021f120f220f221f41ff41cf519f416f515f611f50df60cf50af507f505f403f301f4fff300f3
CSIX,1638766788,024353490001,-69,6,128,43300400f7fbf7fcf8fef900fa01fa02fa04fb05fc07fd09fe08ff09ff09000a000a020b0209030a050a050a060b060c070c060c050d00000000000000000000000000000000000000000000ffda02da03d905d905d907d909db0add0add0bde0cdf0be109e408e506e905e904eb01ef00f0fff1fdf3fbf4f9f5f8f5f7f7f7f9
CSIX,1638827561,024353490001,-69,6,128,4330040002f608f8fff6fbf7fef6fcfafbfaf9fcfafff8fef5fff602f504f9fff205f702f405f904fa05fa06f608f708f608f409f50a0000000000000000000000000000000000000000000024fb280226022703260327062709240923062208230822081e081d0719071701150211fe10fe0ffb0cfd0cf80afa09f707f707f5
CSIX,1638860665,024353490001,-69,6,128,43300400f7faf6fbf8fdf8fef901fa02fb03fc04fc05fd06ff08fe0900090009000a0109020903090509050a0509070a070b060a060b0000000000000000000000000000000000000000000002da05da07db08d809da0bd90cda0cdd0ddf0dde0ede0ce00ce309e509e807e704eb03ee01effff0fdf2fcf3faf5f8f4f7f6f6f6
CSIX,1638884380,024353490001,-69,6,128,4330040003f503f500f501f7fff8fdf9fcfbfbfcf9fdf7fff7fff700f501f502f603f503f605f607f708f708f708f608f50af50af40a0000000000000000000000000000000000000000000028f329f529f82cf92bf92dfc2cff29ff290128022803260222021f001c011cff17ff14fc13fb10f90ef80cf70bf60af40af206f1
CSIX,1638914811,024353490001,-69,6,128,4330040006f604f803f904f803f6fdf9fdfafcfbfbfffbfcfafcfafffafff9fff901f801f702f804f804f806f606f604f509f609f4060000000000000000000000000000000000000000000025032507250626082308250c240e200e1f0e201022111f0f1a0c1a0a160b16071406140212070d020dfe0d010eff0ef50af90df5
CSIX,1638943932,024353490001,-69,6,128,43300400f6faf6fcf7f9f7fefbfdfb0000ff0109010600050003000502080006030803070507060507040705090609060b070b070a080000000000000000000000000000000000000000000002db07d708db0ad509dc0cd80ddd0cdb0edd0ade0cdc0cdd09e308e206e607e804ec02ed01f0fdf1fcf3fdf1fbf3f7f5f6f6f5f6
CSIX,1639007563,024353490001,-69,6,128,43300400f708f804f905fb06fe05ff05000201040203040306020603060207010700070007ff08fd07fb09fb0afc08fb09f90af90bf900000000000000000000000000000000000000000000dfece1eae0e8e0e6e2e6e3e5e5e1e5e4e8e2e7e5e8e2e9e6eae9ebebefedecefeff2f1f5f1f6f1f8f1fbf4fdf301f402f503f404
CSIX,1639036971,024353490001,-69,6,128,43300400f504f603f805f906fb04fd04fe0500030204030404040503070407020802090209000afe09fe0bfc0cfd0dfc0dfc0dfb0efb00000000000000000000000000000000000000000000e2e2e3dfe3dde4dbe5dce7d9e7d9ebdbebdbecdceddbeedcefe0f0e3f1e7f0e8f2ecf2f0f2f1f3f4f2f8f3faf4fdf3fef300f302
CSIX,1639064318,024353490001,-69,6,128,43300400fc0afd09fd08ff08ff0702050304040204000601070007ff07ff07fc08fb07fc06f906f805f706f606f507f407f407f308f400000000000000000000000000000000000000000000d400d5fdd3fbd2fad3f9d3f6d4f4d8f4d7f5d9f3d9f2dbf4def4e0f7e3f8e4fae8fbebfdec00ef00f103f305f406f608f609f80a
CSIX,1639095315,024353490001,-69,6,128,43300400fa0afb0afd09fd08ff080005020503050404070207010801080009ff09fe08fd07fc08fb07f808f809f809f70af70af50af600000000000000000000000000000000000000000000d5f7d6f4d5f2d5f0d6f1d6edd7eddbeddbebddebdae9dfece2eee4f0e7f2e6f4eaf7ecfaeefbeffdf0fff202f305f406f607f709
CSIX,1639129647,024353490001,-69,6,128,4330040009fd08fd07fd06fd05fc02fc00fbfffafefcfdfafcfafafafafafafbfafbf9fcf9fdf8fdf7fff6fff5fff400f300f300f400000000000000000000000000000000000000000000000f220c230b250a270a250727052704240324042304240321041d041c0418041704140610070f070c070b070908060a040a020a00
CSIX,1639183946,024353490001,-69,6,128,43300400f707f908fb08fc06fd05ff050105020403030503050306010802070108fe08ff07fe07fb07fb08f908f809f80af70af70bf700000000000000000000000000000000000000000000daeddaeadaead8e8dae8dbe4dbe6dee6e0e7e2e4e2e2e5e4e8e6e9ebeaeeeaeeecf1eef6eef8f0fbf1fdf100f401f402f405f505
CSIX,1639214291,024353490001,-69,6,128,43300400f6f8f6f9f6fcf8fdf8fdf9fefa00fb02fd03fc05fc06fe07fe06ff070007010702090307040705070708080809090709080a000000000000000000000000000000000000000000000ed811d813d814d714d918d918db18dd18de18e11ae017e115e412e510e80fe80cec08ed06ec03ef01f1fff1fdf4fcf3f9f4f9f4
CSIX,1639244140,024353490001,-69,6,128,4330040006f807f903f703f802f901fafffafffafcfbfcfbfbfcf9fdfafcf9fef7fef8fef801f901f903f804f805f705f605f606f60500000000000000000000000000000000000000000000220f1e141f15221520171f161e171c171c171b161819191616151513120e130e100c100810070e040d020b010aff0bfe0bfb09f8
CSIX,1639275960,024353490001,-69,6,128,4330040005f504f504f602f700f8fff8fef9fdfbfbfbf9fdf9fef7fdf7fff800f6fff800f802f804f905f807f807f707f708f70af509000000000000000000000000000000000000000000002909280d280f2910280f2812271422142314221422151f141d121d0e190d170b16081206120410010e000dfe0cfb0af90af809f7
CSIX,1639393963,024353490001,-69,6,128,43300400f8f7f7f8f7faf8fbf9fcf8fef9fffa00fb02fb03fa04fc06fd07fc07fd08fe07ff08000801080408050906080609060a060a0000000000000000000000000000000000000000000015dc18dc1add1cdd1bde1edf1ee31ee31fe51de51ce41be419e815e714ea13ea10ee0aef0aef08f105f202f2fff4fdf4fcf2fbf4
CSIX,1639428092,024353490001,-69,6,128,43300400fd08fe0afe0a0609020a0307020102fb0a000a04fffd06fdfff5030305fbfe0003f4ff00fbf403f103fdfbf8fbf904effcf300000000000000000000000000000000000000000000db01dafed9ffd8fed9fed8fbd9fadcfadcfadcfadbf9dff9e1fae4fce6fde7ffea00ee01ef03f005f306f707f506f909fa0bfe09
CSIX,1639488882,024353490001,-69,6,128,43300400f4fff400f501f802f902fa03fc03fc03ff05ff06000501070107040603050407050506030702080209020b030a020b010b0300000000000000000000000000000000000000000000f4d7f7d5f8d5f9d3fbd4fdd2fdd3ffd700d600d602d700d902dc00df00e3ffe3fee8fdebfcedf9eff9f3f8f4f7f6f6f8f4f9f5fb
CSIX,1639604402,024353490001,-69,6,128,4330040001f600f600f700f8fff9fdfafdfbfdfcfcfefafefafffb01f900fa01fa03fb03fc04fc06fd07fd07fd08fd09fc0afb0afa0b0000000000000000000000000000000000000000000025fe250027012702260328052507220724082308230821081e081c05180419031402120011fe0efe0cfc0bfb08f908f807f706f7
CSIX,1639635745,024353490001,-69,6,128,4330040007fb09f907fb03fa04fa03fb02f801f9fffdfdfcfcfafdf9fbfcfbfbfcfcf9fdfafff900f800f702f501f602f601f401f500000000000000000000000000000000000000000000001d171c131d181e1b1b1a191e171d161d161c141d141e121d121a10160e1410150e0e10100d0b0b080c040c030b040d010cff0bfe
CSIX,1639664159,024353490001,-69,6,128,4330040004f804f602f702f801f8fff9fffbfefafdfcfbfbfbfdfafdf9fff900fa00fa01fa02fb03fb04fa06fa06f907f809f909f908000000000000000000000000000000000000000000002407240a240b250d230d240f23112010201120101f121e101b0f190d160b160a1308110610040f020d000dfe0cfb0afb0af908f8
CSIX,1639724193,024353490001,-68,6,128,4330040007040704070307020501050004ff04fd04fd04fc03fb02fb02fa02fb01fa00fbfffbfdfafdfafcfafcf9fbf8fbf7fbf7fbf700000000000000000000000000000000000000000000fd29f71e0722f0280321ee1deb1af821031f031ef21af215f41af71bf41bfd11fd0ff812fe11000e000a010a0208030805080507
CSIX,1639755360,024353490001,-70,6,128,43300400050a07050606060406040700040006fe05fe04fc03fa03fb02f903fb01f800fafff8fdfafdf9fcf8fbf7faf4f8f4fbf5f9f500000000000000000000000000000000000000000000ee26ec24e924e725e724e523e321e61ee41de51ee11ce61ee617eb19ec13ef17f012f512f410f811fb0efc0dff0d000c050f0608
CSIX,1639792641,024353490001,-67,6,128,43300400020102000100010002ff010000fe01ff00fe00fe00fefffe00fffffefffefffefffdfefffefefefefdfefdfdfdfdfdfefdfe00000000000000000000000000000000000000000000000a000aff08fe090009ff08ff0afe08ff09fd09fd09fd09fe08ff07ff06fe07fe050004ff040104ff0301020003010203020201
CSIX,1639815831,024353490001,-69,6,128,433004000a020a000a0008ff07ff05fd04fc03fb02fa02fa00fafff9fff9fef9fdf9fcf8fbfafafbf9fbf6fcf5fcf4fbf5fbf5fcf4fb000000000000000000000000000000000000000000000729042b032c012c002afe2bfd2afc28fc28fa27fa27f926fa22fd21fc1dfe1cff17021502130510050e070c070a08090b080b06
CSIX,1639904648,024353490001,-69,6,128,433004000b000afe08ff08fe05fe03fa05f901fb01fcfffafefbfdf9fdfbfafbf8faf8fafafef8fff7fff500f5fff4fff501f301f3ff00000000000000000000000000000000000000000000062b022a032b012a0229002bfc30fa29fd25fe28fc2cf925fb21001ffe1c001d021802140413090d090f070e03080c030d060c08
CSIX,1639934073,024353490001,-69,6,128,43300400f808f907f907fb07fd06ff05ff05010401030403040205020601070007ff07ff07fd06fc06fa08f908f908f909f709f709f800000000000000000000000000000000000000000000d9efdbebdaeadae8dce8dce7dde4e1e4e0e6e1e6e0e5e2e6e5e8e6ebe8eee9efebf3edf6eef7eefaf0fcf1fef201f203f403f306
CSIX,1639998164,024353490001,-69,6,128,43300400050b05070207060506ff0203040106fe05fe03fa02fe01fd04f903f905fb03f901f701f7fef7fdf7fdf6fcf6fdf5fcf5fff400000000000000000000000000000000000000000000ec1eeb1de81de81de61ce61be519e518e416e617e519e316e915eb13ec11ed11f00cf70ef60ffa0cf80afb0cfc07040dff12060c
CSIX,1640084319,024353490001,-69,6,128,43300400f401f401f602f901f903fb03fc03ff040004000601050205030505050504060406020802080009000a010b000d010b010b0100000000000000000000000000000000000000000000e8dee9dceadaeadaebdaedd8efd8f1daf1d8f3d9f5d9f4daf6def5e1f6e6f5e5f6eaf5eef6eff4f3f5f5f4f6f4f9f4f9f2fdf2fe
CSIX,1640114761,024353490001,-68,6,128,4330040008fc09fc07fb04fb04fc02fa01fbfffcfefcfdfbfcfbfbfcfafcfafcfbfdf9fcf9fff8fff800f701f601f501f501f601f501000000000000000000000000000000000000000000001b181919191b1a1d191c181e161f141e131e131d121f121d101b0f170f160d150c100c0d0c0c0c090b070c050a020c000cff0bfe
CSIX,1640235619,024353490001,-69,6,128,433004000b030a020a01070107ff05fe04fd03fb02fb01f901f9fff9fef9fdf9fcf9fcf9fbfafafaf8fcf7fcf6faf5faf4faf6fbf6fa0000000000000000000000000000000000000000000008280529042a022b032c002bfe2bfd29fc29fc28f929f925fa22fc20fd1bff1cff17021502130411050f070d070b090a0b090c06
CSIX,1640264294,024353490001,-69,6,128,43300400f503f704f805fa04fb05fc05ff05000300040304030304030502050206020702060006ff06fd08fd08fd09fc09fc0afb0afc00000000000000000000000000000000000000000000e2ebe3e6e3e5e3e3e5e4e5e2e7e1eae2eae2e9e3eae2ebe4ede7edeaf0ebefecf1f0f2f3f1f4f2f7f3faf3fcf3fef3fff302f401
CSIX,1640293965,024353490001,-69,6,128,43300400f5f9f5faf7fdf8fdf8fff900f902fb02fd04fd04ff06ff06000700060107020603060405050406060706090609070807080700000000000000000000000000000000000000000000fdd800d301d603d203d606d307d606d50ad707da09d807da08dd06de06e206e404e700ecffecfeeffcf0f9f1faf3f7f3f5f5f5f7
CSIX,1640328493,024353490001,-69,6,128,433004000afb07fb07fa06fb05fb01fb00fbfffbfffbfdfbfcfbfbfcfbfbfafdfafdf9fef8fef900f801f602f601f602f501f603f502000000000000000000000000000000000000000000001c171c1a1b1b1b1c1a1d191f181d161d151d141e131f111e0f1a10170e150e140d100c0d0d0b0c090b060c030b030c010dff0bfd
CSIX,1640355050,024353490001,-69,6,128,4330040000f4fff4fef5fef8fdf9fcfbfbfcfafefafff901fa02fa02f903fa04fa04fb05fb06fc07fe07fe09fe09ff0afe0bfe0bfe0b0000000000000000000000000000000000000000000025eb26ee27ee29ef29f02af329f328f627f627f728f825f923f920f71bf91bf816f713f810f80ff60bf50af507f407f404f303f3
CSIX,1640384546,024353490001,-69,6,128,43300400030903080507040503020301050003ff05fe05fd04fc04fc03fb03fa02f902f902f900f9fff8fff6fdf7fdf6fdf5fef6fef500000000000000000000000000000000000000000000e61be418e219e118e118df16df16e113e112e012de11e110e30ee80ee90ce90eed0bf10bf30bf50bf90afb0bfd0bfe0b010b000b
CSIX,1640415677,024353490001,-69,6,128,43300400010b020a01070206030603020604fffb02fa07fe06fd03fc06fa07fc05fb03fa02f802f9fff701f6fff5fef500f5fef4fff400000000000000000000000000000000000000000000dc15d913d912d611d90fd50fd50ed70bd70ad809d70ad709dd09df09e108e609ea08ec09ee09f10af40af70cf90dfa0dfe0d000d
CSIX,1640478662,024353490001,-69,6,128,43300400f400f601f601f701f903fb03fc04fd05fe04000600060205040603050305050406030703070109010a020a020c020b010a0200000000000000000000000000000000000000000000eddbefd7f1d7f2d6f2d7f4d5f6d5f8d7f9d7f9d7fad7f8d9faddf9dff9e3f8e4fbe8f8ecf7edf7f0f6f3f5f5f4f8f4faf1fcf4fd
CSIX,1640504268,024353490001,-69,6,128,43300400050905080607050504040502040104ff03fd05fc04fb02fa02fa02f902f800f900f8fef9fdf7fcf7fbf6faf5fbf5fbf5fcf500000000000000000000000000000000000000000000e922e522e521e321e421e01fe01ee21be11ce11ae01be119e416e715ea13ea13ee11f210f410f80ff90efd0dfe0cff0e020e030d
CSIX,1640535344,024353490001,-69,6,128,433004000bfd0bfe09fd07fc07fd05fb02fa01fa01fafef9fdfafcfbfcfbfcfcfbfbf9fcfafdf7fff7fff601f4fff300f3fff301f4000000000000000000000000000000000000000000000018211623162416261424122811280e260f260e250e260c240a220d1e0a1b0b1a0a160a110b100b0c0b0a0d080c050e040d020d01
CSIX,1640633336,024353490001,-69,6,128,43300400f6f9f7f9f6fdf7fdf8fdf900fa01fb01fc03fc03fe05fe06ff06fe05010602070207030505060607060807080709070907080000000000000000000000000000000000000000000002d706d507d508d408d50cd40cd70cd90dda0dda0fda0cdb0cde0ae00ae408e406e703ea01eb00eefef0fbf1fbf4f8f3f6f5f6f5
CSIX,1640654319,024353490001,-69,6,128,43300400f6fbf6fbf8fcf9fefafffa00fb00fc02fd03fd04fe04ff05000501050105020604050305050605050605050509080507090600000000000000000000000000000000000000000000fdda00da01da03d902da05d907da06dd07dd08dd09dc07df07e105e305e605e702ea01ed00eefef1fdf2fcf3f9f5f9f5f7f7f6f7
CSIX,1640748504,024353490001,-69,6,128,43300400f605f705f906fa04fb05fe05fe05ff040104010203030302050205020601060006ff06fd08fd08fc08fc09fc0afb0afc0afc00000000000000000000000000000000000000000000deefddeddfebdeeae1ebe0e7e2e7e4e8e5e8e6e8e5e7e6e8e9e9eaedededecefeff2eff6f0f7f1faf2fcf3fef4fff302f303f404
CSIX,1640774919,024353490001,-69,6,128,4330040001f401f400f500f7fff8fef9fdfbfbfdfcfef9fefa00f901f901fa03f904fb04fb06fb07fc08fb0afb09fb0afa0bfb0bfa0c0000000000000000000000000000000000000000000028f52af82af82cf92afa2bfd2bff28002901270029022601230220001cff1cfe17fd13fb13fc10fa0ef90cf809f509f506f406f4
CSIX,1640864206,024353490001,-69,6,128,433004000905070408020601060105ff04fe03fe03fd02fc01fbfffa00fbfefafef9fcfafdf9fafbfafaf8faf8f9f7f8f7f8f8f8f9f800000000000000000000000000000000000000000000fd24fa25f926f827f826f525f424f422f421f221f121f31ff31cf71af717f818fa14fc12fe11ff0f010c030c040a060b070a0808
CSIX,1640905703,024353490001,-69,6,128,433004000afe09ff08fd08fc06fb04fc03fd01fc00fbfefbfdfcfdfcfbfcfbfcfbfcfafdf9fff9fff801f700f600f500f4fff501f50100000000000000000000000000000000000000000000161f132013211222122210230e230c210c220c210b210b1f0a1d091908170a180812080e090c090b0a0a0b070a040b030d010a02
CSIX,1640927858,024353490001,-69,6,128,43300400f404f504f604f705f905fb05fd04fe0400040205030403030405040305030601060007ff08fe08fc09fe0afe0cfd0afd0bfc00000000000000000000000000000000000000000000dfe8dee4dfe4e0e2e1e3e2dee3dee5e0e8dfe7e1e8dfe8e2ece4eae6ede9edeaf1edf0f1f0f5f0f7f0faf2fcf4fdf1fef001f102
CSIX,1640954052,024353490001,-69,6,128,43300400f607f706f908fa06fc07fd04ff0500040204030304030401050205000500060006fe07fc06fa08fa08fa09fa0af909f90af900000000000000000000000000000000000000000000d7f1d9eed8edd9ebd8eadbe9dbe8dee8dfe8dfe7dfe7e1e8e4eae5ede8eee8f0ebf4edf7edf8eefcf0fdf1fff301f102f105f306
CSIX,1640984146,024353490001,-69,6,128,4330040002f600f500f7fff7fff9fef9fdfcfcfcfafefafffb00fb01fa01fb03fb03fb04fc05fc06fd07fe07fd08fd09fd0afd0afd0a0000000000000000000000000000000000000000000024f525f825f927fa25fb26fd26ff24ff230022ff230022ff1e001dfe19ff18fe15fd11fc10fa0efa0bf90af708f607f505f405f4
CSIX,1641014056,024353490001,-69,6,128,4330040007f706f704f704f903f901fa01fbfefcfdfdfcfdfcfdfbfefafefafefa00fa01fa02fa03fa05fa06f906f906f706f90af70500000000000000000000000000000000000000000000230a230d220f24102210231221131e121e131d121e131c111a0f190d160c160b1309100510040f020e000dfe0cfb0cfb0bf80af8
CSIX,1641044178,024353490001,-69,6,128,43300400010a020a02070107040701050401040203ff07fd03fd05fe05fb03fc03fa02fa02fb00f9fff8fef6fff7fff5fef4fef5fff500000000000000000000000000000000000000000000e117de11e113dc13df0fde0edd0fe10edf0ce30dde0ce00ce50ae30be90ae909ee0aef06f10bf50af80bf90afa0bfe0afe0dff0c
CSIX,1641074087,024353490001,-69,6,128,4330040002f402f500f6fff7fff8fef9fdfafdfcfcfefafffafffa00fa01f902f903f904fa05fb06fc08fb09fb09fb09fb0bfb0afb0c0000000000000000000000000000000000000000000029f62afb2afb2cfc2afd2c012a0228022704270328032502210320001d021b0017fe13fd13fc10fb0df90cf70bf609f408f406f3
CSIX,1641104382,024353490001,-69,6,128,43300400fc0bfd0aff0a0008ff0702060105030303020501050105ff06ff05fe05fb04fb04fa03f903f703f702f503f604f404f404f400000000000000000000000000000000000000000000d70bd607d407d406d405d401d400d7fed7ffd8fed8fddafeddfedfffe4ffe301e902eb03ed04ef06f206f408f509f60bf70cf90c
CSIX,1641164156,024353490001,-69,6,128,43300400fcf5fbf7faf8fbf9fbfbfbfcfcfefbfffc00fb01fc02fc03fc04fc04fd05fe05ff05000701060207030703090309030903090000000000000000000000000000000000000000000018e31be41ce61ee41ce71fe81fea1eec1eed1cec1eec1bee19ef17ee14f113f210f20cf30af209f206f305f202f301f300f4fef3
CSIX,1641194384,024353490001,-69,6,128,43300400060906090608050506060503050204ff04ff04fc04fc02fa03fa02fa01f900f9fff9fef8fdf9fcf8fbf7fbf7faf5fbf6fbf500000000000000000000000000000000000000000000eb24e724e623e424e420e221e11ee21ce21ce31be21ae419e618e817eb14ed14f112f511f711f80ffa0ffd0fff0e010d030f040e
CSIX,1641224799,024353490001,-69,6,128,43300400040b060907080506060505020403050105ff04fc04fd03fb04fb04fb04fa02f801f9fff9fef7fef8fcf7fbf6fbf5fdf6fdf500000000000000000000000000000000000000000000e722e421e221e120e11edf1ddf1ce01ae119e017de18e116e414e714ea10e912ef10f310f30ff70efa0efd0ffd0cfe0f010f020d
CSIX,1641254098,024353490001,-69,6,128,43300400f400fb01f907fe07ff02fc00ff01fe060102ff030303000003060602060507020702060006ff08fe080007ff09fd07fe0cfc00000000000000000000000000000000000000000000dff0e0f1dfefd7eedbeddcebe2efe3ebe8e5e4e7e6e9e8e9e9e9e9edeef0eeecf2f2eef6f0f6f1f7effdf904f2faea03f301f6f8
CSIX,1641284211,024353490001,-69,6,128,43300400fbf5fdf6fcf7fbf9fcfafbfcfbfdfcfffb00fb01fc02fb03fc04fd04fc04fe04ff05ff06010601070207020802090209020a0000000000000000000000000000000000000000000019e31be41be61ee51de71fe81fe81eec1eec1ded1fee1cee1af117f015f114f010f10cf40bf309f307f304f302f302f3fff3fff4
CSIX,1641376136,024353490001,-69,6,128,4330040001f500f600f6fff7fdf9fdfafcfbfafdfbfef9fffa00f901f902f903fa04fb05fb05fc06fd07fd08fd09fe08fd0bfc0afd0b0000000000000000000000000000000000000000000027ef28f129f32bf32af52bf829f927fa27fb25fd27fe25fc21fd1ffb1bfc1bfa16fa13f912f80ef80df70cf608f608f406f205f3
CSIX,1641469473,024353490001,-69,6,128,43300400f400f6fff702f802f903fb03fd04fe04ff05010601060305020703060405050506030603070208010a0109000b0109010a0100000000000000000000000000000000000000000000eadbecdaedd8eed7f0d8f2d6f4d7f5d9f6d9f7daf9d9f8dbf9dff8e0f8e5f7e5f8e9f6edf5eff6f2f5f4f6f6f5f8f4f9f2f9f3fc
CSIX,1641494028,024353490001,-69,6,128,43300400010904070406060504030402050004ff04fe04fd05fc04fc03fa04fb04f902fa01f900f8fff9fef7fef7fef6fef6fef5fef600000000000000000000000000000000000000000000e71ce41ae219e119e217e015e215e214e210e311e111e310e50fe70fea0deb0eef0cf20bf40bf50bf90cfa0afc0bff0cff0b010a
CSIX,1641530535,024353490001,-69,6,128,43300400040805080506050506040502060005fe04fd06fb04fb03fb03fa04f901f802f800f8fff8fff7fff7fdf6fcf6f9f2fdf6fef500000000000000000000000000000000000000000000e722e521e321e220e21fe01ddf1bdf18df17e31add17e118e715e514ea13eb12ef10f210f30ff60ff80efb0dfc0dff0d010e020b
CSIX,1641587608,024353490001,-69,6,128,4330040007fa06fb04fa04fb03fc01fbfffbfffdfdfcfcfcfbfcfbfdf9fdfafefafef9fff900f901f902f903f804f804f704f805f804000000000000000000000000000000000000000000001f171d181f1c1b1d1a1a1b1f1b1f141b141f161f131b131b121b13140f111113100e0c0b0f0b0d070b050d000b020c000b0009fd
CSIX,1641615077,024353490001,-69,6,128,43300400f4fef7fff703f703f803fb02fc0400070107fe07ff08010303060206040305050604060209010701080009010a010a000a0100000000000000000000000000000000000000000000ecdaefd9efd6f1d6f2d6f4d6f4d6f7d9f7d9f9d9f8d7fbdcfbdefae0f9e1f9e4f9e8f8ecf8eef4eef7f2f5f3f2fbf5f8edfdeffc
CSIX,1641674059,024353490001,-69,6,128,43300400f504f606f704f906fb04fc05fe0600050005010703050406040605040705070307030801080008fe0a000a000cfe0afd0afe00000000000000000000000000000000000000000000e0e2e1e0e2e0e2dde4dee6dbe7dceaddebddecdeecdcecdeeee3eee4f0e8eee9f1edf2f1f1f2f1f5f2f7f1f9f2fdf2fdf200f201
CSIX,1641736432,024353490001,-69,6,128,4330040000f5fdf8fdf7fef8fbfafcfcfbfdfcfefafffbfffb01fa02fa02fa04fa04fa05fc05fc05fd06fe07fe08fd08ff09fe09fd090000000000000000000000000000000000000000000020f023f324f124f523f525f725f823fa22f922fb24fc21fc1dfc1cfa19fb18f914fa11f810f80ef80af809f607f705f504f503f4
CSIX,1641783895,024353490001,-69,6,128,433004000aff09fe08fc07fd05fb03fb02fa00fa00fafff9fdf9fcf9fcfafbf9fbfafafafbfbf9fcf8fdf8fef6fef5fdf5fef500f4ff000000000000000000000000000000000000000000001425112610280e290e280c280a2a082708260727072708240621081f061b071b071609120811080e0a0c090a0a070c060c040b02
CSIX,1641824424,024353490001,-69,6,128,4330040007ff070108ff03fc02fb00fd00fa00fc01fdfef8fff900fbfcf7fafcfafdfdfcf9faf7fcf9fdf7fef700f7fdf6fff6fef5fd000000000000000000000000000000000000000000000a210d270d2d0c25052b022a0823002403220223042401240023031c071a0c100f1b0716fd0402090e0f0c03ff0a010209000c00
CSIX,1641857005,024353490001,-69,6,128,43300400fa09fc07fe07ff06000601050304040305020601070107000800070008fe08fe07fc06fb06fa06f906f906f906f706f707f600000000000000000000000000000000000000000000d6fed4fbd5f9d3f7d5f7d4f5d6f5d8f5daf3daf3daf2dbf3def3e0f6e4f7e4f6e8f9ebfcedfdef00f001f202f405f405f507f708
CSIX,1641914679,024353490001,-69,6,128,4330040007fb07fa05f905fb01fb01fc01fa03f603f9fcfaf9fbfafcfbfbfafdf9fcf8fffbfef9fef902f802f901f803f803f703f302000000000000000000000000000000000000000000001e151d171d181d1b1b191b1c191d161a161c151c161c141a1218131610141012100f0e0c0d0b0d070d050d040b020b010cff0bfd
CSIX,1641946925,024353490001,-69,6,128,43300400fc07fe08fe080006ff0602050204020303010500050005ff06ff06fe06fe05fd05fc04fb04fa04f904f903f903f704f704f700000000000000000000000000000000000000000000db01d9fed9fcd8fbdafbd8f9daf8dcf7dcf6def7dcf7ddf8e1f8e3fae6fae7fbeafbeefeee00f002f202f304f605f607f708f809
CSIX,1642037514,024353490001,-69,6,128,4330040006f905fa05fa04f903fa02fc00fafefbfffafdfafbfdfbfcfafdfbfefafef9fffa00f900fb03f802fcfcfbf5f7fdf704f60400000000000000000000000000000000000000000000220f21122113201421131f171e181c171a181b181a191817161415131311130f0f0c0f0a0f080d060d030e030a000bff09fe0afc
CSIX,1642094232,024353490001,-69,6,128,43300400f6f9f7fbf7fdf9fff8fffa00fb03fcfef805fc03fe07fe06fe06ff07ff0703070306030504050605060508060805090409060000000000000000000000000000000000000000000002d506d407d408d308d50dd40dd60ed70ddb0eda10d90eda0cde0adf0ae408e306e702eb02ed00eefeeffbf0fbf4f9f3f7f5f8f6
CSIX,1642124519,024353490001,-69,6,128,43300400000a0109020802070306030405030401040005fe06fe04fe04fd05fb06fc05fb04fb03f902f902f701f801f701f601f602f600000000000000000000000000000000000000000000de11dd0edb0dda0ddb0cd909da09dc07dc07db06db05dc03e003e405e604e605ec05ef06ef07f208f508f609f809f90afa0afb0a
CSIX,1642247040,024353490001,-69,6,128,43300400fcf6fbf6faf7fafafafbf9fcf9fcfafff900fa01f902f904fa03fa04fb05fa06fc06fd07fe08ff0800090009000a000a010a000000000000000000000000000000000000000000001fe422e624e724e624e726ea26ea24ed25ed25ef27f024f022f31cf21cf419f215f311f40ff30cf208f307f205f304f302f200f2
CSIX,1642304073,024353490001,-69,6,128,43300400f601f704f803fa05fb04fd06fd05ff0500050205030504040405040406030704060207010701080009fe09fd0bfe0afd0bfd00000000000000000000000000000000000000000000e6dfe7dbe8dbe9d8eadaecd7eed7efdaf2d9f2dbf1d9f1dbf4dff2e2f5e4f5e6f5ebf5eff4eff4f3f4f5f4f8f4fbf3fcf2fdf3fe
CSIX,1642365746,024353490001,-69,6,128,43300400fe08fe080108020701050305030403020502050006ff05fe05fe06fd06fc05fc05fb03fa03f903f802f802f702f703f603f600000000000000000000000000000000000000000000dc0cdb08da08d808da07d804da04db01db01dc01db00ddffe000e401e6ffe601ea02ee02f004f205f407f508f709f809f90afb0b
CSIX,1642423996,024353490001,-69,6,128,43300400070808010502040006fa05f803fd05ff01fafffbfff9fcfcfbfbfcf9fef7fef9fcfbf9faf7fcf8fcf9faf6fbf7fcf5fdf5fd0000000000000000000000000000000000000000000007230123fd28002afc25fe26f825fb25f923fb24f920f61bf720fd1efb1402190313fe0e050f040d050a070d070b04090f060206
CSIX,1642455968,024353490001,-69,6,128,433004000703080307020501060005ff04fd03fc02fc02fa00fafffafff9fffafef9fefafdf9fbfafbfbfafbf9fbf7fbf7faf7fbf6fb00000000000000000000000000000000000000000000fc25fa25f926f626f526f525f324f422f322f221f021f21ff31df61bf718f717fa14fd11fe0f000e030d030b040a050908090708
CSIX,1642517460,024353490001,-69,6,128,4330040006fa05fa05f904fb02f901fb01fafffbfefbfdfbfbfcfafdfafdfafff9fff9fffa00f902fa02fa04f904f805f705f806f8050000000000000000000000000000000000000000000020131e161f161e171f181d1a1c1a191a1919181b171b161913171314101112110f0d0f0a0f070e050d030c010bff0cff0cfd0bfd
CSIX,1642604042,024353490001,-69,6,128,4330040000f7fff7fef8fefafdfafdfcfcfcfbfefbfefa01fa02fa02fa03fb04fa04fc04fc05fc06fd06fe07fe07fe08fe0afd0900070000000000000000000000000000000000000000000023f023f324f425f524f525f726f823fa24fa23fc23fd21fd1efd1cfc18fb17fb14fb10fa0ef90cf80bf809f707f706f505f502f6
CSIX,1642694445,024353490001,-69,6,128,433004000afd09fc07fa06fb05fb03fa02fa00fcfffbfdfbfdfbfbfbfafafafcf9fbf8fcf9fdf8fff800f701f601f502f503f504f403000000000000000000000000000000000000000000001c1e1a2119231824172316251526142312241223112510230f1f0f1c0d190d190c140c100c0e0c0c0c080d070c040d030e010d00
CSIX,1642723982,024353490001,-69,6,128,4330040009020a0109ff07fe06fe06fd04fc03fc02fa00fafdf9fef9fdf8fdf8fbf8fbf9fafafafbfafbf8fcf7fdf6fdf5fcf5fef5fd000000000000000000000000000000000000000000000728052b032a032d022aff2cfe2afc28fc28fc26fa28fb26fc22fe1ffd1cfe1c0018011303130510050e070c070a080a0a080a06
CSIX,1642758509,024353490001,-69,6,128,43300400f806fa05fb07fb06fd05ff05ff040004020404020402050105010600060007ff06fe05fd06fc06fb07fa07fb08fa08f808f900000000000000000000000000000000000000000000ddf0deeedeecddebdfeae0e8e1e8e3e9e5eae4e8e4e9ebe5e7e9e9ededefeaf0eef6edf7eff9f1faf3fcf3fff5fff401f404f603
CSIX,1642869644,024353490001,-69,6,128,43300400010a0109020901070506010404000407070505ff05fc04fb06fa05fa04fa03f902f902f801f800f601f6fff601f400f3fff400000000000000000000000000000000000000000000dc19db17d915d714da14d811d80ed80dd90dd80dd90ddc0be00ce10be709e70bea09ee09f00cf30bf40af70bfa0bfb0dfb0efe0c
CSIX,1642884708,024353490001,-69,6,128,433004000208040704060403040404010400030003fe03fc02fc02fb02f902f902f901f801f8fff8fff8fef7fdf7fdf7fcf5fdf6fdf600000000000000000000000000000000000000000000eb1fe81ee71de61ee61de41be419e517e517e516e315e615e813eb12ed10ee11f10ff50ef60ef90dfb0dfb0dfe0cff0c000c020b
CSIX,1642910685,024353490001,-69,6,128,43300400fcf6fcf6fcf8faf9fbfbfbfcfbfdfb00fb01fa02fb04fc05fb05fb06fc06fe07fe08ff080008000a020a0109030b010a020b000000000000000000000000000000000000000000001ce01fe11fe322e320e423e723e922e922eb20ec23ec20ec1def1aed17f016ef13f20ef10df10af208f107f203f302f101f200f2
CSIX,1642967339,024353490001,-69,6,128,43300400f9f9f9fbf9fbfafcf9fdfafffcfffc02fc01fc03fd05fd04fe06fe06fe05ff06000601070306030604070508050804080508000000000000000000000000000000000000000000000cdc0fdc11dd12dc12dd14df14e014e314e214e416e414e613e810e80eeb0ceb0aee07ef06f004f102f201f3fff4fef4fbf5faf7
CSIX,1642996593,024353490001,-69,6,128,4330040006050504070406030602050005ff04fd04fc03fc03fb02fa01fa01f901f9fff9fef9fefafef9fbf9faf9faf9f9f7f9f7f9f700000000000000000000000000000000000000000000f323ef23ee22ed23ed21eb20ea1eea1cea1beb1bea1beb1bed18f016f114f214f412f710fa10fb0efe0dff0c010a030b040b0409
CSIX,1643027218,024353490001,-69,6,128,43300400f7f9f7fcf9f9f9fcf8fff900fb01fefdfc0df908fe05ff06fd080106fd050105010702060406070508070806070808060708000000000000000000000000000000000000000000000fd811da11d614d813d814db18da17e115de18e118e218e213e511e610ea0be709eb07ed05ed03ec01f100f1fcf3fbf2faf4f9f6
CSIX,1643084197,024353490001,-69,6,128,43300400090008ff09ff06fe05fd04fd04fc02fb01fb00f9fff9fdfafdfafdfafcfbfbfbfafcfafdf9fdf8fef8fef6fef6fdf7fef5fd000000000000000000000000000000000000000000000d240a250826072706250426032502230123012200220121001d031b0318031703140511060f060d080b090a08070a060b060b04
CSIX,1643114616,024353490001,-69,6,128,43300400f1fef301f900f902fb05fc03fd05fd06fe030205010004030906030103050502050007ff06ff07fd08fd09fe09fc09fb09fe00000000000000000000000000000000000000000000e6e3e8e1eae0eadfece0eedeede0f0e0f0dff1e2f1e1f1e6f1e3f1e8f5eaf2ecf6f0f1f3f4f5f2f5f5f9f3faf6fcf5fef9fbf505
CSIX,1643179440,024353490001,-69,6,128,43300400fb06fd09ff09fe07ff05ff0601030303040206010400070005fe06ff05fd05fd04fc03fb04f803f904f703f804f704f705f700000000000000000000000000000000000000000000d903d8ffd9fed8fdd9fdd9fbdaf9ddf8ddf8ddfaddf6dffae2f9e5fce6fdeafcecfdf100ed02f003f205f106f609f607f507f90a
CSIX,1643205185,024353490001,-69,6,128,43300400f6fff700f902f902fa03fb02fc07fe05fe04ff04fe050103020402040302040305020701070107000800090109ff0a000a0000000000000000000000000000000000000000000000ede0efdbecdaf1dbf1dcf3dbf7d7f7dcf8ddf7def5dbfadffae2f9e4f9e7f7e9f8ecf8f0f8f4f7f4f6f5f6f6f0f9f5f9f4fbf4fc
CSIX,1643234099,024353490001,-69,6,128,43300400f604f903f905fb05fb05fe05fe05ff0401040104030403030403050205010601060006ff07fe07fd08fd0afd0afc09fc0afc00000000000000000000000000000000000000000000e3e7e4e4e5e3e6e1e7e2e8e1eae1ece2ede2ede3ece2ece4efe6eee9f1ebf0ebf2f0f3f3f2f5f3f6f3f9f3fcf4fef3fef300f501
CSIX,1643264146,024353490001,-69,6,128,4330040007fd06fd06fb04fb04fb02fa01fafffbfefbfdfafdfcfbfcfbfcfafcf9fdf9fdf9fef8fff800f600f600f600f501f501f50100000000000000000000000000000000000000000000171d151f14201422122111220e220d210d210c200b210b1f0a1c0b1909150a140911090e0a0d0a090a080b070a050b030b010aff
CSIX,1643294077,024353490001,-69,6,128,43300400fe09ff090008010602050204050404020401050005fe05fd06fc05fb05f904fa04f904f701f602f503f503f503f402f302f400000000000000000000000000000000000000000000d60ad507d506d204d403d402d400d7ffd7ffd8fed7fdd9fedefedfffe5ffe500e701ed02ed05f006f106f308f609f608fa09fb0b
CSIX,1643327421,024353490001,-69,6,128,43300400090408030800070005fe05fd04fd03fc02fb01fafffbfefafdf9fcf9fbf9faf8f9faf9faf8f9f7faf6faf6f9f4f9f5f9f4f900000000000000000000000000000000000000000000ff2bfb2bfb2bf92cf82bf52bf42af327f326f324f325f424f520f71ff81bf91bfc17fe1400140110040e040e050b070a090a0909
CSIX,1643357601,024353490001,-69,6,128,43300400fbf6faf8f9f9fafcfafcfafffbfffbfffb00fb03fd04fd05fe06fd07fe07ff09000801090209020a030a040b040b030b030b0000000000000000000000000000000000000000000018dc1adf1ddd1cde1edf1fe31fe21ee51ee720e720e71dea1ceb18eb15ee15ed0fef0cef0af108f005f104f002f100f2fff2fef2
CSIX,1643384345,024353490001,-69,6,128,43300400020804080506040404040401050104ff04fe04fc04fc02fa02fa03f802f701f801f700f5fef6fef4fdf4fdf4fdf3fef4fef300000000000000000000000000000000000000000000e01bde1adc19db19dc18d916d914dc12db12db10da10dd10e00de30ee70ce80dec0cf00cf20ef40cf70cf80dfa0cfc0cfd0c000b
CSIX,1643414095,024353490001,-68,6,128,43300400f703f905fa04fb04fd05fe040004000301030303040204010501060007ff07fe07fe07fd08fc08fc09fb09fb09fa0afa09fb00000000000000000000000000000000000000000000e1e9e2e5e3e5e3e3e3e4e6e2e6e2e9e3eae3eae3eae2ebe4ede7eee9f0eceeedf0f1f2f4f2f6f2f8f3f9f2fcf4fdf3fef400f501
CSIX,1643444533,024353490001,-69,6,128,433004000705070506040602050005ff05fe02fd02fc01fb00fbfffafef9fef9fdf9fbf9fbf8f9f8f9f9f8f8f7f7f7f7f7f7f7f8f6f700000000000000000000000000000000000000000000fc2af92af72bf52cf52af229f129ef28ef26f025ef24f123f21ff41ef61bf71af916fc15fd14ff1201110310030d040d070c070b
CSIX,1643477172,024353490001,-69,6,128,43300400fe09fc09000800040206000405020901020504fd04fe04fd04fe05fb05f906f905f705f703f803f603f403f404f403f504f400000000000000000000000000000000000000000000d60bd708d507d406d506d301d403d700d7ffdafed8fddaffdd00e001e202e302e701ea05ea06ed07f006f208f407f508f50cf90a
CSIX,1643507784,024353490001,-69,6,128,43300400fd05f803fa04f809fc07fe0702060302010203030402070006fe05fd03fb04fe05fd07fd07fa06fb08fb09fb09fa09f708f900000000000000000000000000000000000000000000daffdbfadaf9d8f5daf6daf4dbf4e1f1e0f2e0efdceee0f1e3f5e4f6e9f7e8faebfaeefbeefcf1fdf1fef1fff1fff003f206f60a
CSIX,1643534304,024353490001,-69,6,128,43300400060209040701050107fe040003f90a0207fd04fb00f9fdfafcfafdf9fdfbfbfbfbfafafbfaf9f9fbf7faf8faf6faf6faf6f90000000000000000000000000000000000000000000008240625052503260125fe26fc26fd21fe22fc23fb23fc20fd1efe1bfd19fe170015001202100410050c060b080a070a070a0909
CSIX,1643567586,024353490001,-69,6,128,4330040007f706f704f703f802f901f900fafefbfdfcfbfdfbfefafef9fff900f902f902f904f805f905f906f606f707f608f708f60800000000000000000000000000000000000000000000280a280d280f281226122715251522152116201421161f131c121b0f170d180c15091205130511020f010fff0cfd0cfc0cfa0af8
CSIX,1643594370,024353490001,-69,6,128,43300400f5fff500f701f802f902fa02fc03fd02ff0300040104030503040403060306040703070109020a010a010a020b000c000c0000000000000000000000000000000000000000000000eed9f1d7f3d6f3d4f5d6f7d3fad5fad7fcd8fbdafbd8fadafbdefae1fce3fae4f9e9f8ecf7ecf7f0f7f3f6f4f6f8f4f8f2faf3fd
CSIX,1643624381,024353490001,-69,6,128,43300400090009fe08fb08fc05fd05fb03fb01fb01fafffbfdfafcfbfcfbfcfafafbf9fbf9fcf7fdf7fdf8fef4fef5fef9fcf4fff4fd0000000000000000000000000000000000000000000014231127112710290e280d2a0b29092709270826072707240621081e061b071a0615081209110a0e090b0a090a080a050c050b02
CSIX,1643655598,024353490001,-69,6,128,4330040008fb06fa05fa04fa02fa01fb01fcfffcfefcfdfdfbfdfbfefafefafff900f900f903f903f804f805f805f805f705f706f7060000000000000000000000000000000000000000000020122015201620171e171e191e191a181a181819171a17191517141312111310110c10090f070f050d030d010c000cff0cfe0bfd
CSIX,1643684709,024353490001,-69,6,128,43300400fe08fe08ff07ff060105020401020201030103ff04ff04fe04fc04fc03fb02fa03f903f801f701f702f601f701f601f601f600000000000000000000000000000000000000000000dc0ddb0bd909d808d907d805d804db02db03dc01db00dd00e000e202e602e604eb04ed05ee06f007f207f408f508f709f90afb0a
CSIX,1643776187,024353490001,-69,6,128,4330040001f601f600f7fef8fff9fcfafdfbfdfdfdfdfcfefbfefa00fb02fc02fb02fb03fc04fd05fd06fc08fc09fc09fc0afc0afb0a0000000000000000000000000000000000000000000023f425f626f826f925fb27fc26fd23fe24ff22ff220121ff1eff1cfe19ff19fc16fd13fc12f90ffa0df90cf80af708f607f506f6
CSIX,1643804373,024353490001,-69,6,128,43300400f707f907fb08fd07fc06fe06ff05010302030402040205010501060006fe07fe07fc06fb07f907f807f809f909f809f809f700000000000000000000000000000000000000000000d7f5d6f1d7f0d7eed8eed8ebd9ebdcebddede0ebdee9e1ebe3ede4f0e7f2e6f3e9f5ebf9ebfaedfceffff101f202f103f305f406
CSIX,1643835616,024353490001,-69,6,128,4330040006f904f902f902f902fa00fafffafefcfefcfbfdfbfefbfff9fffafffa01fa01fa03f904f905f906f806f806f707f707f607000000000000000000000000000000000000000000002503240525072509250a240c230d210d1f0e1e0d200e1e0d1b0b1a0a1809170713061203120211010fff0ffe0cfd0cfb0cf909f9
CSIX,1643864854,024353490001,-69,6,128,4330040002f600f6fef7fef8fdf8fdfafdfcfdfdfafffb00fb02fb02fa04fb04f905fb05fb05fd07fe09fd09fd0afd0bfd0bfd0cfc0c0000000000000000000000000000000000000000000027f128f52af52bf72af82bfa2cfa28fd27fd26fd27fd24fd22fd1ffc1cfc1bfb18fa15f913f911f70ff60cf60bf608f507f406f4
CSIX,1643924213,024353490001,-69,6,128,43300400010b010903090407030503050403030203ff04fe03fd02fb04fb03f902f802f801f700f700f500f5fef4fdf4fef3fff3fff300000000000000000000000000000000000000000000dd18da16d915d815d913d711d710d90dda0cdb0cda0cdc0ddf0be30de60ae60ceb0cee0bf00cf20cf50cf70df90bfa0cfc0efe0c
CSIX,1644016846,024353490001,-69,6,128,433004000706070407020601050104ff04ff02fe01fc00fc00fbfefafff9fef9fdfbfcfafbfbfbfbf9fbf8fbf7faf7faf5fbf6faf5f900000000000000000000000000000000000000000000fe25fb26f926f826f824f626f424f422f521f420f420f51ff61df81bf917fa18fb14fe12ff12010f020e040c040b060b080a0808
CSIX,1644048703,024353490001,-69,6,128,43300400f809fa08fc09fd07fe05ff060104010303010200050005ff05ff06fe06fc06fc05fb04f905f805f705f605f606f506f407f400000000000000000000000000000000000000000000d600d4fcd3fad3f8d5f9d5f6d5f5d8f4d9f5dbf4d9f4dbf4def5e1f8e4f8e3fae8fbeaffebffed02f002f105f105f308f409f509
CSIX,1644077878,024353490001,-69,6,128,43300400f707f907fb08fd06fc07fe05ff05010202020201040205000600060006fe06fd05fb05fa05f906f807f807f708f608f508f600000000000000000000000000000000000000000000d6f9d5f5d5f3d5f2d6f2d7efd8efdbeedceeddedddeedff0e1f1e3f3e6f4e5f5e9f9ebfcecfdedfeef00f002f303f206f308f507
CSIX,1644104164,024353490001,-69,6,128,43300400fff4fef4fcf6fcf9fbf9fcfbfdfdfcfefb01fb01fb03fd03fc04fc04fd06fd06ff060008010801090209030a030b030c020c0000000000000000000000000000000000000000000022e625e925ea27ea25ec28ed27ef26f125f224f226f322f220f41cf31af418f414f510f410f30df209f308f305f304f102f101f2
CSIX,1644134681,024353490001,-69,6,128,4330040009050904080307020600050005fe03ff02fc00fb00fafefafffafefafdfafcfafcfafafbf9fbf7faf6fbf6fbf4faf4faf5f900000000000000000000000000000000000000000000fd2af92af72af62bf62af428f229f126f125f124f125f123f31ff71ef719f91bfc15fe14ff1301120310040f040d080c080b080a
CSIX,1644164262,024353490001,-69,6,128,43300400020a020904070306040504030402040104fe03fd03fc02fb03fa04fa02f901f900f9fef8fff7fdf6fcf5fdf5fbf3fcf3fdf300000000000000000000000000000000000000000000e11cde1adc1adc19dc18da16d915da12db12dc10dc11de11e00ee40fe70de80eed0cf00df10ef30cf50df80dfb0cfc0efe0fff0d
CSIX,1644254159,024353490001,-69,6,128,4330040003f702f800f800f9fffafdfbfefcfcfefcfefafffb00fb01fa02fb02fb03fc05fd05fd07fe08fe09fe09fd0afd0bfd0bfc0b0000000000000000000000000000000000000000000025fc25ff26002601260126042504240423052206230721061d061b0518031801140013fd12fd0ffd0dfa0cfa0af909f808f707f7
CSIX,1644344242,024353490001,-69,6,128,4330040005060506060404030501040004fe04fe04fd03fb02fb01fb00fa00fa01fafefbfdfbfcfafbfaf9fafaf8f7f9f8f9f7faf9f800000000000000000000000000000000000000000000f122ef22ee21eb23ec21ea21e91fea1de91dea1be71bea19ec18ee17f114f314f412f810f910fb10fd0efe0e000c010c030b0509
CSIX,1644374091,024353490001,-69,6,128,43300400f7fbf7fcf6fcf9fff900fa01fb02fc02fc04fd05ff05ff060105010502050304040405030703070309040a040c050b040a0500000000000000000000000000000000000000000000fbd7fed4ffd500d200d503d404d407d706d706d809d807d907dd04df06e304e400e6ffebfeebfdedfbeffaf1f9f3f8f3f6f5f6f6
CSIX,1644434300,024353490001,-69,6,128,43300400f600f601f900f802fc01fb04ff03fa03fc0901070305020503050205040503020501060007ff07ff09fe0bff0c000a010afe00000000000000000000000000000000000000000000eae1ede0ecddeedfefdcf1dcf0daf4dff4def4dcf6dcf6dff8e1f6e6fae9f6e8f8ecf5eff8f2f5f2f6f5f4f7f5f9f6f9f4fbf5fc
CSIX,1644557499,024353490001,-69,6,128,43300400f7fbf7fcf8fef800f801f902fb02fb03fc04fc05fe05ff05ff05ff06000502060305050406050704080409050a050a050a060000000000000000000000000000000000000000000000d504d505d405d406d609d509d60bd80bd80bd90dd90cdc0ade09df08e406e403e901eb01ebfeedfdf0fbf1faf4faf4f7f5f7f5
CSIX,1644614010,024353490001,-69,6,128,43300400ff08ff080108010602050305040405030501050004ff05fe06fe05fd05fd03fc03fa02f902f802f701f601f501f301f302f400000000000000000000000000000000000000000000d90fd60cd60bd50bd60bd407d305d604d703d702d603d902de02df03e403e405e805ec06ed07ee06f007f309f709f60af90afb0b
CSIX,1644645130,024353490001,-68,6,128,43300400f7f8f8f8f5fcf8fcf9fff9fff804ff05f808fb06fb06fd06fe06fe08000601040305030504070604060609060907090609080000000000000000000000000000000000000000000006d609d60dd40ed70ed810d710d711dc13dc11db14db12dc10e10ee10fe609e508e806eb02eb03ed00effff0fef4fbf1f9f3faf4
CSIX,1644674220,024353490001,-69,6,128,43300400f5fdf8fef7fff800f801f902fb03fa05fd05fd06ff0600060006000601050305040306030503060308040a040c040b030b0400000000000000000000000000000000000000000000f6d8f9d5f9d5fbd4fbd5fed400d501d601d702d804d701da03dd01de01e3ffe3fee8fceafaebfaeef9eff9f1f8f5f7f5f5f7f5f9
CSIX,1644706234,024353490001,-69,6,128,4330040005f802f700f800f8fef9fdfafdf9fdfbfbfdf9fcfafef8fff8fef901fa01fb01fa03fc04fc05fa07fa07fc09f909fd0bf7090000000000000000000000000000000000000000000029022a0529062a0829072b0a290b260d270c240c260e240c200c1f091b071b0517041502140011ff11fd0ffc0cfb0cfa0af709f8
CSIX,1644737141,024353490001,-69,6,128,433004000705070307020501050004ff04fd04fc02fc02fb01fa00fa00fa00fafffafdfafdfbfcfbfbfbfafbf8fcf7fbf6fbf6fbf7fa00000000000000000000000000000000000000000000fc24f925f825f625f725f524f224f322f220f21ff121f31ff41df61bf818f817fa15fd13fe12ff10010e020c040b050c06090608
CSIX,1644764011,024353490001,-69,6,128,4330040006f904f902f902f902f800f9fffafcf9fbfcfbfdfafcfafffafcfb00fbfefa02fa01fa04fb03f904f705f805f806f808f706000000000000000000000000000000000000000000002508250a240c230d230c210d2211240d1f121d101d131c1019121c0f170d140d1308110612040f030f020dff0cfe0afe0bfc0afa
CSIX,1644794022,024353490001,-69,6,128,43300400f705f805fa06fb07fd05fe05ff05020602060305040404040504050205000601060007fe07fb07fb08fa09fb0afb09f90afa00000000000000000000000000000000000000000000dce8dfe8dde4dfe5dde3e1e3dfe3e2e3e2e3e4e0e8e0e8e2ebe4ebe7eeece9eceef1ecf3eef5eff7f0f9f0fcf0fef2fef201f402
CSIX,1644824117,024353490001,-69,6,128,433004000afb08fb06fb04f905fb00f8fef900f7fdf7fdf7fefbfdf9ff00fffcf8fdfcfcfbfff900f901fa02f903f902f503f704f6040000000000000000000000000000000000000000000020141d191e191c1a1d191b1c1a1c161b171a1617151c111c14161316101310130f0f100b0f090b070e060c040b020d010c000cfe
CSIX,1644884265,024353490001,-69,6,128,43300400f908f909fc08fc07fe0700060006020502040404040305030501060106ff05ff05fd06fb05fa05fa06f907f906f806f608f700000000000000000000000000000000000000000000d6fcd5f8d5f7d4f5d7f5d5f3d8f2d9f2daf0dbf1daefdcf2dff3e1f5e4f7e5f8e8f9eafceafeecffef01f003f204f205f307f507
CSIX,1644923731,024353490001,-69,6,128,43300400f606f706f905fa06fc07fd06ff06000501060306040504050504050406020501050007ff08fe07fd08fd09fc0afb0afb0afb00000000000000000000000000000000000000000000daebdbe8dde6dbe4dde6dee2e0e1e4e2e3e2e5e3e4e1e5e4e8e7e8eaebece9eeecf1eef5edf5eef9effaf0fcf1fef001f202f204
CSIX,1644945670,024353490001,-69,6,128,43300400080707050804080307010700060005fe05fd04fb03fa02fa03f802fa01f9fff9fef9fef9fcf8fbf8faf8f9f7f8f7f9f7f9f700000000000000000000000000000000000000000000f628f229f129ef2aef27ec27ec26ec24eb23ec21ea23eb20ed1df21bf319f41af616fa15fb14fd13ff100110020d040f060e060d
CSIX,1645004147,024353490001,-69,6,128,433004000307020b05060405060506020601050105fe04fe04fe04fd04fc05fd04fb01fb02fa00fa00f8fff8fef8fdf7fdf7fdf6fef600000000000000000000000000000000000000000000ed20ea1fe91de61fe91de41be61be61ae417e618e617e716e913ec14ed12ee11f110f50ef50ef90ffa0efb0ffe0efe0bfa09020d
CSIX,1645036250,024353490001,-69,6,128,4330040009fa09f805f904f803f902f900f9fffafdf9fdf9fcfbfbfbfafbfafdf9fef9fef900fa02f903f804f802f704f605f606f50500000000000000000000000000000000000000000000270b270f2810281126122715241622162116211621171f151d141b101810180d1505110714061303100110ff0ffd0ffd0ffb0dfa
CSIX,1645066010,024353490001,-69,6,128,43300400f909f808fb08fc08fe07ff06000702050305050405040503050306010601050005fd06fd06fc07fb07fa07fb08f908f709f800000000000000000000000000000000000000000000d5fed5fad6f9d3f7d6f6d6f5d6f3d9f2d9f1d9f2daf0dcf2dff2e1f5e5f6e5f8e7fbe9fcebffeb00ee01ef03f205f206f207f408
CSIX,1645095231,024353490001,-69,6,128,43300400fe0cfe0a000a000702080306040404030502060004ff06fe06fe05fd07fc04fc04fa04f904f803f802f602f602f403f502f400000000000000000000000000000000000000000000de15db15d914d711d60fd70ed50dd608d609d809d808da0adc09e008e406e50ae708eb0aef0af00af20bf30bf60cf70df90efc0e
CSIX,1645125037,024353490001,-69,6,128,43300400090008fe07fe05fc04fb04fb02fb01fb00fafffafdf9fdfafcfafdfafbfbfafbfbfdfafef9fff8fff7fef6fef5fff5fff5ff000000000000000000000000000000000000000000001b171b1b191c191e181c16201520131e121f111e111f111d0f1b0f180c160e140c110d0e0d0d0c0b0d080d070c040d030e030d01
CSIX,1645155705,024353490001,-69,6,128,43300400040805080506050404030401040004fe05fe04fc03fc03fc03fb02f903fa01fa00f901f8fef9fef8fcf7fcf7fbf6fbf6fcf500000000000000000000000000000000000000000000f222f020ee21ed22ed21ea20e91fea1ce91bea1be81bea19eb17ee17f114f013f312f611f810fb10fc0ffd0eff0d000d020d030b
CSIX,1645184861,024353490001,-68,6,128,43300400f9dae2e5eafcf50dfce8ee0dee14ff0dfd0bf203f71a0012f300f101fd170513fd08f90800160113f70f001b0521041b001c00000000000000000000000000000000000000000000b0fdb2d89ce8b6d7b8dfacc7a4cebdd3cebfc2c0c9b2c6cecbc7c6d8dce4deeae8dce2bfd4effed7f5ebd6ebde02ee03f0d6dffa
CSIX,1645214351,024353490001,-69,6,128,433004000306020603040303050204ff0700040003fb03fc04fc04fb04fa02f903f902f801f800f7fff700f5fef6fef5fdf4fdf5fdf400000000000000000000000000000000000000000000eb1de81ce81be51be71ae419e418e517e415e615e314e513e812ea12ed0fee0ff00ef40df50cf80df90bfb0cfc0afd0b000b0109
CSIX,1645244918,024353490001,-69,6,128,4330040004070305040504030501050106ff06fd04fd06fc04fb04fa03fa03f903f801f901f8fff7fff7fef5fdf6fdf5fcf5fdf5fdf300000000000000000000000000000000000000000000ed1fea1dea1de71de81be51be41ae617e517e716e516e814eb13ed13ee10ef11f20ff60ff60ff90efb0dfd0cff0c000c010b020c
CSIX,1645275001,024353490001,-69,6,128,43300400f704f705f904fa06fc05fe0700060106010603060406050606050605060407030802090109000a000a000b000dff0dfe0cff00000000000000000000000000000000000000000000dcebdfe8dfe5dfe4e1e5e1e2e2e1e6e2e6e2e7e3e7e1e8e3eae7eae8eeeaedeceef0f0f2f0f4f0f7f1faf1fbf2fdf1fff200f300
CSIX,1645334641,024353490001,-69,6,128,43300400f704f704fa06fc05fc06fe06fe06010602050405040605040505060307020702080008fe09ff0afd0bfe0cfe0cfc0cfc0dfc00000000000000000000000000000000000000000000dfebdfe4e3e9e0e5dfe5e0e6e5e1e5e1e8e0e9e2e6e0e9e2ebe5ebe8eeebececeff0f0f4eff5f1f8f1f9f2fcf2fef000f101f201
CSIX,1645364705,024353490001,-69,6,128,4330040009fe07fe16e706fd03fa04fafd0d03fbfffafff7fbe9fffafdf9fafafe07fbf9f9f8f8fcf0f3f7fbf5faf4fcfcfef2f7f1fa00000000000000000000000000000000000000000000250a27102c2824122315251a0f061c161c1d1817010d1b1a1817181733191411100e120c310310070d081004ed1410ff10fe0efe
CSIX,1645394013,024353490001,-69,6,128,43300400fbf6faf8f9f9f9fbfafdfbfef9fffa01fa03f904fb05fb05fa06fc06fd07fe08fe09ff090009010b020b030c040d030d020e0000000000000000000000000000000000000000000014dd18de19dd1ade1adf1de01ee31de41de61ce71de61be719e915ea13ec12ec0eee0bee09ef07ef05f103f001f200f1fdf1fdf3
CSIX,1645454634,024353490001,-69,6,128,43300400fa09fa08fd08ff0600060304040403040504060206010801070007fe08fe08fd08fb08f907f808f708f709f70af60af50bf600000000000000000000000000000000000000000000d6fed6fbd5f9d5f8d5f7d7f5d6f4daf3daf3dbf2dbf1ddf3e0f4e3f6e6f8e4f9e9fbeafeedffed02ef03f104f206f207f408f508
CSIX,1645514847,024353490001,-69,6,128,433004000b000bff09fd08fd06fc04fc03f904f902f901f7fff800f8fef7fdf8fcf7faf9faf8f8f9f7f8f7f9f6f9f5f8f4f8f4f8f5f7000000000000000000000000000000000000000000001a2019231722172615241326122710240e250d230b250b220a200b1e0b1a0b190a160b110b110d0f0c0c0d090c070e060f040f03
CSIX,1645547689,024353490001,-69,6,128,433004000406040a05020702000606ff070500ff01ff02fa040106fe03f800fe01fb00fc02f8fff7fcf5fef5fcf5fdf5fdf3fff4fdf400000000000000000000000000000000000000000000e91ce71ce51be41ae618e319e31ae318e512e615e512e712e50fea11ed12ee10f20ff60ff40cf80afb11fd12fe0f000f0407fc06
CSIX,1645574198,024353490001,-69,6,128,43300400f6fbf7fcf6fef8fffa00fa02fb02fc03fd04fd05fe05ff07010600070106030803060506060708070707070809090808080800000000000000000000000000000000000000000000f8dbfcdafdd9fdd9fed901da02d904dd04dd04dd06dd05e005e202e303e701e7ffebffecfdeefceffaf2f9f2f9f4f7f5f6f6f6f7
CSIX,1645669087,024353490001,-69,6,128,43300400f4fff5fff601f802fa02fb03fd05fd05ff050105020702070207040505050705080508030a040a030a030c030d040d030d0400000000000000000000000000000000000000000000e8ddebdaebd8ecd7eed8f0d6f1d7f3d9f5daf6d9f6d9f6dbf7ddf5e2f6e5f6e5f6eaf5eef4edf3f1f3f4f2f5f3f7f1f9f0faf2fd
CSIX,1645701790,024353490001,-69,6,128,43300400f603f603f804fb03fb03fe04fe04000501040204030504050404050407030802070008010a010aff0b000b000cff0cff0cff00000000000000000000000000000000000000000000e2eae3e8e1e5e2e5e4e4e6e3e6e2e9e3eae4ebe3ebe3ebe5eee7ede9f1ebeeedf1f2f0f3f0f6f1f7f1f8f1fcf2fdf1fff1fff200
CSIX,1645724094,024353490001,-69,6,128,43300400f502f602f803fa03fc03fd04fe04ff040105030403050405050406030603070308020801090109000a010bff0c000cff0c0000000000000000000000000000000000000000000000e0eae3e8e3e6e3e4e5e4e5e2e7e3eae3ebe3eae3ebe3ece5ede6edeaefecefebeff0f1f4f1f5f1f7f2faf1faf2fdf1fef200f201
CSIX,1645757721,024353490001,-69,6,128,43300400f402f603f803f802fb03fc04fe0500050104020502040404050505040704060307020901090009010a000a000b000cff0c0000000000000000000000000000000000000000000000e2e9e3e5e3e4e4e3e4e2e6e0e7e0eae1ece1eee2f5e2ece4ede6eeeaf0edeeedf1f2f1f4f1f5f0f7f0f8f2faf2fcf1fef0fff200
CSIX,1645784479,024353490001,-69,6,128,43300400fa09fb08fd07fe06ff050003020404020401060105ff05ff07ff07fc06fc07fd06fb06f907f903f702f60af40af507f309f500000000000000000000000000000000000000000000d906d903d701d8ffd8fed8fcd8fbdbfaddfadcf9dcfadffae1fbe4ffe5fde6feea01ec02ed03ef04f106f207f407f409f509f60a
CSIX,1645814634,024353490001,-69,6,128,433004000a010a0208ff06ff07ff04fd03fc03f901fa00fafff9fefafdf9fdfafbf9fbf8fbfaf8f9f9faf7faf6faf7f9f4f9f6faf5f90000000000000000000000000000000000000000000010210d230c240c260b240826072506250422032202230322011f0519050f081a061306100910080d090d0b0a0a080c080f080d05
CSIX,1645858497,024353490001,-69,6,128,4330040004f603f602f800f8fefafefafdfcfcfcfbfdf9fff900f900f901f902f902f804f905f906f906f808f907f908f809f80af70a0000000000000000000000000000000000000000000022f025f424f325f420f627f926fb23fd24fe23fd25fd21fc1efe1cfd1afd18fc15fb11fa11f90ff80df70cf60af508f506f307f4
CSIX,1645874348,024353490001,-69,6,128,433004000afc09fb08fc05fc03fb02fa00fbfefafefafdfafbfafbfaf9fbfafcf9fcf7fdf7fef6fef6fff500f5fff500f301f402f3010000000000000000000000000000000000000000000020131f171e191e1b1d191c1c191d161d171c161b161d14191317131411111211110d0f0a10090f070f0510040e020fff0eff0efd
CSIX,1645935713,024353490001,-69,6,128,43300400f4fbf3fdf7fff7fff901fa03fc03fc04fe05fe06ff070106020702060306050605060606080509050a050b050c050b050c0600000000000000000000000000000000000000000000efd8f3d6f5d4f4d3f6d5f9d3fbd4fcd6fed7fdd8fdd7fcdafdddfce0fce4fae5f9e8f8ebf6ecf6eff6f0f4f3f5f5f2f5f1f6f1f8
CSIX,1645994154,024353490001,-69,6,128,43300400fa09fb0afe08ff0700070205030503040402050105010600060006fe07fe07fd06fc06fa06f906f807f807f808f707f608f700000000000000000000000000000000000000000000db0bda07da06d705d904d701d800dbffdcfedcfedbfcdefde1fde3ffe6ffe701e903ec04ed05ef07f106f107f308f50bf60af70a
CSIX,1646024463,024353490001,-69,6,128,43300400f605f806fa06fc06fd06fe06fe05000502030304030505030603050206010700080008ff09fd09fd0afe0afd0bfc0bfc0cfc00000000000000000000000000000000000000000000dbfad9f7daf5d9f3dbf3dbf0ddefdfefe1efe1efe0eee2f0e4f0e6f3e8f4e9f5ebf7edfbedfbeffdeffff001f102f103f006f305
CSIX,1646056472,024353490001,-69,6,128,4330040003f402f600f700f8fef8fdfafcfcfcfcfbfcfafdf9fff9fffa01f901f903fa03fb05fa06fb07fb08fb07fa09f909f90bf90a0000000000000000000000000000000000000000000025f325f727f826f826fc25fd25fc25fe25fe240022011f021d021bfe17fe19fc14fc13fa11fa0ff80cf70df60af609f508f408f4
CSIX,1646114351,024353490001,-69,6,128,43300400f7f9f6fbf7fef8fef9fff901fb02fb03fc04fc04fd05fd05ff06ff060007000703070406050705070608070907090709070a00000000000000000000000000000000000000000000f6dbf9d9fad9fcd7fdda00d801d902db02db02dd03dc03de03e001e301e500e6ffe9fdecfcecfbeef9f0f8f1f8f3f6f4f5f5f6f5
CSIX,1646145096,024353490001,-69,6,128,43300400fb0afc09fe09ff0700070206020504040403050205010500050105ff06fd05fd07fc06fa06f806f808f806f807f806f708f800000000000000000000000000000000000000000000de10db0dda0cd90bda09d907d904db03db03dd02db03de03e102e204e603e704ea05ec06ed07ef08f108f209f508f50bf60cf70c
CSIX,1646175947,024353490001,-69,6,128,43300400030904070507050505040502050106ff05ff06fd05fb04fc04fa03fa02f901f901f801f5fff6fff4fff6fdf3fcf2fdf500f300000000000000000000000000000000000000000000f023ee22ec21ea22eb1fe81fe71de81be71ae819e619e819eb16ed16ef13f114f212f711f711fa10fb10fd10ff0d000e020e020d
CSIX,1646204298,024353490001,-69,6,128,433004000b040b040a02090107ff06ff05fc05fb04fc02f801f900f9fff8fef9fdf9fcf8fbf8f9f8f9f9f8f8f7f6f6f6f5f6f5f6f5f5000000000000000000000000000000000000000000001126112a0e2a0a2b0c26082a052a0328032903270128032503220320041c041c051906140713081208100a0e0a0c0d0c0f090d09
CSIX,1646234167,024353490001,-69,6,128,43300400f502f703f805fa05fb05fd06fd05ff05000501040204030404040404060307020701080009000a000b000bff0cff0dff0dff00000000000000000000000000000000000000000000ddf0ddeddeecdeeae0eae0e8e1e7e4e7e4e7e5e7e5e6e6e8e9eae9edeceeebf0edf3eef6eef7eff9effbf0fdf1fff1ffef00f201
CSIX,1646265452,024353490001,-69,6,128,433004000bf908f907f805f803f802f900f8fff8fefafdf8fbf9fbfbf9fbf8fcf8fbf7fef7fff6fff501f302f401f301f001f003f001000000000000000000000000000000000000000000002909290c290f2a11281026132714231323152315211520141d121c0f190e1a0c17091507150614041301120010fe11fc10fb10fa
CSIX,1646294075,024353490001,-68,6,128,4330040009fd08fe08fb06fa04fe04fb00f901f9fbfefef800f8fbfafbfbf7fdfefbf9f8f7fcf8fef600f400f5fef4fef4fcf6fef3fc0000000000000000000000000000000000000000000021111f161f151f161f171e191e1b191b1917131b191b1c1b1319121511151411100e120c14090c0a120512030e061001110210fe
CSIX,1646356208,024353490001,-67,6,128,43300400fb0afe08fe080006010703050403ff070004050107000600070007fd07fd07fd07fc07f906f806f807f808f707f708f709f600000000000000000000000000000000000000000000dd10db0cd90bd90ada08d808d703db03dc02dc02db02de03e002e204e502e504e905ec07ed07ee08f008f108f40bf40bf70cf90b
CSIX,1646414187,024353490001,-68,6,128,433004000bfb0bfb09fb05fb05f904f902fa00f9fefafef7fcfafcf9fbf9fafaf8fbf8faf7fbf7fdf6fef5fef5fcf4fcf3fbf3fef2fc00000000000000000000000000000000000000000000211221152015211721181e191f191b181919191c181c181a1316161612121411110f110c12091007100511040e030f0212fe0c01
CSIX,1646444722,024353490001,-68,6,128,43300400070a0708080507030703070106ff06fe06fc05fb04f903f803f803f802f601f500f5fff5fff4fef3fcf2fcf2fdf1fdf0fef100000000000000000000000000000000000000000000ff2cfc2cf92cf82df82cf52cf42bf328f227f327f126f125f222f520f61df81dfa1afd16ff160015011303130411071107110810
CSIX,1646474838,024353490001,-68,6,128,43300400f5faf6fbf7fdf8fff801f902fa03fb05fd05fd06fe06ff07000800080108020803080409060806080609070a070a0809070a00000000000000000000000000000000000000000000f1dbf5d9f6d9f8d6f9d8fad8fdd9fedaffdaffdbffd9ffddffe0fee2fee5fce6fbe9faecf9edf8eef7f1f6f1f5f4f5f4f4f5f3f6
CSIX,1646504054,024353490001,-68,6,128,433004000cfc0afa08fa05fa04f902f900fafff9fdf9fcfafbfafaf9f9faf8fbf7fbf7fcf5fdf4fcf4fef2fff3fef2fef2fef0fff1fd00000000000000000000000000000000000000000000290d281129132815271625192519221821192218211920161c161c1219101a11170c14091507150614031402130013fe12fd10fd
CSIX,1646535596,024353490001,-68,6,128,433004000708080707050603060105fe05fe04fc04fd03fa02f901f901f801f800f7fef7fef7fef6fdf6fcf5fbf4fbf4fbf3fbf3fcf3000000000000000000000000000000000000000000000626042802270029ff27fd27fc28fb24fa24fa24f924f923fa1ffb1dfc1afe1aff1701140215041305110610070f080f0a0d090d
CSIX,1646565088,024353490001,-68,6,128,43300400fcf4fbf6faf8fafafbfbfafefbfefbfffa01f902f903f904fb06fb06fb07fc08fc09fd09fd0afd0bfe0bfe0cfe0dfe0cfe0c000000000000000000000000000000000000000000000cda0fdb11da12db13dc15de17de17e217e217e317e316e514e611e710ea0ee90bec09ec08ec05ed03ee01ee00f0feeffdeffdf0
CSIX,1646595240,024353490001,-67,6,128,43300400fe0afe0a0009010701060305040304020600060106fe07fe07fd08fc07fc07fa07fa07f906f806f706f707f608f708f507f400000000000000000000000000000000000000000000e119de15de16dc14dc13db11db10dc0ddc0edc0cdc0bde0be00ae30be709e70beb0bef0bf00bf20df40cf50df70df80dfa0ffa0f
CSIX,1646624026,024353490001,-68,6,128,43300400f501f5fff601f802fb02fc02fb04ff03ff0501050006030703050404060507050604070407030804080409040a050a04090400000000000000000000000000000000000000000000e4ede5e8e6e7e4e6e7e6e8e3eae4ece4ece4ece6ede3ede4f0e7f1eaf1ecf0edf1f0f2f3f1f4f1f6f1f8f2f9f2fcf1fcf1fcf1ff
CSIX,1646695085,024353490001,-68,6,128,43300400f708fa07fa0bf609fb09fd04fc03fe08010104040704040105030702080307010afe0afc08fb0bfb09fc0cfb0dfb07fe0bfc00000000000000000000000000000000000000000000d701d8fcd7fbd6fad8f9d8f6d9f5dbf6daf5dcf5dbf3dbf6e1f7e2f8e3f8e5f9edfce9faf1fbeefeed03ee02f504f203ed05f108
CSIX,1646714754,024353490001,-68,6,128,4330040006f704fa02f502f701f6fffafbf8fefefafdfdfffafff700f7fff801f801f804f702f702f905f806f806f806f808f708f7080000000000000000000000000000000000000000000020f624f823fb24f722fc24ff24fe23011f01240022ff1f031e011bff17ff16fc14fb14fd12fc10fc0cf50af809f70af508f508f6
CSIX,1646757984,024353490001,-68,6,128,433004000a05090408030702060006ff04fe03fc02fc02fb01f900fa00f9fff9fff8fdf8fdf8fcf7fbf8fbf7fbf7faf6faf6faf6faf6000000000000000000000000000000000000000000000c1f0a21082207240722042302230221012101200022011f011c021b01170217021404110511060f070d080c080a0a0a0b090b08
CSIX,1646806422,024353490001,-68,6,128,43300400f8f7f9f9f9fbf9fcfafdfafefbfffb02fb02fb04fc05fc05fc06fd05fe07ff070007ff090109000a010a010a010b020b010b0000000000000000000000000000000000000000000000dd03dc04dd06dd06dd09dd0add0ae00be00be10de00be20ae508e507e906e804ec02ed01ee00effef0fdf0fcf2fbf2f9f3f9f3
CSIX,1646835631,024353490001,-68,6,128,433004000bfe0afd09fc06fc05fb04fb02fb01fafffafef9fdf9fbf9fbf9fafaf9faf8faf8fbf6fcf6fcf5fcf5fcf4fbf3fbf4fcf3fb00000000000000000000000000000000000000000000211420161e18201a1d191d1d1b1d181c171d171d171d151c14191416111512121010100c110b10090f0710060f0410020f021001
CSIX,1646865047,024353490001,-68,6,128,43300400fff5fdf4fbf6fdf8fcf9fafafcfdfd03f5fefa01f801f902f803f904f906f907fb08fa09fa08fa0afb0afa0af90bf80bf90b0000000000000000000000000000000000000000000017e019e41ce21ce21ce41fe51fe51ee81ee91eeb1feb1eec1aee18ee15f015f012f00ef10df00af009f106f106f005f002ef02f0
CSIX,1646924087,024353490001,-68,6,128,43300400f607f703f806fa05fb05ff0500050104020504050505050307040703080209010a020a000b000bfe09000b000cff0cfe0cfe00000000000000000000000000000000000000000000d9f7dbf4d9f2d9f1daf2dbeedceedeeedfecdfede0ecdfece4ede8f2e8f4e6f2ebf6ebf9ebfceefeee00ef00f002f102ef05f304
CSIX,1646954077,024353490001,-68,6,128,43300400ff0bff0a000901080206030404020401050007ff05fd06fd06fc06fb06fb06f906f807f706f807f605f605f505f505f506f600000000000000000000000000000000000000000000e218e016de15dd14de13db11da11dd0cde0edc0cdb0bdf0be10be50ae609e80cec0cee0bef0cf20cf40bf60cf80df90dfb0ffc0d
CSIX,1647028245,024353490001,-69,6,128,433004000a030b03090008ff06ff06fe04fd03fc01f900f9fffafff8fef8fcf8fdf8fbf7faf7f9f8f9f8f8f7f8f7f7f7f7f6f7f7f7f7000000000000000000000000000000000000000000001320112210230f250e240c260b2509240922082207240722051f061c051a07190715081209110a0f0a0c0b0b0b090c090e080d07
CSIX,1647044215,024353490001,-68,6,128,43300400030b030e010b040703050404040000ff03f706fa05fb03fc05fb03f806f705f603f703f504f301f402f303f402f202f203f200000000000000000000000000000000000000000000ea25e622e624e423e221e121e01edf1be11ce11cdd19e118e517e714e916eb15ef13f213f414f714f712fb12fb11fd1200130211
CSIX,1647074546,024353490001,-69,6,128,433004000709070707050605070205ff030107fa06fc04f902f803fa00f902fa02f6fff900f4fef700f6fff7fbf7fcf8fcf3fbf4fcf500000000000000000000000000000000000000000000fe27f926fa24f828f724f426f425ee22f122f121f122f222f61bf91cf717f819f815fb11fd11011202100211030e050c090d0a0d
CSIX,1647109501,024353490001,-68,6,128,43300400f104f408fc00f9fefb02fc0efe030304ff0300080103040503050703040408020b0509030a040b040a060c0308040a010a0200000000000000000000000000000000000000000000e0f8dff4e1f1dcf3e2f2dfeee3efe4ede4ede8efe3eee9f2e8efe7edf1f4eefeeaf5f0fcedfcf1fceefceefef2fef2fdec03f402
CSIX,1647136398,024353490001,-69,6,128,43300400fa09fa08fe07ff07fe060005030402040501050205010700070007fe08fe09fd09fd09fb09fa09fa09fa0af909f809f90af900000000000000000000000000000000000000000000db08d904d902d701d901d7fed8fddbfcdcfbdbfbdbf9ddfbe0fbe2fde5fce6feea00ec01ec03ee05f005f207f307f408f50af60a
CSIX,1647165791,024353490001,-68,6,128,43300400fff4fef4fdf6fdf8fcf9fbfcfcfdfbfdfafff901fa01f903f804fa03f805fa07f907fa07fa08fa0afb09fc09fb0afa0afb0b0000000000000000000000000000000000000000000019e41ee41de721e51fe923e921ec20ee21ef1fef20ef1eef1cf119f017f215f212f20ef30ef20bf308f307f106f304f002f001f0
CSIX,1647195020,024353490001,-68,6,128,4330040005f303f501f801f8fef8fefafdfbfcfcfbfbf9fef9fff8fff701f802f703f803f805f806f706f807f706f807f608f708f7080000000000000000000000000000000000000000000023f025f425f529f626f727f928fb25fc24ff24fc24ff22fd1ffd1dfd1afd19fc16fa14fa12f810f70df70df60bf50af308f207f3
CSIX,1647226275,024353490001,-69,6,128,43300400040a06060607040305030601060204fd04fc05fb04fa03fa03fa03f802f702f704f901f6fff400f6fff3fff4fff2fff5fff300000000000000000000000000000000000000000000fb25f726f626f327f225f126f225f122f221f01fec1fed1ff319f419f318f414f015fb18fa13fe11fe0f000f040f040f060e070d
CSIX,1647254263,024353490001,-69,6,128,4330040007090709080607040603060005fe04fe04fb04fb03f903f902f702f702f601f4fff5fff5fef4fef4fdf3fdf3fcf2fcf3fdf300000000000000000000000000000000000000000000f82bf429f32cf12bf02bed28ed29eb24ec25ea24e823eb20ed1ef11df118f31af817fa15fc14fe1400120211031005100610060f
CSIX,1647284319,024353490001,-69,6,128,43300400fc0afe0a00090008010603050403040305ff060006fe06fe07fd07fc07fb07fa06f906f806f806f706f705f606f606f607f600000000000000000000000000000000000000000000dd10db0cd90bd90bd90ad808d807db05da04db04da02de03e002e304e703e505ea05ed07ef08f009f30af40bf50cf60cf80df90d
CSIX,1647315126,024353490001,-68,6,128,43300400fdf7fcf7fdf9fcfafcfcfbfdfbfffb01fc02fb02fb03fd04fc05fd05fe06fe07000700080107010802070308030803080309000000000000000000000000000000000000000000001dee2a0018fc210125fa1dfd1bf91ef91efb1dfb15f819f516f90ef416f216f70bf10bfb0df40af707f406f503f502f401f300f4
CSIX,1647344769,024353490001,-69,6,128,4330040001f500f6fef6fdf9fefafdfafcfcfafdfa00f900f900f901f802f903f905f805f806f807f808f808f908f909f90af909f90a0000000000000000000000000000000000000000000020ea22ee23ee25ef24f026f226f524f724f723f724f821f81ef91cf618f918f614f711f610f50ef50cf50bf408f507f206f105f2
CSIX,1647404532,024353490001,-69,6,128,4330040003f403f300f6fff6fdf8fbf9fbfcfbfcfafef7fef901f800f703f803f704f705f707f707f909f80af908f90af90af80bf80b0000000000000000000000000000000000000000000024eb29ee29f02bf029f22bf42cf727f328fa27f827fa25fa23fb20f91dfa1cf817f814f612f511f50ef40cf309f208f207f106f1
CSIX,1647464040,024353490001,-69,6,128,43300400f6f9f7faf6fbf7fdf8fff900fa02fc04f904fc04fe05fe06fe07ff07ff09000a01080208040803090509050a050a050a040a00000000000000000000000000000000000000000000fcdaffd9fdd903d603da0bd807d20bdd04e00ede0bda08dd07e205e305e604e602e9ffecffecfceefcf0faf2f9f2f7f3f7f4f6f5
CSIX,1647494218,024353490001,-68,6,128,433004000805080509030701060107ff05fe04fd05fb03fb01f901f901f800f800f7fef7fef7fdf7fdf6fbf6fbf6faf6faf5fbf5fbf60000000000000000000000000000000000000000000005250027ff28fd28fc28f927f828f825f724f724f724f723f71ffa1dfb1afb1afd16ff1300140211040f060e060d070c090c0a0b
CSIX,1647525733,024353490001,-68,6,128,43300400fef5fdf6fcf6fcf9fbf9fafcfafefbfef900f901f902f902fa04fa05fa07fa07fb08fb09fc09fc0afc09fc0afc0afc0afb0a0000000000000000000000000000000000000000000016e119e21ae31ce31ce41fe61fe71eea1eeb1eeb1feb1ded1bef17ee16f015ee11f00df10cf109f007f207f105f103f102f100f2
CSIX,1647557275,024353490001,-68,6,128,43300400f5fcf5fcf7fef8fff800f901fa03fc04fc05fd07ff06ff06000800070207030804080408060805070708070908090807070800000000000000000000000000000000000000000000f3dbf5daf7d9f8d7f9d8fbd6fed8fed9ffdaffda01da00dc00e0ffe1fee4fde4fde9fbecfaecf9eef8f0f8f2f6f4f4f4f4f5f4f7
CSIX,1647584691,024353490001,-68,6,128,4330040009fb07fa06f904f903f901fa00fafefafdfafcfbfbfbf9fcf9fcf9fdf6fdf7fef6fef600f601f401f500f500f401f402f40200000000000000000000000000000000000000000000240a240d230f25102311231421141f141e151d151d161d1419121910160e160d140a130612061104100111000eff10fe0ffc0dfc
CSIX,1647614165,024353490001,-68,6,128,43300400020b030a04080506060506030701060108ff07fd05fc06fc06fa06f906f706f705f504f503f503f403f403f403f203f303f400000000000000000000000000000000000000000000e924e622e322e222e221e01fde1de01ade1ade1ade19df17e215e615e913e914ed13f111f311f412f711f811fb10fd11fd10ff0e
CSIX,1647649963,024353490001,-68,6,128,433004000afb08fb07fa06fa04fa02fa01f9fffafef9fcf9fcfafbfafafaf9fbf8fcf8fcf7fdf5fdf6fff5fff4fef5fff4fef4fef4ff0000000000000000000000000000000000000000000021121f1620171f191e181d1b1b1c191a191b181b171d161a1417141412111211100d100a110a10070f0610040e010e000efe0efe
CSIX,1647675874,024353490001,-69,6,128,433004000b040a030a020800080006fd05fc04fb03fa03f800f800f8fff7fef7fef7fcf6fbf6fbf6faf6f9f6f9f5f8f5f7f5f8f5f8f4000000000000000000000000000000000000000000000f270c2a0a2a0a2b092a052c042c0229012901280028012700240220021f021d0319071606150712080f0a100a0c0b0b0e0b0c09
CSIX,1647704419,024353490001,-69,6,128,43300400f6f8f6faf7fcf8fdf9fffa00fb02fa02fc03fc04fd05fd060006ff070007010802080307040804090509050a050a050a040900000000000000000000000000000000000000000000f9dbfcdafed8fed700d802d803d804db05dc05db06dc06de06e103e202e602e5ffe9feecfdedfbeef9f0f9f1f8f2f6f2f6f4f6f4
CSIX,1647764778,024353490001,-68,6,128,433004000afe0afd09fd08fc05fc06fb03fb01f9fffafefafdfafbf9fcfafbfbf9f9f9faf8fbf6fcf6fbf6fbf5faf5fbf5faf4fbf5fb00000000000000000000000000000000000000000000201220161e171f191c191c1b1a1c191b171d1719141d1518121a1316130f0e1111110e0e100e10050d020d040d040f0610030dff
CSIX,1647794338,024353490001,-68,6,128,43300400f504f504f704f904fb05fc04fe05ff05010502040204030405050502070307030802090109010a000b010b010b010c000b0000000000000000000000000000000000000000000000ddefdfebdfeadfe8e0e8e1e7e1e5e5e7e5e6e5e5e6e5e7e7e9e9e9ecebeeebefedf2eef5eef6eef8f0fbeefcf1fff0fff001f101
CSIX,1647825755,024353490001,-69,6,128,4330040009f807f806f804f903f901f900fafefafdfbfcfcfafcfafdf8fef8fef8fef6fff701f501f602f402f401f302f201f403f401000000000000000000000000000000000000000000002503240626082609260a240b240e210e210d210f200f1e0e1c0d1a0a180a1907160514031402130010ff0ffc0ffb0efb0ef90ef9
CSIX,1647859313,024353490001,-68,6,128,43300400fd0dfe0c010b00080206020504040403050006ff06fe05fe06fc06f907fa07f906f807f506f607f407f507f507f508f408f500000000000000000000000000000000000000000000e11ee01bde1adb1adc19db16da16dc12dc11da12da10dd0fdf0ee30ee50de50fea0eec0eef0df110f40ff410f70ff710f810fa0f
CSIX,1647886904,024353490001,-69,6,128,4330040008f907f805fa04f902fa00fafffbfefbfdfcfbfdfbfdfafdf8fef800f701f700f602f603f503f404f503f403f303f304f3030000000000000000000000000000000000000000000025fd2602260327042505260725092209220a220a230b20091e091d0619051a0517041401140113ff11fc11fc0efb0efa0df90cf7
CSIX,1647915214,024353490001,-68,6,128,43300400ff0a000a010801080006030203010502050007ff06fe05fd06fc05fb05f905f805f805f804f604f605f605f505f506f507f600000000000000000000000000000000000000000000e619e218e117de18e116dd14df11e110df0ee00fdd10e10ee40ee60ae709e80dee0aee0fef0df10bf10ff50df50df80ef811fd0d
CSIX,1647977437,024353490001,-68,6,128,43300400fff6fff6fff6fdf9fcfafcfcfbfcf9fefafef900f901fa02f903fa04f805fa05fa07fa07fa08f909fa09fb09f90afa0bfa0a000000000000000000000000000000000000000000001de71fea20ea22eb21ec23ed23ef22f122f121f123f320f21ef41bf418f517f414f40ff410f30ef40bf30af307f406f104f103f2
CSIX,1648129076,024353490001,-69,6,128,433004000906080509020802060106ff05fd04fd03fb03fc01fa00f9fff9fefafef8fdf8fbf8fbf8f9f8f7f6faf7f8f6f6f2f9f6f9f50000000000000000000000000000000000000000000003260026fd27fd28fc27f827f827f625f724f624f624f622f71efa1cfa1afb1afd160014011203120510060e070d080c090b090a
CSIX,1648184322,024353490001,-68,6,128,43300400f505f506f705fa06fb06fc05ff0500070205020604050404060507030802080109000aff09fd0cfd0bfe0cfe0efe0dfd0dfd00000000000000000000000000000000000000000000d8f1d8eed8ebd8e9d9e9dae8dbe7dde6dee4dfe6dfe5e0e7e3e9e5ebe8eee7efeaf2edf6ebf7edfaedfbeefdefffef02ef02f203
CSIX,1648244128,024353490001,-69,6,128,43300400f400f601f603f904fa04fc04fe05fd040006fe060105010502050304050606040503070207030a010b020b020b030b030b0300000000000000000000000000000000000000000000e4e7e4e4e5e3e6e1e7e0e9deeadfece0ecdfede1eedeeee0f1e3efe7f3e8f1eaf2eef1eff2f1f2f3f2f7f2f7f3f9f0fcf2fcf2ff
CSIX,1648276516,024353490001,-69,6,128,43300400fff6fff8fff7fef9fcfbfcfbfbfdfbfdfafefafffa00fa01fa02fb03fb03fb05fc06fb06fd07fc08fc09fc08fb09fb09fb0a0000000000000000000000000000000000000000000019eb1bec1bec1cee1def1def1ff01df31df21df31ff41cf41af618f514f515f511f60ef60ef60af509f508f507f505f504f403f4
CSIX,1648334133,024353490001,-69,6,128,43300400f500f501f703f903fa03fb05fd05fd04ff05000501050205030504050504050407030901080209020a030b030b010b040c0100000000000000000000000000000000000000000000e2e7e4e5e6e3e4e0e6e2e7dfeadfece1ede1ece0ece0ede2f0e4efe7f1e9f0eaf1eef2f1f2f2f2f4f2f6f1f7f1faf1fcf1fdf2ff
CSIX,1648366196,024353490001,-69,6,128,43300400f5fbf4faf6fef8fff900f801f905fe03fa04fa06fd04fe08f901fe040108ff07030603060408060705070508060a0809060a00000000000000000000000000000000000000000000f2ddf3dcf4dcf6d7f8dafad9fbd9fbdafddbfddbfee101dd00dcfae400e5fde6fde9fbecfcecfaeef7f2f7f3f8f5f7f5f4f5f5f6
CSIX,1648395181,024353490001,-69,6,128,4330040007f605f704f702f800f800f9fef8fcf9fcfafbfbfafbfafcf9fdf9fffa00f901f802f803f804f704f605f505f506f506f4050000000000000000000000000000000000000000000024ff26022404270525052608250a230a220a210a220c1f0a1c091b081806180515031301130010fe0ffd0efb0cfa0cf90bf80af7
CSIX,1648427870,024353490001,-69,6,128,43300400f5fbf6fdf7fef7fff7fff901f902fa03fb04fc05fd05fe06ff06ff060106020702060204050705060707070908080708080800000000000000000000000000000000000000000000f6dbf9dafbd9fbd8fcd9ffd700d801db02db03dc04dc03dd04e002e202e600e5feeafdecfcedfcf0f9f1f8f3f8f4f6f5f4f6f4f7
CSIX,1648486531,024353490001,-69,6,128,43300400fef5fdf4fdf8fbf8fbfaf9fbf9fcfafdf900f700f901f902f904f904f905fa06fb08fd08fd08fc0afe0afe0cfd0dfe0cfc0d000000000000000000000000000000000000000000001fe423e723e826e724e928ea29ec26ef27ef26f027f124f121f21df21af41af216f312f30ff20df20bf308f307f205f103f103f2
CSIX,1648523173,024353490001,-69,6,128,433004000afd09fe08fc06fc04fb04fb03fa01f900f9fff8fef9fcfafcfafbfafafbf9fbf8fdf8fdf7fff7fef6fdf4fdf4fcf3fef3fd000000000000000000000000000000000000000000001d171c191c1a1b1c1b1c191e181f151e151e131f1220121e101c10180f150f140d100e0e0e0c0d0a0d080d060d040d030d020d00
CSIX,1648544076,024353490001,-68,6,128,43300400020a020903080306040504030603050005ff06fe05fe04fd05fd05fb04fa03fa03f9fffa01f902f601f601f501f302f402f400000000000000000000000000000000000000000000e61be41ae31ae21ae119e017df16e015e014e012df11e010e310e60fe90de90fee0df10df20df60df70ef90dfb0cfc0efd0ffe0d
CSIX,1648581481,024353490001,-69,6,128,433004000a020901080007ff06fe05fc05fc04fa03fa02f901f900f9fff8fffafdf8fcf9fbfafbf9faf9f9f9f8f9f6f8f6f9f7f9f7f8000000000000000000000000000000000000000000000f210d240b250a2709250727052704250325042402250122021f031d021a0419041605120611070f080e080c09090b0a0c070c05
CSIX,1648604325,024353490001,-69,6,128,43300400fcf5fbf5fbf6fbf9fafafafcfafef9fffa00f801f902fa04f905fa05fc07fc07fd08fd0afe09fe0bfe0b000bff0dff0cfe0d0000000000000000000000000000000000000000000017db19dd1add1ddd1ddf1fdf20e020e420e51fe521e61ee71ce918ea16ec15ec11ee0ded0dee0aef07ef06ef03f001efffee00f1
CSIX,1648634611,024353490001,-69,6,128,4330040001f4fff6fef7fef8fcfafcfbfbfbfafefafef9fefa01fa01fa02fa03f903fb04fc07fa07f907fa0cff09fa08f906fb01fe0f000000000000000000000000000000000000000000001ce81ee920ea22eb21ec23ed23ee22f122f221f223f320f41df41bf417f517f413f510f410f40df40af40af306f407f204f203f3
CSIX,1648725020,024353490001,-69,6,128,4330040003090309040805060505060307020701070007fd06ff05fd05fc05fb04fa04fa03fa03f802f801f600f501f500f400f501f400000000000000000000000000000000000000000000e81de51ce41ce31be31adf18df17e114e113e112df14e213e510e710ea0eea10ef0df00ef30df50cf70cfa0cfc0cfd0dff0d000c
CSIX,1648754244,024353490001,-69,6,128,433004000109010703080305040604040403050207ff06fe05fe04fd06fe06fc06fa05fb05f903f903f802f703f602f602f402f402f500000000000000000000000000000000000000000000e218e015de15dc13de12db11db0fdc0ddd0cdd0bdc0de00de20ae40be709e70aeb0aee0af00af20af60bf60bf90bf90cfb0cfc0c
CSIX,1648787147,024353490001,-68,6,128,43300400f705f806fa06fb05fd05ff05000501050305040405030403050307010601080007ff08fd08fd09fc09fd0afd0afc0afb0bfb00000000000000000000000000000000000000000000daf3ddf0dbeedcedddecdeeadee9e2e9e2e9e2e8e2e8e4eae6ece7eeebf0e8f1ecf4edf7edf9effaf0fcf0fef101f102f103f303
CSIX,1648815441,024353490001,-69,6,128,4330040008020b05070007ff0b0404fb010001f603fb05f600f900fa02fbfcf900fdfdf7fcfcfef7f8f9fdf8f8fcfbf5f8f5faf9f6f8000000000000000000000000000000000000000000000e200b22092509280a280627032703240523ff230022fe240221001c0116011905180616081303110811070b070c060c08090d0b
CSIX,1648845540,024353490001,-69,6,128,433004000705070507020602060105ff05fe05fd04fd04fd03fb02fb02fa01fa00fa00f9fff9fff8fcfafcf8fcfafdf8faf7fcf8fafa00000000000000000000000000000000000000000000ff20fb21fb22f823f821f622f621f51ff41ff41ef31ef41cf51af718f716f815fb12fc11fe10ff0f010d030c030b040a050a0608
CSIX,1648876320,024353490001,-69,6,128,433004000aff09fd09fd07fc05fb04fa03fa02fa01f900f9fef9fdfafcf9fdfafcfafafafafbf9fcf8fcf7fdf7fdf5fdf4fdf5fdf5fd00000000000000000000000000000000000000000000181e162014201323122211250f240d220c230b220b230b210a1e0a1b0919091809130a100b0f0b0d0b0a0c080b070c050d030d02
CSIX,1648908361,024353490001,-69,6,128,43300400fdf6fdf6fbf8fbf9f9fbf8fbfbfdf803f401f901fa02fa03f903fa05fa05fb05fd07fc07fd06fe08fe09ff09ff0aff0afd0a0000000000000000000000000000000000000000000017e41be31ce41de41ee51fe621e91deb1eeb1eec21ec1eec1af018ef16f115f011f20ef10df10af208f206f304f303f200f2fff4
CSIX,1648934265,024353490001,-69,6,128,43300400ff0a000902080206020604040403040205020600050006ff05fd07fc07fc06fb06f904f903f804f703f703f604f604f504f500000000000000000000000000000000000000000000e015de13dc12db11db10da0ed90edc0bdc0cdb08db07dd07e005e407e707e608eb08ee08ef09f10af40af60bf70af80cfa0cfb0b
CSIX,1648965305,024353490001,-69,6,128,43300400f4fef4fef601f801f802fa04fa04fc04fd06fd06fe06000700080106030704080407040607060706090509050a070a060b0600000000000000000000000000000000000000000000eedaefd7f1d5f2d4f4d5f5d3f6d4f9d6fad7fbd7fcd5fcd8fcdbfadefce2fae2f9e7f8eaf7ebf7eff6f1f5f2f4f5f4f6f2f7f3fa
CSIX,1649029051,024353490001,-67,6,128,4330040013020afd060304fe06fa05fcfdf80102ff00000306fd0bfc08f906f903f6fff901fb04f901f903f703f701f5fef701f705fc0000000000000000000000000000000000000000000023f020ef22f81efc1f012408260a22051e0b1809110d141115171413130f101410110d110f0715080cfb0bfcf5f8f90a070f1011
CSIX,1649152049,024353490001,-69,6,128,43300400f705f806fb06fc07fd06ff060005010502040305040404030503050306020702060007fe07fe09fc08fc09fd09fc0afb0bfc00000000000000000000000000000000000000000000dbf3dff0ddeddcedddecdeeadfe9e1e9e2e8e3e9e2e7e4e9e6eae8edeaefe9f1ecf4eef6eef8eefbf0fcf1fef200f201f202f403
CSIX,1649205320,024353490001,-69,6,128,43300400000b010b010803070306050406030701060007ff08fe07fd07fc07fc06fa05fa04f904f803f703f702f602f503f402f403f300000000000000000000000000000000000000000000de1bdb18d918d817d915d614d712d810d70fd90dd60dd90ddd0be00ce40be50de80cec0cee0cf00cf20cf50df80cf80dfa0ffc0d
CSIX,1649264092,024353490001,-69,6,128,43300400020902090206030604050602060307ff060109ff08fd06fd08fd05fb07fa05fc04fb04f802f901f703f702f703f602f503f600000000000000000000000000000000000000000000ed1de821e81be520e81ce21ce41ce518e317e417e013e412e412e910e810ef0fef0ff50ff410f611f910f910fc0dfb0eff0f000e
CSIX,1649294913,024353490001,-69,6,128,43300400f7fbf7fbf7fef800f900fa02fa03fb03fb05fc05fd07fe06fe06ff07ff07010802070306030705060505060607070707070700000000000000000000000000000000000000000000f7dbfad9fcd8fcd6fdd800d601d801da03da04db04db04dc04e001e202e501e5fee8fdebfdecfbeffaf1f8f1f9f4f7f4f5f6f6f7
CSIX,1649324356,024353490001,-68,6,128,43300400fef4fef5fdf5fcf9fbfafbfcf9fdf7fef7fff700f701f802f803f805f804f905fa07fa07fc08fc0afe09fd0afd0cfd0bfd0b000000000000000000000000000000000000000000001fe320e523e525e624e825e928e926ed26ec26ef27f024f121f21ff21af319f114f212f210f20df10bf108f106f106f103f002f1
CSIX,1649354085,024353490001,-68,6,128,4330040004080708060508030503070105ff0700060005fd03fe03fc07f903fc04f804fa03f902f802fa00f8fff800f6fef702f7fff400000000000000000000000000000000000000000000ec1be81ae817e719e616e414e511e416e614e011e212e512eb0ceb11ed0ded0def0df50ef40ef40cfa07ff0c020afb09fb0ffe09
CSIX,1649417116,024353490001,-69,6,128,433004000afd09fe08fb06fc05fc04fb00fb01f702f7fef8fef9fcf8fcfafbfafbfafafafafaf8fcf8fdf8fdf7fdf6fdf5fdf5fdf4fd000000000000000000000000000000000000000000001c181c1a1b1d1a1f1a1d161f171f161e141f131e1120111f0f1c10190e160f150d120d0e0e0d0c0b0d080e070c050d040e030d01
CSIX,1649445800,024353490001,-68,6,128,43300400f5fbf5fcf6fef9fef8fff902fa03fb03fc05fd05fd06fe06fe06ff060008000701090406040704090506060708070708070800000000000000000000000000000000000000000000f6dbf9dafad8fbd7fdd8ffd801d703da02d904da04da04dc03e001e102e500e5feeafeebfdedfbeefaf1f8f1f7f4f6f4f6f5f6f7
CSIX,1649474220,024353490001,-68,6,128,43300400f808f80afb09fc08fe07ff0701070306030405050605050307030703090208010aff0aff09fd0afc0afc0afc0bfb0bfa0cfa00000000000000000000000000000000000000000000d6fcd4f9d5f7d2f5d6f5d3f1d5f0d8f0d9efd9f0d9eedaf0def1dff3e3f5e4f5e6f6eafaeafcecfeedffee02f103f005f207f408
CSIX,1649518032,024353490001,-69,6,128,433004000706070606040602060105ff06ff05fd05fd03fc03fb02fa02fa01f901f900f8fff8fefafdf8fdf7fcf8fcf7fbf7fbf7fcf700000000000000000000000000000000000000000000fc20f921f922f723f721f422f421f31ff41ff11df01ef21cf219f517f516f716f912fb11fd10fe0f000d020d020c030b050a0609
CSIX,1649556947,024353490001,-69,6,128,433004000009060d0708060c06ff05fe0c0306fc01fd0afd04fe01fa05f800f804f803f702f800f7fef700f6fef6fef5fdf5fef5fef400000000000000000000000000000000000000000000f423f224f024ee25ef22ec24ec21eb20ea1fea1ee71fe91cec17ec1aee14f616f410f411f515fc10010eff12040eff0c070b040e
CSIX,1649572104,024353490001,-68,6,128,43300400faf5f8f6f7f7f8faf8faf7fdf8fdf900f801f702f904f905fa04fb06fa06fb08fd08fd08ff09ff0a000b010b010b000c000c0000000000000000000000000000000000000000000013da16db18da19da1adc1cdd1edd1de01de11ee21fe21ee41be817e715ea14e910eb0dec0aec08ee05ef03f002f0fff1fdf0fcf1
CSIX,1649628910,024353490001,-68,6,128,43300400fdf5fdf5fdf8fcf8fbfafafbf9fcf8fef8fef7fff901f902f802f902f904fb05fb05fc07fd07fd07fd08ff08fe0afd09fe090000000000000000000000000000000000000000000019e41ce61de41ee420e91fea1feb20ea20eb21eb24ef21f01cef1bf017f117f012f30ff10df20cf308f307f206f204f201f301f3
CSIX,1649684683,024353490001,-68,6,128,4330040002f601f5fff7fef7fef9fcfafbfbfbfcfafcf8fdf9fdf800f800f801f802f902f803fa04f905f907fb06fa07fb08f909f9080000000000000000000000000000000000000000000022f125f425f527f526f628f828fb25fc25fc25fd25ff23fe21ff1dfc1bfe1afc17fb13fb12f90ff90ef90bf60af609f508f406f5
CSIX,1649804083,024353490001,-69,6,128,43300400f6fbf5fcf7fdf8fef800f801fa02fa04fb04fb06fc06fc06fd06fe06ff05000601060206030404050505070707070606070700000000000000000000000000000000000000000000f9dafbdafdd8fed8fed801d802d803db03db05da08db07dc06e104e101e500e6ffe9fdecfdecfbeef9f1f9f1f8f3f8f3f6f4f6f6
CSIX,1649834213,024353490001,-68,6,128,4330040002f501f5fff600f6fdf9fcf8fcfafbfbf9fdf9fcfafdf8fef8fffa00f900fb03f804fc04fa04fa06fc07fb07fa08fa09fa090000000000000000000000000000000000000000000020ed23f125ef25f125f126f426f422f623f823f925f922f921fa1df91afb18fb14f512f90ff60ef60bf60df509f407f405f308f4
CSIX,1649864452,024353490001,-69,6,128,43300400f700f502f505f805f606f401f002fc0100fa0109f80a0407fe0aff070207070306ff030204070a0509ff0806070509ff0c0200000000000000000000000000000000000000000000eee0f2dcf2dbeed9f3def3d8f5d9f6dbf7daf9daf3dff7e5f1e4f9def2edf6e9f4e9f7ecf2f4f6f5faf7f0f2f6f8ebfbedf1f7ff
CSIX,1649929001,024353490001,-68,6,128,4330040003f503f501f501f8fff9fef9fefafbfafcfcfbfcf9fdf9fdf7fff801f902f801fa02fa03f904fb05fa06fa06f908f907f8070000000000000000000000000000000000000000000023f324f426f727f626f627fa29fb2bfd27fe26fd270024fe21041ffe1aff16fb17fc13fe13fa12f90df80ef60df70af509f507f4
CSIX,1649984687,024353490001,-68,6,128,43300400f5fcf6fdf6fff700f800fa01fb02fc05fc05fd06fe05ff06000700060106010503040305050305040604080508050804080500000000000000000000000000000000000000000000efdef2ddf0dbf1d8f1d9f4daf6d7fad9fadaf8dbfbdafbdbfbdffbe1fbe6f9e6fae8f7edf8edf4eef6f2f3f3f4f6f5f8f3f8f3f8
CSIX,1650047938,024353490001,-68,6,128,43300400000a010a0209020802060404040305020501070006ff06fe06fe05fc05fc04fb05fa03f902f701fa04f801f8fef504f403f300000000000000000000000000000000000000000000e419e118e018de18de16dc15dc12dd10dc0fdd0edb0dde0de10ce30ce70be70ceb0bee0cef0cf20cf30cf60cf80cf80efa0efb0e
CSIX,1650075778,024353490001,-68,6,128,433004000afc08fc07fb06fb05fa03fa02fa01fa00fafef9fdfafbfbfcfbfbfbfbfdfafcf9fef9fef900f800f700f401f602f405f601000000000000000000000000000000000000000000001f161e191d1b1d1e1c1c1b20191f171f151f161e151f151e121b1318111511141010110d100c0f0a0e080f050d040e020f000dff
CSIX,1650135277,024353490001,-68,6,128,4330040009fa08f908f905f903fa01f901f900fafefafdfafcfbfcfcfbfbfafdf9fdf9fdf9fff800f801f802f802f703f603f604f50300000000000000000000000000000000000000000000240b240d240f25112311231423151f141f151e161e171c1519141911160f160d140b120712071204110210000eff0ffe0efc0dfb
CSIX,1650172718,024353490001,-68,6,128,433004000bfe09fd08fb05fc04fb03fb01fc00fb00fafffafffafdfafdfcfcfbfbfbfbfcfbfdfafef9fff9fff8fef700f600f600f600000000000000000000000000000000000000000000001d111c131b151c161b161918191a141a1519151b151b1319121611150f121012100e0e0c0d0a0e080d060d050d040d030d010dff
CSIX,1650225256,024353490001,-68,6,128,43300400fa0d010aff07fc04020601020604020507000304040304ff03fe08fe03fc05fd04fc03fb03f902f903f803f703f603f404f500000000000000000000000000000000000000000000dc0ed90bd809d709d908d707d803d803d903db03d901da02dd01e403e403e507e804e905ed09f007ef0cf00cf70bf40df40af809
CSIX,1650255341,024353490001,-67,6,128,43300400000a010b020a030702060305040304010701040004ff04fe05fd03fc04fa02fb02fa01f801f900f800f8fff6fff6fff5fff400000000000000000000000000000000000000000000e71ce31be21ae01be119de18de17df13df12df13de12e112e210e610e90eea0fed0ff10ef20ef40ef60ef70efb0efa0ffc0ffe0f
CSIX,1650284985,024353490001,-69,6,128,43300400f404f504f804f904fa04fc04fe05ff0400040104010303040403040204020402060006ff07fe08fc07fd08fc09fc0afb09fb00000000000000000000000000000000000000000000ddefddecddebdce9dfe8dfe6e0e6e3e6e3e6e3e6e4e4e6e6e8e8e9edebedeaeeebf2edf5edf6eef9eefbeffdf0ffefffef01f101
CSIX,1650323085,024353490001,-68,6,128,4330040006fe05ff08fb06fa01fbfffc01fafff9fcf8fffcfbfdfcfb00fffefcfbfcf9fefd00f704fc01f802f8fcf400f604f703f805000000000000000000000000000000000000000000001d0c210d201123111d1120131e131b151a141a1319171a16141217101110120b130a0f0812070e0610010e030c000d010afb1001
CSIX,1650344141,024353490001,-68,6,128,43300400fef5fdf5fcf8fcf9fcfafcfbfbfefafefb01fb01fb02fb02fc04fc03fc04ff04fe060007010701080109020a0209020b010a0000000000000000000000000000000000000000000013df16de18df1adf19e01ce11de41ce41de71de51ce51ce618e917e913ec13ec10ed0cee0bee08ef06ef06ee01f101f0ffeffff0
CSIX,1650455092,024353490001,-68,6,128,4330040008050a0406ff0900060005ff030404fd01fd01fa03f8fffbfcfafdfafcf8fcfafbfafbfbf7fbf8fcf7fbf6fbf4fef5fcf5fb000000000000000000000000000000000000000000000e250c250b270a2a07270526022d022602280423ff2901240222031e0519031904180513091307130810090e09100a0b0d090c08
CSIX,1650470836,024353490001,-67,6,128,43300400f5fbf7fbf9fcf6fef8fef7fff801fc02fc01fe03fe04010500050105030504050306060506050705090509030b040a04090500000000000000000000000000000000000000000000f8dafdd9fcd7fdd6fdd701d702d604d903d904d905d804da04df01e101e300e3fde8fceafcebfdedfbf0f6f2f7f1f5f3f7f3f5f3
CSIX,1650496727,024353490001,-68,6,128,43300400020a030a020702060506040403000a04080305fe03fd04fb03fa04fa03fa02f9fffa00f7fff8fff7fef6fdf7fef5fdf4fef400000000000000000000000000000000000000000000ed21e922e820e521e71ee41ee31ce41ae319e418e21ae519e716e915eb13ed13ef12f411f412f611f80ffa0ffc10fe0e000f000f
CSIX,1650527691,024353490001,-68,6,128,43300400f4fcf5fdf6fef7fffa00fb02fc03fd02fe03fe020103010601040105010304fd08ff0908050909030d0807080f0604040c0700000000000000000000000000000000000000000000f1dcf3dbf4d8f4d7f6d8f7d7f9d7fbd8fbd9fbd8fcd8fcdcfcdffbe2fce4fae5f9e8f8ebf6edf6eff6f0f5f2f4f4f4f7f3f7f3f8
CSIX,1650556909,024353490001,-68,6,128,43300400f505f604f805f904fb06fd05ff0500040104020403030403050205010600060006ff07fe07fd08fb09fd09fc0afb09fa0bfb00000000000000000000000000000000000000000000dbf4dbf2dbf0daeedbeedcebdcebdfeadfe9e0eae0e9e2eae4ece6ede8f0e8f2ebf5ecf7edf8edfaeefceefef000f001f003f203
CSIX,1650587002,024353490001,-68,6,128,43300400fc070308060703070303040504ff0402030004fe03fe01fd04fa00fb03f902f801f6fffbfcf600f5fff7fdf6fef4fef5fff400000000000000000000000000000000000000000000e71fe51fe51de11ee31cdf1ce01ae117df16e215e014e015e314e613e710ec12ef13f00ff30ff40ff80ff80ffc0ffa0fff10fe0f
CSIX,1650614100,024353490001,-68,6,128,43300400f3fbf6fcf6fff700f801fa02fb03fc04fe03fe04ff06000601060205030504050505050306040704080409040a040a040a0400000000000000000000000000000000000000000000ecdfeedbf0dcf0d8f2dbf4d7f4daf5d9f7d9f6dbf8daf8dcf9def7e1f9e3f8e4f8e8f7edf6edf5f1f4f1f4f3f4f6f2f6f1f8f1f8
CSIX,1650644271,024353490001,-68,6,128,433004000a010a00090007ff06fe04fd04fc01fb02fbfff9fffafcf9fdfcfcfafbfbfbfafafcfafdf9fcf7fdf6fcf5fcf5fcf5fdf5fc00000000000000000000000000000000000000000000181d171f162116221521132311240f2310230d240d250d240b1f0b1d0a190b190a150c120c100c0f0c0b0e0b0d080d080f070e06
CSIX,1650676510,024353490001,-68,6,128,43300400010a010a03080305040500030504fe00000304ff05fc04fb06fb01fb02f900f802f900f801f8fff6fff5fff5fef5fef6fef500000000000000000000000000000000000000000000eb20e71ee61ee31fe51ee21be11be218e019e217e017e215e514e614e912ea12ee11f310f311f511f70ff910fb0ffc0efe10000e
CSIX,1650704576,024353490001,-68,6,128,43300400faf6faf7faf9fbf9fbfcfbfdfbfffb00fd01fb04fd03fd05fd05fe05ff0600070107020603050307030904090509040804090000000000000000000000000000000000000000000007da0bda0cda0ed80eda10da12db12dd13de13df14de12df11e20fe30ee60ce709e906eb06ea04ed02ee00eefef1fdf0fbf0fbf2
CSIX,1650734190,024353490001,-68,6,128,43300400f8f9f9f9f8fbf9fcfbfefb00fc00fb01fc01fd02fe04fe04ff0400050005010601050206030504050604040707060505070500000000000000000000000000000000000000000000fddd00dd01dc02dc02dc05dc06dc07df08de08de09de07df08e306e406e804e702eb01ecffedfeeffdf0fcf1faf2faf2f9f3f9f5
CSIX,1650764517,024353490001,-68,6,128,433004000804080207010600050004ff04fd02fd01fc01fb00fbfffbfffafefafcfafcfafbfbfbfbf9fbf9fbf8fbf8fbf7fbf7fbf7fb000000000000000000000000000000000000000000000e1d0c210a200b230a210823062407210522042003220320021d041b04190518051406110712080f080c090c080a0a0a0b090a08
CSIX,1650794478,024353490001,-68,6,128,43300400fb09fc0afd08fd06fe0601050204030303020401040005ff05fe05fd05fc05fc05fa05f904f904f704f703f704f605f606f600000000000000000000000000000000000000000000db0eda0bda09d70ad908d707d705d507d903da02d801da02dd02e003e303e404e704ea07ec07ee08f009f10af409f40bf60cf60b
CSIX,1650824218,024353490001,-68,6,128,4330040000f5fff7fff8fefafdfafcfcfcfcfcfefbfffb00fc01fc01fa02fb02fc04fd05fd06fd06fd07fe07fe08ff08fe09fe09fe090000000000000000000000000000000000000000000015e718e71ae81be81be91de91eeb1ced1def1dee1eee1bef19f018f114f214f210f30ff20df30bf209f208f205f305f204f203f3
CSIX,1650864955,024353490001,-68,6,128,43300400030b020804080306040504020401050103ff03fe03fc02fc02fb03fa01fa01f800f8fff8fef8fff7fef6fdf5fdf5fdf5fdf400000000000000000000000000000000000000000000f023ed21ea21ea23e921e720e720e61de61de51ce41ce61be818ec17ed15ee16f113f513f512f911fb11fc11fd0ffe100011010e
CSIX,1650886788,024353490001,-68,6,128,43300400f908f909fc07fd05fe05ff0400030302020104000400050005ff05fe06fd05fc05fb05fa05f905f805f805f706f607f607f700000000000000000000000000000000000000000000db09d906d906d604d804d701d700d9ffd9fedafed8fddbfedefddffee4ffe400e702eb03eb03ed05ef05f107f108f209f40af50a
CSIX,1650947664,024353490001,-69,6,128,43300400f401f502f702f902fa03fa03fc04fe04ff0402040305030404040503060306030700070208ff08ff0aff0a000a000bff0b0000000000000000000000000000000000000000000000dfe9e2e6e1e6e2e5e1e4e3e3e5e2eadae4e5e6e0e9dfece3eae1ecebefe8eceaeeefeff1eef2eff5f0f6f0f8f0faeffcf0fdf0fe
CSIX,1650974284,024353490001,-68,6,128,43300400f4fef6fef700f900f901fa02fd03fd03fe03fe040004020402060304040506050504070307040703090309040a040a030a0400000000000000000000000000000000000000000000e6e2e7e1e8e0eadde8dfebdceedceedceeddf0ddf0dbf1def2e0f3e3f6e6f1e7f4ebf3eef4eef4f2f3f4f3f4f2f6f3f6f0f8f2fa
CSIX,1651034227,024353490001,-67,6,128,43300400010f0a070508050402ff06000501030203ff05fc02fb00fc02fa01fb01fc00fbfff9fdf8fff9fdf8fef7fff7fef7fef7fff500000000000000000000000000000000000000000000fe1efb2100230222fd24fd1ff829f621f823ef1dec1cf91df81ef215fd21fa0ffc1dfd0f0112fc0f0713050efa0ff70cfe0c0613
CSIX,1651064304,024353490001,-68,6,128,43300400f508f808fb08fb07fd06ff05000502030204040205020500060107ff07fe08fe09fc07fb07f908f907f908f808f809f60af700000000000000000000000000000000000000000000d501d3fed3fcd2fbd3fbd2f7d3f7d5f6d5f4d6f4d5f3d7f3dcf4ddf7e0f7dffae5fbe7fee6ffea01ec03ed04ef06ef07ee08f109
CSIX,1651095628,024353490001,-69,6,128,433004000806090408020602070004fe04fd03fd02fd01fb00fb00fbfefbfdfafdf9fdf9fbfafbfafafaf8faf8f9f8f9f7f8f7f9f7f9000000000000000000000000000000000000000000000b230b2608250827072507290428032401270125002600230022011f011b011a0317061506140513060f080f070c090c0a0b0a09
CSIX,1651124111,024353490001,-68,6,128,4330040007f907f906f904fb03fb02fbfffcfffcfffcfcfcfcfdfbfdfafefafffafffa00fa01f902f903f804f804f703f704f705f6040000000000000000000000000000000000000000000022012202220423052205210622081e0521081f081f0e1e0e1e081e0617081807140613031202100110ff0ffd0efc0dfb0dfa0bf9
CSIX,1651156164,024353490001,-68,6,128,4330040005f504f501f800f600f9fffafdfcfdfcfbfcfbfefbfffa00fa00fa01fa02f903fb04fb06fb06fa07fb07fa07fb09f90af9090000000000000000000000000000000000000000000024f626f827f929f827fb28fc2a0025fb290124022703260122001b001dfd1bff16fd15fb14fb13fb0ff90ef70bf70cf50bf409f5
CSIX,1651186992,024353490001,-68,6,128,43300400fe0aff0a0108010703060305030203020401040003fe03fd03fd04fb05fa03fb03f902f802f701f700f601f501f501f301f500000000000000000000000000000000000000000000e218e015de16dc14dd15db12db11dc0fdb0edb0fdb0ede0ce00be30ce60be60bea0bed0bee0cf00bf40cf50df70cf70df90dfb0d
CSIX,1651214331,024353490001,-68,6,128,43300400f6faf5fcf7fcf8fffafffa00fb02fd03fd03fd04ff05010400060203020503060306050506030603080409030a050906090500000000000000000000000000000000000000000000f7daf9d9fad7fcd6fbd7fed5ffd700d901d903d904d803db02deffdf01e3ffe4fce7fdedfaecf8edfbeff9f0f6f5f6f2f5f4f5f6
CSIX,1651244469,024353490001,-68,6,128,4330040009020b02090007ff06ff05fe05fc04fd03fc01fa00fbfffafefafefbfdfafcfbfbfcf9fbf9fcf8fcf7fbf6fbf5faf5fcf5fa00000000000000000000000000000000000000000000151f14221123122610240f250c24072306250726092708230b240e1e0619081907170913091209110a0e0b0d0a0a0b090d080c07
CSIX,1651304857,024353490001,-68,6,128,43300400f1fff301f501f801f703fa01f805fa00f807000800050402030403000401050405040603080108000c000c0110fe10000efd00000000000000000000000000000000000000000000dbeadce6dce5dae2dee2dededfdfe4e0e4dfe8dde8dae6dee9dfe9e3ece7eae6ebebeaefeef1f0f5f4f5f2f8f3f4edf7edfdeeff
CSIX,1651334367,024353490001,-68,6,128,43300400f2fef3fef5fff602f801f903fa04fb02fd04ff04ff050204010403050404040506040603080209020a020a020c010c010c0300000000000000000000000000000000000000000000e6dee8dbe8d9e8d7ead8edd5eed5f1d7f1d7f2d7f2d5f2d7f4dbf4dff5e2f2e2f4e7f3ebf3ecf3eef2f2f2f3f1f5f0f6f0f8f1f9
CSIX,1651365909,024353490001,-68,6,128,4330040009fa09f907fa05fa04fa02fa01fb00fbfffbfcfbfcfbfcfdfafdfafefafef900f901f801f903f704f603f703f504f504f504000000000000000000000000000000000000000000002507240a250c260d250c2510241122112113211221141f111d111b0e180d180c1609130713051304110110000ffe10fd0ffc0efa
CSIX,1651397299,024353490001,-68,6,128,433004000afd0afc09fb07fb05fc04fb03fb01fb00fcfffbfdfbfdfcfcfbfafcfafdfafef9fef8fff800f701f600f501f501f502f402000000000000000000000000000000000000000000001f161e191d1a1d1c1c1c1b1d1a1f171e171e171d161f151e131b14171016121510110f0d100c0f0a0f070f060e030f0210000eff
CSIX,1651429757,024353490001,-68,6,128,433004000a000bff0afe07fe06fd05fc03fc02fc01fb00fafefafffafcfbfdfbfcfbfbfbfbfdf8fdf9fdf7fef7fef6fef4fef5fff4fe00000000000000000000000000000000000000000000181c161f152116221422122311240e230e230e230c250c210b1f0b1c0a190c180b150b110b110d0e0b0b0d0b0d080e060e050e04
CSIX,1651484315,024353490001,-68,6,128,43300400fbf5fbf5faf7fbf9fbfafbfcfbfefbfffb00fb01fc03fc03fd04fd05fe06fe06ff0600060207020803080309040a030a030a0000000000000000000000000000000000000000000010dd14dd14de15dc16df18df19e019e318e219e41be419e518e815e813ea11ea0deb0aee08ed06ee04ee03ef01ef00f1fef0fef2
CSIX,1651574629,024353490001,-68,6,128,433004000bfe0bfe0bff08ff06fd04fb03fc02fb01fb00f9fff9fef9fdf9fdfafdfafbfbfbfbf9fbf9fcf7fbf7fcf6fbf5fcf5fdf5fc00000000000000000000000000000000000000000000191b181d171f172015211422132311220f230f220e240e200d1e0d1c0b180c170b140c100c0f0c0e0b0b0f08090724ee0f020e03
CSIX,1651605263,024353490001,-68,6,128,433004000a020802080107ff06ff05fe03fb03fc03fb02fb00fafffafffafefafefafdf9fdfafcfbfbfbfafaf9faf9faf8faf7fbf8f9000000000000000000000000000000000000000000000f1d0d1f0b200c210a2107230622ff2204220320032202200519021b0317031c041405110612060f070c080b09080a080b070b05
CSIX,1651635801,024353490001,-69,6,128,43300400070907080806090507030701060006fe05fc06fb05fa03f904f903f902f901f701f6fef7fef6fcf6fcf5fcf4fbf3fbf4fcf400000000000000000000000000000000000000000000f828f529f32af12af22aed28ed29ed26ed26eb23e924ea22eb1fee1ff11af21bf517f916fb15fc13ff120111030f03100510060f
CSIX,1651694337,024353490001,-68,6,128,43300400ff0bff0b020900070004060602030002070507fe050108fe08fc08fb07f906fc03fa02f904fa07f802f804f606f508f406f300000000000000000000000000000000000000000000e218df16de14dd14de12db0fdd0fde0edd0ddf0bd70be20ce10de50de60ae709eb08ed07ed09f20bf30af50bf70bf70afa0cfb0d
CSIX,1651754534,024353490001,-68,6,128,43300400f5fcf5fcf6f9fafef9fefa00fbfcfc01fe03000400ff02040104020403050503050207020803090209020a020c040b000b0200000000000000000000000000000000000000000000f3dcf6dcf7d9f9d9f8dafadbfbd9fddafedbfddbffdafcdcfce1fbe2fde8fbe4fbe8faebfae8f8edf9f0f6f2faf2f5f5f4f7f4f8
CSIX,1651815671,024353490001,-69,6,128,43300400f507f607f806fa06fa05fc05fe06ff050004020302030202030305030502050106ff05fe07fd06fb08fd07fb09fb09f908fc00000000000000000000000000000000000000000000dafad9f6daf3daf4dcf2daf1ddefe0f0e0eedfeedfece2efe3efe5f2e7f3e7f4eaf7ebfaebfbeefbeffdeefff002ef02f005f207
CSIX,1651874201,024353490001,-69,6,128,43300400090309020902080107ff05fe05fe03fd04fc02fa01fb01fb00fafff9fefafcfafcfafbfafafbf9fbf8faf7faf6f9f7faf6f9000000000000000000000000000000000000000000000a24082506260528042502280127ff24ff24fe23fc25fd22fe1fff1e001a011a0117031404130511060e060d070b080b09090a07
CSIX,1651911448,024353490001,-69,6,128,43300400020a030a03080306040504040502050105ff05fe04fd03fd04fc03fb03fb03fa01fa01f9fff8fef7fff7fef6fef5fdf4fef400000000000000000000000000000000000000000000e71ce31be419e01be218df18de16e014e014e113e014e212e511e711e90ee90fec0ff10df20ef40ef70df80dfb0dfd0cfd0cff0c
CSIX,1651937673,024353490001,-69,6,128,43300400020a030a05080506040504040402050005ff04fe05fd04fc03fb03fa03fa02fa01f800f8fff7fef6fcf6fcf5fbf4fcf3fcf300000000000000000000000000000000000000000000e31fdf1dde1cdc1ddc1adb1ad918db15db15db15dc14dd14e012e312e610e611eb0fef0ff00ff30ff60ef70efa0efc0dfe0ffe0d
CSIX,1651995699,024353490001,-69,6,128,4330040003f703f701f7fef900f9fefafcfafdfefcfdfafefafefafffa00fa02fa01fb02fa04fb05fc06fc07fc08fd08fc0afc0bfb0a0000000000000000000000000000000000000000000025f726fa27fb28fc27fd280028002401250124022502250320021e001b021b0016fe14fe13fc11fb0efb0df90bf90bf708f608f6
CSIX,1652024739,024353490001,-69,6,128,4330040004f702f701f701f8fffafefafcfbfcfcfbfdfafdfafffafff9fffa00fb01fa02fa04fb04fb06fb07fb07fb08fb09fb0afb0a0000000000000000000000000000000000000000000025fb27fe270028012601270427052506250623062507220520061d041a051b021602140013ff10fe0ffc0dfb0bfa0af809f708f7
CSIX,1652054287,024353490001,-69,6,128,43300400090208020702060106fe04fd04fd03fb02fb02fa00fafffafffafffafefafdfafdfcfbfbfafcf9fcf7fbf6fbf6fbf6fcf5fb00000000000000000000000000000000000000000000082505250426032703270027ff27ff25fe25fd25fb26fc24fd20fe1efe1aff1b0017011402130310050e050c060b070a0a090907
CSIX,1652115359,024353490001,-69,6,128,43300400faf8f9f9fbfafafbfbfcfafefafffa01fa02fb03fb03fc04fc04fd06fd05fe05000600060206030703070508040905080509000000000000000000000000000000000000000000000fdf12e113df13de15e017e018e117e517e318e31ae418e616e913e811ec10ea0ded09ef08ee06f005f103f102f200f2fef4fdf5
CSIX,1652175065,024353490001,-69,6,128,4330040008010801070006ff05fe03fd04fb02fb02fa01f900f9fff9fffafefafdfafcfafbfbfbfcfafcf9fef7fdf5fcf6fef6fdf5fc0000000000000000000000000000000000000000000009240726072606270626032701270025ff26ff25fd26fe23ff20001f001b021a0117031403120410050e070c060a090a08080906
CSIX,1652211118,024353490001,-69,6,128,43300400f5fcf5fef801f800f902fb03fb03fc04fc04fd06ff0600060108010702060406030505030703080309030a030a030b020b0200000000000000000000000000000000000000000000f4d7f6d5f8d3f9d2f9d3fdd2fcd3ffd5ffd600d501d401d701dbffde00e1fde0fde5fbe9fceafaecf9eff7f1f7f3f7f5f5f6f6f9
CSIX,1652234307,024353490001,-69,6,128,43300400fcf7fcf9fbfafbfbfafcfafefa00fb01fb02f903fa04fc05fc03fb05ff06fd06fe08000a0206040705060604050b0409020a0000000000000000000000000000000000000000000014df16e017e018e018e01ae31ce31ce61ae61be71ce71ae817ea15eb12ed12ec0eee0cef0aee09f106f105f202f302f3fff3fef5
CSIX,1652264138,024353490001,-69,6,128,43300400f7fbf7fcf9fdf9fdf9fffa01fb02fc04fd04fc05fd06ff05ff07ff060106020502060305050504050604050507060705080600000000000000000000000000000000000000000000feda00d801d903d603d906d605d807da07db09dc0cdb0ade0ae107e205e504e503e901ea01ebffeffdf0fcf2fbf4faf4f9f6f8f7
CSIX,1652296623,024353490001,-69,6,128,4330040006f805f804f902f901fafefafdfbfdfbfcfcfbfbfafdfafdfafdfafef900f800fa00f903fa04f905f905f805f706f806f7070000000000000000000000000000000000000000000025062509250a260b250c250f2310221020101f0f2012200f1c0f1b0b180b170a14071505140311020e000eff0bfd0afc0cfa09fa
CSIX,1652329292,024353490001,-69,6,128,43300400fe09ff090008000702050204030304020401060005fe06fe06fe05fd05fb04fc04fa04f902f802f801f703f701f600f501f400000000000000000000000000000000000000000000de11db0edb0dd90cdb0cd80ad809da06db05dc05da04dd05e104e205e605e505e906ed06ed06f007f108f407f708f709fa0afc0c
CSIX,1652354135,024353490001,-68,6,128,43300400080507050804060205000400040003fd03fc02fb02fa02fa00fa00f9fff9fef9fefafcf9fbf9fbf9fafaf9f9f8f8f8f8f8f800000000000000000000000000000000000000000000fc25f924f828f725f627f425f326f222f322f023ef22f020f11df41bf517f71afa15fb14fb12fe12000f010d030d040c050b0609
CSIX,1652387854,024353490001,-69,6,128,433004000902090007fe06fe06fe04fd03fd02fd01fc00fbfff9fdfafdfafdfbfdfafbfbfbfbf9fdf8fdf7fef7fdf6fef6fdf5fdf5fd000000000000000000000000000000000000000000000f220c250b230b2708240728062705240425042303250323031f041c041b03190517061206120710070d080b080808080b060a05
CSIX,1652414332,024353490001,-69,6,128,4330040009050a0309030801070005ff06ff04fc01fb03fa01fafff900f8fef9fef9fcf9fcf9faf9fafaf9fbf7faf6faf4f9f6faf4f900000000000000000000000000000000000000000000032afe2cfe2afc2dfb2cf82df72bf629f628f627f628f727f823f921fa1efb1dfc1aff17001602130311050f050c080c090b0a09
CSIX,1652444120,024353490001,-69,6,128,4330040005080507050704050504050104ff04ff04fe04fd03fc02fb03fa02fa01fa01f900f8fff9fdf8fdf8fcf7fbf7fbf6fbf7faf600000000000000000000000000000000000000000000f123ef23ed22ec23ec22e921e920e81ee81ee81ce61ce81bea18ec19ef15ef16f213f511f711f90ffb0efd0eff0c010c020d030b
CSIX,1652477959,024353490001,-68,6,128,43300400f4fef400f501f802f901fa03fc04fd04fe05ff05010502050306040605050604070406020702090109010a010b010b000c0100000000000000000000000000000000000000000000e8dbecd8ecd7ecd6efd7f0d5f2d5f4d6f4d7f5d8f5d6f5d8f8dbf6def8e2f6e2f6e7f6ebf5ecf5eff5f1f4f4f4f7f3f8f2faf3fb
CSIX,1652505290,024353490001,-68,6,128,43300400ff0aff0b000901070106020403030402050106ff05fe05fd05fc04fa05fb04f903f903f801f702f602f601f4fff400f301f300000000000000000000000000000000000000000000d810d70dd50dd40dd40bd409d208d605d605d505d404d905db04de05e104e207e607e907eb07ed07f009f309f60bf70bf90cfb0c
CSIX,1652568146,024353490001,-67,6,128,433004000804080407030501050004ff04fd03fc03fc02fa01fafff9fff9fff9fef9fcf9fcfafbf9fafaf9faf8f9f7f8f7f8f7faf6f8000000000000000000000000000000000000000000000126ff26fe27fd27fe27fa27f927f824f825f624f424f522f71ef81efa1afa1afd16fe14fe130111010f020d040b050b07090808
CSIX,1652598990,024353490001,-69,6,128,4330040006f706f804f703f901fafffafffafcfafcfbfafcfafcf9fef9fef9fff8fff800f803f802f905f705f605f607f607f708f508000000000000000000000000000000000000000000002a082a0b290d2b0f290e291128122512241324122315231320111e0f1a0d1a0c180a130715061303120210010efe0efc0dfa0bf9
CSIX,1652774766,024353490001,-69,6,128,433004000bfc08fb05fb04fd05fc02fb02fc00fbfefafffafbfcf9fafaf9fcfbfcfef8fef9fef800f801f601f601f500f402f302f402000000000000000000000000000000000000000000001a1b181e181f19201620162114221423131f1120102311210f1f101a0f180d170d150b100d0d0c0c0c070d060b020a050dfe0e01
CSIX,1652804212,024353490001,-69,6,128,43300400f7fff601f802fa01fa03fc03fe04fe0400040105020504040305040305040604060306010801090009000a000a000aff0bff00000000000000000000000000000000000000000000ebdfeedeeedcefdbefdaf1daf2daf3dbf4dcf5dbf6daf8dcf8dff6e2f7e5f7e6f8eaf7eef6edf6f2f6f4f6f7f6f9f5fbf4fbf6fe
CSIX,1652835776,024353490001,-69,6,128,433004000bfe09fe09fc07fc05fc03fb02fb00fbfffafefafdfafafafbfafafbf9fbf8fcf7fcf6fdf6fff5fff5fff3fff300f200f3000000000000000000000000000000000000000000000019211824162516271526142a122910270e280e260e280e260d220e1f0b1c0d1b0b160b130c120c0f0a0b0c090a060c040e020d01
CSIX,1652864853,024353490001,-68,6,128,43300400f7f6f2f6fafdfdfdfbfdfc02fe04fa05ff04fc01ff07020502040308fd090004050505050304090809080c0b0e03070806060000000000000000000000000000000000000000000005d906d700d903d90add0dd811dc0cdc0ad80bde0bdc0adc0ae50be304e003eb0be107f3fef009e907f1f6f1faf3f8f5f5f7f7f6
CSIX,1652895475,024353490001,-69,6,128,43300400020a02090306020604040303040104ff03fe05fd03fc02fb03fb02fa02f901f801f801f7fff8fff501f5fef5fef5fdf4fdf400000000000000000000000000000000000000000000e61ce41ae21be21ae21adf19de16e013df14e113df14e113e511e611e80ee910ed0ef00ef20ef40df60cf90cfb0bfd0cff0d000c
CSIX,1652985079,024353490001,-69,6,128,433004000209020804070405030504020302060002ff02fe03fc03fb04fb04fa03f902f902f901f700f7fff6fff6fef6fef4fef5fef400000000000000000000000000000000000000000000e61de51be21ce21ae11ae119de16e015e013e013df14e213e40fe711e90ee810ed0cf00df20ef40cf70cf80cfb0bfd0cfe0c010b
CSIX,1653016907,024353490001,-68,6,128,43300400f603f603f904fa03fb04fc020005ff04010402040303030305040602050208020601070007ff08fe09fd09fe0afd0afc0afd00000000000000000000000000000000000000000000e3e6e5e4e5e3e4e1e8e2e6dde9deecdbeadfecdeecdeede0f2dfebe4f2ebf2e7f1eef3f0f2f2f3f5f3f7f4f8f4fbf3fdf400f400
CSIX,1653044313,024353490001,-69,6,128,43300400f6f7f6f9f6fbf7fcf9fcfa00fb00fc02fc03fd04fe06ff07ff07000601070209020804060507050806070706070a09090808000000000000000000000000000000000000000000000bd50ed70fd511d511d614d614d614db14db16dc17da15de14e111e10fe60de40ae807e906ea04ed01ef01f0fdf2fbf3faf3f9f6
CSIX,1653075116,024353490001,-69,6,128,4330040009040902080107ff05fe04fe03fc01fc01fb00fbfffafffafdfafdf9fcf9fbf9fbf9f9faf9fbf8fbf7fbf6fbf6faf5fcf5fa0000000000000000000000000000000000000000000005250326022701290027ff28fe28fd25fc25fb25f925fa23fb1ffc1dfd1afe1b0017001302120410050d060c070a060a09080908
CSIX,1653104324,024353490001,-69,6,128,4330040009ff0afe08fd06fc05fe04fc02fc00fbfffafefafdfafcfbfbfbfbfbfafbf9fbf9fdf8fdf8fef6fef7fff5fff4fff501f4ff00000000000000000000000000000000000000000000161e12211222122311220f250f250b230c230a220a240a22091f0a1c09190a190a14091009100a0e0a0b0a080a060b050c030b02
CSIX,1653134186,024353490001,-69,6,128,43300400f6fbf7fcf8fcf9fefafffc00fb02fc03fd03fd04fe040005000600060206030603060405050506050705080609070805090600000000000000000000000000000000000000000000fed900d901d802d803d804d806d808da08db09dc0adb0adc09e007e205e504e503e901eb00ecffeffdf1fcf2fbf5f9f5f7f5f8f7
CSIX,1653168507,024353490001,-68,6,128,433004000a030a010901070006ff05fe04fc04fb02fb02f9fffafff9fef8fefafdf9fbf9fbfafafafafaf9faf7f9f7faf6f9f6faf6fa000000000000000000000000000000000000000000000c230a2609260727072604280327012501250124ff260023ff20011e011b011a0217031304130410050f060c0709080909060a05
CSIX,1653194666,024353490001,-69,6,128,43300400f500f603f702f902fa03fb03fd03ff030004010502040304030404030503060306020700080009ff09ff0aff0bff0afe0bff00000000000000000000000000000000000000000000e6e3e7e1e8dfe7dee9dfeaddebdceedeeddeefdef1dcf1dff3e2f2e5f4e7f2e7f4ebf4eff4f0f4f2f4f5f4f7f4f9f4fbf4fdf4fe
CSIX,1653230076,024353490001,-68,6,128,43300400030a03070507040504040403050005fe04fd05fc03fd03f902fc02f902f800f901f8fdf7fef7fdf6fdf6fcf6fcf5fcf5fcf400000000000000000000000000000000000000000000eb20e91fe61fe61fe520e41ce31be219e419e218e116e217e614e914eb11ec13f010f210f410f80cfb0cfc0dfe0bfd0b000d010a
CSIX,1653255086,024353490001,-69,6,128,43300400f907fa08fd07fd05fe04000501040202030203010501040006ff06fe06fe07fd06fc05fa06f906f806fa06f806f807f803f400000000000000000000000000000000000000000000d9ffd9fbd8fad6f9d8f8d8f7d9f6dbf6dbf4dbf4dcf2def4e1f4e2f7e6f7e5f7e9f9ecfcecfdee00f101f202f404f404f507f607
CSIX,1653314276,024353490001,-68,6,128,433004000afd0afd07fc07fc05fb03fc01fafffafefafdf9fcf9fcfafafbfbfbf9fcf9fdf7fef7fef7fff600f4fff400f300f302f202000000000000000000000000000000000000000000001d1d1d201c221c241a2319261826152514261324132612231020121e0f1a0f1a0e150d100d100e0d0d0b0d080d050d040e010d01
CSIX,1653410160,024353490001,-69,6,128,4330040003f403f500f6fff6fff7fffbfcfdfbfdfafdf9fffb00fa00f801f901f903fa04fb05f906fc07fb08fa09fc09fb0afb0cf90c0000000000000000000000000000000000000000000027f428f62af72bf72af92cfc2cfe2bfd280027002b022602260024fe1dfe1dfe19fd17fc15fa14fc0dfb0df809f90af508f405f4
CSIX,1653466254,024353490001,-68,6,128,4330040006f606f704f702f900fa00fafefbfdfcfcfcf9fdfafefafff9fef801f801f902f904f805f906f807f807f909f709f80bf60a000000000000000000000000000000000000000000002b082a0a2a0c2c0e2a0e2a1029112711261325122514221321111f0e1c0c1a0a170915061305120210000eff0cfb0cfa0bf809f8
CSIX,1653494361,024353490001,-68,6,128,43300400fef5fcf8fbf7fcf9fbfafbfdfbfdfbfffb00fb02fb02fc03fc04fb04fc05fe05fe06ff0700080109ef07020a030b020a020b000000000000000000000000000000000000000000001de51fe820e721e721e923eb23ed22ee22ef21f023f020f01ef31bf117f317f212f410f30df30cf509f406f404f504f301f300f3
CSIX,1653528634,024353490001,-69,6,128,4330040008030901080006ff06ff05fd03fc02fc02fb01fb00fafffafdfafefafcfafbfafafbf9fcf8fcf6fcf6fcf5fcf4fcf4fdf5fc0000000000000000000000000000000000000000000006260327022801290028fe28fd29fd26fc26fc24fa25fc23fc20fe1efd1afd1aff16011302110410050e050c070a070808070906
CSIX,1653559432,024353490001,-68,6,128,43300400f504f603f804f904fb04fc05fe05ff0400050205030304040404060306020701080009ff09fe0afd0bfd0afe0cfc0cfb0dfc00000000000000000000000000000000000000000000e0e1e4dce4dbe3dae5dae7d9e9d7eddaeddaecdaecdaeddceedfeee2f1e5efe5f0eaf2edf1eff2f2f3f5f2f7f2f9f2fcf3fef2ff
CSIX,1653584177,024353490001,-68,6,128,43300400f703f704f905fb05fc04fe04ff04ff040104020303030402040405010500060107ff07fe08fd08fc08fc09fc0afa0afa0bfa00000000000000000000000000000000000000000000e0eae0e7e1e5e0e4e2e5e4e1e4e1e7e3e7e2e8e3e8e0e9e3ebe5ece9edebedeceff0f1f3f1f3f1f7f2f9f2fbf4fdf4fef200f400
CSIX,1653644344,024353490001,-68,6,128,43300400faf7faf8fbf8fbf9fbfcfafdfbfffb00fc01fb03fc02fd04fd05fe06fe06ff06010602070307030704080409050a050a050a0000000000000000000000000000000000000000000018e019e11be21de21ce31fe61fe61de91ee91de91eea1deb1aed17ed14ee13ed0fef0cf00cf009f108f205f202f301f2fef3fef4
CSIX,1653677826,024353490001,-69,6,128,4330040000f500f5fef6fef9fdf9fbfbfbfcfafcf9fefa00fafffa01f902fa04fb05fc05fc07fd07fe08fe0aff0bff0bfe0cff0efd0d0000000000000000000000000000000000000000000027ee2af02bf02df12cf32df62cf829f82af929fa2afb28fa23fb22f91efa1ef919fa15f814f711f80ef60cf608f608f406f206f3
CSIX,1653704846,024353490001,-68,6,128,43300400fc09fd08ff080007010702050305040305010502050005fe05ff06fd06fb06fb05f904f905f803f704f603f504f304f305f300000000000000000000000000000000000000000000d406d303d201d0ffd2ffd1fcd3fbd4fad6f9d6fad6f8d7fadcf9defce1fce1fde6ffe801ea02ed04ef04f206f306f407f60af70a
CSIX,1653771141,024353490001,-69,6,128,43300400f703f805fa04fa04fb04fd05ff0500040104020403030403030405030601060107ff06fe07fd08fc09fc0afc0bfb0bfb0cfb00000000000000000000000000000000000000000000e2e8e2e4e3e4e2e2e5e3e5dfe7e0e9e0eae0ece1ebe0ebe2eee4ede7efe9efeaf0eef1f3f0f2f3f5f2f7f3f9f3fbf3fcf4fff500
CSIX,1653827376,024353490001,-69,6,128,4330040009fe08fe07fd05fd04fd03fc01fc00fb00fbfefbfcfbfcfbfcfbfbfcfafcf9fefafef8fff801f602f601f501f401f403f302000000000000000000000000000000000000000000001a1e161f172116231522132310250e230d220e220e230d210c1d0d1b0b180c180c140b100b0f0b0d0b090c080b050c040c020c00
CSIX,1653856038,024353490001,-68,6,128,4330040009fc08fb07fa04fb04fc02fb01fcfffbfefbfcfcfcfdfbfdfbfdfafefafef9fff701f802f901f704f704f605f506f506f5050000000000000000000000000000000000000000000020151f181f1a1e1b1e1b1d1c1b1d191b181c181d171e171b1418141511131214100f0f0c0f0a0e080d050d040c010c000dfd0bfd
CSIX,1653885112,024353490001,-68,6,128,43300400080108020800060005ff03fd02fd01fc00fafffbfefbfefafcfafcfafcfafbfbfafbf9fbf8fbf6fcf6fbf5fbf4fbf5fbf5fa000000000000000000000000000000000000000000000c210d200d210d24082a09230627032201250025042502220220031e031903190215051304120710060e080b070909080a070a06
CSIX,1653925207,024353490001,-69,6,128,4330040008fa07f806fa04fb02fb02fc00fbfefcfefcfcfdfbfdfafdf9fefafff900f801fa03f802f904f704f704f705f606f608f60700000000000000000000000000000000000000000000230e2311221223142113221620171d171d181d161d171c171a1418121510150e120c1108110710050e030f020cff0cfe0dfc0bfd
CSIX,1653974946,024353490001,-68,6,128,4330040008030b00040207fb010007fd02ff01fa02fafefbfdfafdfafef8fdfbfbfafafafbfaf8fbf9fcf8fcf5fbf5fbf5faf5fdf5fa0000000000000000000000000000000000000000000007260526042702290327ff2afd27fe26fb24fd24fb26fc23fb20fd1dfd19011c0115041301120310010d030d050b080909080a07
CSIX,1654004839,024353490001,-68,6,128,433004000904090409020601070005ff03fe03fc01fc01f900fafffafef9fcfafcf9fafafafaf8faf8fbf6fbf5faf4f9f4f8f4faf4f900000000000000000000000000000000000000000000052a022b022c002dff2cfd2dfb2cfb29fb2af928f729f826f924fa22fd1dfe1dff190116021503130410060f060c070b0a0b0a08
CSIX,1654034276,024353490001,-69,6,128,4330040002f401f6fff6fff7fff9fdfbfcfcfcfefbfffb00fb00fa01fa02fa04fb04f906fa07fb08fb09fc0afe0afd0bfc0bfc0dfb0d0000000000000000000000000000000000000000000028f02af22af22bf42cf42cf72bf829f929fa29fa29fe28fd25fd22fb1efd1ffa19fa16f814f812f80ef70df60bf609f508f306f3
CSIX,1654064276,024353490001,-69,6,128,4330040009fd09fc07fc05fc05fd02fb02fc00fcfffcfdfafdfbfcfcfbfbfafcfafdf9fdf9fef900f801f601f601f501f402f403f30200000000000000000000000000000000000000000000191d161f16201622152013221324102110220f210f220e210d1e0d1b0b180d160c130c100c0e0c0c0c0a0c070a060c040c030c01
CSIX,1654095120,024353490001,-69,6,128,43300400fdf6fcf6fdf7fdfafcfcfbfcfcfefbfffb00fb02fc04fc03fc04fd05fd06fe06ff0700070108000902090209020b020b020c0000000000000000000000000000000000000000000019e21ce41ce41ee41de620e720e81feb20ec1feb1feb1ced1bee18ee16f016ef12f10ff20df20cf209f307f203f303f302f300f3
CSIX,1654124219,024353490001,-68,6,128,4330040008fc08fb06fb04fc03fc02fbfffbfffbfefcfdfcfcfdfbfcfafefafefafef8fff900f802f802f703f602f503f404f504f40400000000000000000000000000000000000000000000211320161f171f191f181e1a1e1c1b1a1a1b1a1b191e1718151816171313101311130f0f120515080e070f040e040d010dff0cfe
CSIX,1654157425,024353490001,-69,6,128,43300400f806fa06fc05fd05fd0500040003020302020401040205ff05ff05fe06fe07fd07fc06fa05f906f806f806f807f707f608f600000000000000000000000000000000000000000000dafbd9f7d9f7d7f5d9f6d8f3dbf4dcf4ddf0ddf2dcf0def1e2f3e3f5e7f5e6f6e9f9ebfbecfbeffef001f101f402f404f507f607
CSIX,1654184583,024353490001,-68,6,128,43300400fa08fc09ff07ff07ff05000402030302030005ff04ff05fe05fd04fc05fb05fa05f904f804f603f704f603f604f404f404f400000000000000000000000000000000000000000000db0ad908d906d606d905d603d702da00da00dbffd9ffdb00deffe001e4ffe400e801ec02eb04ef04f105f207f507f608f70bf80a
CSIX,1654215053,024353490001,-69,6,128,43300400040704070505040504030301040003ff02fd02fc01fc01fb00fb01fafff9fff9fef8fdf9fdf8fcf8fbf7fcf7fbf6fbf6fbf600000000000000000000000000000000000000000000f11dee1dee1eec1dec1deb1dea1bea19ea19ea18e919ea17ec15ee15f013f113f411f70ff80ffa0efb0dfd0cfe0b000c020c030a
CSIX,1654274467,024353490001,-68,6,128,4330040002f602f502f701f800f900fbfefcfcfdfcfffafffb00fa01fb02fa02fa04fb04fb06fc07fc07fb09fd09fa0afa09fe09fa0b0000000000000000000000000000000000000000000025f726fa27fa28fc28fc29ff280021ff260124022503240221021e001b001afe16fe14fd13fb11fa0efa0df90af809f607f507f5
CSIX,1654304261,024353490001,-69,6,128,43300400040b03090507030504050403030105fe03fc04fb02fc02fa02fa01f701f7fff7fff8fef7fcf7fdf5fbf5faf4faf4faf4faf300000000000000000000000000000000000000000000e826e624e523e224e422e121e01fe01ddf1de11adf1de21ce418e717e813ea15ef13f212f312f610f810fa0efd0dff0d010e020d
CSIX,1654334736,024353490001,-69,6,128,43300400010b020b010a0307000503030301030004ff03fb02fc03fc02fc02fa02f901fafff800f7fef8fef6fdf6fdf5fdf4fdf4fdf400000000000000000000000000000000000000000000e51ae118e117e01ae217de17dc13df12df12dd12dd10df11e20ee50ee90ee80fed0df00cf20cf50cf80cf90bfa0cf90cfe0e000c
CSIX,1654398236,024353490001,-68,6,128,433004000905090308020601050004fe03fd01fd01fcfffbfefafefbfdfbfcfafdfafbfbfbfbfafbf9fbf7fcf6fcf6fbf5fbf5fcf5fc00000000000000000000000000000000000000000000042601270127ff29ff27fc28fb28fb25fb26f925f926fa23fa20fc1efc1cfd1bff17001402130311030f050d060b070909090907
CSIX,1654424216,024353490001,-68,6,128,4330040008f607f704f704f903fa00fbfefcfdfdfcfdfafdfafdfa00f900f801f802f902f904f804f906f807f707f808f709f709f60a000000000000000000000000000000000000000000002a012d032b052d062c072c0b2a0c290c290d260d280e260d230d200a1d081c07190616031502130012ff10fd0efc0ffa0df70bf6
CSIX,1654454777,024353490001,-68,6,128,43300400fd0bfd0cfe0aff070106010503030401050005fe05fe05fe06fb07fa07fb05fa05f804f704f504f503f503f404f403f304f200000000000000000000000000000000000000000000d710d50dd40cd20bd50ad308d306d505d605d605d503d903db02de05e105e104e506ea06ea07ed08f108f309f60bf50cf90dfa0d
CSIX,1654574439,024353490001,-69,6,128,43300400f501f601f803f803fa02fc02fe04ff01010402030303030305030603070107020700080009fe09ff0aff0afe0bfe0bfd0bfe00000000000000000000000000000000000000000000e3e5e5e2e5e1e5e0e9e1e9dfebddece0eddfeddfecdfede0efe2f0e6f2e8f0e9f1ecf2f2f3f1f2f5f3f7f2f8f2fcf3fcf1fff5ff
CSIX,1654636034,024353490001,-69,6,128,43300400f6f8f7f8f7fbfafbfbfefcfefc01fc02fe02fd04ff05000500040204020602060405060606060706070708070809090607080000000000000000000000000000000000000000000005d905da06d708d809d80bd90cdc0cdb0cdd0dde10dd0ede0be30be307e708e706e903ee02ed02ef00f1fcf3fbf4fbf5f6f5faf6
CSIX,1654699691,024353490001,-69,6,128,433004000803080208020702060005ff04fd03fd00fb01fbfffcfefcfdfbfffcfcfbfafcf9fdf8fbf7fdf6faf7fbf4fcf3fbf5fbf4fb000000000000000000000000000000000000000000000926072a0426052a0527022800280124fe25ff24fe26ff25fd21001eff1b001a0116041406120610070d060b09080b0a0d080c07
CSIX,1654724843,024353490001,-69,6,128,43300400fc0afd09fe09fe0700060005020403030201040004ff02ff03fe04fc03fb03fa02f903f702f702f503f502f503f303f403f300000000000000000000000000000000000000000000da0cd80ad808d708d807d704d703d901da01da01d900dc01e001e102e502e603e904ed05ed05f006f207f408f608f609f80cfb0c
CSIX,1654758590,024353490001,-68,6,128,433004000af808f906f805f903fa01fa00fa00fbfffcfdfcfcfdfbfefb00f901fa03f903f805f905f806f708f607f609f509f60af40800000000000000000000000000000000000000000000290e2a0f29122915281528162518231623172216221721161e141f11190e1b10160c150814061204100210ff0efd0efc0ffa0cf8
CSIX,1654785637,024353490001,-68,6,128,433004000a070a05090408020702060005ff05fd03fd02fb01fcfffbfefbfdfbfbfafafaf8faf8fbf6fbf4faf3faf5faf3f9f6f7f5f900000000000000000000000000000000000000000000fe2bfb2cf92cf82df82bf52cf42bf428f428f327f228f425f522f821f81df81dfa18ff16ff1601130210040f060c080d090d0a0a
CSIX,1654874354,024353490001,-68,6,128,43300400f708f707f907fb05fc06fe05ff040103020104020401050006fe07fe07fd06fd07fb08fa08f809f609f70af70af70af50bf500000000000000000000000000000000000000000000d5f5d6f2d5f0d5eed5efd7ecd8ebdaebdbebdbebdbeaddece0ede1efe5f2e5f2e8f5ebf9ebfaedfdefffef01f103f104f307f307
CSIX,1654964265,024353490001,-69,6,128,43300400f500f601f702f902fa03fc03fd04fe03000301040203040204030402060207020700080009ff0bfe0b000bff0cff0bfe0cff00000000000000000000000000000000000000000000e8e0ebddecddecdbedddefdbf0dbf1dcf3ddf3def2dcf2e0f3e2f3e4f4e7f4e8f5ecf4eff5f0f5f3f5f4f4f6f4faf3faf3fdf4fe
CSIX,1654994140,024353490001,-69,6,128,43300400070907090606050506030303050104ff03fe02fc01fb01fb00f901f900f8fef9fdf8fcf7fbf7faf7faf5f8f6f7f5f8f4f6f300000000000000000000000000000000000000000000f128eb29eb27e729ea25e628e423e722e520ea21e821ea20ec1eee1df01aef18f117f713f814fa12fc11fd10000e020f050f060e
CSIX,1655031915,024353490001,-68,6,128,43300400030904080408040503040302030103ff03ff04fd03fc02fc01fb02fa01f9fff9fef7fef6fdf6fdf5fdf5fcf4fcf3fcf4fdf300000000000000000000000000000000000000000000e81de51de41de21ce31be01ae119e216e216e215df15e314e512e811ec10ec11ef12f40ef310f60ef70efa0dfc0cfd0dff0d000c
CSIX,1655094639,024353490001,-68,6,128,43300400fb08fb08fd08fd06ff06ff050104030303020300040004ff04fe04fd04fc05fb04f904f805f704f605f605f606f506f506f500000000000000000000000000000000000000000000d804d803d700d7ffd7ffd7fcd8fcdbfbdbfbdafbdaf9dcfae0fae2fce5fce4fee900eb00ed01ee03f003f205f407f407f608f708
CSIX,1655114396,024353490001,-69,6,128,43300400fbf7faf5f9f8fafafbfbfbfcfbfffbfffb01fb03fe04fd04fe05ff07ff08000801090109020a030a040b050b040c040c040d0000000000000000000000000000000000000000000013d918d917dc1ad91adc1cdc1ede1ce11de11be21de11be318e516e615e813e910ea0bed0bed08ed05f003ef00f1fff0fdf1fdf2
CSIX,1655147110,024353490001,-69,6,128,43300400fbf6fcf7fbf8fafbfbfafbfdfafefbfffb01fc02fc03fd04fc04fd05ff060006020701070309030b03090309020b030c030a0000000000000000000000000000000000000000000015e019e019e01be01be21de31de51ce61ce71be81de81be819eb15ea14ee13ed0fef0cf00cf009f106f204f201f401f3fef2fef3
CSIX,1655235728,024353490001,-69,6,128,4330040000f5fef5fef6fdf7fdfafdfbfcfcfcfefc00fc02fc01fc04fb04fc05fc07fd08fe09ff0aff0a000c010b000c000d000dff0e0000000000000000000000000000000000000000000021e525e727e727e827ea28eb29ec26ee26f025f026f125f122f31ff11cf31af216f312f411f20ef20bf109f207f306f104f103f0
CSIX,1655265394,024353490001,-69,6,128,4330040006000800fae8090205fd03fe07f202fb00fdfefbf807fcf9fbf9fbfde7f6f6fbf6fcf9fcf8f3f6fbf5fdf4fbf3fcf4fff4fc000000000000000000000000000000000000000000001c1a191e24171524171f15232214141e0b24111eec2d161e121e0f1bee09061509140b1010130d0d090a0d091ff608090a060c05
CSIX,1655296161,024353490001,-69,6,128,433004000bfd0afd07fc05fc05fb03fb01fa00fbfefcfcfbfcfbfafcfafcfafdf8fef6fff7fff600f601f501f502f302f202f304f203000000000000000000000000000000000000000000002319221d201d21201e1f1e221b2219211921172018211820161d151a111713171113120f110d0f0b0f0710060e040e0210000fff
CSIX,1655357815,024353490001,-68,6,128,43300400fdf7fcf7fbf8fcfbfbfbfbfdfbfffcfffb01fc02fc03fc04fd05fd06fe06ff0700070108010802090209030a030b040a030b0000000000000000000000000000000000000000000016e117e21ce21ce21ce31de61fe61de91de91ee81fe91dea1aeb16ec14ef14ee10ef0df00bf00af107f106f203f201f200f300f3
CSIX,1655414893,024353490001,-69,6,128,4330040006fd07fc07fb06fb05fc02fafefe01fdfdfcfbfafffefafefafcfffff802fdfff904f4fff9fff802f505f703f506f504f4040000000000000000000000000000000000000000000020161e191e1a1e1a1c1a1a1b191d16221b1b191b181d161a151a151611161312120e100b0f0a10080e070d060d030e000c000cfe
CSIX,1655446712,024353490001,-68,6,128,4330040008fd07fd07fc05fd04fc03fd01fbfffcfffcfdfcfcfcfbfdfbfef9fef9fdf9fef800f8fff700f602f600f602f502f502f50200000000000000000000000000000000000000000000191519171819161a171a161c151c131b121b121b111d111a10170f150d120e120c0f0c0d0c0b0c090c070b060b040c030b010b00
CSIX,1655494234,024353490001,-68,6,128,4330040007f906f706fa04f801fafdfafffcfffbfcfffafbfafdfb00f700f901f9fffb01fa04f805f906f906f706f807f707f608f50a0000000000000000000000000000000000000000000026082709260c270c260d250f25102210220f211121121f121c111c0e170d1709140a15061203120111000e000efc0efc0efa0bfa
CSIX,1655534141,024353490001,-69,6,128,43300400fcf8fbf8fbfafbfbfbfdfbfefbfffd00fd00fd02fd03fd04fe05ff04ff060006010802070207020704080307050804080505000000000000000000000000000000000000000000000ee213e011e314df13e518e216e416e816e615e917e817e915eb11ec12ed0eee0ced09f108f005f204f302f300f5fff4fef4fdf4
CSIX,1655595461,024353490001,-68,6,128,43300400f908fa09fd09fe08ff060104020302010401040104ff06ff06fd06fb06fb07fa06f906f706f606f506f506f507f507f408f400000000000000000000000000000000000000000000d402d3ffd1fdd0fdd1fbd2f8d2f8d5f7d5f8d6f5d6f4d8f5dcf5def8e0fae1fce5fde9ffea00ed02ee04f006f207f307f40af60a
CSIX,1655624305,024353490001,-68,6,128,43300400020903070307030403030301040104ff04fe03fc03fb02fa01fa02f901f800f7fff7fef6fef6fdf5fdf4fcf4fbf3fcf4fcf300000000000000000000000000000000000000000000e71fe31ce21ce01be11adf19de18e015e015e114df13e114e411e612e910ea10ee0ff20ef30ff50df80dfa0dfc0cfd0d000e000c
CSIX,1655658339,024353490001,-68,6,128,43300400ff08000800070105030402020302030103ff04fd03fc03fc04fb04f903f702f802f702f502f602f400f501f400f3fff300f300000000000000000000000000000000000000000000df15dd14dc14da12db12d910d90edc0cdb0ddc0cda0adc0be00ae20ae509e60bea09ed0af00af10af40af50af80af90cfc0dfd0b
CSIX,1655684360,024353490001,-68,6,128,43300400f8faf9faf8fcfafefbfffc00fd00fe03fe020004fe0300060106030502030502020609080c0307080b0205020d060f0206080000000000000000000000000000000000000000000000d803d804d705d605d708d809d80adb0adb0adb0ddb0cdd0ae008e108e505e503e802ec01ecffedfdf1fdf1faf3f9f4f9f5f7f6
CSIX,1655714302,024353490001,-68,6,128,43300400f8fbf8fcf8fefafefb00fc01fc02fd02fd03000401040105030604050406060606050706070507050a050a060b060a05090600000000000000000000000000000000000000000000fad9fcd8fed8fed5ffd702d602d604da03da04da07d907dd06de03e003e401e400e8ffebfeecfbeefbf1faf2f9f4f8f4f7f6f7f8
CSIX,1655748234,024353490001,-67,6,128,4330040008fb06fb04fb03fa01fa00fcfffcfefdfdfcfcfdfbfefafff9fff801f701f702f703f704f704f605f605f505f505f607f60700000000000000000000000000000000000000000000220f231323132315211621181f191d171d181d151d171c15191316161818170f1315160e0a061201100310020d000cff0dfc0cfc
CSIX,1655775917,024353490001,-69,6,128,43300400f7fef900f901fb01fb02fd02fe03ff0301020103020304030403040206020602070107010800090009000a000b000aff0b0000000000000000000000000000000000000000000000eee1f1e0f1dff2ddf3dff4def7def8dff8dff8dff8def7e0f9e3f7e5f9e8f8e8f8edf8eff7f0f8f2f7f4f7f6f6f8f6f9f4faf5fc
CSIX,1655804258,024353490001,-69,6,128,43300400fef7fdf8fdfafdfbfcfcfefefcfffcfffd02fd02fe04fe03fd05fe07fe07fe070008fe08ff08ff08020d0408020dfc1102080000000000000000000000000000000000000000000016e617e81be71ae81be91beb1cec1bee1cee1cec1bed1aee17ef16ef13f214f210f30cf40bf509f307f506f403f402f401f401f4
CSIX,1655834760,024353490001,-69,6,128,4330040009fe07fe06fd05fd04fc03fc01fc00fcfffbfdfcfcfcfbfcf9fdf9fdf8fdf7fef8fff6fff701f500f4fff400f300f301f301000000000000000000000000000000000000000000001b1b191d191f1820181f15211322122112211120112210200f1c101a0d170f170c130d0f0d0e0c0c0c0a0b080c050c030c020b01
CSIX,1655878611,024353490001,-68,6,128,43300400faf8f9f8f9fbfbfdfafefc00fc00fd01fd02fe04fe0500050006010601070308040804080507060807070708080808080809000000000000000000000000000000000000000000000ada0eda0fdb10da10db12dc14dc14e013e014e014df13e111e40ee40de80ce709ea07ec05ec04ee01f000f1fef2fdf2fbf3fbf4
CSIX,1655954494,024353490001,-68,6,128,43300400fbf6fbf7faf9fcfafbfcfcfefdfffd01fc02fb03fe04fe05ff07ff07ff09010a010a02090309030b050a050b050d050b050c0000000000000000000000000000000000000000000015d918dc1adb1cdb1bdc1edd1dde1ce21ee31ee21ee21ce31be617e516e915e80fea0ded0bee08ee06ef04ef02f1fff0fef2fef2
CSIX,1656077121,024353490001,-69,6,128,43300400080108ff07ff05ff05fd03fe02fc02fbfffbfffafefafcfbfbfafcfaf9fbf9fcf8fcf8fbf7fdf6fdf6fdf5fdf4fdf4fef4fd0000000000000000000000000000000000000000000010220d250d260c270c260a26072607250625062405250524041f061e051b051a0516061306120610080d080a080809070b050b04
CSIX,1656164223,024353490001,-68,6,128,43300400f401f201fb01f8fe00fe0105fe0bff08fd03030200060606060a0204fefb07fe0afc0e010afd03fc08f90cfa12f90b000bfe000000000000000000000000000000000000000000000fda12de0bd60add05d90ad614ce12da0ee206dffddb09d306d909e304e3fee9fbeafde7faee02ecfef5f8f6f1faf2f5f4f5f6f6
CSIX,1656196317,024353490001,-68,6,128,433004000404060106ff03ff05ff02fe01fb02fbfffc01fc00fc00fb01fbfbf8fcf4fef9fb00fbfdfbf8f2fbf8fefbfbf5f7f7fdf8f800000000000000000000000000000000000000000000061e031f0122012303230127ff22fa1efb21fd21fb22fc1efa1cfd1cfe16fc180114ff10000f0410030b020d060b060a07080a0a
CSIX,1656226657,024353490001,-68,6,128,4330040000f502f8fbf7fdfff8fefafa01fafe01fd06f905ff08fe0403060009f90c0106030308050605020c04040a050f040b0a0a09000000000000000000000000000000000000000000002c022b0829fe240522fc2afd36012a06210620fd21f32cfd27fc1bff1cfd15f214f515f912f30bfd06f308f00aee0af403f500f7
CSIX,1656261570,024353490001,-69,6,128,43300400060505040602050104ff04fe04fd02fc03fc01fb00fafff9fffafef9fcf9fbf9fafafaf9f9f9f8f9f7f9f6f8f6f8f6f9f6f800000000000000000000000000000000000000000000fe26fb25fa27f927fa27f626f527f524f523f423f423f421f41ff71df819f91bfa15fd14fe130012010f030e030c040a060b0709
CSIX,1656406306,024353490001,-68,6,128,43300400f7faf7fcf9fcf9fdf9fefb01fb02fc03fd02fd05fe06ff05010701060406040706060507070608060b070a060b070a070a0700000000000000000000000000000000000000000000fcd5ffd400d302d102d304d206d407d608d707d608d507d807db04de04e104e203e600e8ffeafeecfdeefbeffaf4f8f4f7f4f6f6
CSIX,1656435662,024353490001,-69,6,128,43300400f5fef6fef700f800f902fb02fd03fd05ff05ff06010502050305030405050704080308030a030a020b030c040d040c020d0300000000000000000000000000000000000000000000efd7f2d5f3d4f3d4f4d5f7d4f8d3fad5fad6fbd6fcd5fbd7fcdbfbddfce0fbe1fae7fae9f8ebf8eff7f0f7f3f6f6f4f6f2f8f4f9
CSIX,1656464369,024353490001,-68,6,128,43300400f9f8fafaf9fbfbfbfbfdfbfffb00fc02fd02fe05fe05fe04ff06000601060207030703080507050806080609070907090709000000000000000000000000000000000000000000000adb0ddb0edb10da0fdb12dc13dc13df13e014e116df13e112e410e40de80de70beb07ed06ee04f002f100f2fff3fdf3fbf3fbf5
CSIX,1656528823,024353490001,-69,6,128,4330040006fb05fa04fa03fa02f9fffa00fcfffdfcfcfcfffafdfc01fc01f802f801f9fff703f706f906f706f805f605f707f606f60600000000000000000000000000000000000000000000250a220d240d260e240e24112311201021121f121e141e121b121e0b170e180e14091305130611030e010f010bfe0cfb0afc0bfa
CSIX,1656554578,024353490001,-69,6,128,4330040009020802080007ff05ff03fe03fd01fd00fdfffbfefbfdfafcfbfbfbfbfafafaf9fcf8fbf7fcf6fcf6fbf6fcf5fbf4fdf5fc000000000000000000000000000000000000000000000c230b2409250927082406270526032503250224022501230120031e021b03190416041304110710070d080c080909090b070b06
CSIX,1656647082,024353490001,-69,6,128,4330040005010801040203020602020005ff02fe04fd01fb01fcfefdfdf8fdfafcf90000f9f7f9fcf7fcfafbfdf9fbfcf6f9f7f9f9f700000000000000000000000000000000000000000000fe24fe1ffa21fc21fd20f925f924f61ef91ff221f51df81ff41bf91af518f819f814ff13fb13000fff0c030d040b0309030f0908
CSIX,1656674762,024353490001,-69,6,128,43300400090009ff09fd05fd06fc04fd00fd02fcfffafffafdfcfcfdfbfafafef9fef8fdf7fef8fff801f600f300f400f301f301f30000000000000000000000000000000000000000000000161d142011221323112410240e240c220d240b240b250c210c1f0c1d0818091806140811090e0a0b0a0c0a080b060c050b0309ff
CSIX,1656705038,024353490001,-68,6,128,4330040006020a000bfd08ff05fb01fe05fc04fa03fa02f8fdff03f6fbf5f8fdfbfefdfcfb01f7f9f5fbf4fcf402f7fff2fff2fbf600000000000000000000000000000000000000000000001a1a181e171f1821151f14221323102110210f210f230c210c1e0d1b0b190b180a140a1109100b0c0b090b090a050d090c040c03
CSIX,1656736140,024353490001,-69,6,128,4330040000f600f7fdf7fdf9fefafdfbfdfdfcfefcfffc00fc01fc03fc03fc05fc06fc07fd08fe08fe08ff09ff08ff0aff0bff0bff0b0000000000000000000000000000000000000000000020ec23ed23ef24ef25f025f225f324f524f523f624f822f620f81df71bf919f715f711f711f60df70af709f506f506f503f403f4
CSIX,1656764156,024353490001,-68,6,128,43300400f600f602f802f700fc03fc00fe04fd01000402080406ff0503040604080307020602080109000a000a000a000cff0bff0cff00000000000000000000000000000000000000000000ebe0eedcefdcedd9eeddf0d9f2d8f4dbf6def4daf6daf5def7dff6e2f7e5f6e6f8eaf4effaeff2f2f6f2f5f6f5fdf5fbf3fef4fe
CSIX,1656795602,024353490001,-69,6,128,433004000901090008ff07fe06ff04fd03fc02fb00fc00fbfffbfefafcfbfbfbfafbf9fbf8fbf7fdf7fdf7fef6fdf5fdf4fdf4fdf4fd000000000000000000000000000000000000000000000f220c240c260b250a2607250826062407250425032502230220031e031a041a031506130511060f070c090a080809080a050a04
CSIX,1656824552,024353490001,-69,6,128,43300400f4fff600f701fa01fa01fb02fd03fe03fe030003020402040305040305030603070208010801090009010a000b010bff0bff00000000000000000000000000000000000000000000ecdeefdcf0dcefdaf1dbf3daf4d9f6dcf6dbf6dbf6dbf7ddf8e0f7e1f8e5f7e5f7e9f7edf7eff7f1f7f3f6f5f5f9f5f8f4fcf4fb
CSIX,1656854268,024353490001,-69,6,128,43300400050805070606050504040402040104fe04fe03fb03fc01fb01fb01fbfff9fef9fff9fdf9fcf8fcf7fbf6f9f6f9f5faf6faf500000000000000000000000000000000000000000000f022ed22ec21ea22ea20e820e81fe71ce71de81be61de81bea18ec17ee14ef15f312f511f711f90ffc0efd0dff0c010c030c050b
CSIX,1656914281,024353490001,-69,6,128,43300400ff0a0009000a0006000602040204020104010500040004fe04fd04fa05fa05fa03fa04f904f704f603f701f702f403f403f400000000000000000000000000000000000000000000db0dda0bdb0cd80adb0ad907d805d903da05d803d801de01df01df02e603e604e806ec03ef04f205f408f407f908f60cfa09fb0b
CSIX,1656945510,024353490001,-69,6,128,43300400f3fdf5fef500f700f801fa03fc03fd03fe04000400050205020503050404060506050703080309020a030b030b030b020c0300000000000000000000000000000000000000000000eed9f0d6f1d6f2d3f3d5f5d3f7d4f9d6fbd7fad7fad5fad8fcdbfadefbe2fae2fae6f9eaf8ebf9eff8f1f6f2f5f6f5f6f3f8f4fa
CSIX,1657004302,024353490001,-69,6,128,4330040009f807f806f703f903f900fa00fbfefcfdfcfcfdfbfcfafefafefa00f801f801f803f804f604f506f706f606f507f607f50800000000000000000000000000000000000000000000280e271228142714261526172518221722172118211a20181c161b1319111910150c1408130712050f030f010eff0dfd0efb0cfb
CSIX,1657040369,024353490001,-68,6,128,4330040000f400f6fff7fff8fcfafcfbfcfdfcfcfbfefcfffc01fa01f801fa04f905fa05fb07fb0afc09fb08ff09ff09fc09fb09ff0b0000000000000000000000000000000000000000000023ec23f125f125f123f326f325f622f825f723f826fb21f91efa1df61bfb17f615f914f90ef70ff50df607f406f307f502f402f4
CSIX,1657064226,024353490001,-68,6,128,4330040009f00300f601f1faf8f802fb090bfa0efbfe07f70cfe0204f8fdfcf403f3fe00f403f100f5fefd04fd0ef90dfe0709070d0c00000000000000000000000000000000000000000000192a14310f1a1f082cff3104240010ee15d618da0ceaefeae4dbf0dbf8f1eb06d908e7fffb020410061bf81401f915fc17070606
CSIX,1657094247,024353490001,-69,6,128,43300400f8f8faf7fafafafafbfcfafdfbfffc00fc00fc03fd03fe04fe04ff05ff05010602070307040704080508060806090609060a000000000000000000000000000000000000000000000edb11dc10dc14db12de16de17df15e116e217e117e215e414e611e710e90fea0cec08ee07ee06ef03f101f100f2fef2fcf3fcf4
CSIX,1657189014,024353490001,-69,6,128,43300400090108010800070006fe03fe04fd03fd01fc00fafffbfefbfdfbfcfbfbfcf9fbf8fcf8fcf7fdf6fdf5fcf4fcf4fcf4fdf4fc000000000000000000000000000000000000000000000f220d240c250b250c2509260726062506250424032603230220041e041a051a0516051407120610070c080c080909090a070a05
CSIX,1657252098,024353490001,-69,6,128,4330040000f6fff8fff8fffafefafdfcfefdfcfefcfefc00fc00fc02fc03fd03fc04fd05fe06fe07ff08ff08ff08ff09ff0aff0aff0a000000000000000000000000000000000000000000001bed1cee1def1fef1ef020f120f41ef41ff61ff520f61ef61bf719f616f916f613f710f70ff70df70bf709f607f606f604f503f5
CSIX,1657279635,024353490001,-69,6,128,433004000afc08fd06fc05fc04fc03fb01fc00fcfffcfefcfcfdfbfefcfdfbfffa00f9fff901f702f702f704f603f503f404f505f405000000000000000000000000000000000000000000001c181b1b1a1c1a1e191d191f161f161f151f141d141f151c121b1318111511150f110e0e0e0d0c0b0d080d060b040c030d000cff
CSIX,1657323784,024353490001,-69,6,128,4330040008fa06f904f904f903fa01fa01fc00fcfefcfdfdfcfefbfefbfffc01fa02fa02f904f905f906f908f707f704f808f408f50a000000000000000000000000000000000000000000002406250a240b280c250c260d230e210f2110200f2111200f1c0e1b0d190c190b16081205130511030f000eff0cfe0cfc0cfb0bfb
CSIX,1657339073,024353490001,-69,6,128,433004000a030a020900060106fe05fe04fe02fc01fcfffbfffcfcfbfdfbfcfbfbfcf8fcf7fef5fcf7fdf5fdf5fcf1fcf1fcf2fdee010000000000000000000000000000000000000000000010260d290c2a0b2c092a072c042b042a03290328032a042703230422041e051c051a0616071608130710090f090b0b090c080c07
CSIX,1657365178,024353490001,-69,6,128,4330040006f904fa04f903fa01fb00fcfffbfefdfdfdfdfdfcfefc00fb00fb01fb02fa03fa04fa05fa05f907fa07fa07f907f808f8080000000000000000000000000000000000000000000021032105210622062107210a21091e0b1f0a1d0b1e0d1c0b1a0b1908160816061305120210020f010dff0dfe0bfd0bfc0afa09fa
CSIX,1657397151,024353490001,-68,6,128,43300400f4fef6fef6fff901f901fa02fb03fe03ff020003010402020204030306020703080209010a000b010b000d010e000c000e0100000000000000000000000000000000000000000000eddaefd8f0d6f0d5f2d6f4d3f6d4f7d7f7d7f8d6f9d5f9d8f9dcf8ddf9e2f7e2f8e7f6e9f5ebf6eef6f1f5f3f5f6f3f6f2f8f3f9
CSIX,1657431001,024353490001,-68,6,128,43300400040904090507050604040402030103ff03fe03fd02fc01fb00fa00f9fff9fcf8fdf7fcf6fbf6faf5faf5f9f4f8f4f9f4f9f300000000000000000000000000000000000000000000ec26e925e725e625e724e422e321e41fe31fe41fe21ee41de71ae919ec16ed17ef15f314f513f612f911fa10fe0fff0f010f040d
CSIX,1657461732,024353490001,-69,6,128,43300400faf6fbf7fbf8fbfafbfcfcfcfcfffc00fd02fd03fe04fe04ff050006020602070308050805080609060a0709070b070a070b0000000000000000000000000000000000000000000011d915d916db19d919dc1bdc1bdf1bdf1be11ae11ce019e217e414e413e811e70dea0aea0aec08ec04ef04ef02f1fff1fdf1fcf3
CSIX,1657514160,024353490001,-69,6,128,43300400f605f707f905fa04fb04fe0400040103010204010400030005ff06fd06fc06fc07fa07f907f708f709f709f70bf809f309f700000000000000000000000000000000000000000000d7f2d7efd7edd7ecd8ebd8ead9e8dce9dde9dce8dde5dee9e2eae3ede6efe5f1e8f4eaf6ebf7edfbedfcefffef00f002f204f304
CSIX,1657544235,024353490001,-69,6,128,43300400030804070505040404030401030002ff03fe00fd02fc00fcfffbfffafdfafcf9fcf8fbf9faf8f9f8f8f8f7f8f7f8f7f7f6f700000000000000000000000000000000000000000000e822e51fe41ae21ae31ae018e018e115e216e216e115e316e513e914eb10ec13f010f310f510f710f90ffb0efd0dff0d020e020c
CSIX,1657576192,024353490001,-69,6,128,433004000506050606040502040204ff04ff01fe000001fd01fc01fcfefbfdfafdfbfcf9fbf9fafaf9faf8f8f7f9f7f8f6f8f6f8f6f700000000000000000000000000000000000000000000f625f324f225f125f124ee23ee24ed20ed20ec21eb1fed1eee1af21bf317f418f715fa14fb11fd12fe0f000f010d030d030d040c
CSIX,1657604803,024353490001,-68,6,128,43300400fbf5fbf7faf8fcfafcfcfcfefcfefc00fd01fd03fe04fe04ff05000601050307030804090509050a070a070a080b080b070b0000000000000000000000000000000000000000000014d917db18db1adb1adc1cde1ede1de31de21de31ee21ce51ae617e613ea12e80eea0bec0aec09ed06ee04ef01f000f1fef1fdf2
CSIX,1657635785,024353490001,-69,6,128,43300400f7fbf7fdf8fdf9fffb00fb00fd01fd02fe02ff030102010203020303050206040602080209010b010a010c020c020c020c0300000000000000000000000000000000000000000000f6daf9dafad8fad7fbd8fed8ffd801db00da01da02da01dc02dfffe100e4fee4fde9fbecfbecfaeef8f1f9f2f7f4f6f5f6f6f7f7
CSIX,1657694297,024353490001,-69,6,128,433004000bfc09fc08fb06fb05fc03fb02fc01fc00fcfefcfbfdfcfdfafefafff9fff800f801f603f604f504f404f304f205f306f205000000000000000000000000000000000000000000002319211c201e211f1f201d211d221920182119201821171f161c151a121814161112100e110c110a0f0710060e030f020e010eff
CSIX,1657724728,024353490001,-69,6,128,43300400ff0a0108010800060305020302030301020003fe02fd02fd02fb01fa01f900f9fff8fff6fef6fef5fef5fef4fdf4fdf4fef200000000000000000000000000000000000000000000e317e016e015dd15de13dc13dd0fde08dc0cdc10de0de10be70ae60ae90de60beb0cf00af10bf20bf50bf80cf90bfa0cfc0dfe0c
CSIX,1657785246,024353490001,-68,6,128,4330040008040805070406000503040003ff02ff01fcfffdfefcfffdfefdfefafaf9fbfaf9fbfafbf8fcf7f9f6faf5f9f5faf6f8f3f9000000000000000000000000000000000000000000000125fe25fb26fb27fb26f828f825f823f724f723f424f720f61ef91bfa19f91afa15ff12ff130011000e030c050a070b090a0a0a
CSIX,1657814162,024353490001,-69,6,128,43300400f807f906fb06fb05fc06fc03ff030302030102020502030003ff04fd06fd03fd05fb06fa06f806f805f907f707f707f708f600000000000000000000000000000000000000000000dbf4dcf2dcf2d9efdcf0e0eedceee0ebe0eee1eee0ebe3ebe4efe6f1e9f3e7f5edf7edf9ecfaf0fcf000eefff201f304f105f403
CSIX,1657847710,024353490001,-69,6,128,43300400f500f600f702f901fa02fc03fc02fe02fe02ff0201030202030204010600070207000900090009000aff0bff0bfe0cfd0cfe00000000000000000000000000000000000000000000ebe1ecdfeddceddcefddf0dbf1dbf3ddf4ddf5ddf5dcf5def7e2f5e4f6e6f5e7f6ebf5eff5eff5f2f5f5f5f6f5f9f4f9f2fbf3fc
CSIX,1657878721,024353490001,-69,6,128,43300400f9f7f7f8f7f9f9fbfafcf9fffafffc00fc01fd02fd04ff030005010502060407050606080708070808070908090809090a0a000000000000000000000000000000000000000000000ad70fd710d711d611d613d815d916dc14dc14dc15dc13de11e00fe20de50de509e806ea05eb04ec01eeffeffef2fcf1faf2faf3
CSIX,1657934860,024353490001,-69,6,128,43300400f606f606fa06fa04fc05fc04ff050004010402020302030005ff05fe05fd07fc07fb08fa07f908f809f809f90bf70af60bf600000000000000000000000000000000000000000000d8f1d7eed9ecd8eadaeadae7dce7dee6dfe7dee8dfe6e1e9e2eae3ede6efe6f1e8f2ebf6ebf7edfaeefbf0fef1fff001f103f205
CSIX,1657968894,024353490001,-69,6,128,43300400f807f906fd04fc06fd05ff04ff04010300010302020303ff040005fd05fa05fc06fb06fa07fa08f807f808f708f607f609f600000000000000000000000000000000000000000000dafbd9f8dbf6d9f5dbf6dbf3dbf2def1dff1e0f1ddf1dff1e3f2e4f5e8f4e6f6eaf8ebfceffceefceffff101ef01f304f306f507
CSIX,1657999427,024353490001,-69,6,128,43300400f504f604f605fa04fb04fc06fe04000301030102030204010401050007ff08ff08fd09fd0afc0afb0bfb0bfb0dfa0df90dfa00000000000000000000000000000000000000000000dbebdce9dbe6dce5dde5dee3dfe3e1e2e2e3e3e2e4e2e4e3e7e6e8e8e9ebe8ebecefecf2edf4eef7eff9f0fbf1fdf0fef001f201
CSIX,1658059855,024353490001,-69,6,128,433004000afe09fe08fe08fd06fc04fc03fc01fc00fcfffcfcfcfcfcfcfdfafef8fff8fff6fff601f600f502f300f200f200f302f101000000000000000000000000000000000000000000001b1e1b211a221a25182417271426132511251123112512230f20101d0e190e190d150d120e110c0e0e0b0d090c060d060e040d01
CSIX,1658084243,024353490001,-69,6,128,43300400fdf6fdf6fcf8fdf9fcfafdfcfcfdfcfffcfffd00fd02fe03ff04ff05ff060007010801090209020a020a020a030c030c020d0000000000000000000000000000000000000000000019e51de61de61fe61ee921e921eb20ee20ee1eed20ec1def1bef18ef17f115f112f20ff30df20cf308f307f304f303f302f400f3
CSIX,1658146344,024353490001,-69,6,128,433004000a0109ff08ff08fe05fe03fe03fd02fc00fcfffcfefdfdfdfafdfafef9fcf8fef8fef6fff600f5fef4fef4fef3fef300f3ff000000000000000000000000000000000000000000001420122211230f250f230d240c250b220a240a2308230921081e091d08190819081608120810090e0a0d0a0a0a070a060b030b03
CSIX,1658175595,024353490001,-69,6,128,43300400fc09fd08ff0700060105010301020200030002ff02fd03fd04fc03fb03fa03f902f802f602f502f502f403f503f303f303f300000000000000000000000000000000000000000000dc0dda0ada09d709da07d806d905db04da02db03da00dd00e001e102e502e603e803ed04ec04ef05f107f307f609f608f809fa0a
CSIX,1658206214,024353490001,-69,6,128,4330040009010900080006ff06ff03fd02fc01fe01fdfffdfdfcfcfcfcfdfcfcfafdf6fcf9fdf7fef6fef4fef4fef4fef2fef3fff3ff000000000000000000000000000000000000000000000e230b250b260a2709270627052604240424032403240322021f051e041b031a071509140712070f080d080a08080a070a060b05
CSIX,1658264593,024353490001,-69,6,128,43300400f601f504f802fb03fd02fd05fe03ff02040201020402010205ff0700080008ff08fe0afd09fd0afc0afb0cfc0bfc0cfb0cfb00000000000000000000000000000000000000000000e3e5e5e3e5e2e5e0e7e1e8dfe9dfece0ece1ece1ece1eee2efe5eee8f0ebeeeaf0eef1f1f1f2f1f5f3f7f2f9f2fcf3fdf2fef4ff
CSIX,1658294745,024353490001,-69,6,128,43300400fe090009000602060306030401030202030004ff04fd03fe05f905fc03f902f804f604f703f603f503f404f404f304f305f400000000000000000000000000000000000000000000e30cd913d90ad70bda09d707d906da05db04dc04dd04de05e005e206e605e605e905ec06ec07f008f309f409f709f90afa0bfb0c
CSIX,1658354706,024353490001,-69,6,128,43300400f500f601f702fa04fc04fd02ff03ff0302030302040204020602080109000a0209ff0aff0bfe0cfe0cff0cfe0dfe0dfc0dfd00000000000000000000000000000000000000000000e0e1e2dee4dee4dbe4dce7dbe8dbebddeaddebddebdcebdeede1ece3efe5efe6f0eaf1eef1eff1f2f2f5f1f6f2f9f2fbf1fdf2fe
CSIX,1658386087,024353490001,-69,6,128,43300400f701f801f902fa02fc02fd02fe03000302030303030304020503060107010801090009ff09fe0afe0bfe0bff0cfe0bfd0cfe00000000000000000000000000000000000000000000e3e5e4e3e6e2e6dfe7e1e9dfebdfece0ece1eee1eee0eee2efe4f0e6f1e9f0eaf2edf3f1f2f1f3f4f4f6f3f7f4faf4fbf4fdf4fe
CSIX,1658414346,024353490001,-69,6,128,4330040006f905fa04fa03fb01fb01fcfffcfdfdfdfdfbfefbfffa00f800f901f802f703f703f605f805f605f605f605f607f608f508000000000000000000000000000000000000000000002508260b240d260f240f24112212201220121f101f131d0f1b0f1b0d190b180c14091206120510040f030e000cff0cfd0bfb0afa
CSIX,1658446122,024353490001,-69,6,128,43300400faf7faf9fbf9fcfbfbfdfbfffc00fc02fd03fd05ff04000500070107020803080409040905090609060a070a070b070a070b000000000000000000000000000000000000000000000fd713d814d716d816d917db19dc17de18de18df1adf17e015e212e410e60fe50ce90ae909eb06ec04ee02effff2fff2fcf2faf4
CSIX,1658476113,024353490001,-69,6,128,433004000a01080007fe06fe05fd03fd02fc01fdfefcfefbfcfbfbfcfafbf9fcf7fbf7fcf6fcf5fdf5fef4fdf3fef3fdf2fef3fef2ff00000000000000000000000000000000000000000000152413281128102a0f280d2a0c2a0b27092809260a280b2508230a20081d091c08190915091409110a0f0a0c0a080b080c070c05
CSIX,1658504441,024353490001,-69,6,128,43300400fdfafef6fc00fef8fff900fe0200fcfdfb04fe000302fc01fb030105fe05fd08fe05ff05ff0b000bfd0cfd0d020b0409030f000000000000000000000000000000000000000000001be31ce51ae51fe61fe723e522eb22ed1fea1cee1ded21ee1dec1bec17f014ee11f10df00ef40df209f609f303f704f401f500f8
CSIX,1658569181,024353490001,-69,6,128,43300400fd09fe08ff08ff06000500030302020003fe05fe04fc04fb05fb05f905f804f704f604f503f403f402f302f402f203f203f100000000000000000000000000000000000000000000d912d60fd60dd40cd50cd40ad408d607d705d905d606d906dc05de06e106e106e506e907ea07ec07f009f209f609f50af80cfa0c
CSIX,1658595381,024353490001,-68,6,128,4330040007f907f804fa03fa02fb00fbfffdfdfcfbfdfafff900f900f802f803f803f704f705f706f707f709f708f708f609f60af60a000000000000000000000000000000000000000000002b08290d2a0e2a0f290e27112713241225132412241322121f111e0e1c0e1c0b1809160614051303100111ff0efe0dfc0cfb0bfa
CSIX,1658624289,024353490001,-69,6,128,43300400f9fafafaf9fcfafdfbfefc00fd01fd03ff0300050105020602060205030706070507050607070706080709070907090709070000000000000000000000000000000000000000000002d904d906d907d806d90bd90bda0bdc0bdc0cde0ddd0bde0be109e208e507e605e902eb01ec01effff0fdf2fdf4fbf3f9f5f9f6
CSIX,1658655335,024353490001,-67,6,128,43300400f7faf9faf6fbfafefafdfc00fc01ff02fe06ff060008020702070207040805090508070908080908090b090b090c080b080d00000000000000000000000000000000000000000000f4d1f5cee0c7f9e4e2d1f0d5e4dbecc802c4ffce02c3f7c7fad9fad2f5ddf6e7f9e3fae1fde7fbe7f9eef7eff7f1f7f3f6f4f7f5
CSIX,1658714872,024353490001,-69,6,128,4330040004f904f903f902fb00fbfefdfffefdfffcfffb00fb00f901f902f904f904f805f906f907f908f908f909f909f80af80af80a000000000000000000000000000000000000000000002501250527052706270626092509220a2309220a220c210b1d0b1c0818091a0716041302130111000ffe0efd0cfb0bfb0bf909f9
CSIX,1658745408,024353490001,-69,6,128,4330040009fa08fb06fa03fb02fb00fcfffcfdfdfcfdfafef9fff800f800f800f702f703f604f805f707f508f506f507f408f508f3090000000000000000000000000000000000000000000027102714251427172517251924192119201a1f18201a20171d161d1318111810150d140a15081106110510020d010ffe0ffc0dfb
CSIX,1658898859,024353490001,-69,6,128,4330040003f704f602f901fafffb02fdfcfdfdfdfe01fa00fa01fb03fa03fa04f907fa07fc08f908fb0afb0afa0afc0bf90dfb0afa0c0000000000000000000000000000000000000000000025ff260127022703270328062406240624072207290a200820051f061b051b03160414fe13fe11fd0ffd0efa0dfc07fa0af608fa
CSIX,1658986056,024353490001,-68,6,128,43300400fa08fd07ff040007010502010201fe0003ff040000fc04fa02fa04fb02f804f7fef603f800f901f4fef600ef05f403f104ef00000000000000000000000000000000000000000000db06d903d901d701d900d6ffdafedbfddcfddbfddafcdafcdffde3ffe7ffe400eb00ea03ed04ed01f205f205f60af607f30af80b
CSIX,1659014929,024353490001,-68,6,128,4330040008fc07fb06fb04fc03fc01fcfffdfefefdfdfbfefbfffafefafff900f801f702f803f704f504f505f505f504f405f406f4060000000000000000000000000000000000000000000020131f161e171f181e171d1a1d1b1a1a1b1a191a181b171a1518151512131412120e100b100b10080e060e040d030d010cff0bff
CSIX,1659054566,024353490001,-68,6,128,433004000a0009ff08ff06fe05fd03fe01fd00fcfffdfdfcfcfcfbfcf9fdf9fdf7fef7fff500f400f400f200f1fff100f100f101f001000000000000000000000000000000000000000000001822162714251529122512290f280f270d270d250e270f260c220d200c1d0b1c0b190b140d130c100c0e0c0d0b080b080e050d04
CSIX,1659164476,024353490001,-68,6,128,43300400fbf7fbf7faf8fbfafcfbfcfdfcfefd01fd01fe05fe0400060006010802080209030a030b050a040b050c070c050d050d050d0000000000000000000000000000000000000000000016dc19dc1bdd1bdd1bdd1ddf1ee01de21ee21ee21fe41ce51ae618e814ea12e910ec0eec0ced09ef06ee05f103f202f100f1fef1
CSIX,1659194379,024353490001,-68,6,128,43300400090ef80801030108010bfd05fe0303ffff0105f700f6fffa06f8fcfd02f4fef6fdf3fbf3fdf1fcf2fbf2fcf2fcf0fcf1fdf100000000000000000000000000000000000000000000dd19da16da16d816da15d514d811d912d910dc11d80fda0edd0fe40ce40ee711e70de80ff10cf10ef810fd13f506f90cf117f612
CSIX,1659234115,024353490001,-68,6,128,43300400f607f606fd03fa030002ff070001ff0407ff0003080900ff06f606f806fa04f907f909f805f608f607f609f509f60af40af600000000000000000000000000000000000000000000dafbdaf9d9f7d9f6d9f7d9f4dbf3ddf2def3ddf2dcf1e0f3e1f4e3f7e8f7e7f8e8f9ebfaecfbedfdf0fff0feee00f204f402f806
CSIX,1659254422,024353490001,-68,6,128,43300400f908fc08fd07fd07ff0500050103050101fa04fc02fd03fb04fb04f907f806f706f607f506f306f406f307f307f208f108f300000000000000000000000000000000000000000000d503d400d3fed2fdd5fcd3fbd3f9d7f7d7f7d8f8d7f8d9f9dbf8ddfbe2fae2fce5fee800e800ec03ef04ef05f206f307f408f508
CSIX,1659284954,024353490001,-69,6,128,43300400fafafbfbfbfcfbfdfcfffdfffe00ff00ff0201020104000401040305030404070406040606060706070807060607060706080000000000000000000000000000000000000000000003e205e307e307e108e109e20ae40ae30be50ae50be40be50be707e908eb08ec04ee03ef01f000f100f4fef3fbf5fcf6fdf7faf7
CSIX,1659351759,024353490001,-69,6,128,43300400040905080606050304020200030001fe01fc00fcfefbfef9fdf9fcf8fbf7f9f6faf5f8f6f8f5f6f4f6f3f5f3f6f3f7f3f8f300000000000000000000000000000000000000000000ec26e825e725e625e623e423e423e520e621e41fe21fe41de61aeb1aec17ee19f116f414f613f913fb10fd0eff0e000e020e030c
CSIX,1659377901,024353490001,-69,6,128,4330040005f803f806fc01fb01fb00fc0000fefffcfffb00fd03fb03fa02fb05fc05f907f908f909fc09f90af90bf90bf90af90bf80c0000000000000000000000000000000000000000000026052609240a270a260a250d210e220e220d220e270d200d1f0c1e091d061a07150613020f050f020ffe0eff07fe0cf90af909fa
CSIX,1659404768,024353490001,-68,6,128,4330040004f804f902f902fa00fc00fbfffefdfefcfffb01fb01fb03fb04fa05fa06fa07f908f909fa09f90bf90af90bf80bf80bf80b00000000000000000000000000000000000000000000260127052606270726062609260a230b230a220b240c220a1e091d071a06190416041501140011000ffe0efd0cfc0cfb0af909f9
CSIX,1659434800,024353490001,-69,6,128,4330040001f700f801f900fafffbfefcfdfdfdfefd00fc01fc02fc03fc04fc06fc07fd08fd09fd0afd0bfd0cfd0cfe0dfd0dfd0cfc0d0000000000000000000000000000000000000000000025f526f827fa28fa26fb27fc26fe25fe25ff24ff250123ff1fff1eff1afe1afc17fc13fb12fb10f90ef90cf809f808f608f605f6
CSIX,1659464266,024353490001,-68,6,128,4330040009fb07fc07fb04fc03fc02fc00fcfefcfefdfbfdfafef9fff800f801f602f502f503f403f305f205f104f105f005f107f10500000000000000000000000000000000000000000000231a201d201f1f201f1f1c211b231820182117211821161f151c1519121513151110110e110e100a0e070f060d030d010eff0cfe
CSIX,1659494298,024353490001,-68,6,128,4330040000f6fef5fdf500fafefafafffdfcfe00fd05fa04fd02fc0100050006ff060008010a0309040b010c020c030c030c000d000e000000000000000000000000000000000000000000001ce721ea22ea22eb22ea22ef24ed22f121f021f01df01eee1df31cf117f414f011f210f40ef20bf507f208f208f306f302f202f4
CSIX,1659524900,024353490001,-69,6,128,433004000607070306040402050004ff02ff02fd01fbfffbfcfbfefbfcfafbfafaf9f9faf9f9f7f9f7f8f6f9f5f8f5f7f4f7f4f7f5f700000000000000000000000000000000000000000000fb26f827f626f427f424f225f224f321f121f222f121f21ff41cf71cf818f818f916fd13fe13ff11000e010d040b040a07090708
CSIX,1659590395,024353490001,-69,6,128,4330040009000701070005fe04ff02fe01fd00fcfffdfdfbfcfbfbfcfafcf9fdf8fdf6fdf6fef5fef5fef3fef3fef2fdf1fdf2fef2fd000000000000000000000000000000000000000000000f220d250c240b260a250826072506230523052205240421051e061c05190619061507120810080f080d0a0b090809060a050b04
CSIX,1659616315,024353490001,-68,6,128,43300400f9fbf9fbfbfdfafefd00fa01fe02fe03fe04000401040303040504040506060706040504090709060b030b060c080905080a00000000000000000000000000000000000000000000fcdaffda01d700d702d805d906d905dc06dd07dd06dc06dd05df03e203e302e600ebffe800edffeefaf2fcf2f9eff5f6f6f9f6f7
CSIX,1659708882,024353490001,-68,6,128,43300400fbf7fbfaf8f9fcfbfdfffafffc00fb01fe02fd02fe04fe05fe05ff040007000800080108010a020a020a020b010c010b010a000000000000000000000000000000000000000000000cdf0cd908dd08d50cde0edf12ea0fe613e711e611e809e610e90ee811e40aeb0ae607f305ee0af902f201f1fcf102f100f5fbf6
CSIX,1659767706,024353490001,-69,6,128,433004000507040506040403050204fe04ff03fe02fe01f9fdf8fdf9f7ff03fffcfbfcf4faff00f9f9f9faf5f4f4fbf4f9f8f8f7f7f400000000000000000000000000000000000000000000f826f625f425f226f325f023ee23ef1fee1fee1eec1fee1df01af419f417f417f714f913fa12fb12fd0dfe0e000c010d020c050b
CSIX,1659854330,024353490001,-69,6,128,43300400f7fef800fa01fa01fb01fc02fd02fe0100020101020203010402050107010801080108000a000a000b000b000cff0cff0b0000000000000000000000000000000000000000000000efe2f1dff2def3def3def5def6def8dff9e0f9e1f9dff9e2f9e4f8e6fae9f7e9f8edf8eff7f1f7f2f7f5f6f6f7f8f6faf5fbf6fc
CSIX,1659914214,024353490001,-68,6,128,433004000503fc0503060405020303030203030204fc02fb01fdfefafffa00f701fafff5fef5fcf5fcf4fcf2fcf4faf2fdf1fcf5fcf300000000000000000000000000000000000000000000e31ae016dd18de16df15de12df13db12e00ddb10de0ce50fe212e612ec0ae90df10df20df20bf20cf60cfb0af80cfb0dfb0bf80b
CSIX,1659946052,024353490001,-68,6,128,43300400fa06fb07fd07fe06fe05000400030002010102ff03fe04fe04fd05fb05f906f805f805f605f506f507f407f407f407f307f300000000000000000000000000000000000000000000d9fcd8f9d8f7d8f6d9f6d9f5daf3dcf3ddf3ddf4ddf2dff4e2f5e4f8e5f8e6f8e9fcebfeebffeeffef01f103f303f305f506f607
CSIX,1659974430,024353490001,-68,6,128,43300400f8f7f9f8f9faf9fbfafcfbfdfc00fc01fd02ff03000500040205030604070509060a070a0709080b070b090c080e080c080d000000000000000000000000000000000000000000000cd50ed610d512d512d714d914d915dc14dc15dc17dc15df13e210e30fe50de50ae807ea05ea04eb02ee01effef0fef1fcf1f9f3
CSIX,1660004436,024353490001,-68,6,128,43300400fbf6fcf8fbf9fbfbfcfcfcfdfdfefd00fe01ff02ff030004000501070308040904090509040a0509050a030e070c060c050c0000000000000000000000000000000000000000000010dc13de15de16de16df19e019e118e318e418e51ae517e615e812e911eb10ea0ced0aed09ed07ef05f003f001f2fff2fef2fcf3
CSIX,1660066685,024353490001,-68,6,128,43300400f805f906fb05fc04fd03fe0300030001010003ff03fe04fd04fc05fb05fa06f907f706f607f608f508f509f509f508f409f400000000000000000000000000000000000000000000daf6daf3daf1daf0dbf1dceedceedfefe0efdfeedfede1efe4efe5f3e7f4e7f6eaf7ebfbedfbedfdef00f001f202f304f305f506
CSIX,1660095983,024353490001,-68,6,128,433004000afc03fd09fc06fb03fc03fb01fcfcfdfafcfefefb01fe00f602f802f701fb01f703f504f707f405f504f305f205f306f10500000000000000000000000000000000000000000000230f2611231024142011211720161d161d141c151b18191519121911160f140d150e1209110711060e030d020e0010fe0bff0cfb
CSIX,1660125241,024353490001,-68,6,128,43300400faf8f9f9fafafbfbfcfcfcfefdfffe00fe01ff03000301040305030604070507050807090709080908090809090a080a080b000000000000000000000000000000000000000000000ada0dda0edb10da10dc13dc14dd13e013e012e113e012e210e40de50ce80be808ea05eb04ec04ee01f0fff0fef2fcf3faf3faf3
CSIX,1660157487,024353490001,-68,6,128,4330040008050704070306020501030003ff01fe00fdfdfcfdfcfcfbfbfafbfcf9fbf8faf7fbf6faf6faf5faf4f9f3f9f2f9f3f9f4f9000000000000000000000000000000000000000000000126fe27fd28fc28fb27f927f726f724f723f723f824f823fa1ffb1efb1afc1afe17001400130111020f040e050b070b080a0908
CSIX,1660214390,024353490001,-68,6,128,43300400f602f802f904fb02fb03fe01fe0300020201030004ff05ff060007fe08fd0afd09fc09fc09fa0afa0cfb0cfc0cfa08fc0df700000000000000000000000000000000000000000000e0e9e2e5e2e4e2e2e3e2e4e1e6e0e8e1e9e2eae2e9e2e9e3ece6ece9eeebededf0f0eff3eff4f0f6f1f9f2fbf3fdf2fef200f302
CSIX,1660247245,024353490001,-68,6,128,43300400f8f8f8f9f9fbfafcfbfdfcfffd00fe00fe03000503050205030604060607060707070907090709080b080b080d090c080c090000000000000000000000000000000000000000000005d408d309d40bd10bd50fd40fd510d811d910da12da0fdc0ede0be00ae408e208e301ea00ea01ebfeeefeeffcf1faf1f8f3f8f4
CSIX,1660274734,024353490001,-68,6,128,43300400090108ff080105fe04fe04fe03fe05f903fdfdfcfdfdfbfcf9fcf9fcf8fef7fef5fdf2fdf3fdf2fff1fff0feeffdef00f1fe000000000000000000000000000000000000000000000e290b290b2c092c092e042b052e02290329032b0129012701230321031e061c07180817071309120810080f090c0a090e060b06
CSIX,1660305652,024353490001,-68,6,128,4330040006f700f704f900fafff9fcfafffa00fffe01ff01fc01fd03fb05fc06fb07fc07fb09fb0afb0cfb0cfe0afd0afb0cfb0efb0b0000000000000000000000000000000000000000000022f128f627f729f527f72bf925fb24fd27f826fb24fa1eff20ff1ffb1cfe1cfe14f614fa14f80ef80df80af60af807f507f605f4
CSIX,1660339006,024353490001,-68,6,128,4330040002f600f601f701f8fefcfffefdfbfefdfe01fc02fc02fe04fd05fd07fe08fe08ff0aff0bff0cff0cfe0dff0cff0eff0efe0f0000000000000000000000000000000000000000000024f226f527f628f827f829fa27fb26fc26ff23fc25fd23fb20fc1dfa19fb1afa15fa13f812f90ff80ef80bf709f608f506f305f5
CSIX,1660365269,024353490001,-68,6,128,43300400090208010801070005ff04ff02fe02fd00fdfdfcfcfdfcfdf9fdf9fef8fef7fef7fef4fef400f3fff2fef1fef1fdf2fff2fe000000000000000000000000000000000000000000000e230c250b270a2809270728062805250425042403260423041f051d051b061a061607130712080f070d080d090a0a090b070a06
CSIX,1660394324,024353490001,-68,6,128,43300400fe0afe0801070007000601040103010102ff01fe01fd01fb01fa00f801f702f601f500f501f400f300f3fff2fff101f200f100000000000000000000000000000000000000000000dd11da0ed90fd80ed90cd70ad809da07db08dc06da05dc06df05e206e506e508e908ec09ed09f009f309f509f609f80bf90cfb0a
CSIX,1660426086,024353490001,-68,6,128,43300400f7fff600f900fa00fb00fc01fe01ff010002020104000401050107000700080109ff09ff0aff0bff0aff0bff0cff0cfe0cfe00000000000000000000000000000000000000000000eee1f1dff1def2ddf3def4dcf6dcf9dff8def7dff8def8e1f7e3f7e6f8e8f7e9f6ecf7eff6f0f6f1f7f4f6f6f6f8f4f9f5fcf5fc
CSIX,1660455970,024353490001,-68,6,128,4330040008040703070106000300030002fe01fffffefdfefcfdfcfdfafcf9fcf8fcf7fcf7fdf6fcf5fcf5fcf5fcf4fcf3fcf4fdf4fc00000000000000000000000000000000000000000000082106220623052404240224022400210022ff21ff22ff20ff1d011b011802180415041204110510050d060c0709080809080806
CSIX,1660514331,024353490001,-68,6,128,43300400f907f906fa06fc06fd05fe04ff020001020003ff04fe05fe06fc07fb07fb08fb07f908f809f709f709f808f809f709f709f700000000000000000000000000000000000000000000daf9d8f7d9f5d7f3daf3d9f0d9f0dcf1dcf0ddf0ddefdff0e1f1e2f4e5f4e6f5e9f8ebfbebfbedfef0ffef01f202f203f305f406
CSIX,1660549177,024353490001,-68,6,128,4330040001f400f6fff7fef9fefafefcfefdfdfefd00fd01fd03fd05fd05fc07fd08fd08fd09fd0afd0bfd0cfe0bfd0bfe0dfd0dfd0d0000000000000000000000000000000000000000000023eb24ea23eb26ef23ee25ee25f424f423f524f325f623f51ff61ef518f61af615f713f512f50df60cf50af407f506f505f304f3
CSIX,1660574370,024353490001,-68,6,128,43300400030a030904070205040503030202030002ff01fc00fcfffb00fa00f9fef8fdf6fef6fef6fcf5fcf5fbf4faf4faf3fbf4fbf300000000000000000000000000000000000000000000e91ee61ee51ee31ee41ce11ce019e118e117e217e117e317e514e815ea12eb12ef10f210f410f60ef80efa0efc0cfe0d010d020d
CSIX,1660641646,024353490001,-68,6,128,43300400010a020a04080307020503030302030002fe01fc00fa00fa00f900f7fff6fef5fef4fef5fdf4fdf2fcf1fcf1fcf1fcf1fdf100000000000000000000000000000000000000000000e320e01fdf20dc1fde1ddb1cdb1bdc18dc18dc17db16dd15e013e414e611e613ec11f010f110f311f70ff80ffb0efd0ffe10ff0e
CSIX,1660664589,024353490001,-68,6,128,43300400f604f703fa03fb04fb04fb03fd0300fdfb0302000100040005ff06fe06fd07fc08fa08fb0afb0bf90bf90bf90bfa0af80bfa00000000000000000000000000000000000000000000ddecdee9dfe7dee7e1e7e2e5e4e3e7e3e6e4e7e5e5e2e6e8e8e8e9ebecedebeeeef2edf5edf7f0f7f0f9f1faf3fdf000f101f401
CSIX,1660754302,024353490001,-68,6,128,43300400f8fef8fff900fa01fb02fc01fe02fe03ff0300030202020304030503060307020701080208010a010a020a020a010b010b0100000000000000000000000000000000000000000000f1e0f3dff4def6ddf5ddf7dcf8dcfbdefadefadefbddfadffbe2fae4fbe8fae7f9ecf9edf8eff8f1f8f3f7f4f8f7f7f8f5f9f7fa
CSIX,1660793738,024353490001,-68,6,128,433004000afb06fd05fd05fc04fbfff8fefafffe01fcfafbfcfcfafefa00fafef8fff602f700f701f604f403f302f402f302f305f4040000000000000000000000000000000000000000000020151f171e191f1c1d1a1e1b1b1d181c191d181f161d171e14191619111711141012110c120d0f0a0d090f070d040d020d020b00
CSIX,1660816097,024353490001,-68,6,128,43300400f703f802fa05fa04f803fd05fd05ff0402010101030105010700070008fd09fe08fd0afb09fb0bfa09fb0cfe0cfb0cfa0cfc00000000000000000000000000000000000000000000def0dcefddecdfe8deede0e7e3e6e2e8dee6e1e7e2e8e1e8e6e7e4ebeaece8eeeaf3ebf2ecf5f0f6f1faf1fdf2fef2fef4fff202
CSIX,1660904926,024353490001,-68,6,128,4330040007f807f805f904fa03fa02fb00fcfffcfefdfcfefcfffb00fa01f902f902f803f804f705f707f707f605f606f507f509f50800000000000000000000000000000000000000000000240b240e230e241123102412221320132014201320151f131c121b10170e170c150b130814061105100310010cff0dfe0cfb0bfa
CSIX,1660965019,024353490001,-68,6,128,4330040002f6fff9fdf4fdf8fcfafdf9fdfcfcfefefffd00fd02fd06fc04fe05fc0700080009000bff0aff0b010b010a000c010d000d000000000000000000000000000000000000000000001ee91fea23eb22ed22ef27ef26f223f123f224f323f322f420f41df31af417f313f412f411f40ef40cf309f407f408f404f301f4
CSIX,1660997165,024353490001,-68,6,128,43300400faf8f9f8fbfafbfbfafcfafdfbfefdfffe00fe02fe0300050005000602070308030904080509050a050a060b060b050b060b000000000000000000000000000000000000000000000edc11dc12dd14db13dd16dd16df17e018e217e218e116e314e612e610e80fe90dec09ed08ed07ee04f003f001f2fef2fdf2fcf5
CSIX,1661057813,024353490001,-68,6,128,43300400faf6fbf7e9f5fcf9fbfafcfcf2f8fcfefdfffd00f700000400060105fc020207030804090206050a050a060b0608060c060c0000000000000000000000000000000000000000000012df16e01ecd1be118e01ae229cf1ce31ee718e608f91be416e712e8fbf911ed0fee0bef21e80aee06f303ef16f1fef4fdf3fcf3
CSIX,1661084901,024353490001,-68,6,128,43300400f505f707f808f905fa06fc06fc05fe0401030202030104ff05ff06fe07fd09fd09fb09fa0afa0bf80bf90cf90df80cf70cf800000000000000000000000000000000000000000000d9ebdbe6dae5dbe4dbe3dee1dee0e1e0e1e1e3e1e2e0e2e3e6e5e6e8e9ebe7eceaf0ebf3ecf4eef6eef9f0fbf1fef101f103f203
CSIX,1661114433,024353490001,-68,6,128,4330040001f500f4fff6fef8fff9fefafefcfefdfcfffd00fe02fd03fd05fd05fd07fe08fe09fe0afe0afe0cff0bfe0cff0cfe0cfe0c0000000000000000000000000000000000000000000023f024f427f428f526f628f928f926fb25fb25fb26fb24fb20fb1dfa1bfc1bf916f914f912f710f70df70bf608f607f506f304f4
CSIX,1661146705,024353490001,-68,6,128,43300400f5fcf4fef7fef8fff8fffafffc01fd01fe01010102020302050305030702080209020a020b020c030d040c030c040c020c0500000000000000000000000000000000000000000000f3dbf6d9f7d9f8d7f9d9fbd7fdd7fedafedafedbffdafedcfedefde0fde4fde5fbe9faebf9edf9eff8f2f7f3f6f5f4f7f4f9f4fa
CSIX,1661175081,024353490001,-68,6,128,43300400040a040a04080406040502040202020001fe01fe00fc00fbfffafef9fdf7fcf7fcf6fcf4fbf5fbf4fcf3fcf3fbf2fcf3fcf300000000000000000000000000000000000000000000ed21ea20e920e621e81fe41ee41ee51ce41be41ae319e51ae717ea15ed13ee13f111f410f511f80ffa0ffc0efe0dff0e020d030d
CSIX,1661206034,024353490001,-68,6,128,43300400020b030a040702070205020402010101010000fdfffcfffbfffafff9fef7fdf6fdf5fcf4fdf4fcf3fcf3fcf3fbf3fcf3fcf300000000000000000000000000000000000000000000e91ee61de51de31de31ce11be11ae217e317e217e117e316e514e813ea11eb12ef11f110f410f60ff80ffa0efc0dfe0eff0e010d
CSIX,1661265913,024353490001,-68,6,128,43300400030a030905070307040503030302020001fe00fd00fbfefafffafffafdf7fcf7fcf6fbf6faf6faf4faf5f9f3f9f4faf3faf300000000000000000000000000000000000000000000ea1ee61ee61ee41ee51ce21ce21be219e219e317e218e317e615e915eb13ec13f011f310f410f60ff80efc0efd0dff0d000e020d
CSIX,1661296537,024353490001,-68,6,128,4330040008f607f604f703f803fa01fb00fcfffdfdfefb01fc02fb02fb04f905f905f906f907f909f90af70cf80bf70bf60cf60cf60c000000000000000000000000000000000000000000002a042a062b082c082b0a2a0b2c0e280c280d280e2710250e220d210a1c0a1e09190516031502140011fd10fb0efb0df80cf70cf7
CSIX,1661331793,024353490001,-68,6,128,433004000b00090208fd07fd05fe03ff03fefffd00fefefffdfdfefffc00f9fefcfcf5f8f404f600ee01f0fdf5f7f401edffeb0bfdf500000000000000000000000000000000000000000000131a121b131d111d111e101f0f200d1f0d1e0c1e0a200d1d0a1b091a09170b13090e0d110b0e0b0d070b09080b070bff0a050903
CSIX,1661355624,024353490001,-68,6,128,4330040003f403f402f300f701f8fefa00fbfefdfdfdfd00fc02fc03fd04fb06fb07fc08fc09fc0afc0bfc0cfc0dfc0dfb0ffb0dfb0d0000000000000000000000000000000000000000000028f328f62cf72cf72cf82cfb2dfd2afe2afe2aff2b0027ff25ff21fd1dff1ffc19fb16fa14f912f80ff80cf50cf40af409f307f2
CSIX,1661385630,024353490001,-68,6,128,433004000bfd0afd08fc07fd04fd03fd02fd00fe00fdfdfefcfefbfffafff901f801f602f602f603f603f404f403f303f203f305f203000000000000000000000000000000000000000000001c171a1b1b1c1b1d1b1d181f1820151f161e15201520131f111b12190e1710150e120f0d0e0c0e0b0d080e050c040e030ffe0dff
CSIX,1661416148,024353490001,-68,6,128,43300400f4fff500f600f801fb02fb02fd02fe02ff02020203010302050006010700090009ff0bff0bfe0dfe0c000d000e000eff0d0000000000000000000000000000000000000000000000e9e2eae0eaddebddebddedddeedbf1ddf0dcf2dcf4dbf3def5e0f4e3f5e6f3e7f3ecf4eef4f0f3f2f3f5f4f7f3f9f3fbf2fcf3fc
CSIX,1661444358,024353490001,-68,6,128,433004000afe0afd08fd07fd06fd04fd02fc00fdfffdfefcfcfefafffafefafff801f701f601f502f402f402f202f101f202f202f20200000000000000000000000000000000000000000000191b171e171f1621172114221223112210221021102210200e1d0f1b0d170d170c120c0f0d0e0c0b0c090c070c050e030e010eff
CSIX,1661475572,024353490001,-68,6,128,4330040008060905070407050600050001fe06fcfff8fffcfefdfdfbfcf9fbfafaf9faf9f8faf8faf7faf6faf5f7f6f7f4f6f5f8f5f500000000000000000000000000000000000000000000fe23fb26fa25f72af824f427f326f424f123f224f122f221f21ff61df61af817fc19fd12fd140011020e030e050c050b060b0809
CSIX,1661534383,024353490001,-68,6,128,43300400f7fcf6fcf8fcf8fef9fffc00fefefd05030501000103020203020602060206030703090209040c030b040b040b030c040c0400000000000000000000000000000000000000000000f8e1fadefadefbdbfcdefedc00dd01df02de00e001de01e202e205e6fde701e6feeafdf0fcf1faf1faf4faf3f9f7f6f7f5f8f8fa
CSIX,1661565846,024353490001,-69,6,128,43300400f505f705f905fa05fb05fc05ff0300030002030203000400050006fd07fd07fb09fa09f90af90bf80cf90cfa0df90cf70df900000000000000000000000000000000000000000000dcf1ddeeddebdbe7d9ebe0ecdce6dde7dde9e5e6e1e8e1ece9eee9edecf3e9eeedf1edf8edfaeff7effdeffef2fff202f204f205
CSIX,1661605250,024353490001,-68,6,128,43300400fd08fc08ff08fe06000602030101020105fe04fe03fd05fb04fb04fa03f704f803f604f504f404f205f304f204f105f106f100000000000000000000000000000000000000000000db06d904d803d601d801d6fed8fdd9fbd9fadafbdbfbdbfbe0fce3ffe6fee4fde9ffeb02eb01f409ef02f204f705f507f70bf80b
CSIX,1661624744,024353490001,-68,6,128,433004000afc09fb07fb06fb04fb03fb00fcfefdfdfefcfefafff9fef800f801f502f502f404f305f306f106f006f105f006ef06f00600000000000000000000000000000000000000000000201b1f1e1f1e1f201d211d241b2319221923172317231621131f141b121913161112100e100d0f0a0f070e050d020d010fff0dff
CSIX,1661654704,024353490001,-69,6,128,43300400fe08ff090106000401070203050106fdfd08fffd03fe01fc02fa00fb03f7fff6fef4fff6fef2fef2fdf1fef1fef0fff100f100000000000000000000000000000000000000000000de11dc0fdc11da0eda10dc0bd80de010da0adc07db06dd04dc06e005eb06e307eb07ec0aef09f30af30af70af90afa0cfc0cfc0d
CSIX,1661723042,024353490001,-68,6,128,433004000903080108ff06ff050003fe02fd01fd01fdfefcfdfbfcfcfbfbfafcf9fcf7fbf6fbf5fdf4fcf3fbf2fcf2faf1fbf2faf1fa000000000000000000000000000000000000000000000a2308260726062806270228022900260027ff25fd25fd24fe21ff1eff1b011b021603130413050f060d070c070a080a0a070b06
CSIX,1661746676,024353490001,-68,6,128,43300400f9f8f8f8faf9fbfbfbfdfcfdfdfdfe00fd03ff030004010501050206030505070707070808080809090a090a090a0909090b000000000000000000000000000000000000000000000adc0ddb0eda0fda0fdb13db13dc13de14df14e016df13e112e410e50de80ce808ea06ec05ec04ee01f000f1fdf3fcf2f9f3f9f3
CSIX,1661776203,024353490001,-68,6,128,43300400fd0bff0bff090008000601040202020002ff03fd02fb03fa03f903f803f601f601f401f2fff200f101f101f002ef01f003ef00000000000000000000000000000000000000000000d813d811d711d40fd40fd30cd30cd40ad509d507d405d707db05dd08e107e208e808ea09ec0aef0af20bf30bf60bf70df90efc0e
CSIX,1661804219,024353490001,-68,6,128,43300400020a03090406030602050303020101ff01fe00fc00fbfefafff9fff9fff6fdf6fdf4fcf5fcf3fbf3faf3faf3faf2fbf3faf200000000000000000000000000000000000000000000ea1ee61ee51de31ee41ce11ce01be118e116e317e117e316e514e914e911eb11ef10f30ff30ff60ff80efb0efd0dfe0f000e000e
CSIX,1661866182,024353490001,-68,6,128,43300400f9f8f8f8f8faf9fbfbfdfbfefc00fdfffd01ff020005ff040106020603060309050806090609070a070a0809080b070b070a000000000000000000000000000000000000000000000cda0edc10db12da12db14dc14dc14e015df15e017e115e313e510e60ee90ee80aeb07ed06ec03ed01ef00f0fef2fcf2fcf3fbf4
CSIX,1661898250,024353490001,-68,6,128,43300400f404f403f701fa01f803ff03fd040003010301050200020006050c00080209ff08fd0afe07fd0dfb0bfd0efd0efc0dfc0efc00000000000000000000000000000000000000000000e3e6e5e3e5e1e5dfe6e1e8dee9deebdfeddfecdeeedeefdeede4ede6f2ebece9f0eff0f2f0f1f1f6f2f6f3fbeffbf1fdf1fff2fe
CSIX,1661928063,024353490001,-68,6,128,43300400f6fbf6fcf7fdfa00f9fdfbfffa02fd02fe03ff03020503030205040307050706080409040a060a060b050c060d060c050c0500000000000000000000000000000000000000000000f5daf7d9f9d7fcd7f9d7fdd5ffd7fed9ffd900db03da01db02defedd00e2fbe3fde8fdecfae9fcedfbf0f7f2faf4f6f5f4f7f5f7
CSIX,1661959933,024353490001,-68,6,128,43300400fc08fe09000600050207000302010301fdff00020100fefa01ff07f5fff605f803f4fef403f302f602f402f503f302f403f300000000000000000000000000000000000000000000e511e114e413dd13e00ede0fde0be10ae00ae00cde0be10be508e70ae705ea0bea0af005ec0fee06f90bf40afe08fe0bf70eff0c
CSIX,1661986697,024353490001,-68,6,128,43300400f7f8f9f9f8fafafafbfdfcfffb00fd02fe01ff04000402050306030605060508060708080908090b0a08090a0d060909080b0000000000000000000000000000000000000000000003da05d907d808d708d80bd80dd90ddb0ddb0ddd0fdb0edd0de00ae009e508e505e903ea01ea01eeffeffef0fcf2faf2f9f3f9f4
CSIX,1662015134,024353490001,-67,6,128,4330040000f90a0006fe09f6020408f6f7fff9fbfffbfcfbfffcf7fbf9fdfcf9f904f8fff9f9f402f505f705f305f300ef02f6fef402000000000000000000000000000000000000000000001f0c1f0b1f0d1f10210f1a151c0f16131f171018181d18161a1210130d10140f14080f03110f0a060905100b14060c0405fd1101
CSIX,1662044630,024353490001,-68,6,128,43300400f8f8f9f8f9fbfafcfbfcfcfffc00fe01fd02ff05ff0501050206040704070507050706090808080808090a09090b090a090b0000000000000000000000000000000000000000000006da08da09d80bd80bd90eda0ed90fdc10dc10dc12dd10de0fe10ce30ae609e507e904eb03ec01edffeffff0fcf1fbf2f9f3f9f5
CSIX,1662105133,024353490001,-68,6,128,43300400f6fef7fff8fffa00fb02fd02fe02000301030101030205020603070208010a020b000c000cff0d000d000e010e010e000e0000000000000000000000000000000000000000000000ecdfeedceedbeed9f0daf1d8f2d9f3daf5daf6daf7d9f6dbf8dff6e1f7e4f6e4f7e9f7ecf5edf6f1f5f3f5f5f5f8f4f8f3faf2fa
CSIX,1662136211,024353490001,-68,6,128,43300400010903070307020503030302040102fe02fd02fc01fb01fa01f901f800f7fff6fff5fef3fef3fef1fef2fdf2fef0fdf1fff200000000000000000000000000000000000000000000e71ee51be41ce11ce21be019de19e016e016df15df16e114e412e612e90fea11ee10f10ff20ef50ef60df70dfb0dfc0efe0d000c
CSIX,1662254415,024353490001,-68,6,128,4330040006f705f802f802fa00fbfefcfefdfdfefcfffa01fa03f903fa05f806f707f809f909f80bf90cf90cf70bf70cf70df70df60d000000000000000000000000000000000000000000002aff2a022c042d052c052d082e092b0a290a290a2b0c270a250a23081d071f061a031701160015fe11fc11fb0efa0df90cf80bf5
CSIX,1662284550,024353490001,-68,6,128,4330040009fe07fd06fc04fd03fd02fd01fcfffdfdfdfcfffafffafff8fff701f501f601f603f503f404f304f203f304f104f205f204000000000000000000000000000000000000000000001d191c1b1b1c1c1d1b1d1a1f1920161f1620151f1521141e121c12191016101510110f0e0f0d0f0b0d080e060c030e030c010cff
CSIX,1662355555,024353490001,-68,6,128,43300400f8fff900fa01fa00fb02fd02fd0100020000020104010401050106010800080009000aff0afe0cfe0c000bff0d000cff0dff00000000000000000000000000000000000000000000ebe6ece3ede3ece0ede2eddff0e0f0e0f2e0f2e1f3dff3e1f3e4f4e6f4e9f5e9f5edf6f2f5f1f5f3f5f5f6f7f6faf4faf5fdf4fd
CSIX,1662406762,024353490001,-68,6,128,4330040005f805f903fb04fb01fb00fbfffcfefdfefefc00fa01f903f902f904f805f707f909f709f70bf40bf40bf709f00bf50cf40a000000000000000000000000000000000000000000002508250b240c260f250d2510241221122113201221131f111d0f1c0d190c180b15081405120411020f000dff0cfc0cfc0bfa0af9
CSIX,1662435189,024353490001,-68,6,128,43300400f500f503f803f903fa02fc02fd0300020101020104010600080008ff0afe0bff0cff0dfc0efd0ffc0ffd0ffd10fd10fc10fd00000000000000000000000000000000000000000000e3e1e4dde5dce4dae6dbe7d8e9d9ead9ebd9eddaecd8eddaf0ddefe1f2e4f0e5f1eaf0eef1eef2f2f2f4f1f7f3faf1fbf1fef2ff
CSIX,1662464425,024353490001,-68,6,128,4330040001f5fff7fff9fff9fefbfefcfdfcfdfefd00fd01fd02fd04fd05fd06fd08fe0afd0afe0bfe0cfe0dfe0dfd0dfe0efc0efc0e0000000000000000000000000000000000000000000022ee23f325f326f324f325f627f622f825f923fa25fa22fb20fa1efa1af91afa15f913f812f810f80cf60af609f807f505f404f4
CSIX,1662494944,024353490001,-68,6,128,43300400fa08fc09fe090007ff06010500040203030004fe03fd04fc05fb04fa06f707f706f605f405f306f207f206f207f108f108f100000000000000000000000000000000000000000000d606d505d403d202d402d3ffd3ffd5fcd4fdd5fcd4f9d6fbdbfaddfce0fddffee500e701e902ec03ef05f006f207f408f50af70a
CSIX,1662584568,024353490001,-68,6,128,43300400f700f800f801fc01fc04fe03ff0204fefbff020102000702070107ff09000afe0afe0bfd0bfb0cf90dfe0ffe0dfd0dfe0efd00000000000000000000000000000000000000000000e7e2e9e1e8e1e8dfeadfecdfecddeddfede0ede1efd9f1dff0dff1e3f0eaf2e7f6ecf1f2f3f3f3f3f5f4f3f5f4f9f5f8f2fcf6fb
CSIX,1662614862,024353490001,-68,6,128,43300400f8fef8fef9fffb00fa01fd01fe04ff02000201030403050205030502080109020b010b010c010d010d010d020e020e010d0200000000000000000000000000000000000000000000ede0eedfeeddefdcf0dcf0dbf2daf3dcf4dcf5dcf6d9f6ddf7def7e3f7e4f6e6f6e9f6ecf6edf5f0f5f1f7f3f6f7f6f7f4f9f4fb
CSIX,1662652076,024353490001,-69,6,128,43300400f906fa06fc05fe04ff0400030202020004ff06fe04fd05fd06fb06fa07f806f707f608f507f408f307f308f409f20af20af300000000000000000000000000000000000000000000d6fcd6fad6f9d4f9d6f7d6f5d5f6d8f3d7f5d8f2d8f1daf2ddf2def5e2f6e1f8e5fae9fceafdeaffed00ef02f103f303f305f504
CSIX,1662675725,024353490001,-68,6,128,43300400f7fff9fff9fffb00fc01fe02ff020103010302030303050206020703080209020a010b010c000c000d000e000f010e010e0100000000000000000000000000000000000000000000f0def2ddf2dbf3daf3dbf4daf6daf7dbf8dbf9dbf9daf9dbfadff9e1fae4f9e5f9e9f8ebf7edf8eff7f1f6f3f7f6f7f7f6f9f6fa
CSIX,1662704422,024353490001,-68,6,128,4330040007ff06fe04fd02fc02fd00fdfffdfdfdfdfefbfefafef9fff9fff800f701f602f603f603f504f406f304f304f104f305f206000000000000000000000000000000000000000000001c171a1a1a1b1a1c191c191e181f161d161e151e151f151e131b1218101610150f120f0f0e0e0d0b0d090c070b040c040c020900
CSIX,1662734766,024353490001,-68,6,128,43300400f9fef9fffbfefcfffc01fe010201fe0604090504060107010603070208020a0108000b000d000e000e010eff0e000e000e0000000000000000000000000000000000000000000000eddff1def0ddf2dbf1ddf4dbf5daf5dcf6dbf4dbf7daf6ddf7dff7e1f8e5f7e6f8e8f8ebf9eff6f0f6f2f8f3f6f7f7f7f6f9f8fa
CSIX,1662771667,024353490001,-68,6,128,4330040002070305040303030201020001ff01ff01fb01fafff9fdfafdf7fdf8fcf6fbf6f9f5f9f5f9f5f9f5f9f2f9f4f8f3f7f3f8f200000000000000000000000000000000000000000000f122f021ed21ed23ee20eb21eb1fea1dea1dea1eea1ee81aed1bee18ee18f216f313f611f510fa0ff90cfc0efc0cff0cff0a0109
CSIX,1662824417,024353490001,-68,6,128,433004000504040405020301030002ff02fe00fdfefbfefbfcfbfafafbf9faf8f9f9f7f8f7f8f6f9f5f8f5f8f3f7f3f8f3f7f4f7f3f7000000000000000000000000000000000000000000000024fe25fd26fc26fc26f925f826f824f724f723f625f724f71ff91df91afb1bfc16fe15ff14ff11020f020f030c050b060b0709
CSIX,1662858117,024353490001,-68,6,128,43300400f907fb05ff0600040002000304ff030103fe03fb05fd05fc06fb06fa06f905f705f605f505f405f305f406f306f206f207f200000000000000000000000000000000000000000000dc06db04da03d802da02d900d900daffdafedbfddafcdcfce0fee1fee5fde400e801ea01ec00ef03f003ef08f307f506f807f409
CSIX,1662884770,024353490001,-68,6,128,43300400fd04ff04fe05010301040000010102fd04fe05fd02fc02fb04fb02fa03f904f705f703f505f405f504f404f404f405f505f400000000000000000000000000000000000000000000e30ce513e111e011e20fe20ce00ce10ae10ae109e008e107e306e507e805e806ec06ef07f007f107f506f506f705f808f908f906
CSIX,1662915212,024353490001,-68,6,128,43300400f800fa01fa01fc02fd020002000203020402050306010701090209000bff0b000bfe0cfe0dfc0efc0ffd10fc11fd10fc0ffd00000000000000000000000000000000000000000000e1e5e1e2e2e1e2dfe2e0e3dee5dde6dde7dde7dde8dbe8dfebe0ece3eee6ede7efeaefeeefeff0f2f0f3f2f6f2f9f3faf1fcf3fe
CSIX,1662951671,024353490001,-68,6,128,433004000305030304020301020002ff02fe00fefffdfffcfefbfcfbfdfafbfaf9fafafaf9faf8f9f7f9f6f9f6f8f5f8f4f7f6f8f6f700000000000000000000000000000000000000000000fc20f920f821f721f721f620f420f41ef41ef41ef31ff51ef51bf61af717f818fa14fc12fd12fd10ff0e000e000c020b040a0309
CSIX,1662976109,024353490001,-68,6,128,43300400fbf3f8f9f4fafefbfefeff01fd02fc07ff02fd06ff08ff080507fd070005010708040b07040a0a10070c0b0e0e0d0a0d0a0b0000000000000000000000000000000000000000000007d40ed709d70dd50ed510d514d913d90fdc13dd15d812db11df0ede0ee40ee508e607eb07e701ee04e901f5feea02eff7eefaf7
CSIX,1663004535,024353490001,-68,6,128,433004000603060305010300030002fe00fdfffcfefcfdfbfcfafcfafafafafaf9f9f7faf7faf6f9f5faf5faf3f9f3f9f3f9f3faf3f800000000000000000000000000000000000000000000062304240326022702260026ff27fe25fd25fc25fc26fc23fc20fe20fe1bff1b00180115021402120311040e050c050c070a0808
CSIX,1663064387,024353490001,-68,6,128,433004000603060204010300020002ff01fd00fcfffcfdfcfdfbfcfbfbfafbfbf9fbf9fbf8fbf7fcf6fdf5fbf5fbf5faf4fbf2fbf3f800000000000000000000000000000000000000000000081f062106200522042103220222012001200020ff21001f001d011c011901180216031203120310050e050c060a060a07090707
CSIX,1663096564,024353490001,-68,6,128,43300400f6fdf800f901fafffd02fd0101020003000205030302040205030702080309020a000a000a000c010c020d010e020d000f0100000000000000000000000000000000000000000000e9e3e9e2ece1e7ddebe0ecddeddeefe0efddf2dff1daf0def0def3e8f3e5f3e7f3e9f7edf4edf4eff7f3f4f5f4f7f4f6f4fbf6fb
CSIX,1663125966,024353490001,-68,6,128,43300400f904f905fa05fd03fd03ff0301020301030104fe06fe05fe07fd07fc07fb07fb07f908f807f709f709f608f60af50af509f500000000000000000000000000000000000000000000dcf7dcf3dbf2daf1d9f0dceedaedddede0ecddeeddeae2eee3eee2f1e7f1e3f3ebf6edf8ebf8edfbeefceffdf0fff202f405f604
CSIX,1663154745,024353490001,-68,6,128,4330040000060208010502000403000003fdfdfcfe00fefb00fdfcfafcf9fcfafbfafafafaf7faf7f9f8f9f7f9f5f8f6f7f5f7f6f7f600000000000000000000000000000000000000000000f91ff620f421f221f620f21fef1eee1df01ef01cf11bf41df21bf519f417f416f712fa10f811fc11fd0eff0cfe0c010d03080409
CSIX,1663185622,024353490001,-68,6,128,43300400fa04fc06fd05fe03000300030201020003ff04fe04fc06fc06fb05f907fa06f806f606f605f506f407f406f407f407f307f400000000000000000000000000000000000000000000da03d901d900d7ffd8ffd7fdd7fcdafbdafbdaf9d8f8dcf9dff9e0fae4fbe3fce7fdea00eb00ed02ef02f004f304f305f406f606
CSIX,1663215886,024353490001,-68,6,128,43300400fd07fd07ff06ff04ff030001020002ff03ff03fd03fc03fb03fa03f903f903f802f703f502f602f402f402f403f302f303f300000000000000000000000000000000000000000000e10bdf0ade08dd08df08dc06dc05de04de03de04dd03df02e103e304e703e704ea04ed05ed05f005f106f307f607f708f908f909
CSIX,1663244700,024353490001,-68,6,128,4330040008fe07fe06fe05fd03fd02fd01fdfefdfdfdfbfdfafff9fff8fef8fff700f500f501f502f402f302f201f201f102f202f202000000000000000000000000000000000000000000001b171b1a1b1b1b1c1b1c191e171f161f161f141f1521141f121c121a101711160e120f100f0e0e0c0e0a0c070c060d050e020c02
CSIX,1663277034,024353490001,-68,6,128,43300400f9f9fdf7fcfbfdfbfdfdfc00fffffe01fc01fe030104000401040205020603070406040705060608040805080608060805080000000000000000000000000000000000000000000006e309e208e60be10ae10ce30de30ee60ee60de60ee50ee70de70be70bec07ec06ee04f103f202f004f200f200f5fdf301f6fbf4
CSIX,1663338694,024353490001,-68,6,128,43300400f703f803f902fa03fc02fd01ff0101010200030004ff05fd07fd07fc08fb09fb09f90af90af90bf70cf90cf80cf80cf70cf700000000000000000000000000000000000000000000e0eae1e8e1e7e0e4e2e5e2e3e3e2e5e4e5e2e5e3e5e2e6e3e9e6e8e8eaebeaecedefeef2eff3eff6f0f8f0f9f2fcf2fef200f300
CSIX,1663396628,024353490001,-68,6,128,43300400fbf7fcfafcfefafcf9fdfcfefc00fd00fe00ff02020102010402040207020600070008fe08ff09fd0afe09fd0afc0afc0afc000000000000000000000000000000000000000000000af81be21cf016f630e81cf410fb10e11ce817e915011bf316ee0be014e70eed12f308ea09f007f4fdf303f5fff601f6fdf6f9f7
CSIX,1663484409,024353490001,-68,6,128,4330040007f906f904f903fa02fb01fb00fcfefefefffd00fc00fb01fb03fa03f904f905f806f809f809f809f709f809f70af70af70a000000000000000000000000000000000000000000002506250b250b270c250d250f240f230f2210220f231122101f0e1d0c1a0c1a0b1808140515041303100010000dfe0dfc0cfb0cfb
CSIX,1663515765,024353490001,-67,6,128,433004000707ff09060600040803ff030700fd0107fefd0105f7fbfe00f6fbfdfcf4fcfcfaf4fcfafbf4faf8fcf3faf6fbf4f7f4fcf400000000000000000000000000000000000000000000ef1ff11ced20eb1dec1ee71dee1ee619ef1be516ed19e517ec17ec1af111ed12f411f30dfa12f50ffd11f80a0210fb0a040dff0c
CSIX,1663550496,024353490001,-68,6,128,433004000606070407030602050204ff02ff01fe01fdfffcfdfcfcfbfbfbfcfbfafaf8faf8faf7faf6faf6f9f4f9f3f9f3f9f4f9f4f9000000000000000000000000000000000000000000000025fc26fc27fb29fa27f828f728f625f625f625f525f625f721f81ff81bfa1cfb18fe15fe1500130110030f040c050c080c070b
CSIX,1663576522,024353490001,-68,6,128,43300400fd09fb080009ff06ff06000401030100030003fc01fc02fa01fc03fa03f801f602f601f601f402f401f3fff401f302f201f200000000000000000000000000000000000000000000de11db0fda0dd80dd80bd80bd809d807db09da07d606db07de07de06df04e309e606eb07e909ee07f209f10af50af60af80cfa0e
CSIX,1663604517,024353490001,-68,6,128,43300400f9f7f9f8f9f9fbfafbfbfcfdfdfffdfffd0100020102010303040405040505060606070607070907090709080b080a0809060000000000000000000000000000000000000000000009da0bda0dd90ed80ed910d912da12dd13dd11dc13dd11de10e10de20de50de509e707e905ea04ec02ee00effdf1fcf1fbf1fbf3
CSIX,1663636377,024353490001,-68,6,128,43300400f702f704f804f901fc03fc03fe05010000010400010102ff03fd06fb07fc05fc08fa08fa06f909f709f90af90af70af60af700000000000000000000000000000000000000000000deeeddecdeeadce7dfe9dde7e0e5e1e9e2e6e2e8e3e5e3e9e7e8e5eae9ebe8f0ecefebf4ecf4edf6edfaf0fcf300ef00f003f002
CSIX,1663669236,024353490001,-68,6,128,43300400f6faf6fbf8fdf9fefafefbfffc00fd01ff000001020203020302050207040703090209010a010b020c020c030d020d020c0200000000000000000000000000000000000000000000f5daf8d8f8d7f9d5fad7fcd5fed6ffd9ffd800d900d8ffdaffdcfedeffe1fee3fde5fce9fbeafaedf9eff7f0f7f4f6f5f4f5f5f7
CSIX,1663725760,024353490001,-68,6,128,43300400fef5fdf5fcf7fdf8fcf9fdfcfcfdfdfffd00fd02fe03fe04ff05000600060107020702090209020b030a040b030c040b030b0000000000000000000000000000000000000000000017e01ae01be01ce01ce11fe220e51fe61fe81ee720e71ee71cea1aeb17ed16ec12ef0eee0eef0bef09f007f104f102f101f000f1
CSIX,1663754630,024353490001,-68,6,128,4330040006060506050504030302030202ff02fe01fe01fdfffcfefcfdfbfdfbfcfafafbfafaf9faf9faf7faf7f9f7f8f6f8f6f9f7f900000000000000000000000000000000000000000000ff22fc23fb23f924fa23f824f723f622f622f521f520f520f71df81cf819fa18fa15fd12fd13ff120110030d040b050c070b0609
CSIX,1663787004,024353490001,-68,6,128,43300400fdf6fcf6fdf7fcf9fcfbfdfdfdfdfdfffdfffd02ff02fe04ff04ff0501060107020802090408040a040a040a040c040b040c0000000000000000000000000000000000000000000015df17e018df1ae01be21ce31de41de51de51ee61fe61ce71be918ea14ed13eb11ee0def0cef0af007f105f003f102f100f1fff1
CSIX,1663814267,024353490001,-68,6,128,4330040009fc08fd07fc05fd04fd02fd02fd00fdfefdfdfdfdfefbfffafffb00f900f900f802f802f803f703f603f703f504f504f404000000000000000000000000000000000000000000001d101e121e131e151d141d181a18191718171918181a17171516141412111210100d0f0a0f090e070d070d020c030a010d000cfe
CSIX,1663844542,024353490001,-68,6,128,43300400f4fbf7fcf7fef9fef900fb01fc01fd01ff0201030203030303030403060307030702080108020b020c020c020d020c010c0100000000000000000000000000000000000000000000f0dcf2d9f2d8f4d6f4d8f6d6f7d7f9d8f9d8fad9fcd7fad9fbddfadffbe3fae2fae7f9e9f8ecf8eef6f1f6f2f6f5f3f5f2f7f4f8
CSIX,1663878871,024353490001,-68,6,128,43300400040704070405030404020302020001ff01fe01fdfffcfefbfefbfefafdfafbfafcfafaf8f8f9f8f8f8f8f8f9f7f7f6f9f7f700000000000000000000000000000000000000000000f621f321f121f022f120ee20ed1fed1ded1dec1dec1dee1def1af118f216f316f514f812fa11fb10fd0fff0e000c010d040d040b
CSIX,1663904373,024353490001,-68,6,128,43300400fdf6fdf7fdf8fdfafdfbfdfdfdfefe00ff01fe01000200030005000402060206030603060407050705080509040809090607000000000000000000000000000000000000000000000fe112e012e113e013e116e116e316e517e516e618e516e614e812e810eb10eb0ded0aee09ee07f005f003f102f200f1fff1fff2
CSIX,1663935161,024353490001,-68,6,128,43300400fbf6fdf7fcfafcfafdfbfcfdfcfefdfffe02fd01ff0200030105010401050105030604060507050705080608060806090709000000000000000000000000000000000000000000000be010de0ee011de12e012e014e214e213e313e515e314e212e50fe810ec0fea0beb08ec07ed05f004ef01f100f0fff1fef1fcf5
CSIX,1663995209,024353490001,-68,6,128,4330040009ff09ff08fe07ff05ff04ff02fd01fdfffefefefefdfdfefbfefafefafff900f800f800f801f602f600f501f402f402f401000000000000000000000000000000000000000000001916181a171a181d161b161e141e121c121d111d111e111c0f1a10180e160e140d110d0e0e0e0d0b0c090d070c050d050d030d02
CSIX,1664024620,024353490001,-68,6,128,4330040006f605f605f703f801f901fa00fcfefdfefdfcfffc01fc01fa02fb03fb04fc06fc06fb07fc09fc0afb09fc0bfb0bfb0bfa0b0000000000000000000000000000000000000000000027fa28fd28fd2afe28ff2902290326032703260427062405220620031c031c0019ff15fe15fc13fc11fa0ff90df80ef70bf60cf5
CSIX,1664086173,024353490001,-68,6,128,433004000cff0afe09fc06fc04fd04fd01fc000002fdfffffcfdfcfffbfefbfffafff900f903f902f704f604f503f505f305f405f40400000000000000000000000000000000000000000000201420181e1a201d1e1a1e1d1b1e191c181f191d1a1d191c161a16171315141411120f0d110c11090f070f060f030f030f0010ff
CSIX,1664114333,024353490001,-68,6,128,43300400f2fff5fef4fef500f502fa01fa03fe03fe03010000040402000204010801070205020800080008ff0a000b000dff0cff0dff00000000000000000000000000000000000000000000e7e0e8dde9dde9dceaddeddaecdaefddf0dbf0dbf2d9f1dff4dff4e1f4e5f3e7f4eaf2eef2eff2f2f3f1f1f6f0f8f2f7f4f9f2fb
CSIX,1664150113,024353490001,-68,6,128,4330040007f907f805f904fa03fb02fb01fcfffdfffdfdfefdfffc00fb00fb01fb02fb02fb04f904fa05f906f906f806f908f908f8070000000000000000000000000000000000000000000022012205240623082307230a230b200b200c1f0c210d1f0c1c0a1b081708180714051302120110010fff0ffd0dfc0dfb0cf90bf8
CSIX,1664174416,024353490001,-68,6,128,43300400fbf7faf7faf7fbfafbfafcfafdfdfbfefefbfd03fffefe04fd030004ff040105020804070305040705060707060c04080406000000000000000000000000000000000000000000000cdf0ee010df11df11dd12e213e313e213e515e614e314e812e610e70eeb0eea0aeb06ec05f107f002f103f1fff000f2fef0fef5
CSIX,1664204559,024353490001,-68,6,128,4330040008040905080207000701050006ff030100ff01fffffdfefdfefcfcfcfcfdfafdfbfcf9fcf8fdf8fdf8fcf7fcf6fcf6fcf6fb000000000000000000000000000000000000000000000b2009220722082506220423032303220223012200230121011e021c011a01190316041205130610070d080d080a080a0a090b09
CSIX,1664234668,024353490001,-68,6,128,43300400f7f8f7f8f7faf9fcfafdfafdfb00fc00fd01fd02fe03ff03000401050205040404050505060507060706080609060805090700000000000000000000000000000000000000000000fed701d802d604d604d507d709d709da0ad90ada0bd909db0ade06df07e305e204e701e900eaffecfeedfdeffbf2faf1f8f2f7f4
CSIX,1664264678,024353490001,-68,6,128,433004000a010aff08fe07fd07fd05fd03fd01fd00fdfffcfdfdfcfdfbfdfbfefafdf9fef900f800f701f602f501f501f402f403f302000000000000000000000000000000000000000000001a1d18201720182316211624132511231124112211231120101f111d0e190f180e150d110e100d0e0d0b0e0a0d060e060e030d03
CSIX,1664326183,024353490001,-68,6,128,43300400fdf1fbf7fbf7fdf8fefafbfafefdfffdfd00fe01fd01fe020004000500040008000501080109030a030a040a050b030a030c0000000000000000000000000000000000000000000011de13dd16dd17dd19dc18e01bde19e119e41ce41fe41ce617e716e713ea12e80eeb0eee09ec0bed07ef06ed02f000effff0fdf0
CSIX,1664417688,024353490001,-68,6,128,43300400f304f806f703fb05f903fa04fe05fe04000300020301030004fd04fc05fd07fb06fc06fa06f907f807f808fa0af80af80af900000000000000000000000000000000000000000000d8fcd8f9d6f8d6f8d7f7d7f4d8f6dcf5dcf4def3def0e0f2e2f1e2f5e5f3e2f5e5f8e7fae8fbe9ffeb01ee02f104f204f206f505
CSIX,1664476623,024353490001,-68,6,128,4330040003f303f501f601f702f800fbfffc00fd0000ff00fe01ff02fe04ff05fe060007fe09000a000a000b000b000b000dff0cfe0d000000000000000000000000000000000000000000001fe923eb22ec25ec23ee26ef25f024f224f223f324f223f221f31ef21cf51bf217f214f314f311f30ef30df30af309f207f207f2
CSIX,1664553586,024353490001,-68,6,128,43300400f6fbf7fcf7fdf9fdfafefafefd00fdfffe0100000202020202010404030205020502080308010a01090109020b030b040a0300000000000000000000000000000000000000000000f4def7def9ddf9dcfadcfbdcfcdcfddefedefddefeddfee0fde2fce3fde5fce5fbe9faebf8ecfaeff9f3f9f2f8f4f6f6f6f6f5f7
CSIX,1664626696,024353490001,-68,6,128,43300400fc0afd09fe09ff06ff06ff040002010101ff02ff02fd01fc01fa01fa01f801f800f701f600f500f400f4fff300f200f201f200000000000000000000000000000000000000000000de14dc13db12d911db10d90ed80dda0bda0bda0bd909dc0adf09e10ae409e40be90beb0aec0bee0bf10bf30cf60cf50df80df80c
CSIX,1664658180,024353490001,-68,6,128,43300400080807070504050503010500010001fe01fffdfbfffefefdfdfbfcfbfcfbfbfbf9fcf8fcf8fcf7faf7faf5fcf7fbf6faf5f800000000000000000000000000000000000000000000072005220423022402230024ff24fd21fe21fe22fd22fd20fe1fff1cff19ff1900160213031304120510060e080b070c090b0908
CSIX,1664714563,024353490001,-68,6,128,43300400f8f6f8f7f8f9fafbfafcfafdfcfefcfffe01fe01ff03010301040105030504060406060606060607080708070a09080809090000000000000000000000000000000000000000000002d905d607d807d608d80cd60cd90cdb0ddc0ddc0ddb0cdc0ce009e008e307e405e703e901e900ecfeedfeeefcf1fbf0f8f1f8f2
CSIX,1664755317,024353490001,-68,6,128,4330040006050605050304020401030102ff02ff00ff00fefffefefdfefdfcfdfcfdfbfcfafcfbfcfafcfafbf8fcf8faf8faf8faf8fa000000000000000000000000000000000000000000000a1a091a081a0519081b0519041d0119041a001afe1bff190116011601130513050d0208fe0e050c040c050a040a070a08090707
CSIX,1664823013,024353490001,-68,6,128,433004000609050906080406050403030302020001fe01fd00fc00fcfefbfefafdfafbf9fbfafbf7f9f9f9f8f8f5f7f6f7f5f8f6f8f400000000000000000000000000000000000000000000f826f526f426f228f226ee25ed24ed21ed22ed21ed22ef1ff01ef21cf319f519f717fa15fb14fd13fe11ff11010f020e040e040d
CSIX,1664838953,024353490001,-68,6,128,433004000608060806050604050404020300020001ff01fd00fdfdfcfefcfcfcfbfafafafafaf9faf8f9f7f8f6f8f6f7f5f7f5f7f5f700000000000000000000000000000000000000000000fb26f726f627f528f527f227f125f123f022f022f023f121f31ef41df51af71afa16fc16fe15fe13ff120111030e040e060e070c
CSIX,1664868736,024353490001,-68,6,128,43300400fdf6fbf7fcf8fbf9fbfafdfbfdfcfdfdfdfffefffe00ff030003ff030104020502060307030704090408040a050a040a040a0000000000000000000000000000000000000000000011e314e416e216e318e419e618e719e819e918ea19ea18ea16ed13ed11ef10ed0cf00bef0af007f105f304f102f301f3fff2fef2
CSIX,1664899802,024353490001,-68,6,128,433004000b030a02090108000700050003fe040501fe01fdfffcfefbfcfcfcfdfafcf8fdf8fdf7fcf6fef5fdf4fcf3fcf3fbf3fcf3fb000000000000000000000000000000000000000000000b2508260827062a0527032801280025ff25ff24fe25ff23ff200022021a031a0416041406120510060f070d090a090a0a070a05
CSIX,1664924345,024353490001,-67,6,128,43300400f608f907fa08fb07fb06fd05fe050005000301020301030003ff03fe05fc03fb06fa05f906f805f908f608f709f608f608f600000000000000000000000000000000000000000000d9fbd8f7d8f5d7f4d9f3d9f0daefddefdfefdff0ddefdff1e2f2e3f4e6f5e6f7e9f9ebfcebfdeefeef00f001f202f205f307f507
CSIX,1665134959,024353490001,-69,6,128,433004000b000b000800060006fe04ff02fe01fefffefefefcfdfcfef9fef9fef8fef6fff6fff500f500f300f3fff2fff2fff100f1fe00000000000000000000000000000000000000000000171d1720141f14231321122410230e210d220d200d220c1f0b1c0d1b0c180b170c140b100d0f0c0d0c0b0d090d070d070e040c03
CSIX,1665165643,024353490001,-68,6,128,433004000608050906060405040303030301020001ff00fdfefcfdfbfdfafcf8fbf8faf8faf7f9f6f8f7f8f5f8f5f6f5f6f4f7f4f7f400000000000000000000000000000000000000000000f725f524f326f225f125ef24ed24ed1fed21ed1fec20ef1ef01bf31af416f619f815fa14fc14fd12fe100110020e020e060d040d
CSIX,1665198759,024353490001,-68,6,128,4330040007f706f704f804fa02fa02fb00fdfffefefffd01fd02fc03fa05fa05fa06fa07fa07fa09fa0af90af80bf80af70bf70cf60b0000000000000000000000000000000000000000000025fb26fe27002800260127042705240625062306240722061f051d041a031a01170014fe13fd13fc10fb0ffa0df90df80bf60af7
CSIX,1665224815,024353490001,-68,6,128,433004000cff0afe080008ff060004ff01ff01fbf7fbfbfefafffa00f8fef7fff601f5fff700f500f401f503f202f101f102f202f001000000000000000000000000000000000000000000001b1a191c191e1720171f162114211120102010211220101d101a10170d1610150d120e0f0e0e0d0c0f0a0e080c060d050e020d02
CSIX,1665256704,024353490001,-68,6,128,4330040003f501f500f600f800fafffbfffdfffefe00fe01fd03fe03fd05fd07fd08fd08fd0aff0bfe0bfe0cfe0cfe0dfd0efd0efd0d0000000000000000000000000000000000000000000021ec22ef23ef25f024f126f325f423f623f722f723f721f71ef81cf51af718f616f711f511f50ff40cf40bf408f407f406f206f2
CSIX,1665317131,024353490001,-69,6,128,43300400f808fc08fd08fd08fe03ff040201010101ff02fe02fd04fc05fb02fa02f804f605f803f602f404f305f402f402f302f204f400000000000000000000000000000000000000000000dc09da06d906d805d904d902d800dcffdbffdcfddcfdddffdfffe3ffe600e403e805ed05ec04f00af007f207f508f609f70cf90b
CSIX,1665355493,024353490001,-68,6,128,43300400010a000a02080206020401020100010001fe00fbfffbfffa00f8fff800f7fff6fef6fdf4fdf5fef3fdf5fcf3fef2fcf3fff500000000000000000000000000000000000000000000e91ee71de61de41ce51be21ae219e316e216e315e216e515e613e913ec11ec11f011f310f410f60ff80ef90ffc0efd0efe0e000d
CSIX,1665374845,024353490001,-69,6,128,4330040006f805f803f802fa01fb00fcfffefefffc00fc01fb02fa03fa03f905f806f907f908f909f909f80af90af70af80bf70bf70a0000000000000000000000000000000000000000000025fa25fd26fe27fe26ff27022702230424032305240622061f051c021a021a0016fe14fd13fd11fb0ff90ff90df80cf80bf70af7
CSIX,1665408130,024353490001,-69,6,128,43300400f50bf607fa04fb03fa04fe03fc020001020003fe03fd06fc06fb07fb08fa08f909f808f609f70af50bf50af50bf50cf50cf500000000000000000000000000000000000000000000d5fcd3f9d5f8d3f5d5f5d4f2d6f1d7f2daf1dbf2d9f0daf2def0e0f6e2f6e1f8e5fae9fdeaffeb01ed01e803ee04ef04f106ee09
CSIX,1665435225,024353490001,-68,6,128,43300400ff08010803060106000601030102020000ff00fc00fdfffafff9fffafef8fef7fdf7fcf6fef5fbf6fdf4fcf3fdf1fef2fef300000000000000000000000000000000000000000000ed1bea1ae91ae71ae819e617e717e715e715e713e514ea13ea11ed12ee0cef11f20df30ff70ef80bfa0dfa0ff90afa0e010e010c
CSIX,1665464694,024353490001,-68,6,128,433004000bfb0afb07fb06fd05fc03fd02fd00fffefffc01fb01fa03f902f803f605f705f608f407f509f309f208f109f108f108f1080000000000000000000000000000000000000000000025122516251724192318221b211c1d1a1e1a1d1b1d1b1d191a1619131711180f150b150a14081406140512031101110011fd10fe
CSIX,1665494262,024353490001,-69,6,128,43300400fdf5fdf6fdf8fdf9fefafefcfffeff0000010003000302050106010702090309040a040b040b040c050c050d070d060d050e0000000000000000000000000000000000000000000012e018e016e219e019e41be21ce61be71bea18e819e717e715ea13ea11ec10ed0eee0aee09ed08f006f104f002f200f0fff0fef1
CSIX,1665589116,024353490001,-69,6,128,43300400f406f905f804f804fe06fc04ff0001ff0102040005ff070006ff05fd06fc08fe08fb0afa0bf70efa0cfc0ef80dfa10fa0ffb00000000000000000000000000000000000000000000deede3eae1e7e0e5e1e7e5e5e4e6e6e7e6e6e8e4e9e5e8e7ece9edeceeeeeaf2ecf2f2f9f3f7edf8effef4fff2fdf3fff401f501
CSIX,1665616733,024353490001,-69,6,128,4330040006f705f804f903fa02fa00fcfffdfffefe00fb00fb01fb03f904fa04fa05f907f909f809f90af80bf70bf70af50bf70cf50c0000000000000000000000000000000000000000000025062608250a260b250b240d230d220e200f200f1f101d0f1b0d190a1708180715051302130110ff0fff0dfe0dfb0cfb0bf90af9
CSIX,1665645290,024353490001,-69,6,128,43300400f602f803f905fb04fb03fe02ff02000101010200040005ff06ff07fc07fb09fb09fb09f90af90af90cf80cf80df80df80ef800000000000000000000000000000000000000000000e0ebe2e7e2e5e2e5e4e4e4e2e6e2e8e3e9e4eae5e9e4eae6ede8edecefededeeeff3eff5eff6f0f8f2faf1fcf3fdf200f301f402
CSIX,1665705523,024353490001,-69,6,128,4330040006f707f704f704f902fb00fafffd00fdfdfefc00fc02fa03fa04f906f806f908f909f90bf90bf80df80cf70cf60ef60ef50d000000000000000000000000000000000000000000002b07290a2a0b2a0d2a0e28112812241223112411231220101e0e1c0b190a1a08170515031302120010fd10fc0dfb0dfa0cf80af7
CSIX,1665734516,024353490001,-69,6,128,43300400f504f705f905fa04fb03fd03ff03000102010400040005ff06fe07fc09fb09fb09fa0af80af80cf70cf70df70ef60df50ef600000000000000000000000000000000000000000000dce7dee4dee2dfe1e1e1e2dfe4dfe7e0e6e0e8e1e8dfe8e3eae4eae9eeebebedeef1eef3eef5eff8f0faf0fcf1fdf1fff101f302
CSIX,1665765859,024353490001,-69,6,128,43300400f8fcf7fff9fffa00fb01fd01fe0100010002020203010401050105000601070008ff09fe0aff0aff0b000b000d000d000d0000000000000000000000000000000000000000000000f0e3f1e1f4e0f3ddf5def6ddf6dcf7dff7dff7def7def7e2f7e4f7e7f8eaf6eef7f1f8f4f8f4f9f5f9f8f9f6f9faf8faf8fbf7fb
CSIX,1665795571,024353490001,-69,6,128,43300400faf9f9f9fbfafcfbfcfefcfefd00fe02ff02ff03010402040305030505070706080708070a0709080b090a090c0a0b090a0a000000000000000000000000000000000000000000000fdc11dc12dd14dc13de16de16e016e216e315e418e414e613e710e70eea0cea0aed08ee07ef04f002f102f1fef3fef3fcf4fcf5
CSIX,1665828746,024353490001,-69,6,128,4330040006050604070503010502020101fdfd02fc00fefdfcfcfbfbfbfafaf9f9faf8f7f6faf5faf5f9f2f7f1f7f1f8eff6f2f7f1f500000000000000000000000000000000000000000000f027ed25ea27e825e927e925e624e622e822e822e71fe71fea1cee1af118f119f415f714fa12fb14fd11ff11000e020d020e050b
CSIX,1665854646,024353490001,-69,6,128,43300400f704f905fa05fb04fc03fe02ff010000010003ff04fe04fe05fc05fb07f907f807f607f608f409f309f30bf40bf30cf20cf300000000000000000000000000000000000000000000d9ebdae8d9e7dae5dce5dde3dee2e0e3e0e4e2e3e2e2e3e4e6e6e7eae9ece7edebf3ebf5ecf5ecf8effbeffcf1fef100f102f302
CSIX,1665885121,024353490001,-68,6,128,43300400010a020a02060207020502030102000000fefffdfffcfefafefafcfafcf9faf7faf7f7f6f8f6f6f5f6f4f5f3f5f3f5f3f6f200000000000000000000000000000000000000000000e120de1ddd1ddb1ddd1ad91ada18db16da16dd16dc16df16e114e513e711e812ed11f011f111f311f710f810fa0efc0efe0fff0f
CSIX,1665919148,024353490001,-68,6,128,43300400f4fff500f600f900f900fb01fe00fe00000102ff02ff03ff04fe05fe06fd06fd07fb08fb09fa0afa0bfa0cfa0cfa0cfa0dfa00000000000000000000000000000000000000000000e8e1eadfebdeeadbecddeedaefdaf1dcf1ddf2ddf1ddf2e0f4e1f2e5f4e6f2e7f2ecf3eff2f0f2f2f3f4f2f6f2f9f3faf3fbf2fc
CSIX,1665949883,024353490001,-68,6,128,43300400f1fef9fbfd01fdfff30003feea0101fe00020d060c060b06ff020a00f7f50d0706010b0110050d030b000c0304fd0f050b0300000000000000000000000000000000000000000000f4dbf4d7f7d6f7d4fad8fbd6fcd5fed8fddafcd9fdd1fddafddafbe1fde4fce5fde4f7eef9edf7f1f6f0f6f4f3f5f4f9f0f8f5f8
CSIX,1666007578,024353490001,-67,6,128,43300400faf5f8f6f8f8faf9fafafafcfbfdfcfefcfefd00fe02ff0200030004010402050306040605060606060707080709070a070a000000000000000000000000000000000000000000000ddc11db11dd13db13de16dd16df15e116e115e216e215e313e510e710e90ee90aeb08ed06ed05ee02f001f0fff2fef1fcf2fbf2
CSIX,1666065424,024353490001,-68,6,128,433004000b040a030a030a020902070006ff08fdfefd04fd01fdfffc00fdfffcfefbfcfcfbfdfafcf9fef8fcf7fbf6fbf6faf5fbf5f900000000000000000000000000000000000000000000042602250128fe2bff27fd27fc28f825fc25f924f726fa24fa1ffb1efb19fe1a0016021501110411060e050d070b090b0b0a0b09
CSIX,1666096231,024353490001,-68,6,128,43300400fcf4fbf4fbf5fbf7fbf7fcf9fbfbfbfdfbfefbfffc00fc01fd03fd03fe03000400050106020803090209030a020c010a020c000000000000000000000000000000000000000000001ae31ce41de51fe41ee521e720e81eeb1feb1feb20eb1eee1cef1aee16f115ef11f00ef10df10af108f206f203f201f200f2fff1
CSIX,1666184361,024353490001,-69,6,128,43300400f201f302f304f503f603f803f904fc04fe04fd040005010502050305040305040603070209020a010b010b010c010c010c0200000000000000000000000000000000000000000000e6dce9dbe9d8ebd7ecd6eed6f0d6f2d8f2d7f3d8f4d8f3daf5ddf3e0f6e4f2e4f4e9f3ebf4eef3f0f3f3f3f7f3f9f2fbf0fef0fe
CSIX,1666307169,024353490001,-69,6,128,43300400020c020c040b030a0308040705060503050206ff06fe05fd05fc04fc04fb04fa04f804f702f602f502f401f401f202f303f200000000000000000000000000000000000000000000de1bdb19d918d817d917d713d712d70fd80fd80dd90dda0cde0be10ce40ce60ce90ced0cef0df10cf30cf60cf90dfb0dfd10ff0d
CSIX,1666334743,024353490001,-69,6,128,433004000b060a0609040a030903070206ff06fe04fd05fb02fb01fb01f900f900f8fff9fdf9fdf8fbf8faf7faf6faf7f8f6f9f6f9f600000000000000000000000000000000000000000000fd26fa26f726f628f725f327f225f322f222f221f022f31ff31cf41cf719f718f916fc13fd12fe0f0110030e030b050b080a0a09
CSIX,1666372921,024353490001,-69,6,128,4330040009080a0509070c030804070108010a0202f703ff02fa00fa01fa00f800f800f7fff7fefafef8fcf6faf5faf6faf4f9f5faf500000000000000000000000000000000000000000000fd25fa26f727f526f526f126f21fef1fef22f120f01ef01ef11cf31bf319f617fa13fd13fe12fd13fd0e020e050d0309060b0707
CSIX,1666394430,024353490001,-68,6,128,433004000efd0dfe0dfc0afc0afe08fc07fc04fc02fb00fafffbfdf9fdf9fdfbfbfbf9fcfafcf8fdf8fdf5fdf4fdf3fdf2fdf3fef2fd000000000000000000000000000000000000000000001a221825182717281528122910290e270d260c270c260d240c200d1d0b1b0c1b0c150e130e100d0f0d0c0e0a0d080f060f030f02
CSIX,1666456812,024353490001,-69,6,128,43300400f705f408f807f605fa07fb04fd04fd030002fe03030402ff0100050006fe06fe07fd08fb07fc08fb0afc0afa0bf90bfb0cfa00000000000000000000000000000000000000000000dbf2dbf0daeddaebdcebdde9dfeae1ebe2e9e2e9e5e9e5ebe8eceaeeebf1eaf1edf7eff9eff8ecfdee02f1fdf003f0fdf103f207
CSIX,1666517279,024353490001,-68,6,128,43300400f808f909fa08fb06fc06fc05fe05ff03000200010300020003ff04fe04fd03fd04fb04f903f804f705f805f706f606f506f500000000000000000000000000000000000000000000d9fdd7f9d8f8d6f6d9f5d8f3d9f2ddf3ddf2ddf3ddf2def4e2f5e3f7e6f7e6f8e8fcebfeecfeed00ef01ef02f106f105f307f408
CSIX,1666547223,024353490001,-68,6,128,43300400fef5fdf5fcf6fdf7fcf9fdfafdfcfcfcfcfefefffd00fd02fd02fe04fe040005000600060108020903080409050b040c030b000000000000000000000000000000000000000000001ee521e822e824e923ea24ed24ee22f022f121f022f020f11df21af018f217f112f110f10ff20df10af209f106f305f203f102f1
CSIX,1666575323,024353490001,-68,6,128,433004000a0709060805070406040602040103ff03ff01fd00fd00fdfefdfefdfdfcfcfcfbfdfafcf9fdf8fcf7fbf6fbf5fbf5fcf5fb0000000000000000000000000000000000000000000006280229012a002bfe29fc29fb28f926f926f924f925fa23fb20fd1ffe1b001c001802160315041404120511060e070e090c090b
CSIX,1666605868,024353490001,-68,6,128,433004000c030c02090209010801060005fe03ff03fe02fd00fefffefefdfdfefcfefafffb00f9fff900f700f600f500f500f401f4ff000000000000000000000000000000000000000000001322122510260f280d260b290b28082508250824062508220720081e081b091a09170a120a120b110c0e0c0c0b0a0d0a0d070e06
CSIX,1666635273,024353490001,-68,6,128,433004001ac9fccfe7d70b0210eb05f1f2d6f61319f5ec0a0c06e80bf30703fbff0cef070317ec0d0613011b030f02121215f315fe150000000000000000000000000000000000000000000047bc4cc951c85cc55ecc5cd35ee05ae15ae762ec50ec5fed49e345df30eb36ef2ee725e920e526dd1cea25e413d00dd60ddc27db
CSIX,1666664579,024353490001,-68,6,128,4330040008080807080606050603040304010300030002fefffefefdfefdfefcfcfcfbfcfafcf9fbf7fcf8fbf8fbf3faf5faf6f8f4f700000000000000000000000000000000000000000000ff27fc29fb28f929fa28f627f627f524f424f522f422f621f71ff81dfb1afb1afd17fe150015011302120310040e050e080d080b
CSIX,1666696889,024353490001,-69,6,128,43300400f6f7f6f9f6faf8fbf8fbfafdfbfffdfffd00fe01ff020102020402040404050406040704080309040a040d050d050c050c060000000000000000000000000000000000000000000000d404d306d207d107d20bd30cd40cd80cd90dda0dd90bda0ade08df07e303e102e600e700e8ffebfeecfceffcf0f9f1f7f2f6f4
CSIX,1666725001,024353490001,-68,6,128,433004000207030d04080205040404030004fe070801fb0400f6ff0507fe01f7faf5fefafff9fdf7fcf7faf200f5faf3f9eef5effbf000000000000000000000000000000000000000000000ee23eb20e821e81fe91ce31ee31be71feb18e519e816e61bee15ee15ee12ec14f212f511f310f912fd0dfe0efe10fd11010bfd09
CSIX,1666754798,024353490001,-69,6,128,43300400fb08fe09000a0007fd05ff0301020101010002ff02ff03fe03fc03fb03f903f902f702f702f502f402f402f403f202f304f200000000000000000000000000000000000000000000dc0dda0ada09d908d906d805da03dc02dc02dd02dc02dd02e102e503e603e604ea04ec06ed06ef07f207f309f608f70af70bfa09
CSIX,1666784559,024353490001,-68,6,128,43300400c5ecd60ef11dfae9ea04e70ef21c16efdc071afafe0419f70a0009070a0516fb0e0211f814051903260713002c071600270700000000000000000000000000000000000000000000b2e6b4deb6cbb5cbbfcabcc3c0bfc9c2c5bbcbc7c6bfcecbccc6d4ccd7d5dad4dddeebe1e0e3dee4e2f8efe1d6ead4fce1f5f0ec
CSIX,1666814482,024353490001,-69,6,128,43300400fdf5fcf6fcf7fcf7fcfafbfbfdfdfcfefa03fd03fd04fd04fe06ff07fe08ff09010a010c020c010d020e020e0110010f01100000000000000000000000000000000000000000000020e522e824e826e925ea26ed27ed25f023f025f024f123f120f11df119f31af114f112f210f20ef20af309f206f305f204f402f3
CSIX,1666846844,024353490001,-69,6,128,43300400060505040503040305020401040002ff01ff01fd00fcfdfbfdfafdfbfbfafbf9faf9f9f9f8f9f8f8f7f7f7f6f6f6f7f7f7f600000000000000000000000000000000000000000000f51ff31ef120f01fef1fed1ded1dee1bed1aed1aed1aee19ef16f216f314f414f711f811fa10fb0ffd0dfe0dff0b000b030a0408
CSIX,1666874393,024353490001,-68,6,128,4330040009fe08fe07fd06fd06fc04fd02fd01fc00fdfefdfdfdfbfdfafdf9fff8fff8fff600f500f501f301f300f201f201f201f10100000000000000000000000000000000000000000000161d152014211323122211240f240d220d220d200b220d1f0b1d0c1b0a180b1709140a110b100b0d0b0b0b090a060b060b040b02
CSIX,1666904510,024353490001,-69,6,128,4330040001080309030803070305030403030201030002fe02fc02fc01fb01f901f801f800f6fff4fff4fff3fef3fef3fff2fff2fff200000000000000000000000000000000000000000000e114dd12dc11da11db0fda0dda0cdd0add0add09dc08de08e208e509e609e809eb09ed0bf009f20af40af70af80af90bfb0afd0a
CSIX,1666934481,024353490001,-69,6,128,43300400f602f602f705f904fa04fc04fd04fe0200030102040305010602060109ff0a000afe0afd0cfc0dfc0dfb0efc0ffb0ffb0ffc00000000000000000000000000000000000000000000e8dcead9ecd7ecd5eed6f0d5f1d5f4d7f4d9f4d9f4d9f4dbf5dff4e2f5e4f3e5f3eaf4edf3eef2f1f3f4f3f6f3f8f3faf3fcf4fe
CSIX,1666965258,024353490001,-68,6,128,43300400040605050604050404020400030002ff02fd00fdfffbfffafefafdf9fcf8fbf7f9f7f9f7f8f6f7f6f7f6f6f5f5f5f6f5f6f500000000000000000000000000000000000000000000ec20e820e71fe520e61de31be31be317e518e517e517e716e915ed15ef12f014f312f710f711f90ffa0efd0efd0c000b010c030a
CSIX,1667025400,024353490001,-69,6,128,43300400f9f9f9f9f8fafafcfbfdfcfefdfffd00fe010002010302040405040506070707080708090a080b090c0a0b0a0c0b0c0b0c0b000000000000000000000000000000000000000000000cd60ed610d613d512d715d815da16dd16dd15de17de14e011e210e30ee40ce60ae806eb05ea02ec01ecffeffef1fdf1fbf2faf4
CSIX,1667054519,024353490001,-68,6,128,43300400fdf6fdf7fdf8fdfafcfbfdfcfefcfdfffe00fe02000200040105020602070407040804090608050b070b070b070d070c060d000000000000000000000000000000000000000000001be41de61ee520e61fe721ea22ea20ed20ee1fee20ee1def1aef18ef15f014ef11f00ef10cf10af109f208f104f304f201f200f3
CSIX,1667084650,024353490001,-69,6,128,4330040008010802080006ff06ff040002fe01fe00fdfefdfbfdfcfdfbfdf9fef8fdf7fdf6fef5fef4fef3fdf3fef1fdf1fef6fcefff0000000000000000000000000000000000000000000009260526042803290328ff27fe28fe24fd24fd24fd24fe21ff1f001dff19011a0316041404120510070d070c070b090a09070906
CSIX,1667144938,024353490001,-69,6,128,4330040007f906fa05f904fa03fa02fc01fcfefdfefefdfffc00fc02fb02fa04f904f806f807f609f809f609f509f509f409f40af40900000000000000000000000000000000000000000000231121132215211720161f181e191b171b181a181a19181717141512130f140d130711050f0610060d030e010cfe0cfe0cfc0bfc
CSIX,1667178024,024353490001,-68,6,128,433004000009ff0901070106000501040103000100ff00fefefdfdfbfdfafdf9fcf7fbf6fbf4fbf4fcf4fbf2fcf0fbf4f9f1f9edfaf200000000000000000000000000000000000000000000e016dc14dc13da13dc11d90fdb0ddd0cdd0cde0bdd0bdf0be20be40be809e80bec0aef0af00bf30bf60bf80cf90bf90cfb0dfc0c
CSIX,1667205437,024353490001,-68,6,128,43300400040705070505040403040302010100010000fefefdfdfcfdfafdfafcf7fbf6faf5faf5faf3faf3f8f2f8f1f8f1f7f2f6f2f700000000000000000000000000000000000000000000f024ed24ec24ea23ea22e822e81ee81de91ee91de81deb1deb1aef19f016f217f415f813f813fb11fd10ff0fff0d010d040d040b
CSIX,1667273735,024353490001,-68,6,128,4330040009090908090808070707060506040402030102000000fefffdfefcfefafcf9fcf7fbf6faf5faf5f9f3f8f4f7f3f6f3f7f3f600000000000000000000000000000000000000000000f228ef29ed28ec29ec27e928e826ea24e824e922e723e922eb20ec1fef1bf01bf318f715f916fa14fd13ff110110010f050e060c
CSIX,1667294897,024353490001,-68,6,128,4330040002f401f400f400f601f6fff800f9fffbfffdfffdfeffff01ff01ff030005000500080008000aff0b000a000b000d000dff0c0000000000000000000000000000000000000000000023f426f626f727f726f828fa28fb25fc25fc25fd26fe25fd22fd20fb1cfd1cfc18fb15f914f812f80ff80df70af609f509f407f5
CSIX,1667325828,024353490001,-68,6,128,43300400f703f804f804fa04fa05fb04fc03fe03ff0100000000010003ff03fe04fd05fc06fc07fc07fa08fa08fb08fa09fb09fa0afa00000000000000000000000000000000000000000000e2f1e2efe2eee1ece1ebe3eae4e9e6eae5e9e6e9e6e8e6e9e9eae9ecebefebf0edf2eef4eff5f0f8f0f9f1fbf2fdf3fdf3fff501
CSIX,1667354340,024353490001,-68,6,128,433004000902080107ff06fe070005fe05ff03fc01fc00fbfefdfefdfefcfafbf9fbf8fcf9faf6fcf7fcf6fbf6faf5faf3faf4fbf4fa00000000000000000000000000000000000000000000152014231325141efe1a0b260b2511270b230b240b260a22091e081e061c082405170c13071203110c0a090e030a080908050907
CSIX,1667416941,024353490001,-69,6,128,4330040008fd08fe07fe06fd04fd03fd02fc00fcfffdfdfcfcfcfbfcfafdfafdf8fdf6fdf5fdf4fcf4fef3fef3fcf2fcf1fcf3fdf3fc00000000000000000000000000000000000000000000131f1221102310240f230d250b2509230922092109230920081d091b08170917081409100a10090e0a0c0a090a070a070b050b03
CSIX,1667447917,024353490001,-69,6,128,433004000800070006fe05fe05fe04fd02fd01fd00fcfefdfefdfcfdfafcfafdf8fdf7fcf6fdf5fdf5fcf4fcf4fbf4fbf3fbf3fbf4fb000000000000000000000000000000000000000000000f1e0d1f0c210c210a20092207220520061f041f0520051e041b05190316051606120610070f070d070b0809080808070a060903
CSIX,1667474377,024353490001,-68,6,128,43300400f7fbf8fcf7fdf9fdf9fdfafffbfffb02fe02fe02000202040304040406050706080608070a070a080a090b090b0a0a080a0a00000000000000000000000000000000000000000000ffda02d804d805d805d907d909d90adc0bdc0ade0adc09de07e107e206e605e603e900ea00ecffeefdeffdf0fcf3faf3f8f5f8f7
CSIX,1667504730,024353490001,-68,6,128,4330040004f603f602f700f801f9fffafefbfdfdfefefdfefd01fd02fd03fd05fd06fd07fd09fd0bfd0bfc0dfb0cfa0dfa0efa0dfa0d0000000000000000000000000000000000000000000024f925fd26fd27ff26ff26012602230324032404240422031f031e011b001b0018ff14fe14fc12fc0ffa0ef90bf80bf80af809f7
CSIX,1667535224,024353490001,-69,6,128,43300400fb09fc08ff09ff07ff06ff0500030002010102ff01fe01fd02fc02fa02f801f801f600f502f402f302f401f302f202f204f200000000000000000000000000000000000000000000db0bdb08da07da07da05d802d903db01dc01db01dc01dd01df01e203e503e503e804eb06ec06ee08f008f108f309f409f60af709
CSIX,1667594553,024353490001,-69,6,128,43300400fb08fc08fe08fe08fe07ff05000400020002020002ff02fd03fd03fb03f904f804f703f704f603f404f404f404f305f305f300000000000000000000000000000000000000000000db04d900d8ffd8fed9fed9fbdafbdbfadcfadcf9dcf8ddfae1fbe3fce6fce4fee8ffeb01ed02ee03f104f205f406f507f608f708
CSIX,1667658585,024353490001,-68,6,128,433004000808080709040603060205010400020102ff00fefefdfdfefbfdfafcfafcf7fcf7faf6fcf5fbf3faf3f9f1f9f1f8f1f8f2f800000000000000000000000000000000000000000000ff2afb2afa2cf92cf82cf62af42bf329f328f429f228f426f524f822f71df820fb1cfd19fe17ff16011302120510050f060e050c
CSIX,1667704418,024353490001,-68,6,128,43300400030b030904080207020701060103ff02fd00fe02fdfffefefffcfefefafbfafafaf9f9faf8f9f7f7f7f6f5f6f5f5f6f5f7f400000000000000000000000000000000000000000000ed1cea1ce91fe81fe61fe61ee31be41ae31be51be21ce519e718eb18ea16ea17ef17f113f313f612f613fb0ffa0efa0ffa0ffe0d
CSIX,1667780591,024353490001,-68,6,128,433004000cfd0dfc0bfb0afb09fc08fb06fc05fc05fd04fc02fd00fdfffdfffdfefefdfefc00fb00fa01f802f701f601f702f603f502000000000000000000000000000000000000000000001f0f1e131f141e161d161c181c19181819191a181919191916171814141416131310120d120c110b110811070f05110310010f00
CSIX,1667804295,024353490001,-69,6,128,43300400060b070a050b090b050a030604090402ffff030004010300040001fd03fb01fb00fafdfafdf9fcf9fcf6fcf7fbf6fdf6fdf600000000000000000000000000000000000000000000f21fee1eeb1eeb1eea1ae71de619e91ae718ea1aeb18e818ec18ed15ed16ed18f012f511f612fb10f811fb11fc0efe0f0211010f
CSIX,1667842635,024353490001,-69,6,128,43300400fa08fa09fb09fd08fd08ff07ff06000701050205030303020402060005ff06ff07fd08fc08fb09fb09fc0bfb0bfc0bfa0bfb00000000000000000000000000000000000000000000ddfeddfbddf9dbf8dcf7dcf4ddf3e0f3e0f2e0f2e0f2e1f3e4f4e5f6e8f7e8f7eafaedfceefdeffef100f101f303f205f506f607
CSIX,1667870022,024353490001,-69,6,128,43300400fcf7fbf7f9f8fafafafaf9fcf9fcfbfdfb00fb01fc02fd03fd05fd06fe09ff0bff0b010c000c000e000e010f01100010ff10000000000000000000000000000000000000000000001ae51ee71fe820e821e922ea24ec22ee21ee21ef21ee1fee1ef01bef18f118f013f20ff20ff20bf309f207f305f304f301f301f4
CSIX,1667924445,024353490001,-69,6,128,4330040008ff08fe07fe05fd04fe03fd02fe00fdfffdfdfefcfefcfffafff901f702f603f503f403f304f105f205f104f004ef05ef0400000000000000000000000000000000000000000000142213231226112711260e290d290b260c270a260a27092409210a1f091b0b1b0b170a140b120b110a0e0a0c0a0a0a080a060904
CSIX,1667956012,024353490001,-68,6,128,4330040007fb04fd05fc05fc05fb01ff01fafffc00fcfdfefefffd00fd01fc02fb04fb03fb06f907fa08fa09f908f809f70af70bf70b000000000000000000000000000000000000000000001f141d161d181e171e171b1a1d1c1b1a1a1b191b181b18191518151613121311110f100b100c0f0a0e070d050c0509020d020bfe
CSIX,1667985412,024353490001,-68,6,128,43300400f9faf8fcf8fdf8fef8fef9fffafffc00fe01fd01ff020101010203020402050206030702080308040a030a040c040a030b040000000000000000000000000000000000000000000005dc08da08da09d809da0dd80dda0ddc0edd0edd0fdc0ede0de10be20ae509e507e804ea04eb02ed00effff1fef4fdf3fbf5fbf7
CSIX,1668048497,024353490001,-69,6,128,43300400fc05fd06fe06ff0500050003020302010200040104ff05fe05fe05fd06fb06fb05f906f806f706f607f607f608f608f608f500000000000000000000000000000000000000000000ddffdbfddbfcdbfadafbdaf8dbf8dcf7dcf6ddf7dcf6ddf8dff7e2f8e4fae4fae8fbe9fdeafdecfeef00ee00f102f201f503f705
CSIX,1668077342,024353490001,-69,6,128,4330040003040403050204010300030001ff01ffffff00fefdfdfdfcfcfcfbfcfaf9f7fcfafbf706fdfdf8fbf60501fff7f7f2f804f700000000000000000000000000000000000000000000031e011f0121ff21ff22fd21fd21fc20fc20fb20fa21fb1ffa1dfd1cfc19fd1afe17ff14ff1401120110020f020c030c040a0308
CSIX,1668105049,024353490001,-68,6,128,43300400f7fdf8fdf7fdf9fffafffbfffd00feff00ff020001ff040004ff050007ff07fe08fe0afe0afe0bfe0cfe0cff0dfe0cfd0cfe00000000000000000000000000000000000000000000ece2eedfeedeeedceeddf0daf2daf3dcf4dbf4dcf4daf3ddf4dff3e2f4e3f3e3f4e7f5e9f3ebf4ecf3eef4f0f5f3f4f3f4f6f5f7
CSIX,1668135102,024353490001,-68,6,128,43300400faf7faf7f9f8fcfafcfbfcfbfefefefefe00ff0001010201040204020404060407040806090509070a070a080b090a080a090000000000000000000000000000000000000000000003dd05dd06db08da09da0ad90cdb0cdc0ddb0ddc0edb0cdd0ce009e009e308e206e505e703e802e901eb00ecfeeefeeefdeffdf1
CSIX,1668168011,024353490001,-68,6,128,4330040004f404f502f401f701f700f700f9fffb00fdfffdffffff010001000300060106020701090209010b010b010c000f000efe0e000000000000000000000000000000000000000000001ced1dee1fee21ef20ef23f024f221f322f322f324f322f320f41ff31bf51bf417f415f415f312f410f40ff30bf30cf30bf208f3
CSIX,1668198822,024353490001,-68,6,128,43300400080908080907070507060604040404020301020101ff00ff00fefffefdfefcfcfbfcfafcf9fbf8faf6faf5f9f4f9f5f7f5f700000000000000000000000000000000000000000000ff22fc23fb24fa25fa25f725f625f622f623f422f424f421f51ff81df71bf91cfb19fd17fd16fe1400120212020f030f060e050d
CSIX,1668234758,024353490001,-68,6,128,43300400f101f102f303f502f702f901fa02fa02fb02fe0100020002010103000301060005fe06fd07fd07fd08fd0afd0bfc0bfb0bfb00000000000000000000000000000000000000000000dfe8e1e6e0e3e0e1e1e2e2dfe2dee5dfe4dfe6dde6dce8ddeae0e8e2ebe5e9e6ebe9ecededededf0eef2edf5eff6eef7eefaf0fb
CSIX,1668289009,024353490001,-69,6,128,4330040009fe0afd08fc06fc07fb04fc03fb01fcfffc03fdfffbfffcfdfbfdfdfcfdfafef9fff800f700f501f6fff5fff5fff400f4ff000000000000000000000000000000000000000000001c101c131b141b161b161a181a19171818181719151a161a13171414131213131110110e110d100b0f0a10060e060e050d030b02
CSIX,1668352247,024353490001,-68,6,128,4330040006f504f503f603f701f901f900fafffcfefdfefefcfffc00fc02fd03fc03fc05fc05fb08fc08fb09fc08fb09fa0afa0bf90b000000000000000000000000000000000000000000001fef22f023f025f224f326f626f724f823f923f924fc22fb1ffb1df819fa1bf716f714f714f612f510f50ff40df40ef40cf30af3
CSIX,1668408181,024353490001,-69,6,128,43300400f3fef500f500f601f802f902fb03fd04fd05000501060106040505050705090608050a050b040c060d060e070f080e060f0700000000000000000000000000000000000000000000eae2ebdfebddecdbeddbefd9f0d9f3daf4daf4d9f6d8f5dbf8dff6e2f7e5f5e5f6e9f6ecf4eef4f0f4f2f3f4f3f6f1f7f1f8f1fb
CSIX,1668435305,024353490001,-69,6,128,43300400f7fdf6fdf7fff800fa01fc01fd02fe02ff02010303030303050406040704090409030b020c030e030e030f0411041104110500000000000000000000000000000000000000000000efe0f2ddf2dcf2daf3daf4d9f6d8f7d9f9d9f8d9fad8f9dbfaddfadffbe3fae2f9e7f9e9f8eaf7ecf6eff6f1f5f4f6f4f5f7f6f9
CSIX,1668464546,024353490001,-69,6,128,433004000806060607040505050303030301010000ff00fffdfefdfefcfefbfefafef9fef7fef6fcf6fef5fef3fdf3fdf2fbf2fcf2fa000000000000000000000000000000000000000000000820062105220424032402230325ff240022ff23fe22ff21ff20001e001b021b021804160415051405120511060e060d080d070a
CSIX,1668524786,024353490001,-69,6,128,43300400f302f504f504f703f804fa04fc04fc03ff03000501050305030503050504050406030703070208020703080309030902090200000000000000000000000000000000000000000000e0f5e0f1e0f0dfeee0eee1ebe2eae4e9e4eae5eae5e9e5eae8ece8eeeaefeaf1ebf3ecf6ebf7edf8eef9edfbf0fceffdeefff000
CSIX,1668588351,024353490001,-69,6,128,4330040006fa06fa04fb05fb03fd02fd00ff0000fe01fc02fb03fb02fa04f905fa05f906f907f808fa09f809f908f909f90bf80bf70b00000000000000000000000000000000000000000000240621092008250d220d240c240d220e220f210f1f0d1f0f1c0d1b0b18091908160613031202110110ff10fe0ffd0cfc0dfb0afb
CSIX,1668646244,024353490001,-68,6,128,43300400f9f1f9f2f9f3f9f4f9f6f9f8faf9f9fafafcfafdfbfefc00fc01fb02fd02fe03fe04ff05ff05000600060106010701080108000000000000000000000000000000000000000000000ddc11db13db15da16dc19dd19de19e119e11ae31be319e318e614e612e911e70dea0aeb09eb07ec04ec03ec01f0ffeefeeefdef
CSIX,1668743671,024353490001,-69,6,128,43300400f708f809fa09fa08fa08fb07fe07000601050305040405040603070208010a000afe0cfd0dfc0efc0ffb11fd12fd12fc13ff00000000000000000000000000000000000000000000dfefe0eddeebdfe9dfe9e1e7e3e6e5e6e5e6e6e5e6e5e7e7ebeaebecedf0ebf0eef4eef6eef7eff9f1fbf2fcf3fff401f403f606
CSIX,1668824498,024353490001,-68,6,128,43300400fe09ff080108000801060206010402030303030202030200020002fe01fd00fefffbfffafefafdfafdf7fef6fcf4fef4fef500000000000000000000000000000000000000000000e311e110df10dd10de0edc0cdc0cde0ade0ade0adb08de08e007e408e608e50be809eb09ec0aed0bf00af20af409f40af609f909
CSIX,1668884318,024353490001,-68,6,128,43300400f205f306f608f607f607f807fa07fb07fd07fd07fe05ff06ff06010602040304030304020501050104000600060006ff06fe00000000000000000000000000000000000000000000dd00defddbfcdbfbdbfadbf8dbf6ddf6dcf6dcf4dbf3dcf4e0f4e0f8e4f8e0f8e4fae6fae6fbe7fde9ffe9ffeb00eb01ec02ee03
CSIX,1668923445,024353490001,-68,6,128,4330040000efffeeffeffff1fdf2fef3fcf3fbf6faf6f9f5faf9f9faf9faf9faf8fafafbf8fdf5fef6fff6fef8fff700f600f502f7000000000000000000000000000000000000000000000013e318e619e519e51be71be81dec1deb1deb1dee1eec1dee1bf118f016f215f012f010f010f10ef00cf00af007ef07ef06ed04ef
CSIX,1668945032,024353490001,-68,6,128,43300400f2fbf1fbf1fdf2fef3fef300f601f501f603f503f704f805f806f807f807f908fa08fb08fc09fd09fd09fd0afd0bfc0afc0a00000000000000000000000000000000000000000000eae4ede2ebe1eeddefdff3def1dbeeddf0dcf7e1f9ddf6defadbf6e0fce5f6e6f7e9f6ebf6edf5eef5f0f6f1f5f4f2f4f4f6f2f6
CSIX,1668975779,024353490001,-68,6,128,43300400f6f9f6f8f4f8f5faf6f9f7fef2fbfbfbf9faf6fef602f704f704f605f706f806f808f908f909f909fa0afa0afb0cfa0bfa0b00000000000000000000000000000000000000000000fedc00db01da03da05dc08da0ada0cdc0cde0cde0ddd0ae00ae308e408e607e604e801eaffea00ec00edfbeffaf2f9f1f3f2fbf1
CSIX,1669007026,024353490001,-69,6,128,4330040002f402f300f3fff4fef5fcf5fcf5fbf6faf7f9f7f8f7f7f7f6f8f7faf5faf4fbf4fcf4fef4fef3fef3fef3fef2fef1fef2fe0000000000000000000000000000000000000000000021f222f523f724f824fa26fc26fd23ff23002201230221021d031c0019011aff15ff13fc12fc11fc0ffa0df90bf80af709f507f5
CSIX,1669037326,024353490001,-68,6,128,433004000608070808050704090408020a000aff0afe0bfc09fb09fa0af809f80af707f608f507f306f306f106f206f207f007f108f100000000000000000000000000000000000000000000ef24eb24e923e724e721e321e221e41ce21be31ce21ce41ae618e918eb15eb15ee14f211f311f510f710f90ffb0efd0d010c020b
CSIX,1669064866,024353490001,-68,6,128,43300400f8f9f8f9f6fbf7fcf6fdf7fff600f601f601f604f705f706f706f708f608f809f909f90afa0bfa0cfa0cfb0dfa0dfb0ef90d000000000000000000000000000000000000000000000dde11dd12dd13de14df17e017e017e418e518e419e417e615e913e911ec10eb0dec0bf009ef08ef06f105f203f401f3fef6fef5
CSIX,1669125795,024353490001,-68,6,128,43300400fb07fb07fd07fe08ff070108020704070408050806070807090609050a060b050b040c030c020d010d020d020e020e010e0200000000000000000000000000000000000000000000dcf6dcf3dcf2dbf0ddf0ddedddede1ede1ece2ebe2eae4ece6ece7efeaf1eaf2ecf5eef7eef8effaf0fbf1fcf2fff4fff502f703
CSIX,1669214537,024353490001,-68,6,128,433004000b050b030b010b010a000afe09fd09fb09fa07f906f705f706f605f505f404f304f403f302f303f302f202f202f203f303f40000000000000000000000000000000000000000000008240525042602260227fe27fd26fc24fc25fa23f823f822fa1ffb1dfc19fd1afe160115011303120310050e050d080b090b0909
CSIX,1669245000,024353490001,-68,6,128,43300400050a060a06090608080707050704080308010800070007ff08fe07fc08fc08fb07fb07fa06fa06fa06f905f906f805f906f900000000000000000000000000000000000000000000f720f41ff220f120f120ed1eed1ded1bec1beb1aea1bec18ed17ef16f114f215f413f712f712f911fa10fc10fe0fff0e000e020c
CSIX,1669276111,024353490001,-68,6,128,43300400f5f4f3f5f5f6f6f7f5f7f6faf7f9f2fcf802f500f900f902f903f803f904f804f904fa05fa06fb06fa05fb07fc07fd08fc0700000000000000000000000000000000000000000000f8dbfbdafdd7fed800d703d704d706da07db06d909d907db07de04e005e303e101e601e8ffe7ffe9feeafdebfbecfaeef9eff8f1
CSIX,1669304455,024353490001,-67,6,128,433004000d060c050c040b030b020a0008ff08fd07fc07fc04fc04fb05fa03fa01fa01f901fb00f9fff9fffafef9fdf9fcfafcf9fbf900000000000000000000000000000000000000000000171e141f1422132312240f240f260e240e240c260c270c260a230b210a1d0b1f0a1b0c190b170c170b140c130c100b100d0f0c0c
CSIX,1669367283,024353490001,-68,6,128,43300400fc09fe08ff07fe07ff07000600070106040504030201020103020402040106ff04fd03fc03fe03fd03fc03fb03fa02f901f900000000000000000000000000000000000000000000de0edc0bdc0bd90bda09d907d905d906da05db05d903da03dd02de04e103e005e405e707e806eb05eb06eb07f009f107f206f406
CSIX,1669400476,024353490001,-68,6,128,433004000008010802070206030603050404040304010502040004ff03ff04fd03fc03fc02fc01fa02fa01fa00f9fff9fef8fef7fef600000000000000000000000000000000000000000000e716e316e316df15e114df13de12df11df10df10dc0fde0fe10ee30ee60de50de80cec0dec0def0cf00cf20bf40af50bf70bfa09
CSIX,1669459923,024353490001,-69,6,128,43300400fdf8fcf9fbf9fbfafafafbfcfbfdfbfefc00fb01fc01fd03fd04fe05ff08ff08000800090209010b010b030c020d020d010e000000000000000000000000000000000000000000001ae71be81ce91ee81de91fea1feb1eed1fed20ed20ee1fee1cef1af117f117f113f310f20ff30df30bf409f507f505f502f501f6
CSIX,1669484609,024353490001,-69,6,128,43300400f8fdf7fdf7fff8fff800f900fb02fb03fe03fe050005010702080408040a060a070b070b090b090b0a0c0a0c0c0e0b0d0a0e0000000000000000000000000000000000000000000007da0ad90bda0cd80cda0fd910db0fdc0edd0fdd10db0fdd0ee00de10be50ae509e805ea05eb04ee01ef01f1fff3fef4fcf6fbf8
CSIX,1669517082,024353490001,-69,6,128,4330040000f5fff5fff6fef6fef8fcfafcfafbf9fafcfa01fa03f602f702f706f408f90af80cf40cf910f109f205f106f30dee0ef60c0000000000000000000000000000000000000000000024f225f426f627f626f827fa26fa24fc25fc24fc27fe24fc21fe1ffe1bfd1afd15fd14fa13fa10fa0dfa0cf809f909f707f605f6
CSIX,1669575437,024353490001,-68,6,128,433004000d000eff0dfe0bfe0bfd09fc07fb05fb04fb03f902fafff9fff8fef8fdf6fcf6fcf6faf6faf5fbf4faf4f9f2fbf5fbf2fcf3000000000000000000000000000000000000000000001a17191b181c181d161d151f1420121f112010200f210f1f0d1c0d1a0c180d170c130d110f100e0e0e0b0e0b0d080e080f060e04
CSIX,1669605055,024353490001,-68,6,128,43300400f101f201f201f401f501f602f802f904fb04fc05fd05fe06ff0600060107020702070309030703080308030904090308020700000000000000000000000000000000000000000000e1f3e1f0e1efe1ede2ede4eae5e9e7e9e7eae6e9e7e7e8e8eaeae9ebeceeebeeecf1eef2edf3edf4edf6eef6eff9eff9eefbf0fe
CSIX,1669634384,024353490001,-67,6,128,43300400f3f9f2faf3fcf5fcf5fdf6fdf7fff701f900f902fb03fc03fc04fd04fd05ff05ff050005000501070106020601050105010600000000000000000000000000000000000000000000ece3ede1eee0efdef0def2dcf3dcf6ddf6ddf7ddf7dcf6ddf7e0f6e2f7e4f5e4f5e8f5e9f5e9f5ecf5edf5edf5f0f4f1f2f3f3f4
CSIX,1669664940,024353490001,-68,6,128,43300400feeffef2fcf3fdf5fdf5fdf7fef8fdf9fefcfdfcfdfefd00fc01fd02fd02fd03fe04ff04fe05ff05fb04fc07fe0900060007000000000000000000000000000000000000000000000add0cdd0fdd0fdd10dd11e014df14e014e114e218e118e314e610e610e90fe70cea09ea08ea07ec05ec06ec04ec03eb00eb00ed
CSIX,1669729114,024353490001,-69,6,128,4330040005090509050c05080308060604050502040004fe02fe01fd05fa01fa03fa03f802f602f601f501f501f501f501f502f402f300000000000000000000000000000000000000000000f420f11ef11eee1fee1eec1ced1eee1aec1ae91ceb1ae917ec17ee17f014f114f312f912fb13f912fa0ffe0ffd0afe150110fe0e
CSIX,1669784331,024353490001,-68,6,128,43300400f811f910fb11fb0efc0efd0cfe0a0009000801050204020303020302050105ff04fe05fd05fd05fb05fb05fb06fa07fa07fa00000000000000000000000000000000000000000000e119de17dc16db15db15d913d912da10da10d80ed60eda0ddc0be00ce20ce20de70de90fea0feb10ee11ef11f211f111f213f211
CSIX,1669823185,024353490001,-67,6,128,43300400fa10fb0ffc0ffc0dfc0cfd0bfd09fe08fe06ff05ff05ff03fe03ff00ff00fefefefefdfcfefbfff9fef9fdf8fef5fff7fff500000000000000000000000000000000000000000000e419e217e016de16df16dc14dc14dc12dd12dd11da10dc0fde0ee10fe40de40fe70eea0fec10ed0fef0ff010f20ff20ff412f611
CSIX,1669845804,024353490001,-68,6,128,433004000dfe0cfe0bfd0afc09fd08fd05fd04fd04fe02fe01fe0000ff000001fe02fc03fc05fa05fa06f906f806f707f607f609f508000000000000000000000000000000000000000000001c181b1a1b1b1a1d1a1c191e181f171e1720172017221620141d141b12181317121412111210120d110c100a0f070f070f040e03
CSIX,1669904795,024353490001,-68,6,128,433004000bf60af508f407f606f604f603f701f8fef8fff9fdf9fcfbfbfbfafcf7fdf8fdf6fff600f601f400f4fff400f301f201f2010000000000000000000000000000000000000000000025fa27fe28ff290128022a052907280827092608290b260b230a20071d081e06190417021700160014fd14fc11fb11f911f710f6
CSIX,1669934425,024353490001,-68,6,128,4330040010ff0efd0bfc0bfd09fe06fd06fc04fc01fb01fbfffbfefcfbfbfbfbfafbf8fbf8fcf7fdf6fdf6fcf6fcf5fcf5fcf4fdf5fc00000000000000000000000000000000000000000000220e2113221423172117201a1f1b1c1b1c1b1c1c1b1c1a1b1819181615141712150e140d150a1609140715061304150315011402
CSIX,1669967361,024353490001,-68,6,128,43300400f60df80cfa0cfb0bfa0bfd08ff07fe0601060106020402030201020003ff03fd04fd03fc04fa05f905f905f906f807f708f800000000000000000000000000000000000000000000dd10db0dda0cd80bd90ad707d706d904d904d903d902db03de01e104e404e406e808eb09ea0aeb0ced0cee0ef00def0ff110f20e
CSIX,1669995606,024353490001,-70,6,128,433004000821031e0e1008100f0a0d07030c07f70a0b0f0001fb01f50cf509f407f7fef701eb0aedf2e4fce6fee3f4e4f3ea03e002df00000000000000000000000000000000000000000000d84bc230ac4a9f45a557aa43893ca82b862f91338b3086259121a629d941ba3fcc40d32fc832e83bd52fea3af03af737fb36f733
CSIX,1670055268,024353490001,-68,6,128,4330040001efffeffdf0fef2fef2fef4fdf7fdf7fdf8fdf9fdfbfdfdfcfefdfffd01fd02fd03fd04fe05fd07fd08fd08fb09fb09fa08000000000000000000000000000000000000000000000ee310e213e113e114e117e218e218e41ae51ae61de71be719eb16ea14ec13ea0fec0eeb0deb0bec09ec09ed07ed07ec05ec03ed
CSIX,1670085474,024353490001,-68,6,128,43300400f4f5f4f6f5f7f6f8f7faf8fbf9fcf9fdfafefbfefdfffe01ff0000020203020404040404050505060706070708080607070800000000000000000000000000000000000000000000f9defbdcfcdbfcd8fddaffd801d802d802d804d906d804d904dd03df02e200e2ffe5fde7fbe7fae8f9ebf7ebf8eef6eef5eef6f0
CSIX,1670126788,024353490001,-68,6,128,4330040006f404f502f501f600f600f8fff8fef9fefbfefdfdfdfefffefffc01fe01ff03ff04fe06ff07ff080009ff0afe0bfe0bfe0c0000000000000000000000000000000000000000000022f023f226f227f327f328f629f627f928f928fb2afc28fd23fd20fc1dfc1efa19fa17f815f613f611f510f30df50df40cf309f3
CSIX,1670241020,024353490001,-67,6,128,43300400000901090107010501050103020201ff01ff01fd00fc00fbfffbfefafef9fdf9fdf8fcf8fbf7faf6fbf6faf5faf4fbf4fbf500000000000000000000000000000000000000000000f11dee1eec1deb20eb1ee81fe81ee81ce71ce71ce51de61be918eb19ed16ee16f015f413f515f714f913fa13fc11fb11fd10fd0e
CSIX,1670296167,024353490001,-68,6,128,43300400f800f802fa02fa03fc03ff01ff0401040100020502030200040306ff07fe08fd08fc09fb09f90efc0df90cfe09f90dfc0cfb00000000000000000000000000000000000000000000e5e7e8e3eae3ebe2eae2ede1ebe0eee0ede1eedfefdfefe0f2e3f0e4f0e9efe8f1eff1f2eef1f2f5f2f8f4f5f0f7f3f9f2f9f5fd
CSIX,1670416208,024353490001,-68,6,128,433004000b030b0309010801080006fe04fd02fc00fd00fcfdfcfbfcfafcf9fbf6fbf4fbf4fbf2fbf2fcf0faf0f9f0f9eef7eff8eef700000000000000000000000000000000000000000000122310260f280f290f2a0c2b0a2c092a082b0829082c082a072608240720081f081a09170b160b140b110c110c0e0d0d0e0b0d09
CSIX,1670447156,024353490001,-68,6,128,43300400f5fff6fff701f900f901fb01fc02fe020001010204020501060308010a010c020d010e020f0211031103120514051205110700000000000000000000000000000000000000000000eae3ece1ecdfecddedddeedcf0dbf1ddf1ddf2dcf3dbf2dcf4e0f2e1f5e5f2e6f4e9f3ecf3edf3f0f3f1f2f2f3f6f3f6f2f9f4f9
CSIX,1670475166,024353490001,-68,6,128,4330040009f908f806f806f805f904f903fa02fb00fbfffdfefefcfefafff900f700f601f502f303f303f202f102f001ef00ef00f0fe000000000000000000000000000000000000000000001f0c1d0f1c121d111c111c131d131a131a131a141a16191416131511130f140e120a1008100710050f020e010e000eff0dfd0dfb
CSIX,1670504627,024353490001,-68,6,128,43300400feeffdf0fcf1fdf2fcf2fbf4fbf6fbf7fbf9fbfbfafcf9fdf9fff801f802f604f605f606f507f508f407f307f307f307f2060000000000000000000000000000000000000000000016e419e51be51ce51de61fe820e91feb20eb21ec23ed22ee1ff01cef19f219f015f112f111f10ff10df00af008f107f005ee03f0
CSIX,1670541432,024353490001,-67,6,128,433004000ef90bfe0ef707f705f609f707f907f203f702f600f5fdf7fef304f9faf700f8f9f9fbf9f9f9f8f9f8f9f7f8f7f8f8f9f7f900000000000000000000000000000000000000000000161418131917181a1a1818171118151213171b1a121d111b0f121110111111110d0e110911070f080e070e030c040ffb18f81003
CSIX,1670564567,024353490001,-67,6,128,43300400fdeefdeffbeffbf1fbf2faf2fbf4fbf5faf8f9f9f9faf9fcf8fdf9fef9fff900f902f904fa04f806f907f907f808f707f7070000000000000000000000000000000000000000000019e21ce41de41fe51fe621e821ea22ea21ec22ed24ed22ee20ef1df01af11af015f112f111f00ef00df00af007f207ef04ee03ee
CSIX,1670596809,024353490001,-68,6,128,43300400f8f9f6faf7fcf8fcf9fdf8fefafefa01fb01fc01fc03fe04fe04ff050105020603080506050707080709070a070b060a070b0000000000000000000000000000000000000000000001e104df05de06dd06de08dd08dd09de0ade0ade0ddd0cde0be109e209e508e506e804e903ea02ed00eefff0fff2fdf2fbf3fbf5
CSIX,1670625515,024353490001,-67,6,128,43300400f903fa03fb03fc03fd02fe03ff0101010100020002ff04fe05fd05fc06fb08fa08f90af809f80af80bf80bf80cf80cf70cf800000000000000000000000000000000000000000000e8f1e8efe7eee6ede6ede7ebe8ebe9eae9eae9e9e8e8e8eaebecebedeeefecefeff1eff4eff5f1f6f2f7f2f9f4fbf4fcf4fef7ff
CSIX,1670655709,024353490001,-67,6,128,43300400fff8fff9fffafffcfffeff000000000201040304030604060508070a080b090d0a0e0a0f0a0f0a100a100a100a120a1208110000000000000000000000000000000000000000000015e018e115e318e217e21ae31be11ae51be31ce41ee41ce41ae717e716e914e710ea0deb0deb0bec0aee08ef06f005f104f103f4
CSIX,1670684455,024353490001,-67,6,128,43300400fcf9fcfbfefcfefefeff00ff0100030204010603080309030b050c050e060f071007110612081108120812091209110911090000000000000000000000000000000000000000000000db03db04da05d804da07d907d908da08da07da08d806da06dc05df04e204e202e401e800e8ffeafeecfdedfbf0fcf0fbf2fbf5
CSIX,1670745620,024353490001,-68,6,128,43300400070207010601040003ff01ff00fdfffefdfdfbfdf9fcf7fcf6fbf5fcf3fbf2fbf2fbf1faf1fbf0fbeffbeffaeef9effaf0f900000000000000000000000000000000000000000000121f0f210f220e240e250c260a26092508250725082609230820091f071c091c081809150a1409120a100a0f0a0b0b0a0a090a07
CSIX,1670777041,024353490001,-68,6,128,433004000606050406030501040103fe04fd02fb01fa00f7fff7fcf5fdf4fdf3fbf1faeffbeffaeff9eef9eef8eef8eef9ecfaeefaee00000000000000000000000000000000000000000000f926f626f427f328f228ef27ee26ee24ed24ed23ed24ef24f021f220f31cf31df61af818f918fd15fd14fe120110000f030e030b
CSIX,1670865038,024353490001,-68,6,128,43300400fefafdfafcfcfcfdfcfefcfffc01fb03fc04fc05fb08fb09fc0afb0afc0bfb0dfc0dfd0efd0ffc0ffd10fd10fc10fb11fa100000000000000000000000000000000000000000000014e917ea18e919ea19ea1beb1cec1aee1beb1ced1eee1cee1af018ee16f116f011f10ff10ff20df20bf309f307f406f405f604f7
CSIX,1670895539,024353490001,-68,6,128,4330040005030502040003fe02ff01fc00fbfefcfefbfcfafaf9f9f8f7f7f7f7f6f7f4f6f4f6f3f6f2f6f1f6f0f5f0f4f0f4f0f4f2f40000000000000000000000000000000000000000000005230224022601270128ff27fe28fd26fd26fc27fa28fb27fb23fd22fd1efe1fff1a01180216031504120511030e050d060b050a
CSIX,1670924709,024353490001,-67,6,128,43300400f902fc03fd01ff020000ffff03fc05fa08ff08fa06f706f606f608f30af408f208f008ef09ef0aef09ef0bef0aef0cef0cf000000000000000000000000000000000000000000000dcfedbfbd9fdd8fad8fad7f8d9f8dbf6d9f7d6f6d8f4d9f4daf4def9e0f6e0f8e4fae8fde6fde900eb01ed03f002ef03f104f304
CSIX,1670963446,024353490001,-67,6,128,43300400fafefbfffc00fe00ff0100020202030104020501070108010a010b010c000d000d000f000eff0fff0f001001110010000f0000000000000000000000000000000000000000000000efe0f2def2def3ddf0def4daf5dbf5ddf5ddf6ddf8d9f9ddf9e0f5e2f8e6f7e5f8eaf6ebf8edf7f0f6f1f6f3f7f6f7f7f8f8f7f9
CSIX,1671015540,024353490001,-68,6,128,43300400ff070107010502020302020003fe04fe02fe04fc04fa03f902f702f702f502f501f300f300f300f100f101f200f102f102f100000000000000000000000000000000000000000000ea19e818e718e619e618e417e316e415e415e314e213e313e511e810e910ea10ed0ff10df10ef30ef50df80cfa0cfa0cfb0cfd0a
CSIX,1671077412,024353490001,-68,6,128,43300400ee00edfcf9180a07f110f9040813f2050300032bf6120608f1151820060e10090f2a0e0a0d061ffa23031d0f1f0016f71e0800000000000000000000000000000000000000000000c9c6cbc2c8bacdb5d2baceafd4b0dbb2d1b1e1b5dbacd8b8e3b6ddc8eccad7c1e2d8dcd5e7d6e6dde3e7e6e0ddf0ecf5e301e800
CSIX,1671104403,024353490001,-68,6,128,4330040005f702f805f8fff6fef8fefcfffbfdf9fcfefb01fe01f901fc01f602f904fa02f905fa06fa07fa07fa08fa08f909f909f909000000000000000000000000000000000000000000001ff321f420f523f622f724f925fb23fb23fd22fb25fd21fd20fd1efb1bfd1afc17fb15fa14fa13fa10f810f80df80cf70af709f6
CSIX,1671136989,024353490001,-68,6,128,43300400f602f602f703f802f904fc03fc02fe03ff010002010102000401040005ff07fe07fe08fc08fc09fb0afc0afc0bfb0cfc0bfc00000000000000000000000000000000000000000000e2f1e2eee2ede2ece1ebe3e9e4e9e5e8e5e7e6e8e6e6e5e8e9e9e8ecebedeaeeedf1edf3ecf5eff6eff8f0faf1fbf1fdf1fef2ff
CSIX,1671194672,024353490001,-67,6,128,43300400080209010700060106010300030003fefefefefffefffd00fb01fa01f900f802f701f502f402f403f402f401f202f202f1ff00000000000000000000000000000000000000000000141d111e141c1420111e101f0e200d210d200b210b200b200e1d0c1c0c1c0b170d130c110d120c100b0f0d0c0b0a0b080c070a06
CSIX,1671255808,024353490001,-67,6,128,4330040003f802f901fa01fb01fc01fd00fe00ff010000020102010401050206040805090409060a060a060b050c060d060e050e060e0000000000000000000000000000000000000000000020f222f422f424f524f525f724f823f823f823f926fa23f920fa1ef91afa1bf816f814f813f710f80ff70df70bf80af708f607f6
CSIX,1671315282,024353490001,-68,6,128,43300400fcfbfcfafcfbfcfdfefcfffd00ff01ff03fe04ff05fe07fe08ff09ff0bff0bfe0efe10fe0efd10fd10fe10fe10fe100010000000000000000000000000000000000000000000000001de04de05db05dd08dc09dc08dd06dd0adc0adf0dde08e00be107e506e602e6fdeb02eb01e9fff001f0fcf2fbf1faf2faf6fcfa
CSIX,1671350244,024353490001,-68,6,128,43300400fafdfafcfcfdfdfdfeff00ff0200030004ff050007ff08ff0aff0cfe0cff0fff0ffe10ff11fe12fe12ff13ff150014ff14000000000000000000000000000000000000000000000001db04da04d905d905d907d908d908db08db08db0ada09dd07e006e203e502e401e7ffeaffecfdeefdeffcf0fbf3fbf4faf6faf7
CSIX,1671376075,024353490001,-68,6,128,4330040005fe04fd02fd01fe01fefefffe00fc01fb02fa04f905f707f708f609f50af40cf50df30df20ef30ef10cf20df00eee0df010000000000000000000000000000000000000000000001c161b191a191c1b1a1b1a1c181c161c161c161b161c161b1318131511131212100f0f0b0e0a0d090c070c050a0209010aff08ff
CSIX,1671404530,024353490001,-68,6,128,43300400fbfbfbfdfbfdfcfefd00ff010002010401050207040705070709080a080b0b0c0a0c0b0e0d0c0c0e0d0d0d0f0d100d0f0b100000000000000000000000000000000000000000000012e110e314df16e11edb18e219e31be418e519e61be717e816ea13ea11ed10ec0cee0aef09ef06f104f203f401f500f6fef6fdf8
CSIX,1671468287,024353490001,-68,6,128,433004000afb09fe06fb05fb01fb01fbfffbfdfcfcfcf9fcf7fbf6fcf3fcf4fcf3fcf2fdf0fdf0feefffeffdeefeedffecfdecfeeefd000000000000000000000000000000000000000000001e131717181c1b1c1719181f131f161c111d131b131b151a101a1116101411120e0f0e0c0f0a0f080e060f040d000d010c010dfe
CSIX,1671498562,024353490001,-68,6,128,433004000bff0afe09fd07fc06fc04fb02fa01fafffafdf9fcf9faf8f8f8f8f9f7f8f6f8f4f7f3f8f3f9f3f8f2f7f2f7f0f6f1f8f1f600000000000000000000000000000000000000000000191a171d171e17211420132310240e220d220e210d220d200d1d0d1b0c180c170c140b100d0f0c0d0d0b0d090d070e050e040e03
CSIX,1671556070,024353490001,-68,6,128,433004000b000b000afd09fd08fe06fc04fb01fb01f9fffafdf8fcf9fbf7faf8f9f8f8f7f7f8f6f8f4f8f3f7f3f7f3f6f2f5f2f6f3f500000000000000000000000000000000000000000000161d13201423132511260f260e260b250c250a250825082306200a1e071a091b09160a130b120c100c0d0e0c0c0a0d080e060e05
CSIX,1671584527,024353490001,-68,6,128,43300400010d020c030b030904080407040504030601060105fe06fe06fb07fa07f907f806f606f506f406f306f307f307f208f208f300000000000000000000000000000000000000000000e51be21ae019de1ade18db15da14dc11dc11db10db10dd0fe00de30ee50ce50de90ded0cee0df00df30cf60df80dfa0efb0ffd0e
CSIX,1671616024,024353490001,-68,6,128,43300400f6f8f5f8f5f8f3f8f7fbf6fefafef900f802f803fb03fc05fd07fd08fe09ff08ff0a010a020b020b020c030d030e030e020e0000000000000000000000000000000000000000000002d905d907d708d609d60dd70ed80edb0fdb10db11dc10dd10e00ce20ae50ae107e604e904e800ea00edfeeffdf0faf0f9f0f8f3
CSIX,1671646648,024353490001,-68,6,128,43300400f6f7f6f8f6faf6fcf7fbf8fdf8fef9fffa00fb02fc03fd03fd05fe05ff060007020702070309040a040b040b040d040c030c00000000000000000000000000000000000000000000fddd00dc02db04d905da07d909db09dd0ade0ae00bde09e009e207e407e605e604e902eb00eb00edfdeffcf0fbf2faf1f7f2f8f4
CSIX,1671674916,024353490001,-67,6,128,43300400090009ff0afc08fd07fd06fc06fc04fc03fb01fb00fb00fbfefbfdfbfcfbfbfcfafdf9fdf8fef7fef6fdf5fdf4fdf4fdf4fd000000000000000000000000000000000000000000000d170b200d2208220523091fff200220ff1e0023001e001d021a031902170415051306100710080e070b090a09070a070b050b04
CSIX,1671704598,024353490001,-68,6,128,43300400f7f6f6f6f6f8f7faf8fbf7fdf9fff8fffa01fa01fd01fd04ff04fe0600060108020704080409050b050b060c070d060c050d0000000000000000000000000000000000000000000007d90ad90cd70ed610d813d814d915dc15dc14dd16dc13de13e20fe20fe60ce308e708e906ea04ea03eb00ee00effbeffdf2faf1
CSIX,1671734887,024353490001,-68,6,128,4330040000f2fef3fdf4fef5fcf7fbf8fcf9fbfbfbfdfbfdfbfffc01fb02fb04fc05fc06fd08fd09fe0afd0bfe0cfd0efc0efc0efb0e000000000000000000000000000000000000000000001fe822e824eb27eb25ed28ef26f026f225f225f326f424f320f51ef41bf51bf217f414f214f110f30df10cf209f208f106f004f1
CSIX,1671769415,024353490001,-68,6,128,43300400f809f708f909fb07fc07fc06fe06ff05ff04010302010200030004fe05fe05fd05fb06fa07f908f808f809f80af80af70bf800000000000000000000000000000000000000000000dcfedbfcdafadaf8daf8dbf6dcf5def4def3dff3dff3e0f4e3f5e4f7e5f8e6f9e8fbebfcebfeecffef01ef02f103f104f306f407
CSIX,1671794492,024353490001,-68,6,128,433004000c040d030c010b000a0009ff08ff06fe05fd04fc02fc00fcfffbfefbfdfbfafbfafaf9faf7faf6f9f4f8f4f7f3f7f4f6f3f6000000000000000000000000000000000000000000000b2508280729062a042a012a002afe27ff27fe26fd27fe26fe220020001c021d031a0416051605130711080e070d0a0c0c0a0c08
CSIX,1671826598,024353490001,-67,6,128,43300400fff201f700f2fef8fdf3fef9fdf8fdf7fbfbfbfdfdfdfd00fc00fb03fc05fc07fc09fb0afd0bfc0cfb0dfb0dfb0ff90ffa0e0000000000000000000000000000000000000000000025ef27f327f42af52af72af929fc28fa28fc27fd26fa26fc1ffa20f91afb1af919fa16f515f713f511f60ef40df60af408f209f5
CSIX,1671884969,024353490001,-68,6,128,43300400fd0afe0b010a0009010802070206010502040202020002ff03fe03fd03fb03fa03f903f703f603f503f503f405f305f305f300000000000000000000000000000000000000000000e010de0edc0ddc0ddc0cdb0adb09dd07dd07de08dd06df06e105e307e606e607e907ec08ee08ef0af109f409f609f70bf80bfa0b
CSIX,1671914524,024353490001,-68,6,128,433004000af808f607f506f605f704f703f701f900fafffafefbfdfcfcfdfafffa00f901f802f604f605f505f305f305f206f206f2050000000000000000000000000000000000000000000027062709280b280d270e27112612231222122212211321121d111d0d1a0c1b0b1709170615041504120012ff0ffe0ffc0efb0df9
CSIX,1671944476,024353490001,-67,6,128,43300400060a06090708060706060505070304040501040002ff02fe00fdfffcfffbfefafdf9fbf7fbf7fbf5faf4faf3faf2fbf2fbf200000000000000000000000000000000000000000000ee1eeb1ee91ee81fe71de51de51be812e619e618e517e818e613e913ef13f314f212f511f711f710fa0ffc0efe0d000d010d030d
CSIX,1672005225,024353490001,-67,6,128,433004000bfd09fa09fd0afc09fe04fc05fd03fa01fbfeff00fdfefffcfffcfffbfff900f802f701f503f503f2fff202f101f101f100000000000000000000000000000000000000000000001e161d1919181c191b1a191b151f151e151b141d151d151b1219141511150f120e0e100d100d0f0b0f070d060c060e040f010c00
CSIX,1672035332,024353490001,-68,6,128,43300400f7f7f7f7f8f8f8f9f9faf9fbfafbfafdfbfefafffc01fd02ff0200030003020404050406050706090609070b070c070b050c0000000000000000000000000000000000000000000009de0bde0ddd0edd0fde11de13df13e212e212e313e211e40fe50ee50ce90be708ea06eb06ec04ee02ef01effff1fdf1fbf2faf3
CSIX,1672065557,024353490001,-68,6,128,433004000bf80af809f708f707f805f804fa02fa00fbfffbfefcfcfdfcfdfb00fb00f901f902f703f605f406f305f205f105f105f00400000000000000000000000000000000000000000000250d240f251225132414231622181f171f171f181f181d171b141a121710180f160c14081408140611041202100110ff0ffd0ffc
CSIX,1672094423,024353490001,-68,6,128,43300400f80af90bfa0afc0afc08fe07fe06ff05010401030201020103ff04fe04fd05fb04f905f706f607f508f509f50af40bf40cf500000000000000000000000000000000000000000000d804d702d600d4ffd6fed5fbd5f9d9f7d9f8daf8d8f7daf9ddf9dffbe2fbe1fce6ffe800e901eb02ed03ef04f006f008f308f40a
CSIX,1672125055,024353490001,-68,6,128,43300400faf3faf3fcf2f8f5faf7faf8fbf8fcfdfcfefbfefffefc01fd01ff0402010106010703080308040b040b030d0610020e020f0000000000000000000000000000000000000000000013dc16dd19d918dd18df1ce01adf1ce41ce51ce61de51be718e815e812ed12e90feb0cec0aeb09ec07ed05ee01ef01efffeffff0
CSIX,1672156497,024353490001,-68,6,128,43300400f505f605f705f804f905fa04fb04fc04ff04ff030003020202020400050006fe08fe08fc0afc0afb0bfc0cfc0dfd0efd0efd00000000000000000000000000000000000000000000e0f1e0efdfede0ebe1ebe2e9e3e8e5e9e6e8e6e9e5e8e6e9e8ebe8eeecf0eaf0edf2edf5eef6eef8effbf0fbf2fef1fff101f302
CSIX,1672185778,024353490001,-68,6,128,433004000dfe0cfe0cfd0bfc0afc08fd06fc04fc02fd01fcfffdfefcfdfdfcfdfbfffafff800f600f500f301f1fff0feeffef0feeffd000000000000000000000000000000000000000000001c191c1d1a1e1b2119201722152213211222122112221220101d111a101811170f140f100f100f0e0f0b0f090e070f0610031002
CSIX,1672214623,024353490001,-68,6,128,43300400faf5faf6f9f6faf7fbf8fafafbfbfbfcfbfefcfffcfffd01fe01fe02ff040006020703070209020b020b020d030e010e000d0000000000000000000000000000000000000000000015e317e518e419e51ae61be81ce91beb1aeb1bec1bec1aed18ed15ee12ef12ee0ef00cf10af008f006f105f103f301f200f2fff3
CSIX,1672245065,024353490001,-68,6,128,433004000709070807070606050401030603fff90501fcf9fffb00fe01fcfffcfffbfdfafbfafbf9f9f8f9f7f8f6f8f5f8f2f7f3fcf200000000000000000000000000000000000000000000f31ff020ef20ed20ed1feb1eea1eea1beb1beb1aea1bec1aed17f017f216f316f514f812f813fb11fc10fe0fff0d000e030d040c
CSIX,1672336639,024353490001,-68,6,128,43300400f706f807f907fa05fb06fc04fd05ff03000301020201020003ff04fe04fd05fc05fa07f907f809f809f80bf80bf80cf80df900000000000000000000000000000000000000000000ddf9ddf7dcf6dcf4ddf4ddf2def1e0f1e1f0e1f0e1efe2f0e5f2e6f4e8f6e8f7eaf9ecfbedfbeefeeffff0fff101f102f204f405
CSIX,1672364527,024353490001,-68,6,128,43300400ff09ff0b000b020701070106020400030201010001fd01fd02fc02fb01fa00f800f7fff700f600f301f101f101f001f003f200000000000000000000000000000000000000000000e212e010df0ddd0edd0ddc0bdc0ce008de09df09de0ae007e207e60ae708e809ec0aef09f00bf20bf30af508f409f408fb0cfa09
CSIX,1672395104,024353490001,-68,6,128,43300400f200f3fff401f501f501f702f902fb02fc02fd03ff030002020203020501070208010a000b000c010e020f0310030f030f0500000000000000000000000000000000000000000000e9deecdbedd9eed9efd9f0d8f3d8f4daf5daf5daf6d9f5dbf6def5e1f6e4f4e5f5e9f4ecf3edf3eff4f2f2f3f3f6f2f6f1faf2fc
CSIX,1672425206,024353490001,-68,6,128,4330040004f704f603f702f801f900fafffbfefcfdfdfcfefcfffc00fc02fc03fb04fc06fa08fa08fa0af80bf80bf70bf60cf60cf50b0000000000000000000000000000000000000000000022022304230525062407230a230a200a210a210a200c1f0a1c091b081706170515031201130011ff0ffe0efc0bfb0bfa0af908f8
CSIX,1672454379,024353490001,-68,6,128,4330040009ff09fd07fd06fc05fe04fc03fb02fd00fc00fdfefefefdfcfefcfff9fff900f701f701f502f301f302f201f201f201f200000000000000000000000000000000000000000000001916191a1619161c151b151c141d121c101b101b101d101b0e190f170e150f130e100c0f0c0f0d0b0d070d080b040c040d020b02
CSIX,1672492128,024353490001,-68,6,128,43300400020b020907090207050505030503060303ff03fe00ff01fdfffb00fcfffafef7fdf7fcf5fbf4fbf2fbf1faf0fceffdf0fdef00000000000000000000000000000000000000000000e61de21be21ce019e119e016df16df18de15e111e011e114e410e312e80fec10ee10f20ef211f60ef710f80efb0efd0ffd0e020c
CSIX,1672514366,024353490001,-68,6,128,433004000107040a04090407040706040501040205ff03ff02fe00fd02fc00fd00fafef8fff7fef7fcf5fdf3fef3fcf2fcf3fdf3fef300000000000000000000000000000000000000000000e91ae718e615e217e416e215e013e212e312e412e313e511e610e810e90feb0eef0ff30cf20df50df60cf80cfc0bfc0cfd0b000a
CSIX,1672551930,024353490001,-68,6,128,433004000808080608040703050306010500030001fe01fd00fdfdfdfdfbfcfbfafaf9f9f8f8f6f9f6f8f5f6f5f5f4f4f3f4f4f4f5f300000000000000000000000000000000000000000000ff26fc28fa28f928f927f628f427f424f524f522f424f623f720f91ef91bfa1cfc19fe16ff15001301110210040e060f070d080c
CSIX,1672575505,024353490001,-68,6,128,43300400fdf5fbf6fbf7fbf8fbfafcfbfbfdfcfefd00fd01fe03fe04ff05ff06000701080309030b030b040d030e030f030f020f02100000000000000000000000000000000000000000000018e21ce21ce31ee21de320e520e71fe81fe91dea20eb1deb1aec19ec16ee14ec12ef0eef0def0bf008f006f005f304f201f200f3
CSIX,1672604560,024353490001,-68,6,128,43300400f700f600f702fa01fb00fc00fd01fe00ff01010101000200040005ff06ff07fe08fe09fe0aff0bfe0cfe0d010d000d040e0200000000000000000000000000000000000000000000ebede9f1e8ebeaebedeaebece8e5f1e8e8eaede5ede6f1eaf2e9f1f1eeebf0edeaefedf6f3f3f3fcf5fbf4f5f6fbf1faf3fdf7fd
CSIX,1672635130,024353490001,-68,6,128,43300400f4fbf5fbf6fcf7fdf7fef9fefb00fc01fd01fe0401050203020504050605080509050a060c050d070d080e090f0b0d0a0d0a00000000000000000000000000000000000000000000fcd4fed200d202d102d205d205d206d607d608d709d707d806dc04de03e100e100e5fee7fde9fcebfaecf9eff8f1f8f1f6f3f6f5
CSIX,1672666082,024353490001,-68,6,128,433004000307030804060406030502030201020001fffffdfffcfdfbfefafcf9fcf8f9f7f8f6f7f5f8f5f7f3f7f2f7f2f6f0f8f0f8f000000000000000000000000000000000000000000000ef22ec23eb23ea23ea22e622e621e71ee71ce71be51de81ce91aec19ee17ee18f116f514f515f812fa11fb11fd0efd0f000f020d
CSIX,1672698052,024353490001,-68,6,128,4330040007fe070006fd05fd04fd02fc02fd01fe00fdfefdfdfdfcfefafff9fff8fff700f601f602f403f302f201f201f001f001f100000000000000000000000000000000000000000000001818171a161a151c141c131d141d111b111b101b101b101a0e1810160e140f120e100d0e0d0d0d0b0b080c090b060b060a020c03
CSIX,1672730052,024353490001,-68,6,128,43300400fa05f907fd06fc03fd04fd02010105fffc0302fb01fe03fc03fa03fa06f705f604f405f204f205f007f107f007ef06ee08f000000000000000000000000000000000000000000000d8fadaf8d7f6d7f6d8f6d8f2d8f1daf2dbf2dbf1dcf1dcf3e0f4e1f6e5f8e3f9e7fae7fde9feecffecfeeefff103f202f305f504
CSIX,1672757559,024353490001,-68,6,128,43300400060507050703070306020401020002ff01fffffefefdfcfefbfdfafcf8fcf8fcf6fcf4fdf3fcf2faf2faf1faeff7f0f8f0f700000000000000000000000000000000000000000000fd25fa26fa26f928f826f628f527f624f524f524f424f523f620f91ef91bfa1dfc18fe15fe15001401120311030f040d060c060b
CSIX,1672792726,024353490001,-68,6,128,433004000604060306030501050103ff030001ff00fefffdfefdfcfdfbfdfafef9fdf8fdf6fef5fef5fef4fdf3fcf3fbf1faf2fbf1fa000000000000000000000000000000000000000000000821062305230325032301250124fe22ff22fe21fe23ff21ff1f001c001a011a01160414041404110510050f050c050b080b0708
CSIX,1672845164,024353490001,-68,6,128,433004000506050506040503040203010200000101fffffefffefefdfdfcfbfcfafcf9fcf7fcf6fcf5fbf4faf3fbf3f9f2f9f3f9f4f800000000000000000000000000000000000000000000fa22f622f523f423f422f222f122f11ff11ff11ff11ff21ef31cf51bf618f719fa16fb13fd13fe13ff10010f020d030c040c050b
CSIX,1672874639,024353490001,-68,6,128,433004000802090207000600050003ff02ff00fffffefefffdfefdfefbfffafffafff800f700f601f601f301f400f200f100f100f1ff00000000000000000000000000000000000000000000131b111e101e10200f200e210c220b1f0b1f0b1f0a200b1f0a1d0c1a0a180b180b150a110a110b100a0d0b0c0a090a080b070b06
CSIX,1672906028,024353490001,-68,6,128,4330040006f705f804f903fa02fb02fb01fdfeffff00fe01ff02fd04fe05fe06fd08fe09fe0afd0cfe0dfd0efc0efb0efa0ffa0ffa0e0000000000000000000000000000000000000000000027fc28fe29ff2a0129012a03290427042604270527072505220520031d021e011bff18fe17fd15fc13fb11fa0ff90ff90df80af6
CSIX,1672934846,024353490001,-67,6,128,4330040005f704f902f801f804fa03f902fa010001fffffefdfdfe03fd02fc00fd07fc06fe06fa0afc0cfc0cfe0afc0afb0cfb0cfb0c0000000000000000000000000000000000000000000022f925fe230026fd240023022403220424042204230522031f031f011b011d00190014fd15fe12fe0ffb0dfa0cf90bf709f709f8
CSIX,1673024427,024353490001,-67,6,128,43300400f8f7f9f8f7f9f8fafafcfbfefdfefeffff000002000201030304030405050704070509050a050b060b070d080d090c080c090000000000000000000000000000000000000000000005d709d50ad50cd50cd60ed60fd810da0fda10da10da0edb0ddd0adf0ae208e105e403e603e702e900ecfeedfdeffbeffaf1f9f2
CSIX,1673054423,024353490001,-67,6,128,43300400faf7faf7faf9fbfbfbfbfdfdfdfffefffe00ff0100020103010402040305030605060606070608070808080909090909070a0000000000000000000000000000000000000000000005db07dc08da09da0adb0cdb0ddb0edf0ddd0ede10de0edf0de10be30ae609e506e805ea03ea03ec01ee00effef0fdf2fcf2fcf3
CSIX,1673090124,024353490001,-67,6,128,433004000608060606050604050304010300010000fffffefefdfefefdfdfbfcfbfcfafcf9fcf8fcf7fcf6faf6faf5faf5faf4faf5fa0000000000000000000000000000000000000000000004240124ff26fe27fe26fb26fa27fa24f924f924f925f923f920fc1ffb1cfc1dff1900160015001403120411040f050e060e070b
CSIX,1673117863,024353490001,-67,6,128,4330040002f502f701f600f800fafffbfffcfffeff00fe01fe02fe04fd04fe04fe06ff070007ff090009000a010b010c000d000cff0c000000000000000000000000000000000000000000001deb1fec20ec21ed22ed23f024f122f323f322f323f321f31ff41df31af419f417f513f413f410f40ef40cf30af609f308f505f2
CSIX,1673184395,024353490001,-67,6,128,433004000bff0bfe09fe08fd07fe05fc03fe02ff01fffffffefffcfffb00fa01f901f901f803f704f605f505f505f405f306f306f2060000000000000000000000000000000000000000000020181f1b1e1c1f201d1e1d211b2119201821182019211920161d171913191517141412111310130e110b10090e07100610040e03
CSIX,1673207115,024353490001,-67,6,128,4330040008f908f906fa06fb04fb03fb02fc02fd00feffffff00fe00fc01fc02fd03fc04fc06fc07fc07fa09f909f909f80af80af7090000000000000000000000000000000000000000000024052407240825092509240c230d220d220d210e210f200e1d0c1d0b1a091a081707150416031402130112000ffe0ffe0efc0dfb
CSIX,1673240130,024353490001,-67,6,128,4330040006f604f402f503f802f701fa00fb01fa01fe00fe0002fd01fd02fe03ff03ff060007ff07ff08ff09ff09ff0aff0bfe0bfe0b000000000000000000000000000000000000000000001fef23f123f225f422f326f625f722fa23f924f824f924f921fa20f81cfa1bf618f716f814f717f710f511f209f50cf40bf508f3
CSIX,1673270597,024353490001,-67,6,128,43300400fc0cfd0cfe0bfe0aff08ff07ff05000300020000ffff00fffffcfffcfefbfefafdf8fdf7fcf6fcf6fcf4fdf3fcf3fcf2fdf100000000000000000000000000000000000000000000df18db17db16d816da14d714d612d90fd70fd810d70fda0fdc0fde0fe10de20ee50eea0de90fec0eee0ff00ef40ef50ef70ef80e
CSIX,1673295034,024353490001,-67,6,128,43300400f4fcf7fff6fff800f902f8fffa02fb01fc00ffff010001fe00fe02fe02fe04fd04fa06fc06fc06fa06fb08fb0af907f90afa00000000000000000000000000000000000000000000e7e8eae5eae5e9e2ebe3e9e2ece1ede1efe2eee3eee1eee2f0e4f1e7eee8eeeaefeef1eef0f0f0f1f1f5f2f6f3f6f2f7f2faf2fa
CSIX,1673326267,024353490001,-67,6,128,43300400040a040805080406040603040303010201020001fffefffefefefefdfdfdfbfcfafcf9fcf8fbf7fbf6f9f6faf5f8f6f8f6f700000000000000000000000000000000000000000000f522f223f023ef24ef23ec23ec23ec20ec20eb20ea21eb1fec1df01bf119f11af417f716f716f915fc13fc12fe10ff100110010f
CSIX,1673355942,024353490001,-67,6,128,43300400f8f6f8f8f8f9f9fbfafafbfcfcfcfdfcfefefffe00ff01ff02000300040005000600080008ff0a000a000c020c010e050e0300000000000000000000000000000000000000000000ffd901da02d803d804d706d906d908da08da09d909da09db08de05e005e303e101e600e7ffe8fdeafdecfcedfbeffbeffaf0f9f3
CSIX,1673384558,024353490001,-67,6,128,433004000c010c010b000a0009ff080006ff04ff03fe02ff00ff0000fefffe00fd01fc02fb04fa03f904f804f704f604f405f505f304000000000000000000000000000000000000000000001a19191c181d191f181f1621152213211321112011231120101d101b0f1810180f150f110f110f0f0f0d100b0e0910080f070f05
CSIX,1673450346,024353490001,-67,6,128,43300400f301f403f403f603f602f703f903fa02fc02fd02fe01ff00ff0000ff01ff02fd03fc04fb04fb06fa06fa07fa08f909f809f900000000000000000000000000000000000000000000e1ebe1e8e2e7e0e5e2e5e4e2e4e2e8e2e7e3e7e2e7e1e8e3eae4e9e8ece9ebebeceeeef1eef2eef4eef6eff8effbeffbeffcf0fe
CSIX,1673476592,024353490001,-66,6,128,43300400faf5fbf5faf7f8f6f9f8f9f9fbf8fcfbfbfdfdfcfcfeffffff02ff00010001030202040206030505060607070607070807080000000000000000000000000000000000000000000010df12e014e016de15e117e11ae117e316e419e219e419e615e713e711e911e80dec0bec09ed08ed05ed04ef03ef00ef00f200f1
CSIX,1673594595,024353490001,-67,6,128,43300400080b090b0909090808070705060505040502040203010200010000fffffefefefdfefcfdfbfdf9fcf8fbf7faf7f9f8f9f8f800000000000000000000000000000000000000000000fe23fb24f926f826f725f526f424f423f323f422f122f320f41ef71df71af81bfb18fd14fe1500140112031104100610080f080e
CSIX,1673626046,024353490001,-68,6,128,43300400020d030d040c030a030a0308020703050304020302020101010000ff00fdfffdfffcfdfcfdfafcf9fcf8fbf8fbf7fcf7fbf600000000000000000000000000000000000000000000ec1ee91ee81de51de61ce31ae31ae417e317e417e317e415e714ea14eb12ec12f011f310f311f610f810fa10fc0ffd10ff11ff10
CSIX,1673654966,024353490001,-67,6,128,433004000e060d060e050c050b040a030801080106010600030002ff01ff00fffefffdfffbfffafef8fef6fef6fcf4fcf3fbf4fbf4fa000000000000000000000000000000000000000000000e240b270c29092a092a062a032b0328022802290029022602240322021e051f051b0617071709150a120b110b0f0d0e0d0d0e0b
CSIX,1673684680,024353490001,-67,6,128,433004000efc0cfb08fb09fc0bfb06fd08fa05fb06fc03fe03fc01fefffe0101fffffd02fdfffa00fb05fb03f902f606f603f403f50500000000000000000000000000000000000000000000210f20121e1520171d151d181c191a1918181919191a18181616171414111412130f100c110a10081007140712041001120112fe
CSIX,1673717110,024353490001,-67,6,128,4330040001f101f1fff200f3fff400f600f8fbf9000000fcfffdfffffffffe000001000201020105020601080208020a010a010b000c000000000000000000000000000000000000000000001ae81ee91ee920ea1eed23ef21f120f020f421f120f11fef1cf11cf219f418f313f311f311f20ef30cf20bf209f208f006f005f0
CSIX,1673804667,024353490001,-67,6,128,43300400f4f7f5f7f5faf7faf7faf8fbfafbfafbfcfcfdfcfefc00fd00fc02fc04fb05fb06fb08fb09fb0bfb0dfc0dfd0efe0efe0fff00000000000000000000000000000000000000000000f8dcfadafad9fcd8fdd9fed9ffd9ffdbffdb01dc00daffdbffdefde1fde3fbe2fae6f9e9f8e8f7eaf7ecf6edf6f0f5f0f4f1f4f2
CSIX,1673836374,024353490001,-67,6,128,43300400fe0afe09fe08ff07ff06fe05ff03ff02ff01fe00fe00fdfffdfefcfdfcfdfafcf9fbf9faf8faf7f9f8f8f8f7f7f6f8f6f8f500000000000000000000000000000000000000000000ea18e817e617e417e516e415e414e512e512e511e312e512e810ea11ec0fec11f010f10ff210f40ff60ff70ef90ef80dfa0efc0e
CSIX,1673896054,024353490001,-68,6,128,43300400faf3faf3faf3fbf6fcf7fcf7fdfafdfbfefcfffd00ff01ff020003010301050206020703080309050b070b070c080b090a0a000000000000000000000000000000000000000000000cda10da11d912da13db15dc17dc15df15e015df17df14e112e310e30de50de60ae707e906e804ea03eb02ecffedffecfeedfcef
CSIX,1673954868,024353490001,-67,6,128,43300400fc0afb0bfc09fd08fe08fe06fe04ff04ff02ff01ff00fffefefefffdfefdfdfcfcfbfcf9faf9fbf8fbf7fbf5fbf4fbf4fcf400000000000000000000000000000000000000000000e216e015df13dc13de12dc10dc0fdf0ede0ddf0ddd0de00ee20de40ee70de60ee90dec0eec0eef0ef00df20ef40ef40df60ff70e
CSIX,1673984556,024353490001,-67,6,128,43300400f7f3f7f4f7f6f8f9faf8f9f9fbfafcfafdfcfefcfefe00fffffe01ff03ff04ff05ff07fe08ff0a000c000c020e020d030e040000000000000000000000000000000000000000000004d607d508d40ad50ad50dd70dd70edb0dda0edb0eda0cdb0bde08df08e206e003e401e601e6ffe8fdeafcebfbedfbecf9ecf9ee
CSIX,1674014810,024353490001,-67,6,128,4330040002f305f201f202f400f701f700f901f900fb00fc00fd00ff00ff01ff0200020203030404040605070508050a040b030b030b000000000000000000000000000000000000000000001dea1feb20ec21ec21ee22ef21f020f221f220f320f21ff21df41bf319f419f315f312f211f20ff10cf10cf009f109f107f006f1
CSIX,1674046117,024353490001,-67,6,128,4330040004f103f202f302f403f502f701f902f902fc02fd02ff01ff020002010301040306040706070707080809090a080c070d060e0000000000000000000000000000000000000000000020e724ea24ea26ea25ec27ed28ee25f025f024f025f024f021f01def1cf01bee17ef14ef14ee12ee0fee0dee0bef0bee0aee08ef
CSIX,1674078041,024353490001,-67,6,128,433004000afe0afe08fd07fd07fe05fe04fd04ff02fe02ff01ff0000ff00ff01ff02fe03fe04ff05fd07fd08fc07fb08fb09fa09f909000000000000000000000000000000000000000000001d101d131c141d161c161a181a1818161817181718181816161416111411150f130d130b120a12081006110510040f030f020f01
CSIX,1674105182,024353490001,-67,6,128,43300400f4fcf4fdf6fef7fef8fef9fffbfffcfefd00fefeffffff0000fe01fe02fd03fc03fb04fa05f906f807f908f809f709f80af900000000000000000000000000000000000000000000ebdfeddceedbeddaefdaf0d9f2d8f5dbf4dbf4dbf4daf3ddf4def3e2f5e4f3e4f3e9f3ebf3ecf2eef2f0f3f2f2f5f1f5f1f7f2f8
CSIX,1674136297,024353490001,-67,6,128,43300400000dff0c000b000a000a00070006ff050004ff03ff02fe01fd00fd00fcfffafdfafdf8fdf7fbf6faf6faf6f8f5f7f7f7f7f600000000000000000000000000000000000000000000e41ae219e019de19de18dd15dc15de12de12dd12dd12df11e210e511e710e711ec10ee10ef10f110f50ff50ff70ff810fa0ffb0f
CSIX,1674165548,024353490001,-68,6,128,43300400f7f8f5f9f6faf7fbf7fcf7fdfafdfafefbfffc00fd01fcff0002ff0200020202030105010600080109010b020c030b030b040000000000000000000000000000000000000000000007d50ad60bd40cd40ed510d512d611da10da12db13da11dc10df0de00be30ae307e605e803e802eaffedfeeefceffbf1faf2f9f3
CSIX,1674285092,024353490001,-67,6,128,43300400fef7fff5fff6fdf9fdfcfdfdfcfc00fdfefdfcfefd00fd00ff02ff020003010302030305050404060507050805080408040a0000000000000000000000000000000000000000000012e715e815e516e618e61ae819eb18eb1aeb19ed19ec19ee17ef15ee12f111ef0ef10cf10aef08f106f207ef03f303f203f103f1
CSIX,1674315573,024353490001,-67,6,128,43300400060b0bfe0c02070005ff08fd07fd02fe04fc00fe00fffefdfcfb01fefbfdfcfefafff8fff700f700f5fef5fff2fdf3fdf3fc000000000000000000000000000000000000000000000a23092206230627062405280125032402260222ff2600230123021c061c071c031a0217091208140b120f1608070a0c020c0409
CSIX,1674404723,024353490001,-67,6,128,433004000b080c070d040b040a030901080007ff05fe05fe04fd03fc03fc02fb01fbfffbfdfafcfbfcfbfafaf8f9f8f8f7f8f8f8f7f7000000000000000000000000000000000000000000000828042b032c012eff2cfd2efa2dfa2af82af928f729f928f924fd21fc1ffd1eff1a01180317041506130711080f090f0b0e0c0c
CSIX,1674447171,024353490001,-67,6,128,43300400f2fef3fdf5fff5fff600f801fa01fa01fd01fe02fe020001000102010301030005ff06fe06fe08ff0aff09fe0bfe0bfe0dfe00000000000000000000000000000000000000000000e6e6e6e2e7e1e7dee9dfeadcecdceddeeedeefdfeeddeedfefe1efe4f1e6f0e7f1eaf1eeefedf1f0f0f2f1f4f2f6f0f7eff9f0fa
CSIX,1674466101,024353490001,-67,6,128,4330040001f202f501f3fff5fff7fff7fffafbfc05fc00fbfffeff000001010202000203020403050307030702090409030c040b020b000000000000000000000000000000000000000000001de920eb21ec24ec23ed24ee25f023f223f123f324f223f320f31ef11cf31af016f513f113f210f10df00cf00bf109f007f005f0
CSIX,1674495360,024353490001,-67,6,128,433004000b010b010a00090008ff06fe05ff05fe03fe02fe01fd00fefffdfefefdfffcfffbfffb00f901f800f7fff5fdf500f601f4fd00000000000000000000000000000000000000000000111b0f1c101e0f200e200c200b210a200a2009200921091f081d091a071709170a1409110a110a0f0a0c0b0b0b090c080c070c06
CSIX,1674562429,024353490001,-67,6,128,43300400f507f608f808fa07fa06fb06fe05ff05000401040102020202010301030002ff03fd04fc04fb05fa06f906f807f807f808f800000000000000000000000000000000000000000000da00d9fdd7fcd6fad6f9d7f7d7f6d8f5d8f4d9f3d9f2daf3dcf4def6e2f8e0fae3fbe6fce6ffe7ffe901eb02ec03ee03ee05f006
CSIX,1674645068,024353490001,-67,6,128,4330040001f4fff4fef6fff8fdf9fdfafdfcfcfdfbfefafffb00fb02fc02fc03fd02fd03ff040006010701070109020a010c010c000c000000000000000000000000000000000000000000001be51de61fe721e621e822e925ea22ed23ed23ec25ee23ee20ef1eef1bf01bef16f014f013f011f10ef10cf10af209f207f105f1
CSIX,1674674602,024353490001,-67,6,128,43300400070907090708070606050604050204020401030003fd01fd01fd00fd00fbfefbfdfbfbfbfbf9faf8f9f8f9f7f8f6f8f5f9f500000000000000000000000000000000000000000000fa24f725f525f428f326f026ef26ef22ef23ee21ed23ef22f01ff21df31bf41bf61afa18fa17fb15fd13ff12001002100410050e
CSIX,1674706656,024353490001,-67,6,128,43300400fb09fa0afc0afd09fe09ff070107010602050305030203020301040003ff03fe02fc03fc03fa04f905f805f706f606f607f600000000000000000000000000000000000000000000db05d903d902d7ffd8ffd7fdd7fcd9fbdafadafadaf9dbfadefadffce3fce3fee6fee900ea01ec02ed03ef05f205f206f309f608
CSIX,1674736000,024353490001,-67,6,128,43300400fc0efd0eff0e000c000c020a02080308040605060505060405030602060106ff06fd05fc06fb06f906f907f809f709f709f800000000000000000000000000000000000000000000e018da17dc14d814d912d60fd70ed90cd80bda0ad809da0adc09df0ae209e309e609ea0bea0bed0bf00cf10df40cf40ef60ff80f
CSIX,1674916521,024353490001,-67,6,128,43300400f105f106f308f308f40af609f709f70bf90af90afa09fb08fc09fd07fe07ff06ff050103030204010603080208020901090300000000000000000000000000000000000000000000dbeddbeadce8dbe6dde6dee2dfe2e3e2e3e2e5e1e5dfe6e0e9e3eae6ebe8e9eaecedecf0ecf1edf5edf7edf9effbeefcedffee01
CSIX,1674975177,024353490001,-67,6,128,433004000a070b070b060b040b050b030a010902080009ff06fe07fe06fd04fc04fc03fb02fb01fafffafffafff9fdf9fef8fdf8fef7000000000000000000000000000000000000000000000125fd26fb26fa28fa27f628f427f324f324f323f224f321f320f61ff71af71bfa19fd15fe16fe15011201110310040f060e070c
CSIX,1675004499,024353490001,-67,6,128,433004000d070d080d060d060d040b030b030a020a0109010800070006ff05fe04ff03ff01fe00fd00fdfefdfdfbfdfafcfafbfafcfa000000000000000000000000000000000000000000000d210c230a240927082605280328022401260125ff27002500220120021e031e031b04170418061606130812081009100b0e0c0d
CSIX,1675069640,024353490001,-68,6,128,43300400070d090d080c070b080b080a0808070706060605050305030502040104ff03ff02fe02fc00fc01fa01f901f802f702f703f700000000000000000000000000000000000000000000fb21f822f621f424f421f122f120f01ff01df01cee1ef01cf11af31af417f417f616f914fa14fb14fc11fe110010011103110410
CSIX,1675156586,024353490001,-67,6,128,43300400f0f3f1f8f3f2f5f8f8f7f8fbf6f8fafdf302fafafefffcfef8fefbfdfe01ff03fe02fd03fe030102ff02000801060207010400000000000000000000000000000000000000000000f1e2f5dff8e0f7dcf6dffedef9dcfede01dffcdcffddfadefde4fee6fae4fdebfdedf9effcebf6f0f9f0f8e8f9f6fdf0f4f4f5f6
CSIX,1675185882,024353490001,-66,6,128,4330040010f810f80ef60ef80ef70cf90af809f908f907f905fa05fb04fc03fc02fe01ff0000fe01fd01fc03fb02f902f802f703f602000000000000000000000000000000000000000000002407250a250b260d250e24102312211221132112221320121e101d0e1a0d1b0d190a17081807170616031502130015ff15fc13fb
CSIX,1675215646,024353490001,-67,6,128,43300400f5f6f4f6f5f9f5f9f5faf6faf7fcf8fcf8fdf9fdfafffb00fc00fdfffe01000100010201030104030404050406050606060600000000000000000000000000000000000000000000fbdefedcffdc00da01dc03da05db05dd06de06de07dd06de06e103e404e503e501e7ffeafee9fdebfceefaeefaf1f8f1f7f1f7f3
CSIX,1675245948,024353490001,-67,6,128,433004000dfb0cfa0bf80af80afa08f807fa06f905f903f902f900fb00fafffcfefbfcfdfbfdfbfff9fff800f800f700f600f500f5000000000000000000000000000000000000000000000021132116201721191e1a1e1d1c1e191c181c181c191c171a1619151513141313130f110b120b110a0f0711050e04100110ff0ffe
CSIX,1675306061,024353490001,-67,6,128,43300400f809ff0bfe0a010cf90fff09fd09fd07fd06010702060003000403030202000101ff00fe00fd00fc02fb00fa01f903fa03fa00000000000000000000000000000000000000000000e20bde08df06df08dc07dc03dc03df02df02de02dc02e001e501e706e604e108ed06ed0eec07ed09f109ed08f30af20df20df20b
CSIX,1675334456,024353490001,-66,6,128,43300400f50cf50df60cf80bf80bf90afb09fc09fc08fc07fd06fe05fe04ff03ff03ff02ff01010000ff01fd01fc02fc03fc03fb04fb00000000000000000000000000000000000000000000e10fdf0cde0cdc0bdd0adb08db07dd05dc04dc05db04dd04df04e005e204e205e505e806e807ea08ec08ed09ef0aee0aef0cf20d
CSIX,1675367686,024353490001,-67,6,128,43300400f205f206f406f505f606f705f805f905fb04fc04fc03fe02ff02000100ff01fe02fd03fd03fb03fa06fb06fa04f709f909fa00000000000000000000000000000000000000000000dbf9daf6d9f5d8f3daf2daf0dceeddefdeeedfefddeedef0e0f0e1f2e4f3e3f4e5f6e7f8e5fae8fbe9fdeafdedffec01ec03ee04
CSIX,1675394868,024353490001,-67,6,128,43300400fbf2f8f3fcf8fbf3f9f3f9f9fafaf9f9f9f8fafcfdfefcfcfcfdfbfefdfefefffeff000101040103000503050306030601050000000000000000000000000000000000000000000005e00ce009dd08da10e313d90edb12e110e111e312e011e20fe712e60fe50fe80ee611ed0ae704ed04f0fff201f201f102ebffed
CSIX,1675456915,024353490001,-67,6,128,43300400f002f002f103f304f304f404f604f704f804f904fa04fb04fd03fd01fe00ff01010001fd03fd05fd05fd06fd08fd08fd08fd00000000000000000000000000000000000000000000deecdfe9dfe6dfe5e1e5e1e2e4e2e5e3e6e2e6e3e6e1e5e4e8e5e8e8eae9eaeaebedecf1ecf1edf4ecf5edf8eef9edfcecfdedfe
CSIX,1675545287,024353490001,-66,6,128,43300400ef03f003f103f303f403f603f803f903fa02fb02fc02fc01fe00ff0000ff00fe01fd03fd03fb05fb06fb07fb08fb09fb0afc00000000000000000000000000000000000000000000ddf0ddedddebdbe9dde9dee6dfe6e2e5e2e5e2e5e2e4e3e6e6e8e6eae8ede6eee8f1e9f4e9f5eaf7ebf8ebfaecfcebfdebffed00
CSIX,1675575196,024353490001,-67,6,128,433004000909090802060a07090507040300050105020400ffff020100000000f9fcfcfefcfef9fff6faf8fdf5fef4fcf7f8f500f5fa000000000000000000000000000000000000000000000126fe27f625fe2cfc29f72af223f824f826f425fa31f824f522f81efa29fa1ffd1a0019040f0315031405110a090511080f0a0d
CSIX,1675634546,024353490001,-67,6,128,433004000b050b040c030a030904090107010702040004000300020001010000ff01fd01fe02fb02fa01f801f800f800f600f6fff7fe000000000000000000000000000000000000000000000c1f0a200a22092308220523052303210421042103210221021d031b041806190616061307120811090e090e090d0b0b0c0b0b08
CSIX,1675666156,024353490001,-66,6,128,43300400f8f4f6f6f9f2fdf6f8fdf1f6faf3fdfaf5f500fa04fd04fcfe01ffff030001fd020007ff08040afe09050b0609030a020709000000000000000000000000000000000000000000000edf0fdf10de13db11d70ee010dd0ce30ee310e312e111e611e80ce30df00ce909ed04f10be908eaffeb02ef02eefceffaf1fbed
CSIX,1675708478,024353490001,-67,6,128,43300400fb09fc0afd0afb070207020605040308ff0900050403fffd00000000fefefffefffbfdfbfff9fff7fff6fef5fff5fff5fff500000000000000000000000000000000000000000000dc0ddb09da09d906db06d804db03da03d902dc04db00dc02e002e003e203e304e703eb08eb0aee03ed0cee09f00af406f60af60a
CSIX,1675793311,024353490001,-66,6,128,43300400f009f304f706f401f202fd02f7fff700f606f9fffc02f8fefcfbfffafcf9fdfcfcf701f2fff801f304f403f107f206f005f200000000000000000000000000000000000000000000d5f8d8f5daf4d7f5dcf0dbefdceaddebddeadaf2e0eadeeedfece3f2e6f5e8f6ebf5e4fdeefce9f5e6feecfdecf5e900e707e904
CSIX,1675904754,024353490001,-68,6,128,433004000bf70af70af709f909f907fb06fc06fd04fe04000201020201040106ff06ff09fe0afc0cfc0cfb0ef90df90df70ff70ef50d00000000000000000000000000000000000000000000250025032604260525052507250923092208230824092307200620041d041e031a01180018ff17fe16fd14fd12fb13fa10f90ff7
CSIX,1675934473,024353490001,-67,6,128,433004000c040d030c020a0109020802050304030203020400040004fd05fc06fb06fb08f908f709f609f409f408f407f108f107f00700000000000000000000000000000000000000000000181517171718181a1619151b151c131a131a141a151a151a14171615121614141312130f120f130e130b120c1209120911081108
CSIX,1675965264,024353490001,-68,6,128,433004000b050a050902070208030502040102020001ff00fe00fcfffafefa00f7fff4fff4fff4fff3fef2fef0fdeffceefbeffbeffa00000000000000000000000000000000000000000000101f0e220d220d240b230a25082308220822072107220820071f0a1c081a0a1a09170b150b1409120b100c0f0a0c0c0b0d0a0c09
CSIX,1676000637,024353490001,-67,6,128,43300400f608f607f908f905fa05fa04fb02fa01fcfffcfefcfcfcfbfbfafbfafbf8fbf6fbf4fbf3fbf3fcf2fdf1fdf1fdeffef0fff000000000000000000000000000000000000000000000df09dd08dc07db07dc06db04db04dc03dd04dd03db03dd04df05e006e205e207e608e809e709ea09ec0aed0aef09ef0af00bf209
CSIX,1676056359,024353490001,-67,6,128,43300400090508040803060205020402030001000001fe00fd01fc01fb00fa01f901f701f701f602f502f401f402f201f101f201f20100000000000000000000000000000000000000000000121f0f210f220d230d220b240a2409220921082108220921091e091c0819091a0a160a140a140a110a0f0b0e0a0c0b0b0c0a0b08
CSIX,1676085134,024353490001,-67,6,128,4330040007f903fa04fa04fc02ff02000301fdfefaff00020003020502070207010a0409040c050c040d040c040e060c060d060e06110000000000000000000000000000000000000000000024fa27ff27ff2bff270128032705250324032302240223011f011dff1c011bfe18fc12fc16fb13fa0ffb0ef90df80bfa0bf90af8
CSIX,1676205195,024353490001,-68,6,128,43300400ff04ff05fe03fe02fd01fd01fdfffcfefbfdf8fcf8fcf7fbf5faf5faf3f9f1faf1f9eff8eff9eff7eef7edf7ecf5edf6eef500000000000000000000000000000000000000000000e216e014de13dd14de12dd11dc0fde0edf0de10fe00ee30ee50de80eeb0ceb0def0ef20df30df40df60df70cf90cfa0bfb0afd08
CSIX,1676264779,024353490001,-68,6,128,43300400f7fef8fff9fffafffdfffeff0000020003ff05ff060007ff09ff0afd0cfd0dfd0efd0ffe10fc10fd11fd11fe13fe12fc13fe00000000000000000000000000000000000000000000e7e3e8e0e9dfe9ddeadeecdcedddefdef0dfefdfefdfefe1efe3efe6f1e9eee9f0ecf0efefeff0f1f1f3f1f4f2f6f1f7f2faf3fb
CSIX,1676295995,024353490001,-69,6,128,43300400f1fcf2fdf3fff400f401f502f604f705f706f707fa09fa09fa09fc0bfc0bfe0bff0cff0c000c010c020d030e020f020d020e00000000000000000000000000000000000000000000fed700d703d505d506d709d70ad80adc0bdd0dde0ddf0be309e408e606ea03e901ecffeeffeefcf1fcf3faf4f9f6f8f6f5f8f5f9
CSIX,1676325429,024353490001,-68,6,128,43300400f5f4f5f3f5f7f8f7f7faf6fafaf6fbfbfc00fa00fe02fc0001010104ff0b0107010404050405040a040608080a07080908090000000000000000000000000000000000000000000015de18e01ade19dd1ade1fdf20e41ee51ae51ae31ee11ae617e813e611e711e70ceb06ea06eb08e508ec03eff8f3f8ebfbe9feea
CSIX,1676354851,024353490001,-69,6,128,43300400fd0afe09ff090007000601060204010302030201020103ff03fe03fd03fc03fb03fa03f903f804f803f804f603f606f705f700000000000000000000000000000000000000000000ee17ed15eb17ea14e816e813e612e80fe70fea0be009eb0fea0eec0def0bec0ef10df10cf20cf40df60cf70cf80cf90cfa0dfb0b
CSIX,1676415333,024353490001,-68,6,128,43300400f1fff201f402f501f601f900f900fbfffdfefdfefffe00fe02fd02fc04fa05fa06f906f807f808f709f609f70af70bf60cf600000000000000000000000000000000000000000000ddecdee9dee7dde5dfe5dfe3e1e3e2e3e3e4e4e4e4e2e4e6e7e6e6eae8ece6ede9f0e9f3e9f3eaf5ebf8eafaecfbecfbecfdedfd
CSIX,1676445366,024353490001,-67,6,128,433004000d010e010d000c000a00090007ff06ff03ff03fe01ff00fffffffe01fe01fd01fc01fb02fb03f903f903f803f704f704f604000000000000000000000000000000000000000000001d181c1b1c1c1b1e1b1e1921182116201420141f1421141f131b131a111612161113120f130f110d110b12091107120812051204
CSIX,1676480101,024353490001,-67,6,128,43300400f4f8f4f8f4f9f5f9f7faf9fbfbfbfcfdfdfdfefdfffd01fe01fe03fe04fd06fe07fe08fd09fc0afd0bfd0cfd0efe0dfe0eff00000000000000000000000000000000000000000000f8dafbd8fcd7fdd6fdd600d601d603d902d903da03d802db02ddfedfffe3fde2fce6fae9f9e8f8ebf7edf6eef6f1f4f0f3f1f4f3
CSIX,1676504392,024353490001,-68,6,128,43300400f1f9f0f9f3fcf5fcf5fdf6fef900f9fefc00fdfffe00ff000001010103010400050006ff07ff09ff0aff0b000c000d000e0200000000000000000000000000000000000000000000ecddedd9efd9eed6f2daf3d6f4d9f3d9f7daf5dbf8daf7ddf7def6e0f6e3f6e4f5e6f5ebf3ebf1edf0f1f0f1f0f4f1f3eff4f0f5
CSIX,1676534583,024353490001,-69,6,128,43300400f6f8f7f9f7fbf8fdfafefbfffc00fc01fe01ff0300040105020602060406050705070606060707060806090709070807090700000000000000000000000000000000000000000000f9dbfbdafdd8ffd7ffd802d802d804db05dd05dd06dc04df04e201e401e7fee7feebfdecfbecf9eef9f0f7f1f6f3f6f2f5f3f5f5
CSIX,1676571966,024353490001,-67,6,128,43300400f7f2f7f2f8f3f8f5faf6fbf7fbf9fcfafdfafdfbfefcfffc00fc01fc03fc03fc04fd06fd07fc08fd09fe0aff0bfe0cfe0c000000000000000000000000000000000000000000000001da03d805d906d706d909d70cd90bdc0cdd0bdd0bdb09dd09e006e205e403e301e600e8fee7fce9fcebfaeaf8edf7ecf7edf7ee
CSIX,1676600396,024353490001,-68,6,128,433004000a090908090707050803060306020400040004ff03fe02fe01fe00fefffefdfefcfefbfdf9fdf8fef8fcf7fcf7fbf6fbf6fa000000000000000000000000000000000000000000000f200c210b230b2409240625062505230422032202230322031f041d0319051a051707150815081309110a110b0e0c0f0d0e0c0c
CSIX,1676745323,024353490001,-67,6,128,43300400f6f0f6f1f5f3f7f5f7f5f8f7f9f9faf9fbfafcfafcfbfefcfefcfffc01fd03fd05fe06fe070009000b020b020c030a040b0500000000000000000000000000000000000000000000f8d8fcd6fdd6fdd500d603d602d704d904d903da04d804d903db01de01e0ffe0fee3fbe5fae4fae6f8e8f7e8f7eaf6eaf4e9f5eb
CSIX,1676774506,024353490001,-68,6,128,4330040002100210030e030d030c030a030802070205020501030102010101010000fffffefdfdfdfcfbfcfbfbf9faf8faf6fbf6fbf500000000000000000000000000000000000000000000ee23ea22e822e722e620e41de31de319e419e519e519e618e817ec17ed14ef17f215f514f615f715fa13fb14fd14ff1400140013
CSIX,1676804695,024353490001,-67,6,128,43300400f303f403f603f603f803f902fb02fc01fd00fefffe00fffe00fd00fd00fb01fb02fa02f902f802f703f603f603f504f505f400000000000000000000000000000000000000000000dcefdcedddecdde9dde9dee8e0e6e1e2e2e8e4e6e4e7e4e8e8eeebefe8f0e6f4eaf6ebf8ebf9edfbecfdedfdeeffedfeed01ef01
CSIX,1676834847,024353490001,-67,6,128,433004000cfe0cff0bfd08fd09fd06fd05fe04ff03fe020002000100000100010004ff04ff05ff06ff06fe08fe08fd09fb0bfb0afa0a000000000000000000000000000000000000000000001f0c1f0e20101f111f111e131e131c131c131b141b151a131812190e170d180c14091608150615041301140211011201130011ff
CSIX,1676864515,024353490001,-67,6,128,4330040011fe10fe0dfe0cfe0bfd09fe07fc06fd06fe04fe02fe02ff0000ff01fe03fe03fc04fa05fa06f906f705f706f606f506f3060000000000000000000000000000000000000000000025112414231523172317221a221a1e1a1e1a1e1b1e1c1c1a1a18191418131a12160e160b170a1708160616051504150316001401
CSIX,1676899612,024353490001,-68,6,128,43300400f4fef500f700f800f900fb00fdfffefe00fe01fe01fd02fd03fc03fb04fa05f905f706f606f607f507f508f309f20af10bf200000000000000000000000000000000000000000000e1ede1e9e1e8e1e7e2e6e3e5e5e4e8e4e7e6e7e6e7e5e8e7e9e8e9ebecedeaedecf2edf4ecf5edf6eef9eef9eefbeffceffef0fd
CSIX,1676954864,024353490001,-67,6,128,43300400f805f906fb04fc04fd03fd02fd01fdfffffffffefffdfffcfefafffafef9fdf8fef7fcf5fcf5fcf3fbf3faf2fbf1fcf1fcf000000000000000000000000000000000000000000000d8fdd8fbd7f9d6f9d5f7d7f6d7f5daf5d9f4d9f5daf4dbf5def5e1f9e4f9e3fbe7fde900ea00ec03ee03ee04f005f105f206f306
CSIX,1676984924,024353490001,-67,6,128,4330040008f707f906f905fa04fb04fc03fd03ff03ff03010203030403050305040704070508040a0609060b060c070c070d060d060f0000000000000000000000000000000000000000000024f826f926fa29fb27fb29fd28ff2700270026ff28012500220021fe1dfe1cfc19fb16fa16f813f811f710f70ef60ff60df40cf5
CSIX,1677014479,024353490001,-67,6,128,433004000af30af408f407f606f606f804f904fa03fb03fc03fd02ff0200020101020204020502060207010800090009ff0a000bfe0c000000000000000000000000000000000000000000001ff121f122f125f224f326f625f824f824fa23fa24f923f921fa1ff91bf91bf718f815f616f514f412f311f30ff310f20ff00ef1
CSIX,1677048674,024353490001,-68,6,128,433004000208020703070305040403030301020003ff03fd01fc01fdfffbfffafffafdfafdf8fdf8fbf7fbf8f9f7f9f7f9f7f7f6f9f500000000000000000000000000000000000000000000e61de41be21be11ae019df18de16e013e014e013df13e112e411e711ea0fea11ee0ef10ef30ff50ef60df90dfc0cfc0cfe0cff0a
CSIX,1677080541,024353490001,-68,6,128,4330040006f705f702f801f901f900fa00fcfffcfdfefefffe00fd01fd02fc03fb05fb06fb07fc08fc09fb0bfb0afb0afb0bfa0cfa0b0000000000000000000000000000000000000000000025f327f628f82af928fb28fd29fe26ff25ff24ff250023ff20ff1efd1bfe1afd17fa14fa14f913f810f710f60df60df40cf50af5
CSIX,1677137653,024353490001,-68,6,128,4330040000effef0fef1fef2fdf3fef5fdf8fcf9fcfbfbfcfcfdfcfffb00fc01fc02fe04fe05fd06fd07fe08fe09fe0afe0cfd0cfc0c0000000000000000000000000000000000000000000013dd16de18df1bdf1be11de21ee51ce71de71ce71ee71be819ea16e914eb12e910eb0dea0ceb0aeb09ec08eb05ec04ec02ea02eb
CSIX,1677170419,024353490001,-69,6,128,4330040008f209f405f406f703f802f902fa01fcfffefefefdfefc01fc00fb02fb03fb04f905fa06fa07f909f909f909f90bf80bf70c0000000000000000000000000000000000000000000022f124f426f427f626f628fa26fa25fc25fb25fd27ff24fd21fe1ffc1cfc1cfa18f916f815f512f611f511f30cf30ff310f00df2
CSIX,1677204551,024353490001,-67,6,128,433004000411040f040d040b030a02090206010500030002ff01ff00fe00fdfffdfdfcfcfcfcfbfbfafaf9faf9f9f8f8f8f7f8f7f8f700000000000000000000000000000000000000000000ff24fc24fa26f925f826f625f525f622f522f423f423f522f620f91efa1cfa1efc1afe19ff190019021704170415041605160516
CSIX,1677254439,024353490001,-68,6,128,433004000d000d000c010a0009000801050104010302020200030003ff03ff04ff05fe07fe07fe09fd09fd0afb0afa0bf90cfa0bf90c000000000000000000000000000000000000000000001f151d171f191d1a1e1a1c1b1c1c191b181b181c191c181a1617161514111711140e150c150b1409130713071304130413031102
CSIX,1677284418,024353490001,-66,6,128,4330040003110211030f020c020b000b000700080005ff04ff04fe02fd02fe02fc02fb02fb00fa00f9fffa00f5fcf6fdf3fdf4fdf6fc00000000000000000000000000000000000000000000fb23f824f624f525f424f124f122f122f121f322f222f422f51ff61ff71cf81efa1bfc1afc1afe19001900180217031804180316
CSIX,1677329876,024353490001,-68,6,128,433004000d000cff0cfe09ff09ff07ff06ff050002ff01000000fe00fe00fc01fc01fb02fa02fa05f904f806f706f506f507f406f307000000000000000000000000000000000000000000001d181c1b1a1d1a1f191e17201620141e141e131e131f121d111b1117111413141111110e110e120b110812081106110512041104
CSIX,1677349686,024353490001,-68,6,128,43300400fcf3fcf4fcf7fdf8fdf7fef9fffbfffcfffd00fe01ff01ff02010201030103020502050206020702090209030a030a040a040000000000000000000000000000000000000000000010dd14de14de16dd16df18e018e017e318e417e319e317e416e612e611e910e80cea0aeb08ec06ed04ed03ed01ef00effff0fef0
CSIX,1677374754,024353490001,-66,6,128,433004000b0808060a030a050903060407020402050200020202ff030002ff030203fd03fd03fc05fa05fb06fb08fb06f906f406f4070000000000000000000000000000000000000000000019171619151b161b141b131d131d111d111e111d0f1f111c0e1a11160b1710180d130f0f0e0f0d0e0e0c100e0f0b0c0a12080e06
CSIX,1677408817,024353490001,-68,6,128,4330040004ef03f003f103f403f501f602fa00fb01fc00fd00fe00000000010101010203030403050405050805080508050a050b040b0000000000000000000000000000000000000000000013e116e217e11ae21ae21be41de51be81be71be71de71be819e816e814ea14e711ea0fea0dea0dea0aea09ea07ec07ea05ea06ea
CSIX,1677434513,024353490001,-67,6,128,43300400fceffceffbf1fdf3fdf4fdf5fdf7fdf9fffafefbfffc00fe00fe00fe02ff03ff04010601060207030805090609090808080a000000000000000000000000000000000000000000000adc0cda0ddb0fd90edb11db11db11dd11de12de14dd13de12e110e10ee30de20be507e706e705e903e802e900ecffebfee9fdeb
CSIX,1677499224,024353490001,-69,6,128,433004000112010f020e020c020a02080105020400030001000000fd00fc00fbfffbfef9fff8fef8fcf6fdf5fcf3fbf3fcf1fdf0feef00000000000000000000000000000000000000000000f723f323f223f124f022ec22ed22ee20ee20ee1fec21ed20ee1ef11ef11cf21df51af719f71afa18fc17fc17fe14ff170017ff16
CSIX,1677526790,024353490001,-68,6,128,43300400f507f508f707f807fa08fb05fc06fd05000301040102020104020401050105ff06fe07fd07fc08fc09fb09fa0afa0bf80dfa00000000000000000000000000000000000000000000daffd8fcd9fad8f8daf8d9f5daf5dcf4ddf3def5ddf4ddf5e0f6e1f7e5f8e4fae6fbe9fceafdebffec00ed02ef04ef04ef07f107
CSIX,1677554469,024353490001,-69,6,128,43300400f502f704f903fa03fc03fd01fe0000ff02ff03fe06fe07fd08fd0afc0cfc0cfd0cfb0dfa0dfa0ef90ef90ef910fa10fb12f900000000000000000000000000000000000000000000dff0dfeddfecdeebe0eae1e9e2eae3ebe4ebe5eae6e8e6eae9ebe9eeebf0e9f1ecf4edf6eef6effaf0fdf0fdf2fff1fff100f201
CSIX,1677585665,024353490001,-68,6,128,43300400f803f805fc04f902fbfefcfffc02000200fefdfffcfd00fbfefafef9fff9fef800f7fdf4fdf4fdf3fdf3fcf3fef2fef1fef000000000000000000000000000000000000000000000e1f9dff3e0f6e0f5def3def5e0f0e2f3e1f4e2f2e3f3e3f3e3f2e4f6e8f5e6f8e9faeafdeefbeefff000ef00f201f403f204f502
CSIX,1677644405,024353490001,-69,6,128,433004000b070d060a030a020a0109ff09fc09fb07fa08f806f805f607f406f506f305f404f402f302f300f200f1fff100ef00ef01ee0000000000000000000000000000000000000000000002220027fe24fc28fc24f828f824f825f522f821f422f521f61df61bf819f816f914fd11fe11010f020d050b0609080a0b0a0c09
CSIX,1677674426,024353490001,-70,6,128,43300400fbfcfcfefbfffe01ff010002000302030504060508050a050a060c060d0610071005110513051506160617061a0718071a0a0000000000000000000000000000000000000000000008db0bda0bda0dd90dda0fda11db10dc10de10dd11db0fdc0fe00de20ce70be708ea05eb04ed02f001f200f3fdf7fdf7faf7fbf9
CSIX,1677736404,024353490001,-69,6,128,43300400fc07fd0afe060003000702030603000206050600080107ff0afd08fd09fa08fa0bf909f808f509f50af807f50aef0dee0bf300000000000000000000000000000000000000000000da02d8fdd9fed6fcd9fcd6fbdaf6dbf6dbf5dbf8daf8dbfadef7e0f9e4f9e3fae8feebfceb01f1fef100f402f704f707f909f90b
CSIX,1677764616,024353490001,-69,6,128,43300400f80301090df90304f8010502031002fdfc0004f8ffeb05f706fa07f615f509f109f30cf3f1e400ec08ef0aee13ee05ed0bee00000000000000000000000000000000000000000000de0ee00ecd15da09d80cd608ed03dd03d906e105dffed902dc06df06e110e604e902ed07f812f105f004f608e9f8fd09f905fd06
CSIX,1677795320,024353490001,-69,6,128,43300400fe0aff09010801060206030403040403050106ff07fe06fd08fd07fb08fb08fb07f907f707f707f508f508f409f40af30af400000000000000000000000000000000000000000000e211df0fdf0fdd0ede0ddc0bdd0ade08de07de07dd07df07e206e406e705e706eb06ee07ee07f208f309f40af809f80af90bfa0b
CSIX,1677827881,024353490001,-69,6,128,43300400040405030601050005fe04fe04fd01fa01f900f7fef7fdf5fcf4fcf3fbf2faf3f9f1f7f2f5f1f6f1f4f0f3eef3eef4eef6eb00000000000000000000000000000000000000000000f224ef25ee25ed26ed24eb24ea23eb21ea21eb20e921ea1fec1dee1bf017f118f314f813fa12f910fc0ffe0dff0b020b040a0409
CSIX,1677885654,024353490001,-67,6,128,43300400fe0cfe0b000b01080108020702060304030404010400040005fe04fd05fd04fc04fb05fa05f905f901f905f906f705f705f700000000000000000000000000000000000000000000ec1aec1be919e71be71ae419e217e314e314e315e115e214e412e712e90fe910ec0ff00ef00ff20ff40ef50ff70ff910f90ffa0e
CSIX,1677944415,024353490001,-68,6,128,43300400f711f60ff90df80bf60ffb0b000ef90ffc090210030b000f040e040c050f020f070e040f040d020f020f010d0510040e030e00000000000000000000000000000000000000000000e714e511e70ee40de10de30ae109e406e407e207df05e507e405e505e606e906ed03ef08f009f107f006f40af40bf50cf50ef710
CSIX,1677975657,024353490001,-69,6,128,43300400f2fcf2fceffff1ffef01ef01f104f005ef05ee07ee08ef0aee0bef0dee0cee0def0eee0ff00ff010f110ef11ef11ee10ee0f000000000000000000000000000000000000000000001be41ee51fe61ee81fe920ed20ee1ff51df01cf11cf319f616f213f811f510fa0cf709f706f904f602f900f8fff8fbf8f9fbf9fa
CSIX,1678035076,024353490001,-70,6,128,4330040005fe06fd06ff07fe08fe08fe07fe08fb09fb09f908fa09f908f907f807f606f505f504f404f302f202f203f102ef01f001f000000000000000000000000000000000000000000000f6def8dcf8dcf8daf8dbfbdcfbdcfcdefbdefddffcdffbe0fde4fbe7fde9fbe9fcedfceffcf0fef3fdf5fff6fff8fff900fa01fb
CSIX,1678068144,024353490001,-68,6,128,43300400f703f604f9fef803f6fff500f701f6fef7fef6fef6fdf600f600f8fff6fbf5fef403f701f702f503f402f503f403f503f50400000000000000000000000000000000000000000000e20bde08db07de08dc0add0cdc03dc03e408db04df05dc01e308e204e50ae306e903ec04ee08f208f207ec08f507f006f308f309
CSIX,1678130832,024353490001,-67,6,128,43300400f602f704f805f906fa06fb08fd08fd07fe07fe0700070008020702080307030704070506050506040605060507050704060400000000000000000000000000000000000000000000e0ece1eae1e7e1e6e2e6e5e4e4e3e6e5e6e5e6e2e7e1e9e3eae5ebe8ece9ebe9edeeedf0eef1eef3eff5eff7f0f8f1f9f1fbf3fd
CSIX,1678185157,024353490001,-67,6,128,43300400f7f8f5f8f4faf4faf3fcf2fcf2fef3fff200f002f003f004f004ef05ef05ee06ef05f005f106f106f206f206f207f305f3050000000000000000000000000000000000000000000016e41ae61be61ce71ce91fea1eec1eef1eef1def1def1cf01af216f214f412f30ff40cf50af408f406f504f402f5fff4fef6fcf5
CSIX,1678215329,024353490001,-68,6,128,43300400f605f606f707f808f909fa09fa0bfc0bfd0bfe0dff0dff0d010f010e0110000e010f020e020b020d030b040b050b040a040a00000000000000000000000000000000000000000000ecdeefdbf0daf1d8f3dbf5d9f7d9f9dcf9dbf9dcfadbfadefbe0fae3fae6fae8faebf9eef9eff8f2f8f4f8f6f8faf7faf6fdf6ff
CSIX,1678244663,024353490001,-69,6,128,43300400fff5fdf5fcf4fcf4faf4f9f4f9f5f8f5f7f5f4f5f3f6f1f7f2f6f1f7f1f6f1f6f1f7f1f9f3fbf3faf3faf3fdf4fbf4fcf4fe00000000000000000000000000000000000000000000210a220d210f221121111f131e141b131b141a141a1519141512150f130d110c0f0a0e070d060b040a02090107ff06fd05fa03f9
CSIX,1678281204,024353490001,-68,6,128,43300400fdf5fcf4fbf3f9f3f9f3f7f3f7f3f6f4f4f3f3f3f2f4f2f5f1f4f1f4f1f4f1f4f2f5f1f5f2f6f3f7f3f7f4f8f3f8f4f9f5f90000000000000000000000000000000000000000000020032105210721091f0a200c1e0d1c0d1c0e1b0d1b0f190d160c160a1209110810060e030c020b0009ff09fe07fb06fa04fa03f8
CSIX,1678311517,024353490001,-68,6,128,43300400fe00ff02ff030105010503050305060506060806090609050a060b050c040c030b020b010b010b000cff0dff0cff0cfe0cff00000000000000000000000000000000000000000000f4d9f6d8f6d5f8d5f8d5fbd5fcd4fdd7fdd8fed7ffd7fedafeddfde0fde4fbe4fbe8faeaf9ecf9eff9f1f9f3f9f7faf7fafafbfa
CSIX,1678342330,024353490001,-69,6,128,433004000008010802080407040706050504060307030801080108ff090009fd09fc08fc08fb07fa06f907f905f705f605f606f505f400000000000000000000000000000000000000000000d6fcd5f9d4f7d4f5d4f5d4f1d5f1d9f0d8f0daefd9eedcf0e0f1e1f4e5f5e4f7e8f9eafcebfeeefeeffff101f401f504f805fb06
CSIX,1678374513,024353490001,-70,6,128,4330040000f30af5fcff07fc0be609ed01ee0df9fcf80bf604fd09f701edf7ef08f4fef0fdf4ffea00ecf9eff3f5f6f5f1ecf1eefbef00000000000000000000000000000000000000000000171d13200d1f11220d240f270d240624082105210220071d04170320fe10050afe0e030d030e050910fc04fcfe0608f406f608f7
CSIX,1678545251,024353490001,-69,6,128,43300400f907f906fa06fa05fa05fa04fb03fb02fa02fa02f901f901fa02fa01f800f901f901fa02f901f802f802f701f701f901f80100000000000000000000000000000000000000000000e610e410e310e210e310e20ee10fe30ee30ee20de00de10ee30de50de70ce70ceb0cee0cee0cef0cf10bf20af50af409f50bf609
CSIX,1678575164,024353490001,-70,6,128,43300400f9fffbfffb00fd00fffefefefffefffd00fe01fc00fa01fa00f901f9fff9fff9fef9fef6fdf7fdf5fef5fef5fdf3fdf3fef400000000000000000000000000000000000000000000e1ede1ece0ebe0e9e1ebe1e8e2e9e4e9e5e9e3e9e4e7e4e8e6eae7ece9efe9f0ebf2ecf5edf6eef7f0f9f0f9f2fcf3fcf3fdf6fe
CSIX,1678635159,024353490001,-73,6,128,433004000003010400060205030502050404060505060805080509050b060d040c020d040c030e010d000f000efd10fe10ff10fe0ffe000000000000000000000000000000000000000000001beb1cea1eeb20eb1feb21ed20ef1ef020f01eef1ef11cf01af116f113f415f310f60ff60bf80ef808f707fa04fb03fc04fd0100
CSIX,1678675985,024353490001,-70,6,128,43300400f9fbf9fdfcfefdfefdfffdfe00ffffff00ff01fd00fe00fd01fd04fc04fc03ff03fe01fc03fcff0101fa02fefa0303f7fff800000000000000000000000000000000000000000000ebe4ede2ece0ede0ede0eedfefdeefe0efe0f0dff0ddf0dff1e2f0e3f3e7f1e6f3eaf3edf3eff2f1f4f2f4f5f4f6f4f6f5f7f7f9
CSIX,1678699163,024353490001,-68,6,128,43300400f807f809f909fb09fc08fd09ff0700070006020602050105030403020403050304020502030103010301030002000200020000000000000000000000000000000000000000000000d803d600d6fed4fdd6fcd4f9d4f7d8f7d7f7d8f7d5f7d8f7daf7dcfae0f9e0fbe3fce6fee700e801ea03eb03ee05ed06ef07f107
CSIX,1678756087,024353490001,-68,6,128,43300400ff0c000a010901080208020603040303030203020201020003ff02fe01fe02fd01fd01fc01fc00fc00fcfefbfffbfffafffa00000000000000000000000000000000000000000000ec1dea1de81de61ee61de41ce31ce41ae41be119df19e117e315e615e814e815ec12ef13f012f213f412f612f810f810fa11fb0f
CSIX,1678880181,024353490001,-67,6,128,4330040007f50cf509f40af507f709f507f308f707f205f709f505f508f709f407f60af709f607f70af80af509fa0bfa0af809fa0bfa0000000000000000000000000000000000000000000013e614e717e818e618e91ce81ae920f01ce91bf123eb19ee1ef41bee17f319f316f312f013f616f20bed14f812ec0df715f00af0
CSIX,1678948629,024353490001,-77,6,128,43300400ec5aeb5e0857fd47f04fe848f53dfb40f0480e49f743e510fd440d50034a024b0c340643ff240a380138061ffe2d1512f4130000000000000000000000000000000000000000000006181114ef32cf39df33d93ec438dd2fc44ab344ac50b148b447b460a5469354ae42c237bb42bc47da37c04fdf39d15be05dd75c
CSIX,1678994685,024353490001,-65,6,128,43300400e9f7e9f7e9f9ebf8ebf9ebf9edfaedfbeefbedfceffcf0fdf0fcf1fcf1fcf1fcf3fcf4fcf5fcf5fbf7fbf8fbf8fbf9fbfafb00000000000000000000000000000000000000000000e7efe8ede7ece7eae7e9e9e7e9e6ebe6eae5eae4ebe2ebe3ece4ece6ede8ebe7edebedececedebefecf0ebf0ebf2e9f1e8f3e9f4
CSIX,1679056998,024353490001,-65,6,128,4330040007f9ebeff8eff2e6ebeff7f9fbfbfbeef8f102ecf6f2f9f6f9fef6fcf9f5fcf7fdf5f9f5fcf8fef8fef6fcfbfef8fff902f900000000000000000000000000000000000000000000f2e5f3e1f7e1f7dcfbdefedefbdffedc01e1fdda00dbf9dafeebfbe001df00eafae304eff8eafdea07ec07defafafff1e3f9fffe
CSIX,1679089876,024353490001,-67,6,128,43300400ff130013001200110010000f010d010c000a010b020901080108010701070106000500050004ff04fe02fe03fe02fe02fe0100000000000000000000000000000000000000000000f220ef20ee20eb21eb20e91ee71de81be71ce61be51ce71ae917eb18ed15ed17f016f215f315f515f714f814fa12fa15fd16fe14
CSIX,1679144445,024353490001,-67,6,128,433004000ffb0ef70ef90cfc0ff80bfd0bfb0afa08fa08fa07fb05fb07fc04fd06fd05fe04ff05fe02ff0500030202020202000400040000000000000000000000000000000000000000000020042307220722091f08220c200b1e0b200e200d200b1e0b1c081e091a0a1b0a170717051602150113ff15fe130013fe12fb11ff
CSIX,1679205739,024353490001,-71,6,128,43300400fdf4fcf4fcf7fef3fef5fdf6faf9fdf9fef8fcfbfdfdfefcfefcfdfbfffbfefe00fb00fd00fc01fd03fc04fc03fb05fd04fe0000000000000000000000000000000000000000000011e214e415e217e415e519e417e516e616e916eb16eb14eb13eb0fed0eed0eed0af007ef07ef04f002f002f000f100f100ee00f0
CSIX,1679246951,024353490001,-70,6,128,433004000cf90bfa0bf907fa07fb06fb03fb03fc02fc01fbfffcfffcfdfdfdfdfefdfdfcfefdfffdfefeffffffffff00ff01ff03ff0200000000000000000000000000000000000000000000270a270e270f281026112613251422162114201421151e141d121c0e190e1b0c1709160517051503130212ff11fe11fd11fb10fb
CSIX,1679289179,024353490001,-68,6,128,433004000a0308050900090308ff050005000400040000ff00ff0203fffdfffefd02fbfffffbfa00fdfefbfffd00f9fcfbfdfa02fa0800000000000000000000000000000000000000000000131f11210f210f220e220c230a2307220921082208230821081e091c0919091908150a100a12090f0c0d0b0c0a0a0b0b0b080d08
CSIX,1679304396,024353490001,-68,6,128,43300400f3fdf3fff5fff700f700f800fa00fa00fc01fc00fe01ff010001010100000101020002ff020003ff03fe03fe04fe05fd05fd00000000000000000000000000000000000000000000e3e2e5e0e5dee5dde6dce9dbe9daecdbecdbecdbeddbeeddefe0eee2f1e5eee6f0eaf0edf0eff0f0f0f3f0f4eff6f0f7f0f8f1f9
CSIX,1679358054,024353490001,-66,6,128,4330040011fb11fa0efa0efc0dfc0afc08fd09fc08fb07fa07fc05fc06fc05fc05fc06fe05ff05000301040303030204020500050005000000000000000000000000000000000000000000001f031f041e06210621091f0b200b1e0b1e0b1e0d1e0f1b0d1b0c19091909180515051802170217ff15ff16fe14fd15fe15fd14fd
CSIX,1679390128,024353490001,-67,6,128,43300400edfdeffbeffef0fef1fcf2fcf4fef4fdf4fff700f800f701f8fef800f9fff9fffafefbfefcfdfdfdfdfefefdfffc00fc01fc00000000000000000000000000000000000000000000e5efe7ede7ebe7ebe8eaeae8eae7ece8eee8ece7ece7ece8eceaebebedebecebebf1eef1f0f2eef3eef5eff5eef6ecf8ecf7eef9
CSIX,1679418161,024353490001,-69,6,128,43300400fd10fe11ff10fe0ffd0dfc0d000a0009000702070106020502050305020302040202010201020101ff01fefffffefefefffe00000000000000000000000000000000000000000000eb1de81de71be51be51be319e318e415e416e415e314e415e713e913eb12ea13ec0ff013f211f211f511f711f911f912fb13fc11
CSIX,1679453080,024353490001,-72,6,128,43300400fef4fef4fff401f5fff600f700f9fffb00fd02fd01fe01ff01000101010103010301030203010301040205020603060306040000000000000000000000000000000000000000000023ef25f226f328f225f428f626f824f922f922fa22fa20f81cf91bf818f917f613f80ff70ff60ef80af609f506f505f503f302f4
CSIX,1679569304,024353490001,-72,6,128,433004000006010803080409050a070b080a090c0a0a0e0b0e0b0f0b120c110b140b150b150b150b1409140b1409150a150a130813080000000000000000000000000000000000000000000004dc05dc07dc07da08dc0adb0bdd0ce00ce10ce30de30be60ae907eb07ee04ed03f202f402f401f701f900fbfffd00feff000001
CSIX,1679625241,024353490001,-74,6,128,43300400020a030d02080a090a0b0b0812070f161309160314001501180315041d001b001f001a011b021b011b0118011c001b001a0200000000000000000000000000000000000000000000e3ebe3e3e8e6e8e2e3e6e6dde6e1eae1ede4efe9ece6ebe5f2edf1f2f1ecf6f5f4f1f9f3f7faf8fdfbfdfc01fd06ff04ff050006
CSIX,1679684466,024353490001,-72,6,128,43300400fd04fd06fd03fd02fb00fcfdf9fcf7fbfafef5fbf5faf7f9f5f8f5f8f4f6f3f8f3f5f2f6f2f8f2f7f1f6f3f7f0f8f3f9f1f700000000000000000000000000000000000000000000e91be61ce71ce41de71be11de51be619e517e519e514e616e817ea16ed14eb14f114f311f30ff611f80ef90ff90dfa0afa0bfd0a
CSIX,1679717367,024353490001,-70,6,128,43300400040d060d060c050b060b040e040c050d040c040d040d050d030c050d060e050e060d070d050d060d060d060c060d060e060e000000000000000000000000000000000000000000000b180b1a0b1b0c1c0b1b0b1d0b1c091c061d091c091c091a07190c1a0a170a190815061207100a130b0f0511060d070f070d060d
CSIX,1679776859,024353490001,-72,6,128,4330040003f305f305f306f306f206f307f408f307f308f207f206f207f307f306f106f106f106f104f204f105f204f104f003f003f00000000000000000000000000000000000000000000005e706e708e607e508e607e509e509e80ae709e70ae509e609e808e908eb08ea07ec07ed07ee05f005f005f005f204f204f104f2
CSIX,1679806846,024353490001,-74,6,128,4330040003050207010800070109000afe08ff0bff09ff0bff0cff0cff0e000d000f020f020f0211020f0410020f041005100511041100000000000000000000000000000000000000000000130e130e110e1110110d110f12100f0f11100f0f10100f0f0e0c0e0c0d090d0b0a0a080707080706070606040506060505040404
CSIX,1679834622,024353490001,-74,6,128,433004000607080a070a080b090d0a0c0a10090d080d0c0f0d0d0d0e0e0e120f15111310110d150c140a130d1509150a160b1609160b000000000000000000000000000000000000000000001bfa17fa1bfd1afb19f91afa1bfa15fe15ff1600160014fe13ff1200100210ff0f030bff08040302080006030307010702010704
CSIX,1679869361,024353490001,-72,6,128,43300400f9e9f7e6f7e7f7e5f5e5f4e4f4e6f0e5f1e5eee3eee6ede6ece5ebe6eae5e9e4eae5eae6ece7ebe7ece9e9ebe7eae9ebe9ea00000000000000000000000000000000000000000000f510f30ef30ff10df20df00af10bf207f206f104f203f201f3fff4fff6faf4faf8f8f9f8f8f5faf4fbf2fbf0faf1fbedf8ecfaea
CSIX,1679900583,024353490001,-71,6,128,43300400110e150e140d1610150e180e1609170b190c1d0c1a0b1b0a1d0b1e0a1f091f0a1e091f081c071c071d071c081d081b061b0800000000000000000000000000000000000000000000fcf1fdf1fef0fff001f101f301f7fef501f403f403f702fa07010908fcfb07ff0901080308040904090709070b090c090b0c0f0c
CSIX,1679924710,024353490001,-70,6,128,43300400130c160b150a160c180c190a180a1b0a1b081e071c071e062007200521052206220522051f051f051f061e0520051d041d0700000000000000000000000000000000000000000000fcf0fef3fef0fef0fff001f103f302f403f604f604f705f804fa06fc04fd06fe07ff0800080209040a030b070a060c070e08100a
CSIX,1679954558,024353490001,-69,6,128,43300400edf2eff3eff0eff0ebf3e6f4e9f4eef9edfde5f5e5f6e6f4e2f4e0f8e0f4def7def7e0f9e1f9e0f9e0fae2f8e3f6e3f7e3f500000000000000000000000000000000000000000000030e011100120112000fff0fff0dfd0dfe0bff0bfb09fc08fd07fe05fd03fd01fe03fcfcf9fef9fefbfbf8fbf9faf8f8f4f6f5f3
CSIX,1679986626,024353490001,-70,6,128,43300400fbf1fbeff9eff9eef8eef6edf5eef5eef2eeefecf0ecededececebece9ebe8eae8e9e9e9eaeaebeaebeaeaeaebe9ebebecea0000000000000000000000000000000000000000000003160316011600160015fd15fd14fc12fd12fd11fd10fd0efd0dfe0cfe08fe08fe05fe03ff02ff00fffffefcfffbfefafef8fef6
CSIX,1680015500,024353490001,-70,6,128,43300400fcf3fcf1f9f2f9f1f8eff5eff4eff4eef2efeeeceeeeebeeeaebe9ece6eae5eae5e9e6eae6e9e7e9e7e9e7eae7e9e8ece9e900000000000000000000000000000000000000000000061b041c031c021e011bff1cfd1afe18fd18fe16fe17ff15ff13ff11ff0eff0dff090007000500030102010001fe00fd00fbfff8
CSIX,1680046202,024353490001,-69,6,128,43300400f6fdf4fdf3fff200f100ef01ef00ee03ee03ea05eb06eb09e908e90ae60be50be50ce40ce40be40ae50ae509e30ae40ae408000000000000000000000000000000000000000000001bfb1cfe1bfe1c001a011b011a0317041703160417041503120311030e020dff0b0008fe08fe06fd04fd03fd01fc00fcfdfcfcfc
CSIX,1680081787,024353490001,-68,6,128,43300400d3f2e800f6faedf6ef04ecfdef10ed05e803dc0ee9fce303db0ce514e50ade04de08e102e003df00e1ffe0feddfde0fce0f900000000000000000000000000000000000000000000f7e4fae2fce5fde200e400df01e407e704ea01e803e801eb0be507ed00f002f302f1fcf6f3f8f7f402f8e0efebf3f0f1e3e61006
CSIX,1680104447,024353490001,-68,6,128,4330040004f403f502f000f104e9fdf005edfeebfaeff9ebf8e9f9ebf9e8f8e9f7e4f5e4f7e4f6e4f7e5fae2fae2fae4fbe3fae2fee30000000000000000000000000000000000000000000017f919fe1905170519031608180c1607130b0f1018030aff0e090c0d050a070411fb07fd090111fa0bf60efa09fa0df80cf50af4
CSIX,1680136364,024353490001,-67,6,128,43300400f1f3f3f5f1f9f2f9f0faecfaf0fdeefeed02ec01ec02ebffe901eb02e800e501e600e6fee601e5ffe7fde6fde6fde7fce7fa00000000000000000000000000000000000000000000fae7fde8fde600e601e803e702ea05e905eb04ea06eb03ed04edfff0fef100ee00f3fcf3f9f2f9f3f8f2f8f0f7f2f6f3f3f2f6f0
CSIX,1680171194,024353490001,-67,6,128,4330040012071207130512041401140014ff14fc15fc17f917f917f919f81af61cf71df81df81cf91bf81dfa1cfb1cfb1dfd1cfe1c00000000000000000000000000000000000000000000000e170c180b1a091b091b061c041d021b021b001a001a001800150214031105120610080f0a0e0b0d0c0d0d0d0f0c0f0d120d120c
CSIX,1680197156,024353490001,-67,6,128,4330040004ee00ebfeef00effceefaeefaedf9eef9eef4eef3eef3edf2ecf0eaf2e9f0e7f3e9f0e8f3e8f4e7f5e8f8e7f6e8f7eaf9e80000000000000000000000000000000000000000000011ed12ed14ee16ef16f018f218f417f618f817f717f916f913f911f80ff90ef60df60bf50af40af407f208f007f108ee05ee07ed
CSIX,1680284475,024353490001,-65,6,128,43300400fbedfaedf7edfaeff8f1f7f1f8f2f3f2f4f3f0f2f2f3eff5eff5edf4edf5ecf2eef3edf1eef3eef3f0f3f2f0f1f2f1f0f3f00000000000000000000000000000000000000000000000e603e704e506e605e609e709e70be90ae80be90de90ce90bec09ec09ed06ed07ec02ef03ef04eefeedfeecffecfcebfce9fdea
CSIX,1680318623,024353490001,-65,6,128,4330040013f713f811f610f70ff50df50cf40bf20bf20aef0aef09ef0aee09ee0aec0aec0aec0bec0aee0bed0cef0bef0cef0cf00df20000000000000000000000000000000000000000000019f91afb1bfc1dfe1bff1d011c031a031a051a051b061a0518051804150416031401130014fe14fe14fc14fb13fa15fa16f816f8
CSIX,1680344749,024353490001,-65,6,128,4330040005140514081107100a100a0e0a0d0d0c0e0b0f0b100a110a120a130a150b150c140d140c130c130e120d110e110f100e0f0e00000000000000000000000000000000000000000000041c011cff1dfe1efc1dfa1df81df71bf61bf51bf51bf51af518f718f815f917fb15fd14fe14ff14011502150214031705170417
CSIX,1680375644,024353490001,-66,6,128,43300400170418031601150015fe14fc13fb13f912f913f613f413f314f314f217f218f217f217f316f316f417f616f617f616f815fa000000000000000000000000000000000000000000001c0a1c0d1b0f1c121b1219141716151614161317131712161115121210111110110e100a120a1309130715071406180519051a06
CSIX,1680406016,024353490001,-66,6,128,43300400ed0ced0cf00df10cf10ef30ef30ef510f511f513f712f813f614f615f616f516f416f415f513f313f312f312f212f311f11000000000000000000000000000000000000000000000e80ae608e607e405e504e302e400e6fee6ffe6fde5fde7fde9fdeaffebffeb00ec01ee02ed04ed05ee06ee06ef08ed0aec0cec0c
CSIX,1680434685,024353490001,-66,6,128,4330040008ec09eb05eb06ec05ec04eb02ec01eb00ebffe9fee8fde8ffe6fee7ffe500e500e501e601e702e703e804e904e804e906ea0000000000000000000000000000000000000000000011ed13ee14ef16ef15f217f217f416f617f616f717f717f814f813f711f811f70ff60df60ef40cf40bf20cf109f10bef0aed0aec
CSIX,1680467647,024353490001,-65,6,128,43300400fa14fb15fe15fe13ff1500150114031502160517061605170619061a061b051c051b031b031a021a001a0019ff19ff18fc1800000000000000000000000000000000000000000000ef11ee11ed10eb10eb0fe90ee80cea0be909ea09e809ea09ec08ed09ef08ef0af20af30af30cf40cf50df50ef80ef811f813f914
CSIX,1680495498,024353490001,-65,6,128,43300400031105100711070f0810091109100b0f0d0f0f100f100f0f10121012111311140f140f140e130d140c140b140a140a14081400000000000000000000000000000000000000000000f814f613f513f313f312f212f011f00ff00ff00fef0ff00ef20df30ef50cf50df70df80df90efb0efc0efd0ffe0eff0f00110111
CSIX,1680524662,024353490001,-65,6,128,43300400f10efa1001160016fa0ffc180909fe160214fa1af917fd160c18021c202efc180720001cfb0f011afc1a011c0426fe1afe1c00000000000000000000000000000000000000000000e906e90be90ce80ae501ea07dbf8e700e800e701d7f2ec06e800ef04ef01e905eb0cf0fdf0fff001ee10f602e725f0fbed17f705
CSIX,1680584608,024353490001,-66,6,128,43300400f60cf70ef90efa0efa0ffc10fd11ff12ff1201160215021601170318021a021b021a011c011aff1afe1afd19fc1bfc19f91800000000000000000000000000000000000000000000e908e807e706e605e604e501e501e6fee6ffe6fee5fde6fee8ffe9ffebffea01ed02ed04ed04ee04f005ef06f107f108f10af20a
CSIX,1680617655,024353490001,-66,6,128,433004000b080d080e060f0410031102100111ff12ff14fd14fc15fb17fb17fa1afb1afb1bfc1bfd1afd1afe1aff19001a011a0118040000000000000000000000000000000000000000000008150717061705190419021a0119ff18fe19ff19fe1aff18fe1700160014001401130211031104110510060f060e070d080d090d
CSIX,1680645046,024353490001,-66,6,128,43300400090b0b0a0d090c070e060f050f0410021203130214001501160018ff1a001b011a021a021a021a0418041905190718081709000000000000000000000000000000000000000000000317021701190019ff19fd1afb1afa17fa18fa17f818f917f916fb15fb13fc14fd12ff110011011002100310040e0410050f060e
CSIX,1680675830,024353490001,-66,6,128,433004000f060e050e020d0110000ffe0efc10fb10f912f811f712f613f614f516f418f417f517f516f518f618f818f81af918fa18fd000000000000000000000000000000000000000000000e110d130d140c160b170a1709180717071806180518051805160515051306130611070f080f080e0a0c0b0d0b0b0b0b0e0b0e09
CSIX,1680705321,024353490001,-66,6,128,43300400ffeffef0fcf2fbf2f9f2f8f1f7f2f6f2f4f2f1f1f1f3eff2eef2edf2edefebeeedefecefedefedeeefedefedefebf0ecf2eb000000000000000000000000000000000000000000000ded0fed10ec12ed13ed14ee16ef14f116f115f117f316f314f413f411f510f20ef40cf30cf30af308f309f007f206f205ef05f1
CSIX,1680735338,024353490001,-66,6,128,43300400f1f9f1faf1fcf1fdf1fef001f000f002f004ee05ed08ed08ec0aec0aea0ae90be90be80be90be90ae807e807e706e806e70400000000000000000000000000000000000000000000f2edf4ebf5e9f3e8f6e6f6e6f8e5fbe6fae7fae6fae4fbe5fae7fbeafdeaf9ebf8ecfbf0f7eef9f1f5f3f5f2f2f3f4f3f4f4f2f3
CSIX,1680766326,024353490001,-66,6,128,43300400ec01ed02ef05f006f107f109f30af30cf40ef511f512f513f515f416f318f118f218f018f016ef17ef15ef15ed16ee14ec1200000000000000000000000000000000000000000000e5fae6f7e4f5e4f4e4f4e5f1e5eee7eee8ede7ece7ede8edeaedeaf0edf0ebf0ecf3edf6ecf6ecf7ecf9ebfaecfaebfceafdeafd
CSIX,1680796934,024353490001,-66,6,128,43300400effaeffceffef0fff000f002f102f105f106f008f009f00bef0cef0ded0fec10eb0eeb0fec0dea0eeb0cea0ce80aea0beb0600000000000000000000000000000000000000000000ecf0edeeededeeecefebf0e8f0e8f2e8f3e8f4e8f5e6f6e7f7e9f6ebf6edf5edf5f0f4f1f3f1f2f3f1f4f1f5f1f6eff6eef6f0f7
CSIX,1680829292,024353490001,-66,6,128,43300400eff6f0f8effaf0fbeffcefffef00ef03ee03eb06ec07ec08ea09e90ae80be60ce70ae50ae709e608e607e506e406e505e50200000000000000000000000000000000000000000000edebefe9f0e7efe6f1e5f3e4f4e2f6e3f7e3f7e2f8e1f9e3f9e4f8e5f9e8f7e7f7ebf7ebf6ecf6edf4eef3eff3f1f3f0f0f1f0f2
CSIX,1680855030,024353490001,-65,6,128,4330040015f3ff00f4ed00e9fefaf1ffeffaf6fef509f309fa0dfa110010071304180a0c160d120f10051800170213fb12f811f40ef00000000000000000000000000000000000000000000010ee11f10aee02ea02e307e6fcf2eceaf6defbf5e1fae1eaf6f5ed0ee008ef00fc0df913fa10000f0608130d0a1104fe1cf41c0a
CSIX,1680915448,024353490001,-66,6,128,43300400edffed00ef02f002f004f105f206f208f308f30cf30df30ef210f311f112f012ef13ef12ef11ed11ed10ed0feb0fec0eeb0c00000000000000000000000000000000000000000000e8fae8f8e7f7e6f5e9f4e7f2e8f1eaf0eaefeaeeeaeeeceeedeeedefeff1eef1eff3f0f6eef6eff7eff9eefaeefbecfbecfdebfc
CSIX,1680946630,024353490001,-66,6,128,43300400f50ef50ff70ff90ffa0ffc10fd10ff1101100112031204120415041405170517051804180418031801180018ff19ff18fd1800000000000000000000000000000000000000000000ed0feb0fea0ee80ee80de60ce50be60ae508e508e306e406e505e705e904e905ec06ed06ee07f008f10af10af30bf00cf10ff30f
CSIX,1681005809,024353490001,-66,6,128,43300400eefbeefbeffeefffef00f002f104f005f107ef09f00aef0bee0cee0dec0eeb0feb0eea0eeb0dea0de90be90be70ae809e80700000000000000000000000000000000000000000000eaf3ebf0eaefeaedecededebeceaefeaefe9efe8f0e7f1e7f2e8f2eaf3ecf3ecf2eff3f1f2f1f1f3f0f4f0f4f0f6eff6eef6eef8
CSIX,1681036407,024353490001,-66,6,128,4330040004ee03ee01efffeefeeffceffaf0f6eff8f5f5eff5f1f2f0f1ecf1efefebf1ecefebf1eaf1eaf0e9f3e9f3eaf3e8f4e8f6e8000000000000000000000000000000000000000000000beb0eeb0fea12ea10ec14ec15ee14ef17f015ef17ee16ef15f013f013f213f211f20ef30ef00cf10bf00af007f208ee08ed08ed
CSIX,1681066393,024353490001,-65,6,128,4330040010f710f50cf40df50af40af308f306f005ef04ed03ed02eb03e902e903e604e603e505e705e607e505e707e807e808e70ce60000000000000000000000000000000000000000000018fc1aff1aff1b001b011c031c051a071b071b071b081b081908180617061806160413031402140113ff13ff11fd12fc13fa13f9
CSIX,1681099944,024353490001,-66,6,128,43300400f1f9f0faf1fcf1fdf1fef1fef101f103f104ef06f007ee08ed08ed09ec0aea0aea0aea09ea09e908e907e807e706e904e80300000000000000000000000000000000000000000000f0f0f1eef1edf1ebf2ebf3eaf4e8f6e9f6e9f7e8f6e7f6e8f8e9f7ebf7ecf7ecf7eef7f0f6eff7f1f5f2f5f2f4f5f3f5f1f5f2f7
CSIX,1681124874,024353490001,-65,6,128,433004000f040d02070209f90eff0ef909f30df90ff910f50ff60ef30ff30ef10ff011ef10ef11f00fef11ee11f014f213f214f314f40000000000000000000000000000000000000000000010110e120e120b110a150a150c180b150c170917071709190714051306120b0e060d060c070a0e0b0b110d0c130a0b0b0d090f08
CSIX,1681154612,024353490001,-66,6,128,43300400f3f3f3f3f2f5f2f8f2f9f1fbf1fdf0ffeeffed01ec01ec03ea03e804e704e504e604e603e604e502e502e400e4fee5fde6fb00000000000000000000000000000000000000000000f7e8f8e8f9e5f9e5fae4fce4fde3fee4ffe401e202e202e402e500e701e8ffe7ffebfeecfdecfcecfaeef9eef8eff8eff5eff6f0
CSIX,1681191051,024353490001,-66,6,128,43300400fb0cfb0efd0dff0c000d010c030d040c060b080d080e0b0d0a0f0a100c110d130c120b120c110c130a13091409160814051500000000000000000000000000000000000000000000f312f110f011ed11ee10ea10ea0eea0deb0deb0de70be70beb0aec0aed0aec08ee0af108f10cf20bf30bf50df70ff50cf50ff80f
CSIX,1681218958,024353490001,-66,6,128,433004000d090e070f060e040f030e020dff0ffd10fc11f811f911f713f713f715f517f517f517f617f618f618f818f91af919fb19fd000000000000000000000000000000000000000000000f150d170c180c190b19091b091c071b061b061b041d051c041a0518041705170514061107120711090f09100a0d0c0e0d0e0d0d
CSIX,1681274449,024353490001,-66,6,128,43300400effceffdf000f000f102f203f205f208f209f10cf30df30ef10ef210f011ef12ef12ee11ef11ed11ec10eb10ea10eb0eeb0b00000000000000000000000000000000000000000000edf4eceee9edeaeaecebeceaece7efeaefe9efe9f0e6f0e8f1eaf3eaf2ecf2edf4f1f3f2f1f1f2f2f1f4f0f4f0f7eff7edf8eefa
CSIX,1681334884,024353490001,-66,6,128,43300400080f080d0a0c090a0b090c070d070f05100413031302140116021601190219031a031a0319031a05190619071a081709160b0000000000000000000000000000000000000000000002180019ff1bfd1cfc1bfa1bf81bf719f719f619f519f619f716f816f914fa15fb13fd12fe13ff12011203120214ff1504120611
CSIX,1681365928,024353490001,-66,6,128,4330040010fe10fd10fb0efa0ef90ef60df50bf30bf20cef0cef0aed0dec0ceb0de90ee90fea0fe90fea10eb11eb12ec14ed13ee14f00000000000000000000000000000000000000000000017061609170a180c170d16101510141113111312121412121011100f0f0e100d0f0a100910091007100511041103120313021201
CSIX,1681396792,024353490001,-66,6,128,43300400f9edfaebf8eef3e9f7eff4eff5ecf0f0f0f2edf2eaf2e9f2e7f0e7f0e6efe6efe5eee6eee6eee6ece8ece9ebe9e9eaeaede80000000000000000000000000000000000000000000009e60ce70de610e510e713e814e814ea15ea15eb16eb16ec16f112ed10ee10e80def09ee03eb07ed05ee05eb03eb03eb00ea02e9
CSIX,1681459635,024353490001,-66,6,128,4330040005110513050f070f0a100b0f0b0d0d0d0f0b130e130b140c160d150d16101711161016111510151213121313121411130e1400000000000000000000000000000000000000000000fd18f815f716f515f717f318f216f214f215f016f015f215f513f211f513f712f614f60ffd0ff70ffc10f910ff0efe1101150213
CSIX,1681486906,024353490001,-65,6,128,43300400f0f7eff9eff8f0faeffceffceffeef01ee01eb03ec04eb05e905e905e805e705e704e704e804e803e901e801e700e9ffeafd00000000000000000000000000000000000000000000f3eef4eef5ecf6ebfaeaf7eafae8fbe9fae9fce9fee8fdeafcecfeedfdeef9eefcf2f7f0f9f2f6f1f8f4f7f1f4f5f5f5f1f5f2f3
CSIX,1681518400,024353490001,-66,6,128,43300400130014ff13fd11fe12fc11fa11f911f611f513f312f312f114f115f116f017f116f117f216f317f317f517f619f617f717fa000000000000000000000000000000000000000000001409140a140c140e140f13101111111210120f120f140e120e100e0f0d0d0e0d0e0b0e0a0f0a0f080f0710061104120514041402
CSIX,1681553715,024353490001,-66,6,128,43300400f10cf10df30ef40ef50ff710f810fa11fa13fa15fb15fc16fb18fc19fb1af91bfa1bf919f918f81af718f518f417f316f21400000000000000000000000000000000000000000000eb08ea07e806e705e704e602e602e7ffe7ffe7fde7fde7fdeafdeaffebffea01ec02ee03ee03ee04ef06ef07f007ef09ef0aef0b
CSIX,1681638784,024353490001,-66,6,128,43300400edfaebfbedfdedfeeb00ec02eb04ea05eb06e808e809e70ae50be60be50be40ce40be30be30ae20ae208e207df06e105e10200000000000000000000000000000000000000000000f3eef4ebf4ebf5e9f6e9f8e7f9e8fce9fce9fceafde8fceafcecfceefbeffaf0f9f3f9f5f6f3f6f5f4f6f3f7f2f8eff9edf8ecf8
CSIX,1681667159,024353490001,-66,6,128,433004000a100b110c0f0d0f0f0d100d110b130a140a180b17091809190b190b1c0b1d0c1c0c1d0d1c0d1c0f1b0f1a111b131813171500000000000000000000000000000000000000000000fd16fa17f917f818f617f316f316f313f213f411f212f311f40ff60ff80efa0efc0efe0eff0f020e030f0510060f061208130813
CSIX,1681696323,024353490001,-66,6,128,43300400faedf9edf8eff8eff6eff5f0f5f0f1f0f0f0eeedeef0edefeeefeceeebedebedededececedececebeeeaede9eee8f0e8f2e70000000000000000000000000000000000000000000007eb09ec0bec0bec0cec0fee0fee0ef010f10ff10df20ff30ff40df40bf406f209f505f204f201f201f000efffefffedfdecfeec
CSIX,1681727438,024353490001,-66,6,128,43300400f2f3f0f2f0fcf0f6eef8eef7eafdebfaecfbe9fce9fde9fbe7fde8fbe5fae6fbe6fce5fbe6fbe6fae6f9e6f9e4f6e7f7e7f500000000000000000000000000000000000000000000f5ecf7e9f8f1f8e7fae8fce7f9efffeaffea00ea07e7ffedffeefeef04effbeffaf0faf2f4f1f7f1f6f2f5f2f1f3f3f1f0f2f2f1
CSIX,1681754865,024353490001,-66,6,128,43300400edf9ecfaedfdeefcedfdecfeec00ec01ec01ea02ea03ea04e804e904e705e704e805e704e904e704e702e702e501e600e7fe00000000000000000000000000000000000000000000eef0efeef0ecf1eaf3ebf4e9f6e9f8eaf9eaf9ebfaebf9edf9eff9f0f8f2f6f1f7f4f5f4f4f4f3f5f2f6f1f6f2f8f0f6eef6eef7
CSIX,1681785329,024353490001,-65,6,128,43300400ebeff805edffeef4fdfdeff8f40aec10ee09f004e30ee915f110e608f20ee2fef009e80bec0ae705ec03e807e509e704ea0600000000000000000000000000000000000000000000fae8f6eefde603eafdea01ef03ecffe506ef04f30bf4faea01f5f702fcf400eff6f5f1f4fdf2f8faf8f6f3faf3e7edffe400fbff
CSIX,1681817321,024353490001,-66,6,128,433004000df80ef60cf50cf40bf30bf20af109ef08ee08ea08ea08e90ae70ae70be50ce60ce50ce50de60de60ee70ee810e70fe812ea000000000000000000000000000000000000000000001507150a140b140d130d120f11100e100e0e0e0e120f0d0d0c0b0e0a0b080d080c060b030d030d020e010e000eff0ffd0ffb10fb
CSIX,1681845320,024353490001,-66,6,128,43300400070f090f0a0d0c0d0e0c0f0c100a130a130a160a170918081a0b19091d0a1c0b1d0c1c0d1c0d1c0f1a0f1a101a121911171300000000000000000000000000000000000000000000f615f415f214f014f113ee12ee11ee0fef0fef0eef0df10cf20bf40df60cf60df80dfa0cfb0efc0efe0d000e010d020f03100510
CSIX,1681874556,024353490001,-65,6,128,4330040006ec05eb03ec02ec00eaffe9fee9fbe7fbe8f8e3f8e5f7e4f7e1f6e1f7dff8def8dff9ddfadefbdefddefddffedeffdf01e00000000000000000000000000000000000000000000015f718f918fa19fc18fc19ff180116021603150215031301110010fe0efe0ffb0dfb0cf90bf80bf70af60bf508f309f109ef08ee
CSIX,1681906075,024353490001,-65,6,128,43300400f30ff411f612f712f714f815f915fa17fc18fc1cfd1bfd1cfc1efc1efb21fa21fa20f921fa1ff81ff71ef71ef51ff51df31c00000000000000000000000000000000000000000000e9fee9fbe8f9e8f8e9f7e9f5eaf5edf4eef4eff4f0f4f1f6f2f8f3faf4fcf3fdf300f401f302f404f406f307f409f20bf10cf10d
CSIX,1681936404,024353490001,-66,6,128,433004000ef70ff50ef30ef30df20df00df00ced0bed0ce90cea0be80de70ce80ee50fe50fe510e510e712e712e712e813e813e915eb00000000000000000000000000000000000000000000120a120c110c110f110e0f110d110b110a10090f090f090d080b090909080906090409020b010b000bfe0dfd0cfc0efb10fa11f9
CSIX,1681964623,024353490001,-66,6,128,43300400f7f0f6f1f4f3f3f3f3f3f0f2f1f3eef5eef4eaf3ebf4e9f4e9f3e8f4e7f2e5f1e6f1e6f1e7f1e7f0e8f0e9ede8eceaececeb0000000000000000000000000000000000000000000008ec0aed0bef0bed0cee0eee0ef110f211f30ef30cf50ef40bf608f409f506f205f604f302f3fff4fff4fef2fdf2fbf1fbf1faf0
CSIX,1682024776,024353490001,-66,6,128,43300400fe130013011302120315051405130614071509160916091509180a170b1a0a1a0a1a091a0919081a061a061a041b041a021a00000000000000000000000000000000000000000000f212f00fef10ed0fed0eeb0dec0bec0aed0aed08ec08ed09ef08f109f208f20af40af60bf50cf80df80cf90efa0efb10fa12fc12
CSIX,1682085208,024353490001,-65,6,128,4330040015f816f715f615f514f514f413f312f213f114ee13ef13ee15ee15ee17ed17ed17ef17ef16f017f117f217f319f318f419f700000000000000000000000000000000000000000000160116041504160615061508140912091109110a12091108100810050f0411040f030f01110010ff11fd13fd11fc14fa15f817f9
CSIX,1682121920,024353490001,-66,6,128,4330040017fa18fa16f816f916f816f714f614f414f416f114f114f016f016f018f018f018f119f218f319f419f518f619f618f719fa000000000000000000000000000000000000000000001500150215031504140514071308110911081108110711061006110410031102110010fe12fe12fe13fd14fc13fb17fa18f91af9
CSIX,1682144650,024353490001,-65,6,128,4330040009e609e507e807e805e804e803e902e801e900e6ffe7fee7fee5fee600e300e3ffe400e301e501e503e503e705e505e707e7000000000000000000000000000000000000000000000aed0ced0dee0fee0eef10f010f10ff210f30ff20ff30ff20df20bf20af10bef09f008ef08ed07ec06eb08ea05ea07e808e409e4
CSIX,1682177594,024353490001,-65,6,128,43300400ede9ede9ececedededecedeeeeefecf0edf2eaf2ebf3ebf4eaf3ebf4e9f2eaf2e9f2eaf1eaf2ebf0edf0edf0edf0eff0f0ee00000000000000000000000000000000000000000000eff1f0eef1edf1ebf3ecf4eaf5eaf7ebf8ebf6ebf7eaf6ebf6ecf5edf5eef3eef2eef3f0f1eef1eeeeeeeeeceeefebebe9eaeae9
CSIX,1682206005,024353490001,-65,6,128,4330040010ed10ed0fec0eee0ded0ced0aef0aed0aed0aeb08ed07ed07ec07eb07eb08eb07eb07eb07ec08ec08ee09ef0aef09ef0af1000000000000000000000000000000000000000000000cef0ef010f011f011f213f313f411f513f513f514f613f612f711f50ff511f30ff40ef20ef10ef10def0fef0eee11ed12eb12ec
CSIX,1682266371,024353490001,-65,6,128,43300400e902e903ea05ea04ea05eb07ec07ec09ed09ec0aee0aee0bed0cee0cec0ceb0ceb0bec0bee0bed0aed09ed08ed07ee06ee0500000000000000000000000000000000000000000000e701e6fee6fce5fbe6fae6f7e7f7e8f5e9f6e9f5e9f4e9f4ebf5ebf7ecf8eaf9edfbedfcebfcebfeecffea00eb01e800e601e701
CSIX,1682295006,024353490001,-65,6,128,4330040007ec06ec04ec04ec04ec03ec02ed00ec00ecffebfeebfdecfdeafdebfce9feeafde9fdeafeebffeb00ec01ed01ec01ed02ed000000000000000000000000000000000000000000000ae80de80ee911e811ea14eb15ed14ef15f014f117f115f214f312f212f310f00ef10df10df00bf00bef0bee0aee0bed0beb0aea
CSIX,1682325456,024353490001,-65,6,128,4330040003ea02e900eb00ebfeebfdebfcecfaebf9edf7ebf7edf6edf6ecf5ebf5ebf5ebf5ecf4ebf5ecf6ebf8ebf9ecf9ecfaedfaee0000000000000000000000000000000000000000000009e40de40ee411e412e515e716e815ea16eb16eb18ec17ed15ee13ee10ef12ed0eee0cee0ced0bed09eb09ea07eb08e908e808e8
CSIX,1682355126,024353490001,-65,6,128,4330040012f310f00ff10cf20cf10bef0af009ef08ee08ed07ed06ed06ec05eb06eb06ea06eb05eb06ec07eb07ed08ed08ee08ef08f0000000000000000000000000000000000000000000001af11bf41ef61ef71ff81ffc20fc1eff1eff1e011e031d021b021901170119fe16fd16fc15fb15fa14f914f712f714f615f514f6
CSIX,1682385023,024353490001,-65,6,128,43300400ffe8fee8feeafdebfcecfcecfaeef8eef9eef6eef6f0f5f1f4f1f4f1f2f0f2f0f3f0f2f0f3f1f3f0f4f1f5f2f5f1f5f2f6f20000000000000000000000000000000000000000000002e205e206e209e10ae10de20fe30fe510e611e813e611e80fe90dea0beb0ae909eb06eb06e904ea03e903e801e902e701e502e5
CSIX,1682414484,024353490001,-65,6,128,4330040006e705e604e804ea02e902e900ecfdebfeeefcebfcedf9edfaecf9edf9ecfaebf9ebf9ebfaedfaedfbedfceffceefdf0fdef0000000000000000000000000000000000000000000005e307e309e30de20ce311e311e511e713e812ea15e813ea12eb10eb0eeb0feb0ceb0aec0ae909e907e908e806e908e507e408e4
CSIX,1682444610,024353490001,-65,6,128,433004001900190018fe16ff16fe15fd14fc13fb13fb13f912f812f811f712f612f612f612f711f610f710f710f910f910f90efa0efb000000000000000000000000000000000000000000001dfd1d001f021f031e051e091e0a1b0b1a0c1b0d1b0e190d170d170a15091908170617051805180418021a0219021b021d011c02
CSIX,1682504917,024353490001,-65,6,128,43300400ebf4eaf5ecf7edf8ecf8edf9effbeefdeffdedffeeffed02ec01ed02ec02ec02ec02ec02ed02ed01ee00ee01ef00ef00f0ff00000000000000000000000000000000000000000000e8f5e8f3e8f0e8eee9eeeaebeceaedebefeaefeaefe9f0eaf0ebefedf1eeefeef0f0f0f1edf1eef2ecf4ebf2ecf5eaf3e8f3e8f3
CSIX,1682537159,024353490001,-64,6,128,43300400e80ae90aea0bed09ed0bef0af10bf20df30cf30ef50ef60ef60ff610f610f612f611f611f710f610f50ef50df50ef70cf40c00000000000000000000000000000000000000000000e80ee60ce40be309e209e106e005e302e102e101e0ffe100e401e501e701e403e703e705e705e806e807e709e80ae60ae50be60a
CSIX,1682565340,024353490001,-64,6,128,4330040016f516f412f211f412f310f30ef30df30bf10bf00bef09ef0af009ed0aef0bed0aee0aee09ef09f009f10bf00af209f109f30000000000000000000000000000000000000000000017f219f21af41cf51cf81ef91efb1cfd1cfe1dff1eff1dff1b001bfe17fd1afd18fc16fa17fa17f816f817f715f617f519f419f4
CSIX,1682594855,024353490001,-65,6,128,4330040014fa15f813f811f710f80ef60ef60ef40bf40df20bf10af00cef0cf00bf00cf00af00cf00af00cf20cf30cf30cf30af40bf50000000000000000000000000000000000000000000019f719fa1afa1cfe1bfd1c011e031b031a051b051b061904190418031603170116ff16ff170016fd16fc16fb12f818fb17fa19f9
CSIX,1682625053,024353490001,-66,6,128,43300400eff0eef0f0f4f0f5f0f7eff5f2f9ecfdeffeedfbedfdeefdecfcecfdebfcecfcebfcecfcecfcedfceefaf0fbeffaf0fbf1fa00000000000000000000000000000000000000000000eaeeececedeaede8f0e7f0e6f4e6f5e5f6e5f6e6f6e5f5e6f6e7f6e9f6eaf5eaf6ecf5edf4edf3ecf1eef1edf1efeff0ecefeeef
CSIX,1682655094,024353490001,-67,6,128,433004000af109f106f206f105f004f102f101ef00f0feeefef1fdeffceefdedfdedfcecfdedfeedfeefffef00effff000f000f100f10000000000000000000000000000000000000000000010ed13ee14ef16ef16f019f119f419f619f719f71af819f916fa15f814f914f712f810f710f50df60ef30ef30bf30df10eef0def
CSIX,1682684571,024353490001,-68,6,128,43300400100711070f0410031103100010ff11fd11fc12f911f811f814f812f714f714f715f814f913f913f913fb11fb12fc10fc0ffe00000000000000000000000000000000000000000000161416171418131c121b101e0d1f0b1d091e091e081e081c08190918081509150a130a100c100c0f0d0d100e100c100c120b120b
CSIX,1682714776,024353490001,-68,6,128,4330040004ed03ec00effeeefdeffbeff8f1f7f1f7eff4eef4eff1f0f1f0f0eff0edefeef0eef0eef1eef1eef4eff4eef5eff5f1f7f00000000000000000000000000000000000000000000017e81be91ceb1fec1eec20ef22f122f421f520f725f91ffa1bfa19f716f915f613f510f40ff40ef20cf00cf00aef0aed0aec09ed
CSIX,1682749045,024353490001,-68,6,128,43300400eff8eefaeffcf0fef000f000f005f106f106f009f00af10bef0def0ced0eed0dee0dee0dee0dee0ded0bef0aee09f008ef0700000000000000000000000000000000000000000000ece3efe0f1dff1dcf3ddf6dcf8dbfadefddffcdefddefde1fce4fce6fde8fae8f9ebf9eef7eef6f0f4f3f3f2f1f3eff4eff5eef6
CSIX,1682778197,024353490001,-68,6,128,43300400f9f0f6f2f6f4f7f5f5f6f2f8f4fcf4fbf4faeff9f0fef000f0fceefce9feeaffecffedfcedfcedfbedfaeffcf0fbf1faf1f800000000000000000000000000000000000000000000fbe2ffdeffdeffdf02df05de09e10ae00be009e30ae50ce70fe60be506ed06e908ed08eb00ecfeeefef0fef0feeffbeefaedf9ef
CSIX,1682805092,024353490001,-68,6,128,433004000a0b0b0a0b090b070b060d050b03130315fe11fe10fd10fb11fd14fc14fb15fc14fd14fd13fd14ff13ff12ff120011010f0100000000000000000000000000000000000000000000041f011e0020ff20fe21fb21f820f61ef51ef41df41cf61af617fa17f914fb15fd12ff120010ff10020f0410050e060d0a110910
CSIX,1682865157,024353490001,-68,6,128,43300400ed05ec07ef08ef08f109f10bf30cf40df40df410f511f612f614f514f415f415f315f314f414f214f312f210f110f20ef20d00000000000000000000000000000000000000000000e2f8e2f4e3f3e1f1e4f1e4ede5ede9eceaecebececeaedecefefeef2f0f3eff5eff8f0f9effbeffbeffeee00ee00ed02ec03ec04
CSIX,1682896496,024353490001,-67,6,128,4330040016fd17fc14fb12fb13f912f711f510f410f411f00fef0fee10ed10ec12eb13eb13ec14ec13ed14ee13f014f115f213f413f6000000000000000000000000000000000000000000001c0c1b0e1b101b1319131716161713161117121710180f150e130f100e0e0f0e0f0b0f0811071006120414031302150116ff16ff
CSIX,1682924912,024353490001,-67,6,128,43300400e900e901ea03eb02ec06ed06ed06ed0ee717ec0cef0ce90fed0feb10eb10e810e90ee90fea0de90cea0be909e908ea07eb0500000000000000000000000000000000000000000000e7f3e9f1e7efe8eeeaedecebeceaefebf0ebf0ebf1eaf1edf2eef1f0f3f3f0f2f1f5f1f7f0f7effaeefaedfcedfdebfde9fee9fe
CSIX,1682955778,024353490001,-67,6,128,43300400eafdeafeeb00eb00eb02ea03ec05ed07ec07eb0aec0aeb0ce90ce90de80ce60de70ce70ae80ae709e807e806e705ea04ea0200000000000000000000000000000000000000000000eaefecedecebedeaeee9f1e8f2e8f4e9f5e9f5e9f5e9f6ebf6edf4f0f5f1f3f2f2f3f3f5f1f6f1f6eff8edf9eefaecfaeafbebfb
CSIX,1682984795,024353490001,-66,6,128,43300400f413f514f714f713f915fa15fd14fd16fe16ff18011801180119011b001cff1d001dfe1dfe1bfd1afb19fa19f918f816f81500000000000000000000000000000000000000000000e70ee60ce40ae409e707e407e504e602e702e802e700e802eb02ec04ee05ed06ef08f008f009f20bf30df20ff30ff110f212f312
CSIX,1683015922,024353490001,-66,6,128,4330040012fd14f913fa12f912f911f810f70ff411f40ff313f20ef011f112ef13ee13ec14f215f114f315f313f514f614f612f713fa000000000000000000000000000000000000000000001709160c150d140e120f111110110e100d0f0c0f0b100d0e0c0c0b0a0c0a0d070d050f04100410021102120110fe140116fe14ff
CSIX,1683049031,024353490001,-67,6,128,43300400d92be633f313e619f218ef2af411ee1f11251e2c0c33173b00340634f23d0633f645ee3be838003bfa27fa20fa26fa2cfb2c00000000000000000000000000000000000000000000cf03cd08ceffd2fad3fdcefdd1f7ccf5d4f9cff1d8f4d5fdd2fddd05e0fbd8f8eaffdbefea05e30bee0ee510f512fb12eb22f425
CSIX,1683074876,024353490001,-67,6,128,4330040015ff15ff15fd15fe14fc14fb13f914f815f714f414f315f217f416f319f31af41af319f519f619f818f818fa18fb17fb16fd00000000000000000000000000000000000000000000120f10110e130f140d120b140a140812081208100811090f090e090c090b0a0b0b0a0b060c060d060e0410041002130214001401
CSIX,1683105906,024353490001,-68,6,128,43300400110c120d1209130a1509160716081505160318041b021b011d021d001e021f031f0420041e041d061c081b091b091809170b00000000000000000000000000000000000000000000fb19f719f718f418f517f216f213f510f110f412f10cf70ef80ef90bfb0cfd0cfc0a01090109060e050a080d0b0c0b0f10100c0e
CSIX,1683164655,024353490001,-68,6,128,433004000ff910f70ff60ff50ef30ef10df00ced0ded0de90ce90ce70de50ce40ee20ee20fe20fe10ee210e210e410e512e511e712ea00000000000000000000000000000000000000000000fd17fa18fa17f818f817f516f515f512f511f610f50ff70df90cfa0bfd09ff0900070205040405030701090109000c000efe0ffe
CSIX,1683197370,024353490001,-68,6,128,43300400f80df90efb10fc10fe11fe13001302150315061807160917081a0b1b0c1e0b1e0b1f0b1f091e081f081e071f0620051d031d00000000000000000000000000000000000000000000ecededeaeee8eee6f1e8f3e6f4e8f6e8f7e9f8eaf8ebf8eef9f1f8f2f9f5f8f6f8f9f8fbf6fdf7fff801f603f705f507f508f50a
CSIX,1683225225,024353490001,-68,6,128,4330040002f300f1fef0fcf2f9f1f8f0f7f1f4f0f3f0f0eff1f0eef0ecefebefe9efe8ede8ece8ebe8efe9ebeceaeaeaeaeaececefea000000000000000000000000000000000000000000001d031e071e081e0a1c0b1b0d190e170e160e150d140e130c110a0f080e060e050b020b010cfe09fc08fa08f906f706f606f406f3
CSIX,1683255044,024353490001,-68,6,128,43300400fd0c000c030b030c050d070d080e0b0e0a0d0d0f0e0d0f0d110f130e130f1510150f1611160f15101411141116131312111100000000000000000000000000000000000000000000e5f3e6f0e6eee7ede8edeaebebebeeecf0edefedf1edf2f0f4f2f4f5f5f7f4f7f6faf7fcf7fdf800f802f903fa05fa06fb09fa09
CSIX,1683286391,024353490001,-69,6,128,4330040001f1fff0fcf0fcf0faeef7edf7edf4edf4eef0ebefeeeeededebebeceae9eaeaeae9ebe9eaeaebe8eceaede9ede8edeaefea000000000000000000000000000000000000000000001913171516161617131712190f190c160c150a1509150912070e070b070a070706050502050005ff05fc05fa03f804f503f304f2
CSIX,1683316427,024353490001,-68,6,128,43300400f10af20af40ef40df410f611f612f715f816f918fa19fb1bfb1cfc1efc20fb22fc21fb22fb20fa21fa20f91ff820f81ef71d0000000000000000000000000000000000000000000001e305e105e206e207e20ae40be60be90bea0bed0bee08ef07f104f402f501f6fff9fdf9fbfbfafef9fff700f702f502f204f206
CSIX,1683345196,024353490001,-68,6,128,43300400f508f50af70bf80df90ff911fa13fb16fb18fd1bfd1bfe1cfd1fff1efe22fe21fd23fd23fd22fc22fc20fb1ffb21fa20f81e0000000000000000000000000000000000000000000002e204e205e207e107e30ae30ae50ae90be90aea09eb08ee06f004f103f401f6fff6fff8fcfafafbfafdf9fff800f601f404f504
CSIX,1683374781,024353490001,-68,6,128,43300400fb09fe09000afe0b040b010b080f080a070d0a10080e0d0e0e130d0f0f140f140e160e140d130b140b160c140b160a14081400000000000000000000000000000000000000000000f3eef2eef8ecf8eef6ebf7ecf9ecf9eefbeffcf0fbf0fdeffff3fbf6fbf6faf9fcf7f7fbfbf9f8fcfa04fdfdf805f802fb03fc06
CSIX,1683405195,024353490001,-68,6,128,43300400fe0a010b020b040b060b090d0a0d0b0d0d0d100f120e130e151016101712191418131813181317141615151515161314121600000000000000000000000000000000000000000000e7f0e8eee8eee8ebeaecebeaedeaefebefecefecf0ecf2eff4f0f2f2f5f5f4f6f4f8f6faf6fcf7fef8fff801f903f905fa07fb08
CSIX,1683434633,024353490001,-67,6,128,4330040002f500f3fef4fdf4fbf3f9f2f7f2f4f2f3f1eff0eef0edf1ebf0ebefe8ede7ece7ece8ebe8ece8ebeae9e9e9eae8ebebede9000000000000000000000000000000000000000000001d0a1d0d1d0e1d0f1c101c12191316121612151214121410120e110d100a100a0e060d050d030b010bfe0bfd09fb09f908f807f6
CSIX,1683466341,024353490001,-67,6,128,43300400fb08fd08ff080008020904090509070a080b0b0c0b0b0d0c0e0d0f0d110f120f120f110f110f111010100f110f120e100c1100000000000000000000000000000000000000000000e8f4e8f2e8f2e8f0eaf0eaefebeeedeeedeeeeeeefedf0eff1f1f1f3f3f5f3f6f3f8f4faf5fbf6fdf6fff600f801f703f804f806
CSIX,1683558323,024353490001,-68,6,128,4330040004f802f5ffee00f9fdf5fef3f8f3f6f5f8f2f5f2f3f1f0f6eff3e9f4edf1edeeebeee9f0ebedeaf1ecefecededeeefedefed00000000000000000000000000000000000000000000210a200c200e200f1f111d121d121912181218101b1315141311130b120c110b0f060f050c040b020b010afc08fc05fc01f605f6
CSIX,1683648730,024353490001,-67,6,128,4330040006f306f104f005ef02f501ee02f100edfdf0fbe9faebf8ecfbecf9ebf9e8f9e9f9e8fae9faeafbe8fce9fde9fbe9fceafeea000000000000000000000000000000000000000000001b051c081a091b0b1a0b1a0d190d150d150d140d140f150d120c12090e080e090c050e040c0108fe08fd08fc07fb08fa09f708f6
CSIX,1683686188,024353490001,-67,6,128,433004000218f90cfe12fe0d00120b10070e070f0a0d08110b0e0d0a080f0d100d150d1109140b170a150b1409150a110a100411031500000000000000000000000000000000000000000000ee16ee14ec14e812e712e411e50ee60ae609ea0be707eb0ae908ed08ef07f306f306f505f306f808fa09f709fd0a000efa0e040f
CSIX,1683705784,024353490001,-68,6,128,43300400f003f004f007f207f208f30bf30cf40ef30ef412f512f613f414f515f317f317f217f216f316f116f214f214f015f112f01100000000000000000000000000000000000000000000eae6ece4ede2eee1f1e2f3e0f4e1f6e3f8e3f7e4f8e2f8e4f8e7f8eaf9ebf7edf7f0f7f2f5f4f5f5f4f8f4f9f4fcf1fcf1feefff
CSIX,1683735381,024353490001,-67,6,128,43300400f300f402f405f406f508f609f70cf60ef60ef711f811f812f913f815f719f717f515f515f714f516f513f614f416f313f21100000000000000000000000000000000000000000000ede4f0e2f1e3f4e0f5e4f6e2f5e2f6e4f8e2f9e3fce6f9e7fae9f8e7f9edfbebfbf0f8f4f9f4f6f4f7f8f5f9f4f7f5fbf3fef100
CSIX,1683764674,024353490001,-67,6,128,4330040005f401f501f4fff2fdf3fbf5faf1f8f1f9f5f5f3f3f2f2f1eff1eff1eef1ecf0efefedf1ecefedefefeeefedf0edf1eff2ed0000000000000000000000000000000000000000000021fe2002210121032005200520071c071e091e091f0a1d091a0917061507160213031100100110fc0cfd0bfb0bfa0bf808f709f6
CSIX,1683800619,024353490001,-67,6,128,43300400fbf6fbf7f9f9f9fbf7fcf6fdf6fef4fff300f102f103f003ef04ee05ed05ed06ec06ec05ed05ec06ec04ec04eb04ec04ec020000000000000000000000000000000000000000000012e715e816e817e917ea19ec19ec18ee18ee18ef19ef18ef16f115f112f311f30ef40cf40af408f407f405f503f402f400f4fff3
CSIX,1683825919,024353490001,-67,6,128,433004000608070607030701080008fe08fc08fa08f808f608f509f409f20af00af00aef0aee0aee0aee0bed0bee0bee0ced0dee0df000000000000000000000000000000000000000000000fa22f622f523f323f322f021ef21ef1eef1eef1eee1eef1df01bf219f317f417f614f812fb12fc11fe0f000f010d030d040d050b
CSIX,1683857280,024353490001,-67,6,128,433004000804080106ff04ff04fc05fbfffa05f703f5fef5fef3fcf2fcf2fbf1fbf1faeffaeff9eefaeff9eefaeefaedfaedfaedfbed000000000000000000000000000000000000000000000f200b210c230b240a230825062405230523052103220422021e051c031903190415041206120711080e090c080a0a0a0c090a08
CSIX,1683885420,024353490001,-67,6,128,43300400f806f905fc05fe0400030201030105ff07ff0afe0bfd0cfb0dfb0efa10f811f811f712f713f713f713f713f713f713f714f900000000000000000000000000000000000000000000d7fdd7fbd6f9d6f7d6f8d7f4d7f4dbf3daf3dbf3daf1dcf3dff3e0f8e4f8e3fae8fce9fdeaffed00ee03ef04f105f206f208f307
CSIX,1683916474,024353490001,-68,6,128,43300400f802f902fc01fe010100030005ff06ff09fe0bfd0bfd0cfd0ffc0ffb12fb13fc13fa13f914f915f915fa15fa17fa15fa17fb00000000000000000000000000000000000000000000ddeeddebdee9dee8e0e8e0e6e1e7e2e8e3e8e3e8e3e7e4e8e6eae7edeaefe9efebf3edf6edf7eef9f0fcf1fdf1fff101f201f302
CSIX,1683948673,024353490001,-68,6,128,4330040001040103010100ff00fdfffbfff8fef7fef5fdf3fcf2fcf1fbeffaedfaecfaeafaebf9e9f9e9f8e8f8e9f9e8fae6fae7fce800000000000000000000000000000000000000000000e81ce61be41ce41be51ae318e318e415e517e415e315e514e713ea13ed11ed13f210f30ff40ef80efb0dfb0dfc0bfe0bff0b000a
CSIX,1683974836,024353490001,-67,6,128,4330040001fd00fd00fefffffb00fc01f901f804f805f606f507f407f209f10af00aef0bef0cee0cef0ced0ced0bec0beb0bed0cec0a000000000000000000000000000000000000000000001f0520061e0720081e081c0a1e091a011b041c07180a170d1d0f1a0c11061505110210020f030cff0cfe0afe09fd08fc05fc07fb
CSIX,1684004708,024353490001,-68,6,128,43300400fc00fc00fe02ff03010402060407060807090b090b090d0b0e0d0f0d100e111012101210130f13111311131213121211111200000000000000000000000000000000000000000000fede01dd01dc02dc02de04dd06de06e006e005e005df04e204e502e702e902e800ecffeffff0fdf2fcf4fcf5faf7faf9f9faf9fa
CSIX,1684034507,024353490001,-68,6,128,4330040004fd02fd00fcfffbfdfbfafbf9f9f6faf5faf2faf2f8eff8edf6eef7ebf7e9f6e8f6e9f6e9f5e9f5e9f4e8f4e6f3e9f4e9f2000000000000000000000000000000000000000000000f1d0c1e0c1f0c200c2009200920071e081e071e071e081d071a0817061507140611070f060d070b070808070704070408000700
CSIX,1684065311,024353490001,-68,6,128,43300400fefafcfc01ebfc02f7fefafff213f605f406f408f9fff40cf10bf00ef011ef0fed11ee11e70de915ed0ef012f319e911ea110000000000000000000000000000000000000000000020042205280621091f0520091e0a1d091d071d09200f1a051707190514f4110311020fff12ec07fc0cf80cfd000f02fb05fc05f8
CSIX,1684096696,024353490001,-68,6,128,43300400fd05fe060004020504050604080509040b030e030f02100212021400150217011801180117001901180318031a031902170500000000000000000000000000000000000000000000e3f0e4ede4ece3eae5eae5e9e8e9e9eaeaeaeaebe9eaebececedecf0eff1eef2f0f6f2f8f2f8f2fbf5fdf5fef600f601f802f903
CSIX,1684125958,024353490001,-68,6,128,4330040000fa00fafefafcfbfafcfafdf8fdf7fef6fef300f201f202ef03ef02ed03ed03ec04eb04ec04eb04ec03eb03e902ea03ea00000000000000000000000000000000000000000000001d001f031e031f041d051d061d071a071b071b061c071906170616041404140312020f010eff0dfe0bfd0afc09fb07fa06fa06f9
CSIX,1684220674,024353490001,-67,6,128,43300400000aff080106000500040001010000ff00fd00fcfffbfffb00f9fef9fef7fff6fef5fef5fef4fef3fef3fef3fef2fef3fff300000000000000000000000000000000000000000000f019ee1aed19eb1aeb18ea18ea17ea16ea16ea16e917ea16eb14ee14ee11ef12f110f410f50ff70ff80efa0efb0cfd0dfe0eff0b
CSIX,1684245787,024353490001,-67,6,128,43300400030703080305020402040002010000fffffefffdfefcfcfcfdfafbfafbf9faf8faf8f9f7f9f7f9f7f8f5f8f5f9f5f9f6f9f500000000000000000000000000000000000000000000fc1efa20f81ff721f91ff520f41ff41df41df41cf11ef61df51af71af817f918fa15fc13fc14fd11ff10000f000d020e040d030c
CSIX,1684310494,024353490001,-67,6,128,4330040002f602f701f802f902fc03fcffff050007fe03020403040304060307050905090609060b060b040c050c060d060d040c050e0000000000000000000000000000000000000000000018e71ae61be71de71ce91de81ce91dea1eea1dec1fea1ceb1ced19ed17ed15f015ee10f00ef00df00af00af006f207f105f204f1
CSIX,1684335517,024353490001,-67,6,128,433004000b0008ff07fc0500030303000102fe0100030004ff06fd04fb05fd06fb08fa08fa09fa0afa0af80bf90af80bf80bf70bf70b000000000000000000000000000000000000000000001f0f1f121f1320141e141f161d161c161c161c151d171b181a151a1216121711150c140a1509160c110512040d050f0114021001
CSIX,1684456114,024353490001,-67,6,128,43300400f5f7f5f7f6f9f8f9f9fbfafafcfbfdfcfffcfffb00fb02fb03fb04fc05fa06fa07fb08fb08fa0afb0afb0afb0bfc0afb0bfc00000000000000000000000000000000000000000000f1def3dbf4dbf5d9f5daf6d8f7d9f8daf9daf9dbf9d8f8dbf9def8e0f8e2f7e2f7e6f6e9f5eaf6ecf4eef5eff4f2f3f1f3f3f3f5
CSIX,1684484529,024353490001,-67,6,128,4330040001f400f401f502f602f700f802fa01fa01fc02fc03ff03ff04010401050205040605060406050707060707080608060805080000000000000000000000000000000000000000000017e81ae91bea1dea1beb1eeb1dec1dee1cef1dee1eee1cee1aef18ef17ef15ef12f00ff00ef10bf009f20af005f307f207f104f0
CSIX,1684514994,024353490001,-66,6,128,433004000b060c0610000806080406040705040500010200fc040002fe03fc03fc00fa02f903f804f906f704f602f702f200f603f503000000000000000000000000000000000000000000000b1f09211323062208230624fe2a012107220521092e061f061e071dfa19051a07180913021d07130c0e0b0f04030c0f0d0c0c0b
CSIX,1684544504,024353490001,-66,6,128,43300400f50af709f60af906f906f905fb04fb03fb03fb01fdfffdfffdfdfefcfefcfff9fffafff800f800f700f700f601f501f602f600000000000000000000000000000000000000000000dd08df04d904dd02d803de00db00ddffdd00d9ffdbfddcffdfffe100e600e002e902e704eb04eb05ee06ed08ef08f009f00af209
CSIX,1684575883,024353490001,-65,6,128,43300400fbf1faf9f3faf5f4fbf5fdfef500f7f602fbfc04f6fe01f609fffe03f9f707f60b00fffffff509f3090002f905f30af804fb000000000000000000000000000000000000000000002200240022ff240022fb28fa24fe1efa23f423f71df51dec21ee19f114ec15eb13ee0bed0ae909ed03eb05eb00f2faecfde9fff0
CSIX,1684664503,024353490001,-66,6,128,43300400f809f80afb08fb06fb07fb04fa03fc02fb01fc00fcfefbfdfbfcfcfbfbfafaf9fbf8fbf7fbf6fbf6fbf5fbf5fcf4fcf5fef300000000000000000000000000000000000000000000df09dd07dd06db07dd04d801dc05e701dd04e000dd00de03e0ffdefee706e907e906ec08ed07ee09f009f20af409f409f50bf60c
CSIX,1684698006,024353490001,-67,6,128,43300400fcf4fcf4fdf6fef6fff800f800fa01fb02fb04fd04fe05fe07fe08fe09ff0aff0a000b010c010d020d020c020e030d030d04000000000000000000000000000000000000000000000edd11dc11dd13db12de14dc14de13e014e012df15df13e012e30ee40de60be50ae707e907e904eb02ed02ed01ee01eefff0fdf0
CSIX,1684730441,024353490001,-67,6,128,4330040003090308030702050006ff05ff06fd04fd03fc03fb03fa03f903f902f601f602f502f402f401f301f300f200f100f200f2ff00000000000000000000000000000000000000000000f520f31ff21ff121f120f01fef1eef1cf01df01cef1df01cf219f619f516f619f716fa12fa13fc12ff0fff10ff0d000e010c030b
CSIX,1684754727,024353490001,-67,6,128,433004000bf90af909fa08fb09fd07ff06ff0701060206030504050505070409050b050b050d050e050e050f050f050f041203110311000000000000000000000000000000000000000000002b072a0a2b0b2b0b2b0b2a0d2a0f260e260e260e260e250d220c21081e081f061a031901170016ff14fd13fc11fb10fa0ff80ff8
CSIX,1684820991,024353490001,-68,6,128,433004000a00090008ff06ff040003ff02fffffffe00fd00fc00fa01f901f702f702f602f503f403f503f303f304f304f104f204f103000000000000000000000000000000000000000000001e161b171d1a1c1a1c1a191c191c171b171b151a151c161a1418141512121312100f110b110c10090f0710060f050f040f030f01
CSIX,1684844601,024353490001,-68,6,128,433004000b010aff09fe07fe06fe03fe01fd00fdfffdfcfdfbfef9fef8fef6fff5fef3fef3fef2fff1fef0fff0feeffeeefeeefff0fe000000000000000000000000000000000000000000001b1f182118231725172414261427102511231024102410210f1f101b0d1910190e140f110f100f0e0e0b0f0a0f070f070f040f04
CSIX,1684876423,024353490001,-67,6,128,433004000800080006ff05ff04ff03ff01fd00fdfffdfcfdfcfefafef9fef7fef6fdf5fdf4fff3fdf3fef2fdf2fdf1fdf0fdf1fdf2fd00000000000000000000000000000000000000000000151f1321112112240f230e230e240c220b210c210b230b200a1e0b1b0a180b180a150a110b100b0e0b0b0c0b0b080b070b050c03
CSIX,1684904923,024353490001,-67,6,128,43300400f8fef9fef9fffbfffcffffffffff010002ff040005ff06ff07fe09fd09fd0afc0bfd0cfd0cfd0dfd0dfd0efd0efd0dfc0efe00000000000000000000000000000000000000000000ecddefddeedbf0dbf0dbf3dbf3daf5dcf4ddf4dcf5dbf5ddf6e1f5e3f6e7f4e7f5ebf4ecf5eef5f0f5f3f4f4f4f6f5f8f5f9f5fb
CSIX,1684934581,024353490001,-67,6,128,4330040007fd05fe04fe02fe020001010001ff02ff04fe04fe06fd06fc07fc08fb09fb0bfb0cfb0cfc0dfb0dfb0dfa0dfa0efa0dfa0d00000000000000000000000000000000000000000000240d25102411251123112314231320142113201421151e131d121c0e1a0d1a0c17091407140612050f0310010e000e000cff0bfe
CSIX,1684969953,024353490001,-67,6,128,433004000604060404040303020301030004ff04ff04fd05fd07fd07fc08fb0afb0bfa0afa0bfa0cfa0cf90df90cf90cf90df90cf90c000000000000000000000000000000000000000000000f1e0e1f0d200e220b220c2407220b1f0a22081e09240b1f0b1d0b1a09160b170a140b110a0e0a0e090c0a0a0a08090709070807
CSIX,1685084870,024353490001,-67,6,128,43300400f900fa01fc00fcfffdfefdfdfffcfefbfefafef8fdf7fef7fef5fef4fff2fef1fef1fcf0fef0fdeefeeffeeffdeffdedffee00000000000000000000000000000000000000000000dcf8dbf6dbf5daf4dbf4dbf3dbf3dff3def3dff4ddf2dff3e0f4e3f7e6f8e5f7e8faebfbebfdedfeef00f000f302f400f402f501
CSIX,1685146447,024353490001,-67,6,128,43300400f8fbf9fbf9fdfbfdfcfdfefdfffd00fe01fe04fd04fe06fc07fd08fc09fb0bfb0bfb0cfa0dfa0dfa0efa0ffb0ffb0efb0efc00000000000000000000000000000000000000000000f0dcf2dbf3d9f4d8f4d8f7d9f6d9f6daf6dbf8d9f9daf7dbf9def7e1f8e4f6e3f7e8f5eaf5ecf6eff5f0f4f1f5f4f5f4f4f5f6f7
CSIX,1685174524,024353490001,-67,6,128,4330040003f902f900fa01fb01fdfffeffff0000010100020004ff050007ff07ff090009000b000b000b000cff0c000b000dff0d000e000000000000000000000000000000000000000000001ef323f51ff724f71ff726f822f921f922fb1ff71ffa1ff91df91cf71af816fa16f910f911f70ff70cf70bf60af807f507f508f6
CSIX,1685206816,024353490001,-67,6,128,43300400040704060404030403020101010000ff00fefefcfdfcfcfbfcfafaf9f9f8f9f8f8f6f7f6f7f7f7f6f7f5f6f5f6f4f6f5f7f400000000000000000000000000000000000000000000f724f425f324f126f223ef24ef23ef21ef20ef20ed21ef20f01df21cf419f419f715f914fa15fb12fe11ff10000e010e030d030d
CSIX,1685234939,024353490001,-67,6,128,43300400fdf8fdf9fcfafcfafdfcfdfefdfffe00fe02fe03ff040005000801080209020b020b020c020c020c020d020d030e020d020d0000000000000000000000000000000000000000000017e219e31ae31be41ce41de51de61ce91ce91cea1de91ce919eb17eb15ee13ed0fef0def0cef0af108f206f104f303f201f300f4
CSIX,1685271747,024353490001,-67,6,128,433004000900090008fe05fe04fd03fd01fcfefafefbfcfbfbfbf9faf8f9f6fbf5faf3f9f3faf1faf2faf1faf0f9f1f9f0f8f1f9f2f900000000000000000000000000000000000000000000132710290e290d2a0d2a0a2a0a2a0927092809270728072706220820071c091d0818091409140a10090e0b0c0a0a0b090c070b05
CSIX,1685294918,024353490001,-68,6,128,43300400f801fb05ff05fc04fe00fe02ff030502040205010400070309000b010b000d000dff0e000eff0d000eff0d000eff0e000e0000000000000000000000000000000000000000000000ddeedfebdfe9dfe8e1e8e2e6e2e6e6e7e5e7e5e6e6e5e5e6e8eae7eceaeaebeeeef3f1f5f0f8edf4f1f8effcf3fcf2fdf200f603
CSIX,1685324792,024353490001,-67,6,128,4330040006fc06fb05fc04fc02fc01fbfefbfcfbfcfcfafaf9fdf7fcf5fcf6fdf3fcf2fdf2fdf0fcf1fdf1fcf1fdf2fdf0fcf0fdf1fc000000000000000000000000000000000000000000001c1a191d1a1d181f171d1620151f131e141d131c131f131e111911190e16101412180c0e0c0b0c0c0c070c040c050b020b000b02
CSIX,1685386505,024353490001,-67,6,128,4330040002f801f7fff9fffafefcfefdfdfdfb00fb01fa02fa03fb06fa07fa07f909f90af70af90cf80cf70cf80cf70cf70cf60cf60b0000000000000000000000000000000000000000000023f426f626f727f826f927fc26fd24fd24fd23fe25fe23fe20fe1efc1bfe1afc16fb14fa13fa10fa0ef90df80af809f707f607f6
CSIX,1685417160,024353490001,-67,6,128,43300400f701f802fa03fb03fc04fe03ff030104030304030503070308030a030b020c020c020e020e020e020f020f030f040f030f0300000000000000000000000000000000000000000000e6e4e7e2e7e0e8e0e8dfeadfebdeede0eee0eee0eedfeee1f0e3f0e6f2e9f0e9f1eef2f0f2f2f2f4f3f6f3f7f4faf4fbf3fdf5ff
CSIX,1685447789,024353490001,-67,6,128,4330040006fc05f805fc03fa02fbfdfafdfbfcf9fcfafafcf8fcfafef500f5fef5fff500effff0fff4fef102f001f101effdf0fef1fe00000000000000000000000000000000000000000000230b230d22102512250c221526131d161e151b15241716151b131810160f170d160910030f0812050b03130109fd0bff0efe0af9
CSIX,1685504583,024353490001,-67,6,128,43300400f7fff600f801f902f904fa04fc05fd07fe07000801080209030b040b050b060d070d080d080d080e070e080f0810080e060e00000000000000000000000000000000000000000000f0ddf2daf5daf5d9f6dbf9d9f9dbf9dbfbdcfbdcfddbfcddfde0fce2fde6fde6fceafbeefaeefaf1f9f3f8f4f8f6f7f8f5f9f5fc
CSIX,1685570889,024353490001,-68,6,128,4330040007fe06fd05fb03fb02fb00fafff9fefafdf8fbf9f9f9f9f9f6f9f5f9f4f8f2f9f2f9f1faf1faeff9f1f9f0f9f0f7eff9f1f80000000000000000000000000000000000000000000012210f230e250e260c240b260a2508230823082307230721061f071d06190719061506110710080d080b08090806080509040801
CSIX,1685601032,024353490001,-67,6,128,43300400fef8fdf9fcf9fcfbfcfdfcfefbfffa01fa01f903fb05fb06fa08fb09fb0afa0cfc0dfb0efb0dfb0ffa0ffb0ffa0ffa0ff90e0000000000000000000000000000000000000000000020e921eb22ec23ec23ed23ef24f023f323f223f324f221f31ff41df419f519f415f512f510f40ef40bf50af507f605f503f402f6
CSIX,1685656233,024353490001,-66,6,128,4330040005fa05fb04fc04f901fbfffcfefbfdfcfcfdfbfdfbfdfbfef7fdf7fff600f600f5fff401f402f302f301f400f200f3fff500000000000000000000000000000000000000000000001e071f0a220b200d1e0d1d0f1d0f180e1c111b101811180e1711180e130b150b1208120611050f050e010cff0f010dfd0afc09fc
CSIX,1685686186,024353490001,-67,6,128,43300400fb0afd09ff08010801060305030406030602070107ff08fe08fc0afc0bfb0bfa0cf90cf80bf70cf70cf80cf80cf80df80df900000000000000000000000000000000000000000000dd13da11d90fd60fd80dd50ad60ad908d908d907d706da06dc05df06e106e207e607ea08eb09ed0af00af10cf40bf40cf50ef70d
CSIX,1685714776,024353490001,-67,6,128,43300400f4fbf4fdf5fff600f701f802f903fa05fc06fc07fd080009000a010b020c030e030d030d040e040f040f040f030f020f020e00000000000000000000000000000000000000000000f1dcf4daf5d7f7d7f8d7fbd7fcd7fed9fddaffdaffd900db00defee1ffe4fde4fce9faebf9ebf9eef8f1f6f2f6f4f5f4f3f6f4f8
CSIX,1685746007,024353490001,-67,6,128,43300400f607f707fa07fb07fc07fe07ff0701070206050706060605080509040b050b050c040d040d030e030e040e040f050f040e0500000000000000000000000000000000000000000000dbf2dceedceddaeadeeadee8dfe7e2e8e3e7e3e8e2e6e5e8e8ebe8edeaefe9f0ecf4eef6eef8f0faf0fcf1fef201f201f204f305
CSIX,1685838145,024353490001,-67,6,128,433004000708080609040803080208ff08ff07fe06fc06fa06f904f805f704f603f403f302f202f202f101f101f102f102f003f102f200000000000000000000000000000000000000000000f826f527f327f228f126ef26ed23ea21ec22ec21eb21ed20ed1cf11bf218f318f515f814f913fc12fe100010020e030e050d050b
CSIX,1685865151,024353490001,-67,6,128,43300400070409030df9070108ff07fe00fa05fa05fb05f804fb04f603f500f505f401f301f2fff100eefff0fff101f0fbee02f101f1000000000000000000000000000000000000000000000123fe25fb23fc27fb24f927f72af621f623f620ea27f81ff31ff41b0222f81dfa13fb12f61efc120210060c100a030c070b0709
CSIX,1685894710,024353490001,-68,6,128,43300400080009fe08fd07fd06fb05fa03f902f801f8fff6fdf7fcf7fbf5faf6f9f4f8f4f8f3f6f3f6f3f5f2f5f2f4f1f4f1f5f2f6f1000000000000000000000000000000000000000000000f260c280a28092c0829052b052a032601260325002701240121021f021b021a0318051405130611060d080c080909080b050a04
CSIX,1685934624,024353490001,-67,6,128,4330040003f902f900f9fffafefafdfbfdfcfafdfafff9fff900f902f802f803f704f706f607f607f608f608f508f609f50af609f5090000000000000000000000000000000000000000000025fc27ff280027ff270229042709240625072206240622051f061e041a041a03160114ff13fe11fe0efd0efc0bfb0afa08f808f8
CSIX,1685954816,024353490001,-67,6,128,433004000507050606030502050105ff04fe04fe03fc03fc01fa01f900f9fff8fff7fdf6fcf6fcf6fcf5fbf4fbf4faf4fbf4faf4fbf400000000000000000000000000000000000000000000f526f226f026ef26ee25ec24eb23eb21eb20ec20eb1fec1eed1cf11bf118f318f615f813f913fb12fd10ff10000e010d030c030c
CSIX,1685984646,024353490001,-67,6,128,43300400f8faf8faf7fcf8fdf8fff900f902f903fa03fa04fb05fd06fd07fe07fe08ff080108000a0109020a0209fe09020b030a030b00000000000000000000000000000000000000000000fcd600d502d503d405d507d508d709d90ada08da0ada09db08df07e006e405e303e701ea00eaffebfdeefbedfbf1faf1f8f3f7f4
CSIX,1686044743,024353490001,-67,6,128,4330040004f903f801f700f8fef8fdf7fcf8fbf8f9f8f7f9f6faf6faf5faf4fbf3fcf3fcf2fcf1fdf2fef0fef2fdf1fef1fef0fff2fe00000000000000000000000000000000000000000000230f2113201521151f161e1a1c1a1a191a1819171b181817161515111310140f120c0f080f080f060d030c010b000bfe0afd09fb
CSIX,1686078610,024353490001,-68,6,128,433004000501050005fe05fc04fb04f903f802f702f500f4fff4fef3fdf2fcf2fbf0faeefaeff9f0f8f0f8eff7eff8eff7eef8f0f8f000000000000000000000000000000000000000000000f227ef27ee27ed27ec27e925e824e921ea20e81ee81fe91eeb1aee19f016f316f514f813f912fc10fe0eff0d000b020a04090406
CSIX,1686108824,024353490001,-67,6,128,4330040004fdfcfbfe0100fcff01fdfbfcfefa02f9fff802f701f702f503f504f407f405f307f408f208f308f308f309f309f309f309000000000000000000000000000000000000000000001d0f20131f1520151e161e171c181b171a171a161a181716171513110f10120e150b0b0610090b070d060c03080109010afe06fd
CSIX,1686138676,024353490001,-68,6,128,433004000003010102ff00fe02fd01fb02fb01fa01f8fff8fef7fdf6fcf4fcf5fbf3faf2faf1f9f2f9f1f9f1f9f1f9f1f8f1f9f2f9f200000000000000000000000000000000000000000000e818e517e417e317e316e115e215e313e412e411e212e411e70fe90feb0dec0ef00df30cf40bf60cf90bfa0afb08fc08fe08fe07
CSIX,1686165184,024353490001,-68,6,128,4330040001fd00feffffff00ff02ff03ff04ff05ff05ff0700090009010a020b020c030d040e040e040e050e050f040f0410040f030f0000000000000000000000000000000000000000000021f622f823f924f923fa24fb23fc22fc22fd21fc22fd20fd1dfe1bfc18fc18fb14fb11fb10fa0efa0cfa0bf909f908fa06fb05fb
CSIX,1686205781,024353490001,-67,6,128,43300400f9fdfafbfbfefffcfffc00fe02fd06fefffd04f704f906f805f704f606f706f408f309f109f008f108f10af109f008f109f100000000000000000000000000000000000000000000ebdaefdbedd9edd9edd7efd9efd6f4d9f1dbf2d8f1d7f3daf2def2e0f4e4efe5f2e9f2ecf3ecf3eef4f3f3f4f3f7f4f5f5f9f6fa
CSIX,1686226784,024353490001,-67,6,128,43300400fafafafcfcfbfdfdfffcfffd00fd01fe03fe03fc04fc05fc06fb07fb08fb09fa09f90af90af90bf80bf90bf90cf70bf70cf800000000000000000000000000000000000000000000f8dbfbdbfcd9fcd8fcd9ffd8ffd801dbffdbffdaffd9ffdbffddfde0fee3fce3fbe7fae9faebf9edf9eef8f0f7f2f8f4f8f4f9f6
CSIX,1686255182,024353490001,-67,6,128,43300400fef6fcf9fdfafff9fffdfffa04fffb01ff01020103ff04ff060006000700080009010a010b020a010b020b020c020b020b02000000000000000000000000000000000000000000000bdf0ddf0ddf0edf0fdf10e010e011e011e110e212e00fe10fe40ce40ce80ae70aea07ec06ec04ed02ee02effff1fff1fff0fef3
CSIX,1686287016,024353490001,-66,6,128,43300400f6f7f6faf9f8f8f9fbfbfbfbfefefafbfb0100ff02fd04fe04fd05fc05fd08fb08fd0afd09fd0afc0bfd0cfd0cfd0bfc0dfe00000000000000000000000000000000000000000000f1daf3daf3d6f4d7f5d6f8d8f7d7f9d8f8d6fad4fbd6fbd7fadafaddfbe2f7ddf9e6f7e6f8e8f6e9f6ecf6edf4eff5eff6f2f6f4
CSIX,1686316209,024353490001,-66,6,128,43300400080707060804050304040302030101010000fe00fefffc00fbfffa00f800f700f6fff600f400f4fff3fff3fef3fef3fff2ff0000000000000000000000000000000000000000000008270428042a042a022b002aff2bfd29ff28fe28fe29fe28fe250123ff1f0120021b03190418051606130712070f080e090e090b
CSIX,1686344535,024353490001,-67,6,128,43300400fc0afd08fe08fe07fe05fe04fe03ff01fe00ff00fdfffefcfefdfefcfdfbfcfafcf9fcf8fbf8fcf7fcf6fcf6fbf4fbf5fbf500000000000000000000000000000000000000000000e518e318e216e018e216df15e015e113df13e213df11df11e20fe411e70ee810e80ff00dee0ff110f30df50ef60df80ff70cfc0c
CSIX,1686375174,024353490001,-67,6,128,43300400fff3fff4fff4fff7fef7fffafefbfefc00fd00fe00ff0100020102020403040405050605050606070608070808090709070a0000000000000000000000000000000000000000000015dd19df1ade1bdf1ce01de01fe21ce41de51de51fe31ce41ae817e715ea14e811eb0eeb0deb0cec09ed07ed05ef04ed02ee02ef
CSIX,1686407506,024353490001,-67,6,128,43300400f4f9f6f7faf9f6f8f9fafbfdfcfafefbfdfffeffffff00ff02ff02ff04ff0500060006ff080008ff080009000a010a00090000000000000000000000000000000000000000000000ffd803d705d706d606d808d708d809da08db08dc09d908dc07dc04e006e202e502e601e900ecfdecfdecf8f0faeff9f0f8f0f8f1
CSIX,1686436206,024353490001,-67,6,128,43300400fc0bfc09fd0afe08fe08fe06ff05fe04ff04fe03fe01fd01fefffdfffdfefdfdfdfcfcfcfdfbfcfafcfafbf9fbf9fcfafcf900000000000000000000000000000000000000000000e516e415e115e114e014e011df11e00fe110df0fdf0ee10fe30de50de80be70eec0ced0def0df10df20cf50df60cf70df80ef90d
CSIX,1686471801,024353490001,-66,6,128,4330040009f407f406f405f504f603f702f801f901f900fa00fcfffcfffefffefefefefffe01fd02fe02fd02fd03fd04fd03fd04fc040000000000000000000000000000000000000000000022f124f325f426f525f626f826f924fb25fb25fb27fc24fc22fc20fb1dfb1dfa19f917f816f814f712f611f50ff50ff40ef30cf4
CSIX,1686495809,024353490001,-66,6,128,43300400f0fef100f201f301f402f503f702f803f903f904fb03fc03fd04ff04ff04010402040304030404040404040505050504040400000000000000000000000000000000000000000000e1e9e2e5e2e4e3e2e4e2e7e0e7e1eae2e9e1ebe1ebdfebe0eee3eee6efe8ece8eeeceeefeef0eef3eff4eff6eff8eef9edfaeffc
CSIX,1686527799,024353490001,-67,6,128,43300400fd0dff0d010c010a02090408030704060505060306020601070008fe08fe08fd08fc08fb08fa09fa08fa09fa0afa0afa09fa00000000000000000000000000000000000000000000e11add18db17db16db15d912d910da0ddb0edb0eda0ddb0cde0be10de40ae40ce90cec0cec0cef0df20cf30ef60ef60ff80ff90f
CSIX,1686555148,024353490001,-67,6,128,43300400ff09ff0800060205020403030302030104ff04ff04fd04fc04fb04f905f905f805f704f703f604f603f504f505f504f505f600000000000000000000000000000000000000000000e111df0fde0edc0edd0cdc0add0adf08df08df07df07e006e305e607e806e907ec07ef07f008f308f508f609f909f90afb0afc0a
CSIX,1686588237,024353490001,-67,6,128,43300400f8fafafcf9fdfbfefdfffd00ff00ff010101020203020502050406040802090309030a020a020b020b030c040c030c030b0400000000000000000000000000000000000000000000f9dafcd8fcd7fdd7fed700d701d701d902d903d903d702da03de01df00e4ffe2ffe7fde9fcebfcedfbeffaf0faf3f8f3f7f5f7f6
CSIX,1686644790,024353490001,-66,6,128,43300400f503f603f804fa02fc03fd02fe02000201010301030004fe07ff07fe08fd0afc0afc0afb0afb0bfb0bfb0cfb0cfb0cfb0cfa00000000000000000000000000000000000000000000daf4daf2d9f1d8efd9efd9ecdaecdbecdcecddebdce8ddeae0ece2ede4f0e3f1e7f3e7f6e9f7eaf9ebfbedfdeefdeeffee01f002
CSIX,1686680396,024353490001,-67,6,128,433004000308030703050203020201ff01ff00fe00fdfffbfef9fdf9fdf8fcf7fbf6faf5faf4f9f4f9f4f9f3f9f3f9f2f8f2f9f3f9f200000000000000000000000000000000000000000000f022ed21eb22e922e920e721e71fe71de81de71ce51de71be819ec18ee16ee17f214f512f613f812fb0ffc0ffd0eff0e000d020c
CSIX,1686705170,024353490001,-67,6,128,4330040001080107010501040103010101ff00fefffdfefcfffbfdfafcf9fcf9faf7faf7f9f6f9f6f9f5f8f5f9f4f8f4f7f3f8f4f8f300000000000000000000000000000000000000000000e91ce61de51ce41ce51ce31be21ae319e317e317e118e317e515e814eb12eb13ef10f210f30ff60ff80ef90efb0cfd0dff0dff0b
CSIX,1686734914,024353490001,-68,6,128,43300400f604f703f804fa03fb03fc02fd02ff01ff0000ff00fe00fd01fc02fc03fa02fa03f804f703f706f605f504f604f404f507f400000000000000000000000000000000000000000000def1deeedeedddecdeeddfebe0eae2eae2eae1ebe1e9e3ebe5ede6eee9f0e8f2eaf4ecf8ecf8eefaeffcf0fdf1fff200f202f303
CSIX,1686765255,024353490001,-67,6,128,4330040004f602f701f800fa00f900fbfffc00fcfffefffe000000010101010301030205030603060407040904080409040a040a030a000000000000000000000000000000000000000000001eee20ef21f023f021f123f223f322f422f422f323f522f420f61ef51bf61af517f513f613f410f50ef50cf50af509f407f406f3
CSIX,1686794526,024353490001,-67,6,128,43300400010a0109030702050304020202010101010001ff00fefefdfdfdfdfbfcf9faf8faf8f9f7f9f6f8f5f8f5f8f5f8f4f9f3f9f300000000000000000000000000000000000000000000e91fe61fe51fe320e31ee11ee11de21ce11de11cde1ce01ce119e519e616e816eb13ef12ef13f311f511f710f90efa0ffd0ffd0d
CSIX,1686830565,024353490001,-67,6,128,433004000afb09fb07fb05fc05fc03fd02fc01fdfffeffffff00fe02fd02fd03fb04fb06fa07f907f908f809f809f709f60af60af509000000000000000000000000000000000000000000002208230b240c270f260e25102412231123122412241324122111200e1c0e1d0d1a0a19081807150714031302110011ff11fe0ffc
CSIX,1686854740,024353490001,-67,6,128,43300400f7faf7f8f5fdf8fef800fafef901fa01fc01fb02fc04020200040102010404040305030404040507070608080808060a060700000000000000000000000000000000000000000000efe5ebe1ebe0efe0eedef1e1f1def4e0f4daf6ddf7d9f6ddf9ddf7e0f6e6f6e4fae7f4e8f5eaf8edf6f0f5eef6f1f6f5f3f5f4f5
CSIX,1686884531,024353490001,-67,6,128,43300400f7fbf7fbf7fef8fef9fff9fffa01fb00fc00fd01fe02fe02000201020202030204030503050306040605060607060605060500000000000000000000000000000000000000000000f2e6f3e4f3e3f3e0f5e2f6dff7dff8e1f9e1f8e2f9def9e0fae2f9e4fae7fae7fae9faedf9ecf9eff7f0f8f1f8f4f5f4f6f6f6f7
CSIX,1686914930,024353490001,-66,6,128,433004000cfc0bfc08fb06fc05fb05fc05fb05fd03fc03fc01ff00ffffffff01fd02fd03fc04fc03fa05fa04f904f905f806f805f70400000000000000000000000000000000000000000000200a200d200e220f210f21121f121d131e141d131f141f121b121c101810180d180c160816071605110312040f0112fe12ff0ffe
CSIX,1686946981,024353490001,-66,6,128,43300400fc0bfd0bff0aff08ff060005000300020102000000fffffffefdfefcfefafdf9fcf8fdf6fdf7fcf5fdf4fdf4fdf3fef4fef300000000000000000000000000000000000000000000e01add19dd18db18db17da15d915db12db12da12d812db12de10e011e30fe311e80feb10ec0fee10f00ff310f50ff510f810f90e
CSIX,1686979815,024353490001,-66,6,128,4330040001f600f8fff9fffafffbfefcfefdffffffffff00000100030004010502070207030903090309030b030b030b030c020c020c000000000000000000000000000000000000000000001ae81de81de91fe81eea21eb20ec1fee20ed1fee21ee1fee1df01bef18f117f115f111f110f10ff30bf20bf308f407f305f305f3
CSIX,1687006195,024353490001,-67,6,128,433004000802070106010500040002000100ffffff00fe00fd00fb01fa01f901f702f602f504f403f404f303f203f103f002f203f10100000000000000000000000000000000000000000000161f1521142314241324112510250f240e240f240d260e230d200d1f0c1a0c1b0c180c140d120c100c0f0c0c0c0a0c0a0d070c06
CSIX,1687035251,024353490001,-67,6,128,43300400f703f804fa04fb02fb02fd02fe01fe02ff0000ff01fd00fd02fc02fa02fa02f804f704f604f605f405f506f407f407f407f500000000000000000000000000000000000000000000dbf7dbf4daf3daf2dbf2dbefdcefddeedceeddedddecdfede2eee2f1e5f3e3f4e6f7e9f8eaf9ebfbecfceefdeffff000f101f303
CSIX,1687064787,024353490001,-67,6,128,4330040004080407050603040404020203020102010100fffefffffffdfffcfffbfefafdfafdf9fcf9fcf7fcf8fbf7fbf7faf7fbf7fa00000000000000000000000000000000000000000000fc21f922f822f724f723f423f423f320f321f321f222f320f31ef51df719f71afa17fb15fc15fd13ff110011010f020e020e040c
CSIX,1687154745,024353490001,-66,6,128,43300400f706f905f905fa05fb04fc03fd02fd01fe01fefffffdfffdfffcfffbfffa00f900f801f700f701f501f502f502f403f404f500000000000000000000000000000000000000000000dcffdcfddcfcdbfbdbfbdcfadbf9ddf8ddf8dcf8def7def7e0f8e2fae4fae3fbe7fdeaffeaffec01ee02ee03f004f105f206f406
CSIX,1687184574,024353490001,-67,6,128,43300400fc09fa09fa0bfa09fe0bfb060103fc01f9fefe04fefe01ff02fc00fc00fcfdf7fefbfef9fff4fff501f501f402f203f402f400000000000000000000000000000000000000000000e206e0ffdcfedbfce203e0fddbfadbfcdefadc02def9dcfbe1fde4ffe400e6fde3fcee01ea00ec02ee05ef06f103f506f509f307
CSIX,1687214586,024353490001,-67,6,128,4330040008fb07fa07fa05fb04fb03fc01fc00fdfefdfdfefcfffb00fa00f902f803f703f705f605f605f506f406f406f306f306f30500000000000000000000000000000000000000000000220d2310211122132112211520161f151e161d151f171e151a141a121710170f150c140914081206110410020e000eff0efd0dfc
CSIX,1687244533,024353490001,-67,6,128,43300400fc07fd06fe06ff05fe03ff02ff01fd01fefffefefdfdfdfbfcfbfbfafaf9fbf7faf6f9f6f9f5faf4faf4f9f3faf3faf3fbf300000000000000000000000000000000000000000000e011df0fdd0fdc0edd0fdb0cda0ddd08dd0bdc0adb0bdd0be009e30ae507e60bea0beb0aec0cef0bf10af30bf50bf60cf80bf80a
CSIX,1687274880,024353490001,-67,6,128,43300400f8f8f9f9f9fafafbfafcfcfcfdfdfefefffe00fe02fe02ff04ff06ff060008000800090009000a010b010b020c020c020b0300000000000000000000000000000000000000000000fddb00da01da01da02da04da05d906dc05dc05dc05da04dc04de02e003e302e300e7ffe9feeafdecfbedfbeffaf1f9f2f9f2f8f4
CSIX,1687305503,024353490001,-67,6,128,433004000bfb0bfb09fa06fb07fc04fd04fc04fe02ff0100ff00ff02fe03fd05fc05fb06fb07fa08f909f809f909f808f709f609f50900000000000000000000000000000000000000000000270c270f281128122712271526152215231423152416221420121f101c0e1d0d1a0a1808180616041502140111ff12ff12ff11fc
CSIX,1687337755,024353490001,-67,6,128,43300400f105fd06fa03f705f906fb06fc06ff01fd02fc020001ffff03ff05fe04fd02fa05fa04fb03fb05fa05f904fa06fa05fa07fb00000000000000000000000000000000000000000000df06de02dc03d902dcffddffdbfcdffbdefbdffbe0f8e0fce3f8e2ffe5fee302e9fde901edfded03ef03f2fff107f205f406f90b
CSIX,1687396285,024353490001,-67,6,128,43300400f3fff400f600f602f702fa02fb03fc03fd03fe03ff03000202040403050306030703080308030a030a040a040b050b050a0500000000000000000000000000000000000000000000e5e5e7e1e7e0e7dde9deeaddecddeedeefdeeedeeeddeedef0e1ebe3f2e7f1e7f3e9f2edf1eef1f0f2f4f2f5f3f8f0f8f0faf1fb
CSIX,1687426708,024353490001,-67,6,128,43300400f807f907fb07fc06fd07fe0500050004010202020201020004ff05fe05fd05fb06fa07f907f908f808f809f80af80af70bf900000000000000000000000000000000000000000000d9fed8fbd8f9d7f9d8f8d8f6d8f4daf5daf4dbf5daf4dbf6ddf5e0f7e3f8e2f9e6f9e8fde9feebffec01ee02f003f104f207f306
CSIX,1687455510,024353490001,-68,6,128,43300400fa08fb07fc07fd05fe06ff05ff03000301020202020002fe03fe03fc04fb04fa03f904f804f705f605f606f607f607f608f700000000000000000000000000000000000000000000df07df05dc04dc04db02db01ddffe3fede00db01dcfddf00dffbe2ffe801e601e802eb03eb04ee04ee06f006f206f307f408f708
CSIX,1687487653,024353490001,-66,6,128,433004000b040a0407020804070105fe050104fc01ff01fe00fcfefdfefcfafdf9fcfcfcf9fef8fbf7fcf7fcf7fbf6faf5f8f5f9f5f700000000000000000000000000000000000000000000161b141b131e131f111e0f200f210929101f0e1b0d220d1f04200d1b0a170f180c150b120d100c0f0a0e0b0f0b0c0b0b0d090b08
CSIX,1687519275,024353490001,-66,6,128,433004000d000c000bfe09fe08fe07fd06fd05fc03fc03fb02fc00fd00fdfffefefefdfffbfffbfffafff9fff8fef8fff7fff7fef6fe000000000000000000000000000000000000000000001f0f1f121e121f151e151d171c181a18191819181a1a1a1817161815151216131410130d140c130b120a12081006120512041003
CSIX,1687550440,024353490001,-67,6,128,43300400020d030b040a04080308040504030502050006000301050001fe02fe02fc02fc02fb01fa00f9fff8fff8fef700f600f701f600000000000000000000000000000000000000000000f423f122f022f022ef21ed1eed1fec1ceb1ded1de91bea1aec19ef19f218f119f515f614f814f813fa13fc10fd11fe10fe110111
CSIX,1687575122,024353490001,-67,6,128,43300400f2fff300f502f601f603f804f904fa04fc04fc05fd05ff0400050104030404050505060507050805080609060a070906090700000000000000000000000000000000000000000000e1e8e1e6e3e4e2e2e4e1e6dfe7e0e9e0e9e0eae0ebdfebe0ede2ede5efe7eee7f0ebf0eff0f0f0f2f0f5f0f5f0f8eff9effaf0fc
CSIX,1687604734,024353490001,-67,6,128,433004000cfd0bfc09fb08fb08fa06fb05f903f902f901f900fafefbfcfbfcfcfbfcf9fcf7fcf6fcf6fcf5fcf5fbf4fbf3fbf3fbf4fa00000000000000000000000000000000000000000000200f20121f1420151f151e171c19191719191a18191a18171716171413121412130f120c110b1109100611060f030f020f000fff
CSIX,1687634604,024353490001,-68,6,128,43300400fb0cfc0dff0cfe0bff0a000a020902080306040504040403050306020700070009fe08fd09fc0afc0afc0afb0bfb0cfc0cfc00000000000000000000000000000000000000000000e113df11df0fdc0fde0edc0cdc0bdd09df08dd07dc07df07e106e208e607e607e906ec08ec09ef09f00af20af40af40cf60ef70d
CSIX,1687664643,024353490001,-67,6,128,433004000a090b090c070b060c050c030b020b010a0009ff08fd08fc07fb07fa07f906f806f706f704f505f504f404f305f304f305f300000000000000000000000000000000000000000000072602260028fe29fe28fb28f928f824f725f825f627f824f721fa1ffa1cfb1dfc1afe17001601160213041206100710090f0a0d
CSIX,1687725127,024353490001,-68,6,128,4330040001f101f1fff2fef2fdf3fcf3fbf5faf5f9f6f8f7f7f8f6faf4faf4fcf3fcf3fcf2fef0fdf1fef0fef0fdf0fdeffdeffeeffb000000000000000000000000000000000000000000001ee920eb20ee23ee22f023f124f422f622f721f724f820f81ef91cf818f918f715f812f711f510f60ef50cf50af409f307f106f1
CSIX,1687755724,024353490001,-69,6,128,43300400e9eae5e9e3f0e3f1e3f5e4f7e5f8e3fde6fde302e506e809e80de40ce60fe716e616e717e51ee61ee81ce620e21ce21be61c000000000000000000000000000000000000000000000ca715a91da81ea720ae29b027af2db72ab72eb72dba2dbb28bf21c91dcf1cc916d30fd70cd706d802dbfedcfaddf4def3def0df
CSIX,1687784536,024353490001,-69,6,128,43300400f3fff101f403f503f503f404f705f705f906fa07fc08fd09fe0bfe0afe0b000d010d000e000d000fff0f010f010f0110ff1000000000000000000000000000000000000000000000e9e9ebe6ede4ede4efe4f1e3f3e3f5e3f7e3f4e5f3e5f4e6f6e8f5eaf7ecf6edf6eff7f2f6f3f6f4f5f6f5f7f4f9f3fbf2fcf3fc
CSIX,1687856988,024353490001,-68,6,128,433004001101110112ff10ff11fe10fc0efb0ef90df80ef70bf60bf40af30bf10cef0cee0bee0ced0cee0ded0cee0eee10ee10f010f100000000000000000000000000000000000000000000141d111e11200e200c210b2008200720051f041f0320041d031a0318041505140511060f080e080c0a0b0b080d060f0711061105
CSIX,1687880755,024353490001,-68,6,128,43300400ef0bf10bf30bf107f50df30cfa0af90cf90dfa0ffc0dfd0ffe100010001200130013001400130014fe14ff15fe15fe15fb1400000000000000000000000000000000000000000000e3f8e2f5e3f3e3f1e5f0e6eee7edeaeeebeeebeeebededeff0eef0f2f2f4eff5f3f8f3fbf0fff3fef400f101f304f105f109f107
CSIX,1687936819,024353490001,-67,6,128,43300400f4f6f0f8ebf9eff6f0fcf201e902ec01f501f30bf00df107f608fa12f319f014f60efb12fc17f41bf311fd12fc1bf61bf315000000000000000000000000000000000000000000001bec21ee20f21ef21ef220f21df21bf61af215f71cf11df318f515fb0df10ff10cf803f700f101f0fff2fbf4f5f3f8f1f4f1f3f4
CSIX,1687966391,024353490001,-68,6,128,43300400ef0bf00df20cf30cf30df40ef80df80dfa0efb10fd10ff11001301110114011501150215021501150116011700180017fe1600000000000000000000000000000000000000000000defeddfaddf8dcf6dff6dff2e0f0e3efe5efe5efe5eee6f0e9f1eaf3ecf4edf5eef9f0fbf0fef1fff102f004f106f007ef0bee0a
CSIX,1687994979,024353490001,-67,6,128,43300400f20ff211f410f50ff610f710f90ffa0ffb0efd0fff0fff0f011101100212021303120313041103120313031302140213001300000000000000000000000000000000000000000000e10be008df06de04df02de00dffee1fde2fce2fbe2fae4fae7fae8fdebfdebffee01f002f004f106f208f10af20af20df10ff00f
CSIX,1688056083,024353490001,-66,6,128,43300400eef0efefedf4eff2eef4eef5f1f9eef7eff8edf9effaeefdedfcecfee8fce8feebfeebfde9ffebfdeafbeafdecfeecfbecf900000000000000000000000000000000000000000000f0e3f3e4f6dff8e0f8e2fbe0f8defee3ffe302e203dd01e300e8ffe9fde8feebfbeefaedfbecf7f1f6f0f5eff0eff1f1eff0f0ee
CSIX,1688085104,024353490001,-65,6,128,43300400170517051703160315021501130015fe14fd15fc14fa14f914f914f916f816f816f817f815f916fa15fa15fb16fb15fd15ff000000000000000000000000000000000000000000001a101913181417171517141a111a10190e1a0e190d1a0d180b160c140b110c120c0f0d0c0f0c100a110813091207140717071806
CSIX,1688114762,024353490001,-65,6,128,43300400e7ffe600e803e901e903e903eb05ea05eb06ea08eb09ec0aea0aeb0bea0cea0cea0bea0bec0aea0aeb09eb09ea08eb07ea0500000000000000000000000000000000000000000000e2f6e2f2e3f0e3eee5eee5eae7ebe9eaebeaeceaece8ece9eeebeeeeeff0eef0eff2eff5eef6edf8edf9ecfaecfce9fbe7fee7fe
CSIX,1688144864,024353490001,-65,6,128,433004000fee10ec0dec0ded0cec0cec0aed09ec07ed06ea04eb03ea03e803e903e603e702e704e704e805e805e805e906e906e908eb000000000000000000000000000000000000000000001cef1ff31ff520f61ff821fa20fd1ffe1f001dff1e001d001b0119ff17ff17fd14fc12fa13f812f811f612f50ff311f212ef11ee
CSIX,1688204938,024353490001,-65,6,128,43300400ffe9fee7fce9fce9fbe8fbe9faeaf8eaf9eaf6e9f6eaf5ebf4eaf3eaf3e9f3e9f4e9f4e9f4eaf5e9f7e9f8eaf8e9f8eafaea000000000000000000000000000000000000000000000be30de30fe411e312e615e616e815ea16eb17ec18eb16ed16ee13ee11ef11ee0eef0cef0bee0aee08ee07ed06ed04ec03ea03e9
CSIX,1688325515,024353490001,-65,6,128,4330040005e505e303e402e501e401e4ffe600e5ffe5fee4fde6fde5fde4fde4fde2fee3fee4ffe3ffe600e602e702e803e803ea05eb000000000000000000000000000000000000000000000beb0deb0fec12ea11ec14ec14ef13f014f113f215f213f211f30ff10ef20ef10bf009f00aee09ee06ec08eb05eb05e805e605e6
CSIX,1688355689,024353490001,-65,6,128,433004000ded0feb0ceb0cec0cec0cec0aec09ee07ef08e908eb08e909e808ea0ae80ae90ae90be90beb0beb0eed0bf00def0def0cf0000000000000000000000000000000000000000000000ff211f311f414f513f615f815f914f914fc13fb14fb13fa13fa10f910f90ff70ef70cf60ef50df50bf20df20bf10cef0eec0eeb
CSIX,1688446429,024353490001,-65,6,128,433004001707190818061706180718071806180518041903180218021a0318021b051b031a051905170618081508150814081308120900000000000000000000000000000000000000000000120c110f101010110f120d130c130b140a140a140a140a120a120b0f090e0c0f0b0d0c0a0d0b0e0a0f0811091207140918081808
CSIX,1688506851,024353490001,-65,6,128,43300400f7e6f7e5f9e7f5e8f4e6f5e7f6e3f4e7f4e9f3e8efe7f3e9f2e8f2eaf0eaf2e7f3e9f3e8f6ebf6e9f8e9f9ebfbeafaedfbec0000000000000000000000000000000000000000000002ea04ea08ed07ea0aea0be911eb0bec0cee0aee0bf109ee09f007ef09f206ed03ef02f0fff102f0feeefdedffeffaebf8e8f9e8
CSIX,1688570157,024353490001,-66,6,128,43300400d504defaecf8e9f0e1fee9f6ddffe5f9e901edffe304e502e802e802e501e201e401e500e600e6ffe7fee8fee9fdeafeebfd00000000000000000000000000000000000000000000f4ebf6ebf7e9f8e9f7eaf7ebf9eafce8faeaf9e9fae9f8eafdebf8edf9eff7ecf6f0f6f3f6f5f1f5f2f6ebf0eef4edf7f3ffdcee
CSIX,1688594784,024353490001,-65,6,128,4330040015f917f915f815f815f816f714f814f514f515f414f414f415f414f516f416f416f516f615f815f814fa14fa14fb13fc13fe00000000000000000000000000000000000000000000130113041305140613071308130a1109110b100a110b10090f090f070e060f060e040d020f010f010ffe11fe0ffd13fc14fa14fa
CSIX,1688626468,024353490001,-66,6,128,43300400f514f515f615f613f615f715f713f816f814f817f916fa16f817f916f817f817f816f716f814f714f613f512f512f510f40f00000000000000000000000000000000000000000000ef0aee08ec08eb06ec06eb05ec04ed03ec02ed02ed01ee03ef02f004f204f105f306f406f407f408f70af60cf70df60ef511f612
CSIX,1688689086,024353490001,-65,6,128,4330040000e2efe8f2e1eee8f4e3f6e8f9eaefeaefebf4e3f4e7efeae9e9f4eaece8ede8eee7efe7f1e8f2e8f3e8f4eaf3e9f5eaf7e9000000000000000000000000000000000000000000000aed0ced0ded0eee0dee10ef0eef0ff10ef20ef310f10ff20ef208f20af30af203f004ee04f801ed01ee08e7f8e9fbecf2e1fce0
CSIX,1688704151,024353490001,-65,6,128,4330040008e908e607e608e707e707e606e705e705e605e404e504e505e304e505e206e306e207e407e508e509e70ae90ce80bea0bec0000000000000000000000000000000000000000000011f313f414f515f514f715f815f914fa14fb14fb14fb14fb11fb10fa0ffa0ff90df80cf70bf50af508f309f107f109ee08eb08ea
CSIX,1688730307,024353490001,-66,6,128,4330040018fc1afb19fb19fb19fb1afa18fa18f917f91af718f718f619f718f71bf61af71af81bf719f91afa19fc18fc1afd17fe170100000000000000000000000000000000000000000000120a120c110d110e100f0f100e100c100c100b0f0b100b0f0b0e0b0c0b0a0c0a0c070c060d050d030e020f0110ff13ff15fd17fd
CSIX,1688756051,024353490001,-66,6,128,43300400e6fbe3fddcfbeefce8fbe4f6eaf1ecf9e6ffe4ffeb03e6fee6ffe402e6ffe401e300e401e305e1fee7fce6fee9fae6fae7f900000000000000000000000000000000000000000000f9eefbeff2ed01ecfce7fde705e105eaffed00ecfded00ef00f001f1f7edf8eef9f6faefeafdedf5f7f8f0f6f2ede9fce8faebfa
CSIX,1688808310,024353490001,-66,6,128,4330040008e508e408e507e407e407e309e604e405e403e306e402e302e202e204e203e004e102e105e106e307e309e40be20ae60be80000000000000000000000000000000000000000000014f716f918fc17fb17fc18fe150115001500150114ff120010ff0ffe0dfd0cfb0cfa0af90df608f606f306ef0cef06ec08ea07e8
CSIX,1688823391,024353490001,-66,6,128,43300400f8e8f8e8f7e6f8e8f9e7f8e6f9e7f8e8f6e8f3e7f3eaf2ebf4e9f3e8f4e8f2e5f4e7f6e4f8e6f8e6fae7f9e6fae6fbe8fee90000000000000000000000000000000000000000000009ed0bef0dee0df00fef0ff110f310f510f60ef50ef40cf50bf508f508f706f405f504f402f401f400f2fff1fdf0faeef9ebf9ec
CSIX,1688849493,024353490001,-66,6,128,43300400e70af01aeb17f216f019eb17ec15f315f112f61df81bf718f218f91bf31bf61bf41af41af418f418f217f316f317f315f21400000000000000000000000000000000000000000000ecf8edf6edf4edf4edf4f0f3eef3f1f4f2f4f3f3f0f2f0f3f1f3f5faf2faf1fbf8fef803ee00f604f606fd0bf102f00be608ed08
CSIX,1688954683,024353490001,-66,6,128,43300400e9f3e7f3e7f5e7f4e6f5e5f5e6f7e5f9e6f8e2f9e3f9e3fae1fae1fbdffbdefadefadef9e1f8e1f7e2f6e3f5e3f3e5f4e7f20000000000000000000000000000000000000000000000e604e605e607e606e809e809ea09eb09ec09ed09ee07ee07ef04f003f201f1fff3fdf4fbf3faf5f7f6f6f5f4f7f1f5eef4ecf3
CSIX,1689016732,024353490001,-66,6,128,43300400fd13fe15ff15ff160016011701150215041605180517071806190719071b081c071b071b061b051b031a021a011c0019ff1900000000000000000000000000000000000000000000e805e703e601e602e700e6fde8fce9fceafcebfceafbecfceefdeffef2fff100f302f503f605f706f807f909fa0afa0df90ffb10
CSIX,1689044668,024353490001,-66,6,128,433004001207150816061606170617051705170318031b021a011aff1c001cff1eff1f0021001f001e011f031d031c041d051b061b0800000000000000000000000000000000000000000000fc1af91bf819f61af618f419f417f314f314f414f314f412f610f810f90efa0ffc0dfe0b000b020a0409060a07080a090d090f08
CSIX,1689074932,024353490001,-66,6,128,4330040000f20befffe706ea08e7fdecf9eaffedfaeffeeaffeaf4e1fce4f8e3f7e9fee8fae9f2e3fde4f9e4fde4ffe6fde4fee903e600000000000000000000000000000000000000000000130b180e141218141b0c191215140e150c130e0a0f13130a08120c0c09070b010d08080208ff0a0205fc0bff05fd0afa05f206f7
CSIX,1689106780,024353490001,-66,6,128,433004000df10eef0cee0ded0cec0ceb0beb0aea08e908e606e606e607e407e309e208e108e109e10ae30be30ce50ce50de50de60ee8000000000000000000000000000000000000000000001709170c160e170f140f13111211101010110f100f110e0e0d0e0d0c0c0a0c090c070a040b020b010bff0bfc0afb0bf80cf50cf4
CSIX,1689134676,024353490001,-66,6,128,4330040007ec08ea06ea06eb04e905e904e803e702e601e500e6ffe5ffe3fee3fee1ffe0ffe0ffe000e101e103e203e205e205e307e40000000000000000000000000000000000000000000019ff19021a031a051a061807180816081609140a140a1409110811060f050f040c010c000cfe0bfd09fa09f907f708f509f308f0
CSIX,1689165038,024353490001,-66,6,128,4330040009130a140c130b140c130e130d120f110f121312121114101411161018121813181317141613151514141315131711160f1600000000000000000000000000000000000000000000ed12ec11eb10e910e90de70ce90be909ea09eb08ea08ea07ee07ef07f206f208f608f707f809fb09fd0aff0b010b020e05100611
CSIX,1689194755,024353490001,-66,6,128,43300400f3edf2edf1eef2eeefeeeeeeeeefecefecf0eaf0eaf2e8f2e7f1e6f1e5f0e5eee6efe4efe7efe8ede9eceaebebe9ececedec000000000000000000000000000000000000000000000ce90fe911ea12eb12ec15ee14ef13f013f214f314f412f411f40df40cf50af408f506f504f502f500f5fef3fdf4faf2f8f0f6f0
CSIX,1689259439,024353490001,-66,6,128,43300400ec04ec05ec09ea08ee08e909ec09ed09f00bee0def0eee0fed10ee10ec12ec12eb12eb11ec0fea0fea0eeb0eea0dea0ce90a00000000000000000000000000000000000000000000f0eff1edf2eaf2ebf4ebf6e9f7eaf9ebf9ecf9ecf9ecfaeef7eff7eff9f2f7f3f9f4f7f8f8f8f7f7f6fbf4fff501f000f000ef03
CSIX,1689314808,024353490001,-66,6,128,43300400f30ef20ff310f30ff411f411f511f612f611f613f714f815f816f816f717f619f618f618f517f517f216f315f114f111f11700000000000000000000000000000000000000000000e6ffe6fde6fce6fae7f9e8f7e9f6ebf7ecf6ebf5edf5eef7eff7eff8f1f9f0faf1fcf3fef3fef301f502f404f505f408f30af30c
CSIX,1689344552,024353490001,-66,6,128,43300400eff1eef1edf2eef2ecf2ebf3ecf4ebf5ebf5e8f5e8f8e8f9e7f9e5f9e4f9e2f7e4f7e3f7e4f6e4f4e5f4e5f2e5f1e7f1e9f00000000000000000000000000000000000000000000001e403e405e306e408e409e60ae70be90be90ce80ce90bea09ec08ec06ee06ee04f002f001f100f1fdf2fcf2faf3f7f2f5f2f4f2
CSIX,1689374844,024353490001,-66,6,128,43300400f513f515f714f714f816f815f915fa15fd15fd18fe160017ff1a0018001b001d001dff1dfe1bfd1cfc1cfb1bf91cf91bf71900000000000000000000000000000000000000000000e609e507e504e303e502e400e6ffe6ffe7fde8fee7fde8fee9ffeb00ec00ec01ef02f103f005f206f407f408f50af50cf50ff511
CSIX,1689405095,024353490001,-66,6,128,433004001408160916071607170617071605170415021802170018ff190019ff1bff1cff1c001c011b011b021a031a031b041a051907000000000000000000000000000000000000000000000b170919081a061b041a021b021a0019ff18ff17ff1901170115021502130314041104100610070e080d0a0c0b090d0a100a1109
CSIX,1689434633,024353490001,-66,6,128,43300400f513f514f714f613f713f614f813f913fa13fb15fd15fd15fd17fe17fe18fc1afd18fc18fc18fa18f916f917f817f816f71400000000000000000000000000000000000000000000ea0ae808e706e605e704e702e701e8ffe800e900e800e900eb00ec02ed01ec01ef03f004f104f305f407f408f50af50df50ff510
CSIX,1689464650,024353490001,-66,6,128,43300400081609180b1709170a170b160b140c140d140f140f12101112141213121413151216111710160f170d170d170c180c17091700000000000000000000000000000000000000000000fb1af81af61af41af11af119f017f014f114f213f114f214f413f613f611f613f911fb11fb12fd11fd1102120211041405140516
CSIX,1689495413,024353490001,-66,6,128,433004000f10100c09110d120b0912110f0c0f0710090e060e0d0d0c0f11120e140b0e0d13100f0e10100f0f0a0c0a100c100b120b13000000000000000000000000000000000000000000000d1205120413091b040e011c031601140511fc1700100312ff0e0110020aff14030efc12040b070e0908080c0d0c0a150c0c0f0f
CSIX,1689525488,024353490001,-66,6,128,43300400fa16f917fc17fb16fb17fc17fd15fe15fe15001600150216011702170219021a021901190118ff18fe17fe17fd17fc16fb1500000000000000000000000000000000000000000000f113ef11ed11ec10ec0eea0dea0ceb0aeb0aea0aea0aeb0aec09ed0aef09ee0bf10bf20bf30cf40cf60df60ff70ff812f914f814
CSIX,1689586533,024353490001,-66,6,128,43300400e90ee90feb11eb0feb0feb11ec0eef10ef10ef12f013f114f115f114f016ef18ef17ef17ee15ed14ec13ed12ec12ec10eb0e00000000000000000000000000000000000000000000e606e504e501e301e500e4fde5fce6fbe6fae6fbe5fbe7fbe8fbe9fcebfceafeebffed01ec00ec03ee04ed06ee07ec09eb0cea0d
CSIX,1689619774,024353490001,-66,6,128,433004000f131013111210101011110f110e120e130d150d140b150a160b170b180c190c180c180d170e160e150f140f151114101112000000000000000000000000000000000000000000000918061b051c021c011dff1cfe1bfc1afc1afc1afb1bfc19fc18fe16fe14ff1600130113031205120611071109100b120d140e14
CSIX,1689645137,024353490001,-66,6,128,4330040013fa15f912f713f812f712f50ff411f40ff410f20ff10ef010ef0ff011ee11ed12ed12ee11ef12ef12f112f113f113f214f40000000000000000000000000000000000000000000017051808170b170c150d140d14110f0a1414100b120d130f110f090e140b0e0c0e0a0d070e060e040e020f010eff11fe12fc13fb
CSIX,1689674614,024353490001,-66,6,128,43300400faecf9ecf8eef7eff7eef6edf8eef5eef5eff2edf2eff2eff1eef0eeefedefedf0edf0ecf1edf1ecf3ecf4ecf4eaf5ebf7eb000000000000000000000000000000000000000000000be90ee90fea11eb11ec13ee12f012f113f212f213f312f410f40ff40df50bf10af509f40af406f402f404f301f201f2fef1fcef
CSIX,1689705191,024353490001,-67,6,128,43300400fe11ff13021201120113021303130413051207140813091309140a130b160a160a160a16091509170716071406160515041700000000000000000000000000000000000000000000e809e706e704e503e703e600e700e9ffeafdeaffe9fdeb00ecffee00f000f102f202f402f605f606f807f907fa09fb0cfd0efc10
CSIX,1689734701,024353490001,-67,6,128,43300400f7f0f6eff5eff6eff4edf3eef4eff1eff0f0f0eeedf0edefedeeecf0edefebefebefeceeedeeedefefeeefeeefedf0eef2ed0000000000000000000000000000000000000000000013f114f416f417f616f717f816fa15fb14fc13fb14fc13fb10fc0ffb0cfb0cfb0afa08f905f902f804f902f6fef8fdf6fcf2faf2
CSIX,1689764655,024353490001,-67,6,128,433004001405160516041703170318031702190019ff1bfe1afd1afc1bfc1cfc1dfc1ffc1efd1efe1dfd1cfe1b001bff1c001b011b0300000000000000000000000000000000000000000000fc19fa19f818f719f717f516f415f513f513f511f512f611f80ff90efa0dfb0cfd0aff09010a02080507080708040d050f051105
CSIX,1689796639,024353490001,-67,6,128,43300400eeeeededecefedefecf0ebefebf1eaf2eaf1e6f2e7f2e6f3e5f3e4f4e4f3e3f2e3f2e4f1e5f2e4f0e7f0e8efe8efe9efeaee000000000000000000000000000000000000000000000deb10ed12ee13ee12f014f213f312f411f411f511f510f60ef60cf60af809f605f703f702f700f7fdf7faf5f9f6f5f3f3f2f2f2
CSIX,1689854587,024353490001,-66,6,128,4330040005e705e404e604e604e503e402e501e400e500e2fee3fee3fee2fde2fee0ffdfffe0ffdfffe100e102e202e204e204e406e50000000000000000000000000000000000000000000017fb19fd19fe19011801170317031504140314031504120310020f010d010dfe0afd0afb0afa08f806f606f405f305ef05ec05ea
CSIX,1689884832,024353490001,-66,6,128,4330040011eb10ea10e90fe90fe910e80fe80ee70de70de40be50ae40de40be30de30fe20ee30fe30fe610e60fe710e712e711e912ec0000000000000000000000000000000000000000000018031806180717091609150a140c120b120b110b120b110a10090e070d050d040b020cff0bfe0bfc09fa0cf70af50df30ef00fee
CSIX,1689919033,024353490001,-66,6,128,433004001504160417021504180318021802180018011bff18ff19fe1aff1aff1bfe1bfe1bff1bff1a001a00190119021903180417050000000000000000000000000000000000000000000007150516041702180117ff16fe15fe14fe13fd13fc12fd11fe10ff0f000c010c030a040a0608070708060a060b040e0610051205
CSIX,1689946860,024353490001,-66,6,128,43300400081709190b170a170c190c180d170e190e170f190f1610161118101811191118111810190f170f180d190d180b190b18081900000000000000000000000000000000000000000000ef13ed12eb11ea0feb0de90cea0beb0aec09ed08eb09ed09f008f108f407f508f709fa0afb0afd0b000c000e020d031107140714
CSIX,1689987449,024353490001,-66,6,128,43300400021e051b031606180c18051b071708170c1905210a1a0c1605120b180d1a0d190d1c0a1a0b19071a09190a19071b0719011a00000000000000000000000000000000000000000000ee14ed12eb10e80ee90fe90ce80bea09eb09ea06ea06ec06ee05f207f406f308f608f807fb0bfe0efd0d000dfd11021102160614
CSIX,1690007008,024353490001,-67,6,128,43300400eb0ce90eeb0eea0eea0ee910ec0fec10ed10ed13ee12ef14ed15ef14ed15ed15ed16ec15ec14ec14ec12ed12ec11ed10eb0e00000000000000000000000000000000000000000000e9f3eaf0ebefeaededeeeeebf0ebf3edf3ecf3eef3eef4eff5f1f6f3f6f5f6f7f6faf5fdf4fef400f302f203f204ef07ed09ec09
CSIX,1690038682,024353490001,-66,6,128,433004000316071504150319031a041203160b170a1407110a1209160c1509140f160e130f160d160a120915081409150c150b14071400000000000000000000000000000000000000000000ec0eec0cec09eb07e90ae706e606e801ee02f000ec05eb04ee02ec01f201f607f509f70afa06f906fd0afa0bfe0bfd1100130015
CSIX,1690066525,024353490001,-67,6,128,43300400eeefecefecf1edefecf0ebf0ecf1ebf2ebf3e9f3e9f5e8f6e8f4e7f5e6f4e6f4e7f3e7f3e7f3e8f2e9f2eaf2e9f1eaf1ecf00000000000000000000000000000000000000000000002e606e607e609e70ae80ce90cea0ced0ced0ced0ced0bee09f007f106f304f202f400f4fef3fcf3faf3f8f2f7f3f3f2f2f2f2f0
CSIX,1690094634,024353490001,-67,6,128,4330040015f516f516f415f416f316f315f414f215f314f113f112f113ef13ee14ee15ee14ef14ef14f014f114f215f215f314f415f600000000000000000000000000000000000000000000170a150c150e14101311111110120d110d110c100c110a0f0a0e0b0c080a0a080a060a030b020c010cfe0efd0dfc0ffb11f813f7
CSIX,1690124582,024353490001,-67,6,128,433004000ced0dec0aeb0ae90beb09eb07e909e907ea08e705e804e903e806e907e506e805e507e507e706e808e907ea07e808e909ec0000000000000000000000000000000000000000000017ff190219031904180518061508130913091207110812070f0610030d020c02090009fe0afb0afb08fa0af605f607f30aef0af0
CSIX,1690157141,024353490001,-67,6,128,43300400fe18fc1afe19fc17fb20fa1af719fe1efd16fe1f0119ff190120001bff1eff1d001bfe1d0118ff1cff1dfb1afa20fc1af91900000000000000000000000000000000000000000000e70de70be706e406e605e703e603eb03e800e900ebfeedffed01f1fff400f603f403f40af808f60bfd06f60bf90cf90ffc190112
CSIX,1690184886,024353490001,-68,6,128,43300400f516f618f618f717f718f819f818f919fa18fa1bfc18fd1afd1cfc1bfc1dfc1efc1cfc1cfc1bfb1cfa1bfa1af81bf819f61900000000000000000000000000000000000000000000e603e5ffe6fee4fde6fce6f9e9f8eaf8ecf9ecf8edf8edf9effaf1fbf3fdf3fff501f604f705f708f80af70cf70cf70ff612f614
CSIX,1690215077,024353490001,-70,6,128,433004005208561156ff500d4f0453064a06510541014ff249f154ef51f04eea5fee5def58ee55fa490342fc3f0041fe4e0140013d05000000000000000000000000000000000000000000001c372f480e4b0e4914290e38193a045212301c3b0a450c3d10370c300b310e2a1a23141e1f16221b22152f1626123316410e4115
CSIX,1690244815,024353490001,-68,6,128,43300400ecf1ebf0eaf2eaf2eaf1e9f1eaf3e9f4e9f5e6f5e8f7e7f6e6f6e6f7e5f6e5f5e4f6e4f5e6f5e6f5e8f4e8f3e7f2e7f3e9f10000000000000000000000000000000000000000000001e704e706e707e708e909e909eb0aed09ee09ed08ed08ef07f005f205f403f100f4fbf7faf3f9f4f7f5f6f3f5f5f1f4eff2eff1
CSIX,1690275651,024353490001,-67,6,128,4330040019ff1aff18fd18fd18fd1afd1afc17fa1afa1bf918f819f61af61af61bf61bf51af71bf619f81bf81bf719f91bfa1bfb1afe0000000000000000000000000000000000000000000010140b140b160a170a1608170516051504140615041403120410050e050d060b07080a070b060c040e0310031002120215011601
CSIX,1690340148,024353490001,-67,6,128,43300400ebf2eaf2eaf4ebf3eaf4eaf4ebf5e9f6e9f6e7f7e8f8e7f9e6f8e6f8e6f7e4f7e6f7e5f6e7f6e7f5e7f5e8f4e8f3e9f3ebf200000000000000000000000000000000000000000000fdebffeb00ea02ea02eb04eb04ec04ed06ee04ee05ee04ee03f001f101f3fef3fdf5fbf5f9f5f8f6f6f5f4f5f3f6f0f5eef4edf3
CSIX,1690365704,024353490001,-67,6,128,4330040012ea12e90fe90feb0fe90fe70de80be70ce60ce40ce609e40be30ce20de20de10de20de40ce50ee40ee50fe611e610e812e9000000000000000000000000000000000000000000001800190319051906190617081509140a140b120a120b12090f080e050d040d010aff0bfd0bfa0bf90af60df40bf20ef10fed0fed
CSIX,1690426562,024353490001,-67,6,128,433004000aed0ded0dec0aee0ee90de70bee0be809e507e806e40ae608e90be806e108e50ae506e807e80ae509ea0ce90be70aea0cec0000000000000000000000000000000000000000000015ff16ff16021602160415051406130612071106110810060f050e040c020e010bfe0bfa08f608fa08f909f306f00ef208ea0eed
CSIX,1690455007,024353490001,-67,6,128,433004000f130f1410131013101211131111111211111212121112101311141114121312131113111110121110120f110e130e120c1300000000000000000000000000000000000000000000fc14f914f714f714f614f412f411f410f410f40ff40ef50df60bf80bf90afb0bfd0a000a020b030b050b070d080d0a0f0c100d10
CSIX,1690518204,024353490001,-67,6,128,43300400160f1610160d160e180e170e170c180c170b190b180b180b190b190b190c1a0b190b190c180b190c150d160d170f140e16100000000000000000000000000000000000000000000006160417021701190018fe18fc17fd15fc16fc15fb14fc13fd11fe10ff0e000e020d050b060c080b0a0b0c0b0d0b100c130d140e
CSIX,1690548946,024353490001,-67,6,128,433004000fee12ec0fed0fed10ec0fed0fec0eeb0dec0ee90cea0bea0bea0bea0ce80ce90ce80de90dea0deb0eeb0eed0eec0eed10ef0000000000000000000000000000000000000000000015fe1500160116031603160514051305130612061207110610050e040d020d010c000afe0bfb0afa0af80bf60af50cf20def0eee
CSIX,1690665762,024353490001,-66,6,128,4330040003e302e402e503e702e300e504e8ffe3fee702e4fce4fee800e4fae4fee5ffe2fee4fee4ffe400e404e405e404e504e606e80000000000000000000000000000000000000000000010ed11ee12f115f014f216f515f613f814f813f813f911f810fa0ef70bf90cf809f506f608f407f1fef106f005ec02eb03e802e6
CSIX,1690724591,024353490001,-66,6,128,43300400f1eaf1e9efebf0ebf0eaeeeaefedf0ebedeeeaececedebedeaedebeee9ede9ede9ecebecececedebeeebeeeaefeaf0ebf2ea0000000000000000000000000000000000000000000002e704e806e807e708e90be90ceb0bec0ced0bed0bee09ef09f005f004f203f001f3fff3fdf2fcf2faf0f8eef8f1f4eef3edf2eb
CSIX,1690789087,024353490001,-66,6,128,43300400e80de80ee90ee90de90fea10eb0eec10ec10eb12ec11ed12ec13ed13ec14eb15ec13ea13eb12ea13ea10ea0fe80ee90de80a00000000000000000000000000000000000000000000e7fde7fae7f8e7f7e9f6e9f4eaf5ecf4edf4edf4edf4eff5f0f5f0f7f2f9f0faf2fdf2fff000f102f104f006f008ed08eb0aeb0c
CSIX,1690823648,024353490001,-66,6,128,4330040015111410170f1310160d160b160d1b081b0d180c170a1708180a19071a061b091b0a1b0a1909190b180b180c160e150e150f00000000000000000000000000000000000000000000061bff1aff19ff19fd19fc18f917fa16f915fa12f914fb13fb11fd10000f010e030c040c060c090d090c0b0c0e0c0f0e1210130f
CSIX,1690848681,024353490001,-66,6,128,43300400e500e301e501e401e501e502e603e504e704e406e607e607e507e608e409e308e409e309e506e406e504e605e403e602e50100000000000000000000000000000000000000000000efeef0ebf1eaf2e9f4e9f5e8f7e9f9eaf9ebf9ecfaecf9edf9eff9f1f8f3f7f4f6f7f6f9f3faf3fcf0fdeffdeeffebffe7ffe700
CSIX,1690905184,024353490001,-66,6,128,4330040019001a001bfe19fe1bfe1bfd19fd1afb19fb1bfa19fa19f81af919f81bf81df81cf91cf91bf91cfb1cfc1bfd1bff1a0019020000000000000000000000000000000000000000000011110f140e150d160c1609160816071507140613051406130510060f060c070b080809060a060d030e0311021101130216011700
CSIX,1690949237,024353490001,-66,6,128,43300400e7f3e7f1e5fce6f1e7f6e5f6f4f4e9f5e9f6e5f5dff5e6fce6fce4feea05e6f9e3fae3fbe3f2e2f9e7f5e6f8e6fce5f2e5f400000000000000000000000000000000000000000000f8e6fce605f2fce301e400e6feda03e805ec04eb05e306ee03ec00ee02f5fef0fcf3fbf3fef9f5f3f4f9eff8e9eef0f1e9f2e8f3
CSIX,1690998573,024353490001,-66,6,128,43300400f317f219f519f417f618f518f717f818f917f919fb18fc18fb1afc19fd1bfb1dfc1cfb1cfa1bf91bf81af71af71af619f41700000000000000000000000000000000000000000000e90be809e607e506e703e602e600e9ffe900eaffeaffec00ee00ef01f102f104f305f507f509f50bf60df60ff70ff512f515f517
CSIX,1691057677,024353490001,-66,6,128,4330040003e602e302e502e600e500e5ffe7ffe5ffe7fde4fce7fae7fae5fae6f8e5f9e4f9e4f9e4fae5fae4fce4fde5fee4ffe601e50000000000000000000000000000000000000000000014ef16f118f318f418f519f818f816fa16fb14fc15fb14fb12fc10fa0dfa0df80af809f707f406f304f004ef02ee04eb03e803e6
CSIX,1691085927,024353490001,-66,6,128,4330040006e506e305e404e503e503e303e602e501e500e5ffe6fde6fee5fbe5fde3fde3fde2fee3fee4ffe300e402e403e303e505e50000000000000000000000000000000000000000000015f216f417f619f717f918fb18fd15fe14fe13ff13fe11fe0ffc0dfb0bfb0bf909f706f606f306f305f005ee04ee05eb04e805e7
CSIX,1691118695,024353490001,-66,6,128,43300400fae4fae2fae4fae4fae5fae4f9e7f8e7f7e7f6e5f6e7f5e7f5e7f4e8f3e7f3e6f3e6f3e6f5e7f4e7f6e7f7e7f7e6f8e7fae6000000000000000000000000000000000000000000000eeb11ec12ed13ee14f015f114f313f513f611f612f711f60ff70cf60af70af506f605f503f301f2fff1fdeefceffbebfae8fbe7
CSIX,1691146032,024353490001,-66,6,128,43300400e305e306e407e505e507e507e607e60ae607e60ae809e909e70ae80de70de60ce70de50ee80ce70be70be709e609e909e30400000000000000000000000000000000000000000000ecefedeeeeecf0ecf0ecf3ebf4ebf6edf6edf6edf8eef7eff7f1f7f3f6f5f5f7f6f9f5fcf3fdf2fff100eb03ed00ee04e805e705
CSIX,1691175030,024353490001,-66,6,128,43300400e5fae4fae4fce6fbe5fce5fce6fde5ffe6ffe300e601e602e402e502e403e303e403e402e502e501e501e600e4ffe6ffe6fd00000000000000000000000000000000000000000000f4e9f6e7f7e7f9e6fae6fce6fee7ffe900eaffeb00eaffecffeefef0fdf2fbf2fbf5f9f7f7f8f5f9f3faf1fbeffcecfce8fce7fa
CSIX,1691238999,024353490001,-66,6,128,4330040018041a051903190419031a021801180018ff1bfe19fd19fc1afd19fc1cfc1cfc1cfc1cfd1bfc1bfe1aff19ff1a0019011903000000000000000000000000000000000000000000000c1609170818061a0518021a01180016001600140014011300100310020d030d050b060808080a080c050f050f02120416031704
CSIX,1691264779,024353490001,-66,6,128,43300400061a061b071a0619071907180818091809170b190b160b160b170d150e170d180e170d180c170b180a17091808190818051800000000000000000000000000000000000000000000f414f215f014ee12ee11ec0fec0ded0bed0aee0aee09f008f209f409f609f70bfa0afc0afe0cff0d010e02100310051506160618
CSIX,1691294674,024353490001,-67,6,128,43300400f515f416f615f615f716f716f815f916fa15f917fa15fb16fb17fc17fc18fc18fb18fc18fc16fb17fa16f916f816f814f71400000000000000000000000000000000000000000000ea05ea03e901e900eaffe9fdeafcedfcedfcedfceefbeffcf1fcf1fef4fff302f503f604f606f707f809f80cf80df710f712f713
CSIX,1691328442,024353490001,-66,6,128,43300400dcefefebe3eee9ece1f3eaf3e3f4ebf7e3f6eafce2faeafbde00ea00dffee800e1ffe700e3fee600e2fce600e5fbe8fce3f90000000000000000000000000000000000000000000000e508e504e60ae507ea0ae80bec08ec0bec08f008e708f401ec0af5fdf207f3f7fbfef1f8fcfcf0f4faf5f3f2f5f1f6e5eff3f5
CSIX,1691416147,024353490001,-67,6,128,43300400f518f619f619f717f718f818f916fa17fb17fc1afc18fe18fd1aff19fe1bfe1bfe1cfd1cfc1afc1bfa1afb1bf91bf919f71800000000000000000000000000000000000000000000ea0ae908e706e705e704e701e800e9ffebffebffec00ed00ef00f002f202f203f405f707f609f70af70cf80ef90ff912f815f616
CSIX,1691444582,024353490001,-67,6,128,43300400120f130f130d120d120d130c130b140a130a150a14091508160815071707170717071707170717081608140a170d160a140e00000000000000000000000000000000000000000000ff15fe16fc15fb15fb15f815f813f811f711f80ef70ff90efa0dfb0cfd0bff0a000902090409060808080b090b080d0b100d110e
CSIX,1691475125,024353490001,-67,6,128,43300400e5fde4fde6fee7fde6ffe5ffe701e601e702e404e704e605e505e705e506e506e506e506e506e405e503e503e401e501e6ff00000000000000000000000000000000000000000000f0edf1ebf3eaf4e8f5e9f8e8f9e9faeafcebfbecfcebfbedfaeffaf1fbf2f9f3f8f6f7f8f5f9f4fbf2fbf0fcefffecfde9fee7ff
CSIX,1691505333,024353490001,-66,6,128,43300400061c061d0b1b09150816081c05160a1a09190a180d1310120d140d151117101610160f180e170e150d160b170b160a17071a00000000000000000000000000000000000000000000f016ea17f508ec15ec19e908e913ef10f00bf009ec09ed07f10af107f305fb09f501fe120409fa0c071106121010ff180b11081c
CSIX,1691537392,024353490001,-67,6,128,433004001a011c031b001a001a001aff18fe1afd19fd1afc19fb19fa19fb18fa1bfa1bfb1bf91afa19fa1afa1afc19fc1cfe19fe1a00000000000000000000000000000000000000000000000e120d140b150b16091507170616051403140413031303100310040d040b040a0608070609040b040d020f0110001400180019ff
CSIX,1691567193,024353490001,-66,6,128,43300400f1e8f2e7f1e9f3eaf1eaf0ebf1ecefebefecedeceeeeeeeeedeeecefeceeebedecefebeeedefeceeededeeedefebefebf1ea0000000000000000000000000000000000000000000005e807e809e80ae80bea0dea0eec0dee0def0def0ef00cf00af208f306f306f202f400f3fef3fcf3faf2f9f1f6f0f6edf2ebf2ea
CSIX,1691594665,024353490001,-66,6,128,43300400eb12ea13ec14ed12ed13ed13ef12ef14f014f017f115f215f116f217f217f117f216f017f215f016ef14ef15ee15ef13ed1100000000000000000000000000000000000000000000e800e7fde7fce7fae7f9e8f7e9f6ebf7ecf6edf7ecf6eef8eff9f0fbf2fbf1fef3fff401f304f305f408f209f20bf10eef12ee11
CSIX,1691625363,024353490001,-67,6,128,43300400140c130b140c140a140b140a140915081509160815071506150616051706170516051806170517071407160816081409130a00000000000000000000000000000000000000000000031401140016ff16fe15fc14fc14fb13fb12fa12fa11fa10fc0efd0dfe0bff0c010a03090408070809080a080c080e0a1109110a
CSIX,1691654919,024353490001,-67,6,128,4330040018f81af818f717f918f717f716f617f416f518f216f315f217f215f116f117f116f217f115f216f317f416f418f517f617fa00000000000000000000000000000000000000000000120c110e120f12110f110e120c130b110a1009100910090e090d090a09090a080a0409030b010c000dfe0ffc0ffb13fb15f816f8
CSIX,1691718404,024353490001,-67,6,128,433004000c160b170d150c140d150e140e130f130f121213121212111213131314131313141313131313121410130f140f160f150d1600000000000000000000000000000000000000000000f716f515f414f215f213f113f111f10ff10ff20ef10ef30df40cf60cf90bf90cfc0bfe0b000c020c040d060e070e09110b130a14
CSIX,1691747849,024353490001,-67,6,128,43300400f4eaf3e7f3eaf4ebf3ebf1eaf2edf0edf0ecedeceeeeeeeeededecedecebebecedececebedecedebf0ebf1e9f1e9f3eaf5eb0000000000000000000000000000000000000000000005e907e908e909ea0aea0cec0dec0cee0cee0cf00cf00bf10af207f107f305f203f201f3fff2fdf1fbf2faf0f9f1f7eef4ecf5ea
CSIX,1691778545,024353490001,-67,6,128,43300400e7f7e7f7e7f9e9f8e8f9e8fbe9fce8fee9fee700e700e701e501e600e400e400e401e400e500e4ffe6fce6fde5fce7fce7f900000000000000000000000000000000000000000000f6eaf8e8fae8fbe6fde8ffe800e900ea02eb00ec02ec00eeffeffef1fef3fcf3faf5f9f7f7f7f5f8f2f9f1f9f0faedf9eafae9f9
CSIX,1691807564,024353490001,-67,6,128,43300400f8e8f8e6f7e8f8e9f6eaf6e9f5ebf4ebf3ebf1ebf1edf1edf0ecefebefeaefeaf0eaf0eaf0eaf1e9f2eaf4eaf5e8f5e9f7e80000000000000000000000000000000000000000000008ea09eb0beb0cec0dec0fee0fef0ef10ff20df20ef20df30af309f407f506f304f302f300f2fef2fdf1fceffbeff9ecf8eaf9ea
CSIX,1691839399,024353490001,-67,6,128,43300400e607e507e90aec06e80deb0bef09ee0fe809e90eea11eb0fec12ee11eb10ea11ea12ea11ec0fe911e90de80de90ce90ce70900000000000000000000000000000000000000000000ecf1e4f2edeff4f0edeff2edf0f3f1eef1edf2f1f4eff6f4f7f3f9f2f5f6f3f4f2fcf7f6f602ec05f1ffec08eb03ef07ef06ec05
CSIX,1691870928,024353490001,-67,6,128,4330040013ee12ee11ec0fee0fec11ed0eef0ce709e70be70ae90ae90be90ce80be70ce50be70ce80ce90cea0dea0feb0fea0eec10ee0000000000000000000000000000000000000000000017ff160118031703180415071506140711061206120811070f050d020c010d000afd0bfc0cfa0bf80cf50cf60cf10ef210ef12ee
CSIX,1691894578,024353490001,-66,6,128,43300400f114ef17f516f512f617f714f814f717f915f818fa18fa17fa19fb19f91afa1afa1af91bfb1af81af719f618f518f516f41500000000000000000000000000000000000000000000e906e904e802e600e800e7fde8fdebfdebfcebfdebfaedfceefcf0fff1fff200f202f504f506f607f70af60cf60df30ef512f214
CSIX,1691924658,024353490001,-67,6,128,43300400edefeaedecefecf1ecf1ebf1edf3ebf4ebf4e8f5e9f6e8f7e7f6e7f6e6f5e6f5e6f5e7f5e8f5e7f4e9f3eaf2eaf1ebf1ecf000000000000000000000000000000000000000000000fce9fee8ffe901e702e904e804e904eb05ec05eb05ec04ec04ef02f102f2fff1fef3fcf5f9f4f8f4f6f5f4f3f3f5f0f2edf2edf1
CSIX,1691954698,024353490001,-67,6,128,43300400e301e202e503e503e504e604e707e607e708e50ae80be60be50de50ce30de40ce40ce20be40be30ae308e408e306e207e40100000000000000000000000000000000000000000000ecefecededebeeeaefe9f1e9f2e8f4e9f4ebf5ebf5eaf5ecf5eef5f1f6f2f5f3f4f6f3f9f1faf0fbf0fdedfeed00ea01e602e501
CSIX,1692016388,024353490001,-67,6,128,43300400fbe6fae6fae8fbe8fae8f8e8f8eaf6eaf5eaf5e9f4e9f3ebf3e9f3e9f2e7f2e7f2e8f3e7f4e7f5e7f7e7f7e7f8e6f9e7fbe70000000000000000000000000000000000000000000009e90aeb0beb0eea0eee12ef10ee0ff10ff110f210f00ff30bf40bf40af60bf405f405f300f101f3fdf1feeefceffcebfaeaf9ea
CSIX,1692071615,024353490001,-67,6,128,433004000c140e160e140d130f130f130f101110111014101310140f1410160f16101812161316121512141312131113111410130e1500000000000000000000000000000000000000000000f816f615f515f315f214f112f111f10ff210f20ff10ef30df40cf70cf90afa0cfc0bfe0a000c020b050c070e080e0a100c120b14
CSIX,1692104816,024353490001,-67,6,128,43300400e3fde3fde4ffe5ffe500e400e702e504e503e206e506e508e308e309e208e109e108e107e206e105e103e203e102e301e3fe00000000000000000000000000000000000000000000edeaefeaf0e8f1e7f3e7f4e5f7e6f9e8f9e8f9e9fae8faebfaecf9eff9f2f7f2f7f5f5f7f3f7f1f9f0fbeefcedfce9fde6fee5fc
CSIX,1692138773,024353490001,-67,6,128,43300400ea0eeb0fec0fed10ed10ed11f010f012f113ef15f015f215ef16f116ef18ef18ef17ee17ef15ee15ee14ee12ed13ed11ec0f00000000000000000000000000000000000000000000e9f8e9f5eaf4e9f3ebf3ecf1eef1eff1f1f2f2f2f1f2f2f2f3f4f3f7f5f8f4faf4fdf5fff300f403f305f307f408f00aed0ced0e
CSIX,1692167822,024353490001,-67,6,128,43300400ee12ee12ee13ef11ef12ef13f112f215f114f117f216f317f217f319f219f11af118f118f117f016ef15ef14ed14ef12ee1100000000000000000000000000000000000000000000e7fce8fae7f9e8f8e8f7eaf5eaf5edf4edf5eef4eff3eff5f1f6f2f8f3faf2fcf5fef400f402f403f506f508f309f20bef0fef10
CSIX,1692199007,024353490001,-65,6,128,433004000cf511f411f10ef8160119fb0ff50f0015041afc11fb11041608190614070b0a111316140e0d040d0017071a0615fe10f81500000000000000000000000000000000000000000000f5f9f2eef2eef3f0fff2fcebf9eb03f208f201ec04f309f406f102f70afb0cf5fff6ff000bfa06ebf7f000030ff706eb01f40df7
CSIX,1692226084,024353490001,-67,6,128,4330040018fc1afd17fc18fb17fa18fa17f915fa18f719f417f315f417f117f31af219f21bf21bf419f41bf519f919f81bf919fa1afc00000000000000000000000000000000000000000000110f10120f120f150d130b160a1409150714081407130712070f070e060c080a070809060b0509040c020c020e0011fe13fc15fb
CSIX,1692255175,024353490001,-67,6,128,43300400fe19fe190018001601190218031804180517061a07190818071a091a081b081d081b071d071a061c041b031b021c021bff1900000000000000000000000000000000000000000000ec0eeb0cea0be909e908e806e906ea04eb03eb03ec03ec04ef04f104f304f406f606f808f909fb0afc0cfd0efe0eff11ff15ff17
CSIX,1692284671,024353490001,-67,6,128,43300400f313f215f616f513f417f717f814f818fa18fa19fa19fd1afb1afa1bfb1dfa1cfa1df91df91bf81bf51af61af51af518f31600000000000000000000000000000000000000000000e802e701e7ffe6fde7fee8fbe8faebfaeaf9ecfaeaf8edfbeef9effef3fdf1fef502f501f407f707f507f60df80af410f512f412
CSIX,1692317298,024353490001,-67,6,128,4330040014f715f513f512f611f512f310f311f210f111ef0fef0fef10ee10ee13ee13ed12ed14ed13ef14f015f116f115f315f415f70000000000000000000000000000000000000000000013071209130a120b110c100d0f0e0e0d0d0e0c0d0b0d0b0c0b0a0a090a060a0609040a020a010bff0cfd0efb0dfa0ffb12f812f5
CSIX,1692347887,024353490001,-67,6,128,43300400140d160d170b130b150c160a160814081b0817061a0417041a071a061b051c071c081c071b0a1a091b0b180a1b0d160c1711000000000000000000000000000000000000000000000716051806190219011700170015fa10fd15fb13fa13fc15fe0d0010fc0d0514010e030e070a0a07090b0f090e040f08140a150a
CSIX,1692374699,024353490001,-67,6,128,4330040012ee13ed11ec11ed11ed10ec0eec0eeb0ceb0de80be90ae80de60ce70de50ee40fe40fe50fe610e711e911ea13e912eb14ec0000000000000000000000000000000000000000000017021704170517071507160914091309110a1009110910090f070e050c040c020b000bfe0cfc0bfb0bf80df60bf40df20fef10ee
CSIX,1692405581,024353490001,-66,6,128,4330040011ee12ec10ec0fed0eec0eea0eec0bea0bea0be70ae909e80ae609e60be50be40be50ce50de50de60ee70fe911e810ea11ec000000000000000000000000000000000000000000001800180218031905170617081609140914091209130a1209100710050d040d020b000bfe0bfc0bf90bf80df60bf50ef20fef0fee
CSIX,1692437063,024353490001,-66,6,128,4330040016f317f214f214f214f113f012ef11ed10ed12ea10ea0fea11e810e913e712e713e714e713e815e916eb16eb17ec16ed18f000000000000000000000000000000000000000000000140a140c130d130e110e10100f100e100c0f0c0e0c0e0b0d0b0b0b090a070a050a030a000bff0bfd0cfb0ef90df710f713f415f2
CSIX,1692469996,024353490001,-66,6,128,4330040010f012ee10ee10ef0fef0fed0dee0dec0cec0ce90ae90ae90be80ae90ce70ce70ce70ce70ce90de80fe90ee90fea10ec0fef00000000000000000000000000000000000000000000140314051307140813091209110a0f0a0f0a0f0a0f090e080d080d060b040b030a0109fe0afd0afb0af90bf70af60df40ef00ff0
CSIX,1692494996,024353490001,-67,6,128,43300400150d150e170d150b140b160a15091508160619061804180319051a031d031e051d051c051d061c091b081a0a1b0b190b160e00000000000000000000000000000000000000000000031600160016fe16fe16fc16fb15fb13fc14fb13fc13fc11fb0efe10ff0d000d020b040a060a09090b0b0c0b0c09110c130c130c
CSIX,1692526774,024353490001,-67,6,128,43300400e6fee5ffe401e7ffe602e601e800e508e30ce409e407e609e508e40de30edf0cdf0be10ae10ae005e106df03de05df04e20000000000000000000000000000000000000000000000f5eaf6e8f6e7f7e7f9e7fbe6fae7fdeafde9fdebffe8ffebfdeefdeffcf1fcf1faf3faf6f7f9f6faf4fbf1fdeffceefde9fde8fe
CSIX,1692557329,024353490001,-67,6,128,43300400150d170d170b160b170a18091607180618051b031a021b021d021c011e022001200120021f031f041e061d061d081c081b0a00000000000000000000000000000000000000000000ff18fc19fa18f918f817f717f615f614f614f612f612f711f80ffb0efc0cfd0dff0c020a040a060809090a0a0d071009140a150c
CSIX,1692584679,024353490001,-67,6,128,43300400ecf0ebf0eaf0ecf1eaf3e9f3eaf4e9f5e9f6e6f6e6f7e6f9e4f8e4f9e3f8e1f8e2f8e1f9e2f7e2f6e3f5e5f3e4f1e6f1e7ef0000000000000000000000000000000000000000000003e806e807e808e80aea0beb0beb0bed0bed0bee0cee0bef0af107f206f403f201f4fff5fef5faf6f8f6f7f4f5f6f2f4eff2eef1
CSIX,1692616324,024353490001,-68,6,128,43300400ebf4e9f3e9f5eaf6e9f6e8f7e9f8e7fae7fae5fce5fde5fee3fde2fee0fee0fde0fde0fde1fbe1fae3f9e3f8e3f7e4f8e7f50000000000000000000000000000000000000000000004e807e809e90ae80aea0bea0ceb0bed0bed0cef0def0af00af207f306f405f402f600f7fdf8fcf8f8f8f5f8f4f9f1f7eff8edf5
CSIX,1692647029,024353490001,-68,6,128,43300400e8ffe7ffe801e801e903e803e905e906e907e70ae809e80be70ee70ee50ee50fe40de40ee50ee30ce40be40ae308e407e50400000000000000000000000000000000000000000000f8e6fce5fce5fee4ffe600e501e601e902e903e903e902eb02ed01ee00f1fff1fef4fdf7faf7f9faf6fbf5fcf3fdeffeecffebfe
CSIX,1692674672,024353490001,-68,6,128,43300400f110f012f212f312f413f513f614f814f815f918fb18fc19fc1bfe1afd1dfc1efc1dfb1dfb1cfb1df71bf71cf71ef819f31a00000000000000000000000000000000000000000000e6f7e7f4e7f2e6f1e8f1e9efeaefedefedf0edefeeedeff0f1f0f2f3f3f5f4f6f5f9f6fcf4fdf601f504f505f507f40af30ef20f
CSIX,1692706723,024353490001,-68,6,128,43300400e803e704e805e904e806ea07eb08eb09ec0aea0cec0cec0eec0eeb0fea10e912e911e911ea10e910e90fe80ee70de90be70800000000000000000000000000000000000000000000edebefe9f0e8f1e7f3e6f5e6f6e6f7e7f8e6f9e8fbe6fae8faeafaedfaf0f9f0f8f3f8f6f7f7f5faf4fcf3fef3ffef00ec02ec02
CSIX,1692740216,024353490001,-67,6,128,43300400fdeafbe9fceafaeaf9e9f7e8f7ebf4edf4e9f3eaf3ecf0ebefebeeebede9edeaeeebebebeeeaedeaefe9f0e8f1e7f2e9f5e8000000000000000000000000000000000000000000001bf517f61cf81bf81dfb1cfa1dfc1cfd1dff1cff1c001901160315ff120210010efb0bfc09fa07f705f704f602f500f100effeed
CSIX,1692769388,024353490001,-67,6,128,43300400ebefecf7edf5eaf5ecf7ebf7eafbe9faedfdebf8eafee8feeafde7fde901e6f6e701e901e600e500e8fce8f9e8f9e9fae9f80000000000000000000000000000000000000000000000e904e806e705e70aea09e606e70be705ea05ea06f008f20be807eb07f007f305f504f5fdf7fff3fff900fbfbfafaf5f7fcedfa
CSIX,1692825035,024353490001,-68,6,128,43300400e702e704e905e903e804e805e906e908ea09e80bea0beb0cea0eeb0eea10e70fe80fe70fe80ee70de70ce70ce70be70ae70700000000000000000000000000000000000000000000f1e8f4e7f5e6f6e5f7e5f8e4fbe4fde5fde6fde7fee7fde8feebfeecfdf0fcf1fcf5fbf6f8f8f7faf6fbf3fdf3ffef00ec01eb02
CSIX,1692885433,024353490001,-67,6,128,4330040000eefbeafcf7fee9fef1fcedf2eef4e9f7eaf4f1fbeef3edf0ecf0eaf0f2f1ecf6edeffaedeff2f3eceeefeef0f3f1f2f0ed0000000000000000000000000000000000000000000017f916fb1d001701190618fe180a1901180811031c0711ff11080eff1007050306f815fd09fa11f20cf80cee0ff902f4fff1ffee
CSIX,1692915732,024353490001,-67,6,128,43300400e909ea0aeb0beb0beb0dea0dec0dec0fed0feb12ed11ee13ec13ed14ed15ea16eb15eb15eb14ea12eb11e911e80fea0ee80c00000000000000000000000000000000000000000000eaefecedecebeeeaeeeaf0e9f1e9f3e9f4e9f4eaf5e8f6eaf6ecf6eef8f1f7f2f7f6f6f8f5faf5fcf4fdf300f302f003ed05ed07
CSIX,1692945614,024353490001,-67,6,128,43300400fa17fc19fd17ff17ff180218011a05180318041a0419071b071a0719091a091e071b061a071b051b041d021b021c0119fe1900000000000000000000000000000000000000000000e908e409e408e206e407e301e5ffe703e6fee7fde900e7ffebfeed00f300f002f502f405f707f60af909fb0cfb0cfb11fc17fb15
CSIX,1692978836,024353490001,-67,6,128,43300400f9e7f7e6f6e7f7e8f6e8f5e8f4e9f2e9f2eaf0eaf0ebefebedebeee9ede9ece8ede9eee8efe9eee8f2e7f2e8f3e7f3e8f6e80000000000000000000000000000000000000000000010ea12ec14ed15ee15f016f016f215f316f314f415f514f513f70ff60df80cf709f706f604f503f400f3fef2fdf1fbedf9ecf9ea
CSIX,1693005177,024353490001,-67,6,128,43300400f2eaefe9eeebf0ebefebeeebededecedeceee9eeeaeee8efe7eee8eee6eee6ede8ede7ede8ede9edecedececedebeeecf0ec000000000000000000000000000000000000000000000ee810e913ea13ea13ec14ed14ee13f014f113f114f113f211f40df40bf60af407f606f502f500f5fdf4fbf3f9f3f8f0f5edf4ed
CSIX,1693038555,024353490001,-67,6,128,43300400eeefedededf0edf0ecf1edf1ecf3eaf3ecf3e9f2eaf5e9f5e8f4e9f5e7f3e8f4e8f4e8f3eaf4e9f4ebf2ecf3ecf1edf2eff10000000000000000000000000000000000000000000002e804e705e807e707e909e90aea09ec0aec0aed0bed0aee08f007f105f304f302f3fff5fef4fbf4f9f5f8f5f6f5f3f3f0f2eff0
CSIX,1693065697,024353490001,-67,6,128,4330040005e804e519f402e703e802e701fa02eafee7fde4f1dbfde6fce400e40bc7fee0ffe300e419e205e304e802e706ee02e704ea0000000000000000000000000000000000000000000016f419f511081af717fd19ff10f716ff160113000c0b13fc10fe0dfefa050bff0afc09fd1fff0af703f706f1070902ee02ec03e9
CSIX,1693125320,024353490001,-67,6,128,43300400e8fae6fbe8fce8fde6fee7fde7ffe500e700e302e503e404e303e403e102e201e200e2ffe5ffe4fee6fce8fde7fce9fce9fb00000000000000000000000000000000000000000000f3eaf6e8f7e8f8e5f9e8fce5fde7ffe8ffe9ffe9ffe9feebffedfdeffdf1fbf2fbf3faf6f6f6f6f7f4f9f1f9f0fbedfaeafbe9fa
CSIX,1693155001,024353490001,-66,6,128,433004000118031b0617041808180817071608180b180d180a150b180e1b0e190d1a0b1a0c1b0b1b0a1809180719061805190517031700000000000000000000000000000000000000000000f113ee12ed11ec10eb0fea0eea0deb0bec0aec09ec09ee09f007f108f308f40bf809fb09fb0bfb0dff0f0211030f011202170418
CSIX,1693214934,024353490001,-66,6,128,4330040019fa1af918f818f819f719f717f618f517f419f217f217f318f118f119f11af119f21af318f419f518f718f718f816f916fb00000000000000000000000000000000000000000000140c140d13101311111210130e130d110c120c120b120b110a100a0d090b0a0a0a080b040d030d020e0010fe11fc14fc17fa18fa
CSIX,1693305011,024353490001,-67,6,128,433004000619071b0819071809190a190a170b170b170e180d170e160e1810161117111a10190f180f180e180c180b190a1a091a0a1a00000000000000000000000000000000000000000000f116ef13ed13ec12eb12ea0fe90eea0ceb0ceb0aea0aeb09ed08f008f407f409f808fa09fc0bff0c000e020f0310041406170518
CSIX,1693343299,024353490001,-68,6,128,4330040004e604e503e503e603e501e501e600e700e7fee5fde6fce7fde5fce7fce5fde5fde5fde5fee6fee700e7ffe700e600e702e80000000000000000000000000000000000000000000010ed12ee14f015f114f216f416f515f715f715f816f813f712f910f80ef90df70bf808f707f406f305f104ef02ee03eb02e704e7
CSIX,1693367362,024353490001,-67,6,128,43300400e404e305e206e405e405e305e505e408e607e408e608e609e408e50ae40ae309e409e507e606e606e706e705e705e804e70100000000000000000000000000000000000000000000e9f6ebf3ebf2ebf1edf1efeff0eff1eff1eef2f0f2eff2eff4f2f3f4f4f5f3f7f3faf3fbf2fdf0fff000ed02ed03e904e604e505
CSIX,1693394657,024353490001,-67,6,128,43300400ec10e813ec12ea13eb12eb13ec13ed14ee12ed16ef15ee16ed18ef14ec18ee16eb17ec14ee13ed13ed11ef11ed14ed12eb1000000000000000000000000000000000000000000000e800e6fce8fbe5f9eaf9e7f6e9f6ecf7ecf6eef7ecf6edf8eff8effaf1fbf3fdf2fff601f304f205f207f109f30aef0eed11ec12
CSIX,1693425019,024353490001,-67,6,128,43300400e2fce1fce2fee2fde2fee2fde300e200e3ffe201e301e301e302e302e302e102e201e301e500e400e6ffe7ffe6fee7fee7fc00000000000000000000000000000000000000000000eeeef0ecf0ebf1eaf4eaf5eaf6eaf7ecf7ecf7edf8ebf8edf8eff8f0f8f3f7f4f6f7f5f8f3fbf1fbeffdedfdecfee8fee5ffe5fe
CSIX,1693454768,024353490001,-67,6,128,4330040013ed13ed12eb12ec11eb12ea10ec10eb10ec0feb0eec0eeb0eeb0deb0eea0eeb0eeb0deb0ced0ded0dee0eee0fef0ef00ff10000000000000000000000000000000000000000000017001703170517061608150815091309130a110a120a110a0f090e070d050c050a02090109ff08fd09fa09f708f60df310f011ef
CSIX,1693515428,024353490001,-67,6,128,433004000aea0ae909e909eb09ea09ea07ea07ea07ea05e804e903e903e902e903e903e903e903e903ea03ea05ea04eb04ea04eb06ec0000000000000000000000000000000000000000000014f418f618f719f918fa19fc18fe16ff160016ff1600150013ff12000fff0ffd0dfc0bfb09f909f709f509f307f208f008ec0aeb
CSIX,1693547348,024353490001,-67,6,128,43300400f8e7f5e7f5e8f6e8f5e9f5e9f5eaf3ebf2ecf1ebf1ecf0eef0eceeedeeeceeedeeecefedf0edf0ecf2edf2edf2ecf3edf4ec0000000000000000000000000000000000000000000000e303e206e207e108e30be20ce50ce50de60de80fe50ee70dea0bea0aec09eb07ee04ee03ed02effeedfeecfcedfaeaf9e8f8e7
CSIX,1693580207,024353490001,-67,6,128,43300400ffe5ffe4fde7fde9fee8fde9fcebfdecfde8faeaf9e9f8ebf7eaf7ebf8e9f7eaf8ebf8eaf9ebf9ecfbebfaecfbebfbedfdec0000000000000000000000000000000000000000000001e704e706e607e509e80be80ce80be90dec0ce90dea0dea0cee0aed0aef08ed06ed04f003ee02eeffed00ebfeeafde8fce5fde5
CSIX,1693641991,024353490001,-67,6,128,43300400ec08eb09ed09ee09ee0aef0af10bf00df40bf10ff20df30ef30ff40ef310f20ff40df40ef50ef40df40cf40cf40cf50bf40b00000000000000000000000000000000000000000000e403e400e3fee1fbe4fae4f8e5f6e7f5e8f5e8f5e9f4eaf4ebf4ebf7eef7edf9eefbf0fdeffeef00ef02ee03ef04ed06ec07ec08
CSIX,1693666904,024353490001,-68,6,128,43300400ee0eee0fef0ff00ff210f210f40ff410f511f512f612f812f713f813f814f815f815f814f913f914f913f913f913f812f71200000000000000000000000000000000000000000000e303e200e1fee0fbe2f9e1f7e4f6e6f6e7f5e7f5e7f4e8f4ebf5ecf7eff9eefaf1fdf2fef100f203f205f106f208f00aee0def0d
CSIX,1693695148,024353490001,-69,6,128,433004000d080e080f060d060f030e020f0110ff0ffd11fc0ffc0ffa10fa10f912f812f712f611f710f612f611f611f513f413f514f600000000000000000000000000000000000000000000001ffd20fa1ff820f71ff41ff21df21bf21af118f219f217f314f613f710f811fb0efc0dfe0d000c030b040b050a080a0b0a0c09
CSIX,1693725403,024353490001,-68,6,128,43300400eb03ea04ed06ed05ed06ed07ef08f00af00aef0bf00bf20cf10df30cf30ef310f40ff510f411f70ef50ff60ef612f510f41000000000000000000000000000000000000000000000e0f1e2eee2ebe4e9e6e8e9e7e9e7ede7eee7efe6efe5f1e7f3e9f2ecf4eff2eff3f4f2f6f2f7f2faf1fceffdeffeedfeeb01eb02
CSIX,1693764924,024353490001,-67,6,128,4330040015f315f213f013f212f112ef10f00fef0fef0fed0eee0dee0eed0ded0fed0dee0def0cef0af00aef09f009ef09ef08f009f00000000000000000000000000000000000000000000021fc22002301230422062109200a1d0a1c0b1d0b1c0e1b0c190c170a1409150812051103120111ff11fd12fa11fa12f813f514f4
CSIX,1693796388,024353490001,-66,6,128,4330040043f7190a2416101c380733fc40252a0b2a293b023d043015241e3c0e261935192d1b2517271724181f161e141e1a1a191417000000000000000000000000000000000000000000004205450d411846193417362a381f2727272c2329372b31302c2f1d0f1d20213621121b02071b2b1a30fd39112c0833241e013601
CSIX,1693877227,024353490001,-65,6,128,4330040009120a130c130c120c130d120d120f110f1210130f12101110131113111311150f140e140d130d130b120a130a130812071200000000000000000000000000000000000000000000fc14fa14f815f714f714f513f413f412f412f411f311f310f40ff60ff70df70efa0dfb0dfd0d000d010d030e030e051006110811
CSIX,1693905179,024353490001,-66,6,128,43300400041705180717081708170a180b170c180c170f1a10181018101a101a111c0f1d0f1d0e1c0d1b0c1c091a091a091b081a051a00000000000000000000000000000000000000000000ee13ec12eb10e910ea0ee80de80bea0ae90aea0ae90aeb0aed08ee09f008f008f308f609f80afa0cfc0dfd0eff0e001102140314
CSIX,1693935375,024353490001,-66,6,128,43300400ee0bec0def0eef0eef0ff110f211f313f313f316f416f316f417f419f31af11bf219f119f318f117f016f016ef16f014ef1200000000000000000000000000000000000000000000e4f4e5f1e5f0e6ede7ede8ebeaeaececedebeeebeeeaefecf0eef0f0f3f2f2f3f3f6f4f8f3faf3fcf3fff201f103f105ef07ef09
CSIX,1694025468,024353490001,-67,6,128,4330040014f414f414f213f414f213f210f30ff20ff20fef0df00bef0cee0bed0beb0ceb0ceb0ceb0beb0ceb0dec0eeb0eeb0eed0fee000000000000000000000000000000000000000000001a0619091b0b190d191015101311110f10100f100f120f0f0d0d0c0b0b090d080b040b020c010c000cfd0efb0efa10f812f612f5
CSIX,1694054858,024353490001,-68,6,128,43300400f315f315f615f613f614f813f912fa12fc11fe14ff130013021404140416041605160516051605160318051803190419021800000000000000000000000000000000000000000000e30ee10bdf08de05df04df00e0ffe2fde3fce4fbe3fbe6fce8fce9fdedfeed00f001f103f205f306f409f50bf50cf40ef511f313
CSIX,1694084849,024353490001,-68,6,128,43300400021b011c021b011a021a031a041704180516081608140b130a140c120e141014101410151213111410151015111811160e1900000000000000000000000000000000000000000000e814e512e40fe30ee30ce10ae208e407e405e604e504e803eb03ee03f004f105f507f708f70afb0afd0bfe0f010f011301160418
CSIX,1694119571,024353490001,-67,6,128,43300400edfcebfcebfeebfdebfeeaffeb00eb02eb03ea06eb07ea09e90ae80be70ce50de60de50de60ce50de60ce50ce50be50be5070000000000000000000000000000000000000000000001de05de07de09de0ae00ce10de20de50de40de60ee60de70aea08ec08ee07ee04f102f200f3fff4fcf5f9f5f8f7f7f9f4f8f3fa
CSIX,1694144701,024353490001,-67,6,128,43300400f70cf70dfb0dfc0efd0ffe0fff10011103110511061108110b130c110e12101510151016111611171018101a101b0f1a0d1c00000000000000000000000000000000000000000000dffaddf7ddf5ddf2dff3dff0e0eee2ede3eee4ece1eae5ece8ede9f0ebf2eaf4eef6eef9eefbeffdf0fff100f302f204f307f508
CSIX,1694205253,024353490001,-67,6,128,433004000bf30bf20af009f108f008ef06ef05ee04ee03ed01ed00edffebfeebfee9fee7fee8fce8fde9fee8fde9ffe8ffe8ffe901e900000000000000000000000000000000000000000000200120042106210820091e0b1e0b1c0c1d0c1c0e1c101b10180f170d140c150c12091207110610040e010e000dfe0dfd0dfa0df8
CSIX,1694234717,024353490001,-67,6,128,43300400131d18111b030c050004001102190a190d180c160916091407170410ff18f719fa20f920fb1af719f412f111ed15ed13ea0d000000000000000000000000000000000000000000001afc2101210622081e061b0c140e11100f1409180d1f101d10160d10050dfa06f910f81802160a120a0a06050701070104010206
CSIX,1694265108,024353490001,-68,6,128,43300400f3f9f2f9f1fcf2fdf0fef0fff001ef03f003ee04f005ef08ef09ee0aec0ced0dec0deb0eec0deb0ee90cea0de90cea0be80900000000000000000000000000000000000000000000ffde02de04dc07dd08e00ae00ae10be30be40ce50de40de60be80aea08ed07ec04ef03f001f0fef1fef1fcf3faf5f9f4f8f5f5f6
CSIX,1694296377,024353490001,-68,6,128,4330040013fe15fc1ef60ffe14fc12fc06f80ef910fa0ff714f607f20af30df307ea0bed09ee0af110f90cf20cee0cf10ce60def0fef000000000000000000000000000000000000000000001a0e1c130c211d10160f161326101918141511172819111612171018fd0a0b100b0f0f0e06fe0b090b080e090e12100111001200
CSIX,1694357955,024353490001,-68,6,128,433004001208130913081206120612051203130212021401120012ff13fe13fe15fe14fd15fd14fc14fc14fd13fd13fd14fe14fe130000000000000000000000000000000000000000000000111b0e1d0b1d0a1f081e071e041e031c021c031d011d011b00190217011503150413050f060f060e090c0b0c0b0b0c0b0f0a100a
CSIX,1694385040,024353490001,-67,6,128,43300400ee09ed08ef0af109ef09f00af009f20df40df30ef40ef60ef40ff60ff511f512f611f611f710f610f510f610f511f510f41000000000000000000000000000000000000000000000e2fde1f9e2f7e1f5e3f5e3f4e2f0e5eee8eceaefe7efe5eee8f4e8f4eef3edf5eff7f0f8effaf1fbf1fef0fef201f003ee05f006
CSIX,1694414713,024353490001,-66,6,128,4330040016031705170315041504150314021502130015ff13fe13fe14fd13fe15fd15fe15fd14fe13fe14ff140013fe130012ff14010000000000000000000000000000000000000000000017061609150b150d130d130f110f100e100f100f100f100f0f0e0f0d0e0c0f0d0e0a0e080f081007100611061205150416041704
CSIX,1694446822,024353490001,-67,6,128,43300400e90dea0eeb0feb0eec0fec0fee0dee0fef0fee10f00ff210f011f011f013f013f113f012f010f011ef10ef10ed0fed0eee0d00000000000000000000000000000000000000000000e805e603e601e600e7ffe7fde8fceafceafceafbe9fbebfbedfbedfceffdeefff001f102ef04f006ef07ef09f00aee0bec0cec0e
CSIX,1694485456,024353490001,-68,6,128,43300400eafae7fae7fbeafce7fbe7f9e6fbe7fde9fae6fde9fee8ffe7ffe802e701e701e701e801ea03e901ea01ea01ea00e900e9fe00000000000000000000000000000000000000000000f1e4f2e4f6e3f7e2f8e3fae4fbe4ffe6fde6ffe600e7ffe700eafeecfdeefceefaf0f9f4f8f4f8f5f6f6f5f7f3f7f0f8eff9eff9
CSIX,1694521720,024353490001,-65,6,128,43300400e300e200e402e501e501e401e703e604e703e605e805e805e706e806e605e606e706e703e804e803e900ea01eaffec00ecfe00000000000000000000000000000000000000000000e2ffe2fce2f9e2f8e3f7e4f5e5f5e8f5e6f3e6f3e5f3e5f3e7f3e7f4eaf5e7f5eaf7ebfae9fae9fae8fce7fde7fee6fde4ffe3ff
CSIX,1694537909,024353490001,-65,6,128,433004000319021b031903190319041905160618071808190817081708170818081a071a07180719071803180216021602160216001500000000000000000000000000000000000000000000fb19f718f617f417f416f215f214f213f213f312f113f214f312f512f511f512f813f711fa11fc12fd13fd14ff12001602170219
CSIX,1694625598,024353490001,-66,6,128,4330040015f415f414f414f614f514f513f512f412f413f311f310f311f20ff210f211f110f211f210f311f311f510f611f70ff70ff9000000000000000000000000000000000000000000001cff1c011a041b051a051609190a17031709140a140b130b130714020f080e070e030e000eff10fe0ffc10fb11fa12f814f714f6
CSIX,1694657557,024353490001,-66,6,128,433004001402150415031403120315ff13fc14fe12fb14f611f914fb13f913fa14f814f713f914f711f712f813f911fa13fb10fc10fc00000000000000000000000000000000000000000000190c15101c1511121716161c101a1217111811150e170e160d190d150a13111209130e0f0b080f090f0b0f01110b110512021104
CSIX,1694685458,024353490001,-66,6,128,433004001702160112001101130210fe13fd11fb0ffb11fa10f910fa0df810f810f612f711f612f511f612f712fa10f912fb11fa0ffa00000000000000000000000000000000000000000000180119051a0619071809170b170c180b140e160c140f160e140d140d120d1409140b100712091207140614051605140315041600
CSIX,1694780327,024353490001,-67,6,128,43300400eb0be90cec0bef0cee0dee0ef10ced14ee14f013f213f413f314f215f217f216f116ef14f013ef12f011f010ef0ff00ef00d00000000000000000000000000000000000000000000e003de01dffedcfddefddff7dff8e2f7e2f6e2f5e2f4e3f5e5f5e6f8e7f6e7f7e9fbecfbebffed00ed02eb02ec04eb05e908ea08
CSIX,1694837859,024353490001,-67,6,128,43300400f110f212f411f411f313f513f613f715f814f917fa17fb16fb19fb19fa1afa1cfb1bf91cf91af81af619f519f419f517f31600000000000000000000000000000000000000000000e3fee3fbe4fae4f8e5f7e6f6e7f4e9f4eaf4eaf5eaf5ebf6edf7eef8f0faeffaf1fdf2fff201f203f305f306f408f20af20df30e
CSIX,1694871269,024353490001,-68,6,128,43300400e71ee522eb20ee22f022f221f523f724fb23ff2800270328042c092b09300a3309330834073407360133033300340333fc3000000000000000000000000000000000000000000000c300c0f9c1f2bfeec5efc6eac7e7cee6cde7cfebcde8d2ead5ead6efdbf0d9f2ddf7e4fbe1fee301e406e40be80ee612e517e518
CSIX,1694895819,024353490001,-66,6,128,43300400f6edf5ecf4eef5f0f4eff3f0f3f2f1f3f0f3eef5eef6edf7ecf7ecf7e9f7e9f6e9f6e8f5e9f5e8f4eaf4eaf3eaf2ebf2edf100000000000000000000000000000000000000000000fee002e004e006de06e10ae20be20be50be50de60de40ce60ce80ae909eb08ea06ec04ed03ed01edffeefdeefceffaedf8ebf8ec
CSIX,1694924982,024353490001,-66,6,128,4330040014071606150514051404140312021301120014fe12fd12fd13fc13fc14fb15fa15fb15fb15fc15fd15fd14fe15fe13fd130200000000000000000000000000000000000000000000160e141013121314121311160f170d160c160c160c170b160b150b1309110b120a0f0a0d0c0d0c0b0d0a0e0a0e07100713081407
CSIX,1694954868,024353490001,-65,6,128,4330040008e808e706e807ea07e906ea05ea02ea02ea01e800e9ffe900e8ffe9ffe7ffe700e700e600e801e803e903e904e904eb06ec000000000000000000000000000000000000000000000ce90fea10ea12eb12ed14ee14ef15f114f114f217f116f115f214f212f312f210f30ef20ef20cf10bf00aef08ef09ec09ea09e9
CSIX,1694985058,024353490001,-65,6,128,43300400f6eaf6e9f5eaf7ebf5eaf5eaf5edf3eef4edf2ebf1edf1eef3edf1edf0edf0ecf1ecf1ebf3edf3ecf4edf5ecf5ecf7ecf9ec00000000000000000000000000000000000000000000fee7ffe801e702e802e805e806e806ea06e907e908e907ea07eb05ec04ed04eb03ee02ed02edffecfeeefcedfbeffcebf7ebf9e9
CSIX,1695016666,024353490001,-65,6,128,433004000eec0cea0deb0aeb09ed0de90cec08ee0aec08e909e606e809e407ea0be60ae909ea0aea0be90beb0eeb0ceb0dee0dee0ff00000000000000000000000000000000000000000000014f314ed13f109f114f612fa11f812f714fd18f31afc14f514f50df60cfe0ef50ffd0a0006f40bf70cfa10f00cea11f00cf110ed
CSIX,1695044626,024353490001,-65,6,128,4330040014f514f713f614f316f512f412f211f012f212ef12f010f013f011ef11ec10ee12ef15ec13f111ee14f314f516f315f314f70000000000000000000000000000000000000000000012001305150317071403150811071109130a130d140b130a0e081103100411020d03100310fe0f040ffa11fc10fc10fd13f914f8
CSIX,1695077929,024353490001,-65,6,128,4330040012f512f412f211f310f210f00ff00ded0ded0eea0deb0cea0ee90ee80ee710e710e810e810e911ea12eb13ed14ed12ef13f10000000000000000000000000000000000000000000019021904190619071908180a170b160b160b150c160d140c130c130a1108120810050f04100310010fff10fe10fc11fc13f913f8
CSIX,1695169896,024353490001,-66,6,128,43300400efffef00f103f003f106f007f209f10cf20df111f211f113f014f016ef17ee18ec18eb18ec17ea15e915e913e713e811e71000000000000000000000000000000000000000000000f0e9f1e8f3e6f4e6f5e6f7e4f8e5fae6fae6f9e6f9e6fae7fae8f9eaf9edf9edf8f0f8f2f6f3f6f5f5f5f4f7f4f8f1faf0fbf0fc
CSIX,1695198336,024353490001,-66,6,128,43300400f3ed29cd09e310fe10f119e90be1fcebeee7f8cfe2e3ede4e8e6e7d9eed4efdaecd7f0d6efd4f0d4f4d3f7d4f8d1fcd4fbd10000000000000000000000000000000000000000000027e12de52de832e82eec38f030f631f32ef935f432f933f62af231f929002af227fe26e928ff14f42ae728d9150616eff0df0101
CSIX,1695225296,024353490001,-66,6,128,433004001102110116000d010dfe0dfe05fd09fa08f80af60bf207f409f208f107f10aee0aee0aee0aeb0bed0dee0def0ef10def0ef1000000000000000000000000000000000000000000001a0b180d1d111812171117140f121314131512150d14131611151113151311110f0e0e0c150e100a0f0910080a05130514041304
CSIX,1695254674,024353490001,-65,6,128,433004000cf206f007f404f607f303f1fef7ffebfaf6fef6fdf6f8f7faf9fbf8f3edf0f0f4f4f2f3f4eef5f3faeef8f4f5eff8e8f7f1000000000000000000000000000000000000000000000ee710e813e915e814e917eb18ec18ef17ef1bf01bf21aef19f115f215f615f614f20ff312f00df10df30df00bf30cf10bf009f1
CSIX,1695285763,024353490001,-65,6,128,433004000bef0bef09ef08f107f006f204f202f300f2fef1fdf2fcf2fbf1faf1f9f0f8f0f7eff7eef7eff8eef9edf9edf9ecf9eefbed0000000000000000000000000000000000000000000016ec18ed19ef1af01bf11df21df51bf61cf71bf71df71cf81bf919f817f917f714f712f612f611f510f410f30df20ef10ef00eef
CSIX,1695315828,024353490001,-65,6,128,43300400110b120a1107100710050f040d020d000cfe0dfc0dfa0df90ef80ef70ff510f510f310f411f311f412f412f513f613f713f900000000000000000000000000000000000000000000171416171519141b121b111d0e1d0d1c0c1d0c1b0b1e0b1d0a1b0b190a180b170b150b110d120d110f0f0f0f0e0d110e130e130c
CSIX,1695346023,024353490001,-66,6,128,43300400ecf6ecf7eef9effaf0fbf0fdf2fef200f301f205f305f207f209f20af20bf10cf00cf00ef00def0def0cee0ced0cee0aed0900000000000000000000000000000000000000000000e8e8e9e6eae4ebe3ede2f0e1f1e0f3e2f3e2f5e1f5e1f6e1f6e4f5e5f6e8f4e8f5ebf4edf3eef2eff1f0f0f0f1f2eef2ecf3eef3
CSIX,1695405102,024353490001,-65,6,128,43300400071508140913081209110910090e090c0a0a0b090b070c050c050e040e020f0210010f01100111001100110111011101110200000000000000000000000000000000000000000000ff24fb24f925f725f625f323f123ef20f01fee1fee1fee1ef01bf21bf317f41af716f816fa16fb14fe1500150214031505170516
CSIX,1695436391,024353490001,-64,6,128,43300400090b110a0d080a0a0b080a070b040e030b050bff0a020aff0afe0cfa0efc0efc0efd10fa10fa10fb10fa10f815ff13fa0cf9000000000000000000000000000000000000000000000d170b190a1b091c071c051d031c021b011c011bff1dff1b0219ff19ff16ff160211010f061302100a0f0b10050d060b100a0c0b
CSIX,1695465109,024353490001,-65,6,128,43300400feedfdedfceefcf0faf0faf1f8f3f8f5f6f5f4f7f3f9f2f9effbeefbedfbebfcebfce9fbeafce9fbe8fbeaf9e9fbeaf8eaf70000000000000000000000000000000000000000000012e214e417e419e419e61ce81dea1cec1ced1ded1eee1cee1af018ef15f115f011f00ff10df00bf009f008ef06ee06ee03ec03ec
CSIX,1695494775,024353490001,-61,6,128,43300400f5f4f4f4f6f8f7f9f5f9f7faf7fcf9fef7fef601f803fa04f905fb06fb07fa0afa0bfa0afb0df90bf90cf90bf80bf80cf60b00000000000000000000000000000000000000000000f4e5f5e3f7e3f8e1f9e1fbdffce2fde0ffe2fee100e000e100e4fee5fee7fee6fee8fcecfbecfcedf8eefaeef7f3f7f2f6f2f5f2
CSIX,1695585041,024353490001,-66,6,128,43300400f40ff40ff70ff80df90ffa0efb0dfd0dfe0c000d010c030c050c060c070d080e090e0a0f0b0f0a100a10091108120811061300000000000000000000000000000000000000000000e914e612e411e210e20fe00de10be10ae109e108df06df07e406e407e607e607e807ea07eb09ed09ee0aef0af10cf00ef10ff20f
CSIX,1695614931,024353490001,-66,6,128,43300400f108f009f209f308f509f509f70af90afa0afb0cfd0cfd0cff0e000e01100110021102130211011401140015ff15ff15fd1500000000000000000000000000000000000000000000e206e104e001de00e0ffdffce0fbe2fae2f8e2f9e1f7e3f7e5f8e6f9e8fae7fae9fbebfdeafeecffed00ed01ef03ee03ed05ee07
CSIX,1695707857,024353490001,-66,6,128,433004000a030a030cf80a01090008ff05f705fc05fc04fa01f304f903f601f5fdef01f201f102f1fcee01ef03f002f000ef04f005f00000000000000000000000000000000000000000000010170e1a0a110d1f0a19081c01140419061c05190f1f021903180516131306140612050ffb17040f090a080c01130b060b060c06
CSIX,1695767872,024353490001,-66,6,128,43300400f9f2f8f3f9f5f7f8f6f9f6f9f5fdf3fef3fff200f203f203f004f005ed07ec07ec08eb07eb07ea08e905e906e705e904e8010000000000000000000000000000000000000000000000e104e105e207e106e209e209e209e40be50ae40be40be50ae709e708e907e806eb03ed03ec01ed00ee00ecfdf0fdecfbeefbef
CSIX,1695794934,024353490001,-67,6,128,433004000cf80bf709f508f507f306f304f202f101f0ffeefeeefceefcebfaebfae8fae7fae6fbe5fbe6fbe4fde4ffe400e200e404e4000000000000000000000000000000000000000000001d051d081d0a1d0b1b0b1a0e1a0e170e170e170f170f160f150e150b130a140911071005100410030f0110000ffe0ffd0ffb0ffb
CSIX,1695915687,024353490001,-66,6,128,433004000af409f308f207f207f105f005f003ef01ee01eb00ecffecfeebfee9fde9fee7fee8fee6ffe700e701e702e603e603e805e9000000000000000000000000000000000000000000001cfd1dff1d001d021d031d051c071a071a071a081a091a07180816061405150513041101110110000ffd0efc0efc0dfa0ef80df7
CSIX,1695944626,024353490001,-65,6,128,4330040002100210050d050e05160816050c0d0f150b0d0b0c0a0e120d0d0d0e15121311140e0322121d0509251528151a191b2106fe00000000000000000000000000000000000000000000f616f416f216f116f014ed12ee13ee10ef11ed0fee10ef0ff00df00df20cf20ef60cf60df60cf80dfa0cfa0dfc0dfd0dfe0fff0f
CSIX,1695976986,024353490001,-65,6,128,43300400ee0cee0df00ef00cf00ef00ef20cf40ff50ff511f611f711f612f713f613f614f614f613f612f612f612f512f412f510f40f00000000000000000000000000000000000000000000e509e406e205e104e103e101e0fee2fde1fce2fbe1fbe2fae4fae4fbe8fbe7fceafeebffeb00ec00ed02ed03ee05ed06ec08ed09
CSIX,1696041393,024353490001,-65,6,128,43300400fbebfaebf9eef9f0f8f1f7f1f6f4f6f4f6f6f2f6f2f8f0f9eff8eff9edf9ecf9ecf8ecf8ecfaebf8ecf7ecf7ebf6ecf5eef500000000000000000000000000000000000000000000fde2ffe101e102df04e006e007e008e209e209e20be10ae20ae408e508e708e406e705e905e803ea00e901e900eafee9ffe8ffe9
CSIX,1696065064,024353490001,-66,6,128,4330040008f009f006f005f102f101f1fff2fdf2fcf3fbf2f9f3f6f3f5f2f5f3f2f1f1f2f0f0f0f1eff1efeff0eff0eef0edf0edf3eb000000000000000000000000000000000000000000001bec1eee1ef022f121f323f423f722f823fa22fa24fb23fb1ffc1dfa1bfb1bfb18fb15f915f813f811f611f50ef50ef40df20cf0
CSIX,1696127448,024353490001,-64,6,128,43300400f007f107f308f507f609f709fa08fc0afd0aff0cff0b010c020d020e040e051005100611051105120413041303140313011300000000000000000000000000000000000000000000e209e107df05df03df03df00dfffe0fee0fde0fddffce0fce1fce2fee6fde4fde8fee800e800e902eb03eb03ec05eb05eb07ec07
CSIX,1696155113,024353490001,-65,6,128,43300400fbeef9f0f7f2f8f3f7f4f9f5f8f6f3f8f7f5f6f9f6fdf4fff301f200f402f302f104ef03f205ef04ef03f104ed03ee02ef0100000000000000000000000000000000000000000000fbe0fedeffdf02de02de03de06df07e008e108e10ae108e008e409e305e706e504e802e901e901ebfeeaffeafdebfcebfceafbec
CSIX,1696216675,024353490001,-65,6,128,43300400021104120611060f080f090e0a0c0c0c0c0b0f0c100a110a120a1309150a150b160c150b150c150d140e130e130f120f111100000000000000000000000000000000000000000000f620f31ff01eee1fee1cec1bec1aec18ec18ec18ea18eb18ec16ef16f013f015f212f613f513f813f913fa13fb13fc14fe15ff14
CSIX,1696248013,024353490001,-65,6,128,43300400f002f103f305f405f407f507f608f70af80bf90dfb0efb0ffc10fd11fc12fc15fc14fc15fc15fb15fa15f916f816f815f61400000000000000000000000000000000000000000000e2f7e3f4e2f2e3f0e4f0e5eee5ede7ede8ece7ece8eae8ebeaeceaededefecefedf2eff5eef5eef7eff9eef9effbeffceefef0ff
CSIX,1696274833,024353490001,-66,6,128,43300400fa0efb0ffd0dfe0cff0c000b020a040a0409070a080809080a090b080d080e090f080f0910090f0a0f0b0e0b0f0d0e0c0d0d00000000000000000000000000000000000000000000ed16ea16e914e714e812e611e510e60ee50ee60ce30ce40ce60ae80bea0aeb0aed0aef0bef0cf10bf20cf30cf50df50df60ef70f
CSIX,1696305513,024353490001,-66,6,128,43300400090c090b090a090708050803080108fe08fe08fb07f907f707f507f407f207ef08ef09ee08ee0aed0bed0ced0cec0dee0eee0000000000000000000000000000000000000000000008230523042602260126ff26fe26fc24fc25fb25f926fa25fa23fc21fc1efe1ffe1b011901190317031704160513061407130811
CSIX,1696335558,024353490001,-65,6,128,43300400040b040e040a0508050705080703080208030afe08fe06fd0afa0bfc0cf80df90df70ff80ff710f711f910f813f713f912fb00000000000000000000000000000000000000000000fd1ff920f61df522f61cf521f11df01cf01ef01ff11cf21af018f21af217f415f513f915f913fa15fe11fd1503120010fe10010f
CSIX,1696376302,024353490001,-66,6,128,433004000afb09fa07fa05fb04f803f902f8fff7fdf8fcf4f9f4faf5f8f4f5f3f4f1f3f0f2f1f2f0f2f0f1eff2eef1edf1ecf3eaf4ea000000000000000000000000000000000000000000001d0c1b0d1c101c0f1c111c1217121913171318151716151414111211100d120d110a10071007100710050d040c02100210fe0dfd
CSIX,1696405435,024353490001,-67,6,128,43300400fdf1fdf2fbf4fcf5f9f6f9f7f8f9f6faf6fbf3fdf3fff2ffef01f001ed01eb01eb01ea01ea03e801e900e900e7ffe8ffe8fc000000000000000000000000000000000000000000000ee512e611e614e713e915e916ea15eb17ee15ee17ed16ee14f012ef10f00eef0cf10af108f008f106ef05f003f003f000ed02ef
CSIX,1696424818,024353490001,-67,6,128,43300400f611f812fa10fb0efd0eff0d010c040b050b080b0a090b0a0e0b110a120b130d150c160e170d17101611151315151414111700000000000000000000000000000000000000000000e112df0fde0cdd0cdc0bde09de07e005e005e105e003e104e404e606e906e808eb09ee0aee0cef0cf00ef10ff210f111f113f312
CSIX,1696514709,024353490001,-65,6,128,43300400feeffdeffceffaf0f9f1f8f1f7f3f4f2f3f3eff2eff3eff3edf1edf1ebf0eaf0eaf0eaefebf0eaefeceeedeeedecedecefec000000000000000000000000000000000000000000000ee611e713e815e716e918eb18ec17ee17f017f119f018f115f213f112f211f20ef30cf30cf20af208f007f005f105ef03ee03ee
CSIX,1696576486,024353490001,-65,6,128,43300400f412f512f713f810f911fa10fc0ffd0ffe0fff0f000e010f020f030f040f041004100510060f05100410041103110411021100000000000000000000000000000000000000000000f319f118ef18ed17ec16ea14ea14ea12e912e811e510e710e80eea0feb0eea10ed0eee0fef0ff010f110f011f211f111f112f313
CSIX,1696605114,024353490001,-65,6,128,43300400edf8e9f8eef8eefaeffbeffceefeee00ef00ee02ef03ef05ed04ee06ee06ec07ec07eb06ec07eb05eb05eb05ea05eb05eb0300000000000000000000000000000000000000000000e7f3e8efeaede9ebecebeeeaefe9f0eaf1eaf1ebefeaf1eaf0ebf0ecf2edf1ecf2eff1f1f0f1f1f2f0f3f1f3eff5eef5edf6eaf4
CSIX,1696666682,024353490001,-67,6,128,433004000eff0efd0dfb0cfc0cfa0bfa09f908f707f507f405f204f104ef04ee04ec04eb04eb04e903e905e907ea06e707e909e80aea0000000000000000000000000000000000000000000015161218121a111b0f1a0d1c0c1b0c1a0a1a0a1a0818091b0817081607130813080f090d090c0a0b0b090b080b050c050e030e02
CSIX,1696727485,024353490001,-67,6,128,4330040000120113021101110210040f050e060c080b0a0b0c0a0d090f0a110b130b140d140e140e140f131113111112121311140f1500000000000000000000000000000000000000000000f619f218f117ef17ef15ee14ed15ed13ed12ec12eb12ec11ed0fef10f00ef010f30ef60ef50ff810f910fa0ffb0ffc11fd12fe12
CSIX,1696760138,024353490001,-68,6,128,4330040013f613f612f50ff70ef60ef50af609f608f406f204f104f003ef03ed03ec04e904ea04e905e907e907e908e909e909ea0cec0000000000000000000000000000000000000000000017f618f919fa19fb18fc19fd1aff18ff19ff1aff1b001a00190118ff160017ff15ff14fd13fc13fc13fa14f911f813f714f515f5
CSIX,1696815409,024353490001,-66,6,128,43300400f5edf4edf4eff6f0f4eff4f0f4f3f2f3f3f4f0f4f0f6eef7eef6ecf7ebf6ebf6ecf6eaf4ecf5ebf4ecf2edf2edf1eef1f0ef00000000000000000000000000000000000000000000fce6ffe600e501e501e603e604e705e806e806e907e706e906ea05ec04ed03ec02ef01efffeffef0fcf0fcf0faf1f8f0f6eef5ee
CSIX,1696844787,024353490001,-67,6,128,433004000215021702140113ff15ff13030e010d051101110b0e0a140a120d150c1111171017121611170b170e140d190a170719091a00000000000000000000000000000000000000000000f614f113f014f114ef12ef13ef13ed14eb10ea0bf212ec10ec0bf612f60df90bf90af80efd0dfc14fd12fd11fc14fb140117fd18
CSIX,1696875524,024353490001,-68,6,128,433004001107130710040f040f030e020dff0dfe0cfd0dfb0cf80cf70ef60ef510f410f310f312f211f413f413f512f514f713f714f80000000000000000000000000000000000000000000016141416121711190f180e1b0d1a0b190a1a0b180a1b0a190a170a1609130a140a110a0f0b0f0b0e0c0c0d0b0e090f0a11081108
CSIX,1696906646,024353490001,-67,6,128,43300400faeffaf0faf0f9f0faf2f8f4f8f4f7f6f5f7f4f8f4faf3faf1faf1fbf0fbeffbeefaedfaedfaeef9eef9eef9edf8eff8eff700000000000000000000000000000000000000000000fee301e301e202e203e306e206e308e509e409e40be30ae40ae60ae70ae808e708ea05eb06ec04ec04ec02ee00ee00eefeedfeee
CSIX,1696994773,024353490001,-67,6,128,4330040014081006150212fc14fd0f0001f50af40cf705f807f702f205f4fef3f4eafceefef0f8f2f8f0f7e9f9eff3f1eff0f5ecf6ec00000000000000000000000000000000000000000000f01fe61ef120f119f320e822e70df517f724eb20ea100021fd21f51bf91e0419021dff1704180e100d18051308011409130e0e0f
CSIX,1697024856,024353490001,-68,6,128,43300400f80ff910fb0ffd0efd0fff0f000d020e040c050e070e080d090e0b0e0c0f0d110e110e110d120d130b140b140b150b15081600000000000000000000000000000000000000000000e912e710e60ee40de60de40be409e409e408e507e307e407e605e806ea05e906ed07ef08ef08f109f20af30af60bf40cf60ef70e
CSIX,1697054885,024353490001,-70,6,128,43300400f94bf54cff41053605410a3a0634122a103618321c291723242a26302c342a2e362e2b3631282f322536263323302f2b193300000000000000000000000000000000000000000000fd40e242d848c846d54ad745c648d339bc43c244b444b345ba42c34acf3fbc4acb32dd36d53bd646e23fdb48e73ee946e657e24f
CSIX,1697084964,024353490001,-67,6,128,433004000eee0dee0cee0bee09ee08ef06f104f103f101f1fff1fef2fdf1fbf2f9f0f9f0f9f0f8eff7f0f7eef9edf7edf8ecf7edfaec0000000000000000000000000000000000000000000016e618e81ae91de91beb1eed20ef1ff020f121f122f221f220f41ef41df61cf41af516f518f315f313f214f111f113f012ee11ee
CSIX,1697119928,024353490001,-66,6,128,43300400edf8ecf8ecf9ecf9ecfbecfaedfdedfdedfeebfeecffec00ea00ea01ea01e900e900eb00eb00eaffecffecfeebfdedfdedfc00000000000000000000000000000000000000000000f0ecf2eaf3e8f4e7f5e8f7e7f6e9f6e9f7e6f9e6fae7f9e9feebfaeef9edfbedfaeff9f2f8f1f7f2f6f4f4f4f4f6f2f5f0f6f0f6
CSIX,1697181791,024353490001,-66,6,128,43300400f811fa17fb13fe11fe11fe11000f011200110111010e050e070f0610060b0214031505170a11090f0312040d060f060e040f00000000000000000000000000000000000000000000f111ef15ef12ea0fed12e811e90bea0bea0deb0de60beb0aed0aea08ee05eb09ef0aed09f50bf70bf80cfa0cf80df60af80df00d
CSIX,1697207381,024353490001,-66,6,128,43300400f0f7eff8eef8eff9effaeefaeffceefdedfeebffeb00ec01ea01e901e802e701e801e701e801e700e800e8ffe6fee8fde8fb00000000000000000000000000000000000000000000f5ebf6eaf8e9f8e8f9e7fce6fce6fee8fee8ffe800e600e701e9ffebffedffecfef0fdf0fcf0fbf3f9f3f8f4f7f6f5f5f4f6f3f6
CSIX,1697263674,024353490001,-67,6,128,4330040010f211f00ff00ef00eef0fee0cee0cec0beb0ae80ae90ae80ae70ae70de60ce70ce70de70de80fe90fe910ea11ea10ec12ee0000000000000000000000000000000000000000000012f913fb14fc15fd15fd15ff16001401150215021502150214021301120012ff11fe0ffd10fc10fc10f911f80ff710f612f412f3
CSIX,1697278754,024353490001,-67,6,128,43300400ef0bef0bf10cf10cf20ef20ef40ef410f310f413f513f512f414f415f314f215f214f215f213f113f011ef11ee11ef0fee0d00000000000000000000000000000000000000000000ef04ee03ed02ec01ec01ecfeedfeedfeedfdedfdebfbedfceefceffdf0fdeffff000f101f101f103f104f105f206ef07ef09f009
CSIX,1697355113,024353490001,-66,6,128,43300400f71af71cf91af919f919f919fc17fd18fe17fe1aff18011701190218021a031b031b021c021b021b001b001bfe1cfe1bfc1a00000000000000000000000000000000000000000000ef12ec11eb10e810e80ee70ce70be809e708e807e707e806eb05ec07f006ee08f008f308f40bf50df70ef810f910f814f817f817
CSIX,1697395637,024353490001,-65,6,128,43300400ecf2ebf2ebf3ecf3ecf4ecf5edf7ebf8ecf8eaf8ebfaeafbe9fbe9fbe8fbe7fbe8fbe7fbe9fbe9f9e9f9eaf9e9f7ebf7ecf600000000000000000000000000000000000000000000f4ebf6e9f7e8f8e7fae7fce7fde7ffe800e900e901e901eb00ecfeedfef0fceffbf1faf2f9f3f7f2f6f4f4f2f6f4f0f2f0f3eff3
CSIX,1697416129,024353490001,-65,6,128,433004000c180d190c150c160c150c140d110e110e101210110e120e140f140f150f1610161116121411141312131113111510140e160000000000000000000000000000000000000000000003180019ff19fd1bfd19fa1af819f817f817f816f716f816fa14fb13fc12fd13ff1201110213031205120713071308150b160b16
CSIX,1697446920,024353490001,-66,6,128,43300400ecf7eaf5ebf8ecf6ecf9ecf8edfbecfbebfde9feea00e900e801e600e601e3ffe500e4fee5fee4fde5fce5fae6fae6f8eaf800000000000000000000000000000000000000000000f5e9f6e9f9e7f9e7fbe7fde7fee7fee900e9ffea03e800eb02ebfdeefff1fdecfbf2fbf1f9f4f9f3f6f5f5f5f4f6f0f6f0f6eef6
CSIX,1697476274,024353490001,-65,6,128,43300400f414f416f718f613f715f615fa13fb14f915fa17fa16fb16fc17fd18fc1afc1afb19fb1afb18f919f717f616f516f514f41300000000000000000000000000000000000000000000ef0bee0aec09eb08eb07eb06ec05ed03ed03ed03ec02ee03f003f105f205f207f406f508f50af80cf70cf70ef810f512f513f614
CSIX,1697534653,024353490001,-64,6,128,43300400f118f119f219f217f118f216f315f515f615f717f917f916f717f919f819f619f71af418f516f315f314f313f214f312f21000000000000000000000000000000000000000000000f50ef30ef20ef10df10df00cee0bef09ef0bef0aee0cef0cf00bf10df10cf00ff20ef30ff211f210f311f212f313f316f218f218
CSIX,1697567325,024353490001,-64,6,128,43300400eb12ea13ed13ed11ed12ed11f010f112f211f213f412f412f313f413f414f314f313f213f311f311f30ff30ff30ff30ef20d00000000000000000000000000000000000000000000f010ef0eed0deb0eeb0ce90be90ae909e908e909e709e809e909ea0aea09e90aeb0bec0aec0bed0cec0deb0eee0eec10eb12eb12
CSIX,1697594651,024353490001,-62,6,128,43300400ebf6edf8e9f7ecf8edf7ebf9edf9eef9eaf7f0fef7fae901f1fae8f9ef02f508effef2f8ecfcecf7ecfee3f8f4f605faeceb00000000000000000000000000000000000000000000eaf5ecf4ebf1ecf0ecefefeeeeedf1edf0edf1eaf1e9f2eaf3ebf2edf4eeefedf2f1f1eff2f0f0f1f0f1f0f3eff3eef3edf4eef5
CSIX,1697624737,024353490001,-64,6,128,433004000beb0bea09ea09eb08ea07ea07ec05eb05ec04ea03eb02eb02ea00e901e901e901e901ea01eb02eb02eb03ec04eb04ec05ee0000000000000000000000000000000000000000000011e914ea16eb18eb18ed1bef1bf01af21bf21bf41df51cf51bf618f517f618f415f413f413f312f310f210f10ef10ff00eed0ded
CSIX,1697656218,024353490001,-64,6,128,4330040003ed04ecffec05ec02f0feeefef6fdeefdf4f8f2f8eefaf0f6eef7f2f9eff7edf4ecf4edf1eef4edf4ecf5ecfae9f8edf8eb000000000000000000000000000000000000000000000ee511e613e814e717ea18ea1def1aef1bf019f21bf616f217f515f115f20fef0df10dee0df00bec09ec0aea09e909e908eb07e8
CSIX,1697685452,024353490001,-63,6,128,433004001509140715011204160215fe11fe0f03170110fe11fe0ffb10fb12fd14fc14fd14fe14fd12fc12fc11fc11fe13fd13001001000000000000000000000000000000000000000000001a0f16111516161112150e160e180c180f170d160c190d170b150c160c120b180c110a10080e0e0f10080b0d0b08120f0f0d1208
CSIX,1697718204,024353490001,-63,6,128,4330040005160618081508150915091409120b120b110d120e0f0e0e1010100f1110121112111111111110110e120d120d140c13091400000000000000000000000000000000000000000000ff1ffc20fa20f821f71ff41ff31ef31cf21cf21bf01cf11bf119f419f417f518f717f915fa16fc16fd15fe160015001702180318
CSIX,1697748292,024353490001,-63,6,128,43300400ebfaeafaebfcedfbecfaecfdedfff0feefffecffed00ef06ec01ed05ed02ec03ea03ec02ec01ec02ec00ed00ec00edffeefd00000000000000000000000000000000000000000000e7f1e7eeebedeaeaedeaece6f0eaf3ecf0e8f2e9f7e4efeaf0ecf4eceeeef6eaf5edf0eef1eeeff3f0f4f3f0eff7f3fbf1f5f0f6
CSIX,1697776839,024353490001,-63,6,128,43300400ef0def0ef00ff10df10ef30ef40df50ff60ff711f810f810f711f913f914f714f714f714f714f613f512f311f310f30ef20c00000000000000000000000000000000000000000000d919e506deead307e20cd10aea00d703efffd305dffeea00edfde601e5fce3fcee05eb03ef07ed06ef06ec07ef08ec09ed0bed0b
CSIX,1697806186,024353490001,-64,6,128,433004000bee0aea0aec0bef09ee08ed08ee07ec08ed03ec00f002ee00ef02ea00ea00ea00e901eb02ed00ec03ed03ee05ee03ef06ef0000000000000000000000000000000000000000000012ed15f11df11ef31bf81bf718f31bfb18f71af91bf71bfa17f917f715f715f615f810f816f514f607f10ff709f10bee10ec0cec
CSIX,1697834666,024353490001,-65,6,128,4330040004e708e904e604e904eb02ec03eb03ebffecffebfdecfeecfeecfdecfcebfceafdedfdecfdedfeedffee00ef00ee00ee01ef0000000000000000000000000000000000000000000013ea17ed19ee1aee1af01df31af31af818f61cf419f415f318f715f60ff517f513f40ff30df20df30af20bef09f007ed0bec06e9
CSIX,1697866115,024353490001,-67,6,128,43300400eff3eff3eef4f0f3eff4eff5f1f5f1f6f1f6f0f7f1f8f1f9f1f9f1faf1faf1faf2fbf3fbf3fbf3faf4fbf4fbf5fbf6faf6fa00000000000000000000000000000000000000000000f1e4f5e3f5e2f7e2f9e2fce2fde2fee3fee4ffe400e3ffe5ffe7fee8feebfce9fcedfaedfaeef9eff7f0f6f0f6f2f4f0f2f0f2f1
CSIX,1697895254,024353490001,-67,6,128,43300400120014ff13fe12fd12fe11fd0ffe0ffd0ffd0efc0dfc0cfb0cfa0afa0afa0afa09fa0af908f908f704f909fb0af806f90bf8000000000000000000000000000000000000000000001f0a1f0e1e0e1d101c101b131b14171417151615171615161414131311111310110e110c110b110b110912071106120613041303
CSIX,1697925046,024353490001,-68,6,128,43300400f105f305f307f503f406f606f806f706f906fa06fb04fc05fe04fe04ff03ff0300020103020303030403040304040403030300000000000000000000000000000000000000000000e0fbe1f6e0f5dff3e0f3e0f1e4f2e3f0e4f0e3f2e3f1e4f0e6f1e7f3e9f5e7f5eaf7ebf9eaf9ebfbeafdeefcee01ecffed02ef00
CSIX,1697956176,024353490001,-69,6,128,43300400090508040901080306ff070105000701050202010302020302030305fe02ff03fd06fd04fd05fd02fc06fc03fb03fb04fb0500000000000000000000000000000000000000000000181716181619181b151c151c161e121c131d141c131f131d111c121a10191218121411111212110f0f0d0f0d0e0b0f09100a0d09
CSIX,1697985147,024353490001,-70,6,128,43300400fe07ff050004ff04ff03fe02ff02fe00fd00fcfffbfffbfefbfefbfefafef8fcf7fcf6fcf7fbf6fbf5faf6faf6f9f8faf8f900000000000000000000000000000000000000000000ec1fe91ee81fe820e71fe51ee41fe61be51de41ce31de51de619ea1beb17ec19ef17f215f315f414f411f711f80ff810fb0ffa0c
CSIX,1698017653,024353490001,-70,6,128,4330040004fc01fd03fd01fe01ff00ff00ffff000001000301040105010601080209020b020b010b010d000e000d000dff0dff0dff0c0000000000000000000000000000000000000000000022052208230723082309240b240b210c210b220b220c200b1e0a1d081a061a0415031501150113ff12ff11fe0ffd0cfd0cfd0afd
CSIX,1698075083,024353490001,-72,6,128,43300400eefcedfbeefceefdf0fef1fff400f402f503f405f807f708f708f80af70af90ef90dfa0ef90df70ff60ef60df50df60bf40900000000000000000000000000000000000000000000e5e2e7e0e8deeadcecddeedbefddf2def4e0f5dff4ddf4e0f5e4f5e7f4ebf2e9f2ecf2eeefeeeff0eff2eef2eef4edf5ecf5eef6
CSIX,1698104999,024353490001,-73,6,128,43300400f305f206f407f507f608f809fb0afc0cfc0efe0fff0fff10021201130214031502150316021600160015fe16fe16ff14fe1200000000000000000000000000000000000000000000f7dbfadbfcdbfcdaffdc01dc01de04e104e203e405e504e803ec01ee00f1fdf2fbf4faf6f9f7f8f9f6fbf7fdf6fef5fff302f303
CSIX,1698167673,024353490001,-68,6,128,43300400f40ef40ef50ff60ef70ff70ef70ff90ff90ef80ff90ef90ff90ef90ff90ef80ff80df70cf90bf80af908f808f908fa07fa0700000000000000000000000000000000000000000000ee12ed11ec11ea12eb11e910e910e80ee70fe50fe40ee50ee60ce70de90ae90ceb0ced0cee0cee0eef0def0df10ef00ef00ff00f
CSIX,1698224760,024353490001,-69,6,128,4330040018ff19fe18fc17fc17fb17f815f815f614f615f215f213f014ef14ee15ee14ee14ed14ee12ee12ef13ef10ef11f010f00ef20000000000000000000000000000000000000000000004ee06ee07ee09ee09f00bf00bf00cf30ef50ef510f511f611f812f911fa12fc11fd11fe12fd13fd13fd15fe14fe17fe19fd19ff
CSIX,1698258404,024353490001,-70,6,128,4330040016e715e714e614e713e613e611e610e410e40fe10de30ae20ce10ae30be20ae209e20ae309e609e508e807e606e605e806eb00000000000000000000000000000000000000000000f201f200f2fdf3fdf4fdf4fbf4f9f7f9f9f9f9f5f8f4fef300f302f203f206f006f008f20aef0aef0cee0eec0eed11ea14e915e8
CSIX,1698284852,024353490001,-72,6,128,43300400f9ecf9ecf8ebf7ecf5edf3ecf2ebefedf0edededeceeebedeaecebedeaecebeeecf0ebefedf1ecf2edf1edf2edf2edf4eff30000000000000000000000000000000000000000000016151317131812191218101a0d1a0c180a180817071706140512030e020a03090206010201ff01fefffcfefafcf8fdf6faf0fbf0
CSIX,1698346635,024353490001,-66,6,128,43300400fcedfbedf8edf9eef7eef5eef4eff2eff2f0f0eef0f0eff0eeefeef0eeeeeeefedefedf0eef1eef0eff1eff1eff0eff0f0ef000000000000000000000000000000000000000000000fe212e315e316e318e618e81be81aeb1bec1aed1bee1aef17f116f013f212f10ff20df20bf10af107f106f004f003ef01ed01ed
CSIX,1698405866,024353490001,-67,6,128,4330040008fc09fb08f907f806f605f404f402f203f101ef00f0ffeefdeefdedfdecfbebfbebfbecfaedf9ecf8ebf8ebf9eaf9ebf9ec000000000000000000000000000000000000000000000128fe27fd29fb29fa29f828f728f625f623f524f324f422f41ff71cf819f919fb14fe12fe10000f000c030a0308050607030702
CSIX,1698435583,024353490001,-67,6,128,4330040004fd05fd06fb06fa06f805f705f605f505f304f104f003ee03ed01ed01eb00ea00ebffebfeebfeeafdeafdeafde9fdebfeea00000000000000000000000000000000000000000000de0bdc0adc09db09db07dc06dc05de04de04de03de02e003e302e603e902ea02ee03f103f303f504f703f903fc02fd02ff010101
CSIX,1698496687,024353490001,-68,6,128,4330040008050a060b060b050d040e020e0110ff10fd12fc11fa12f913f813f714f614f613f515f413f314f314f414f415f315f316f500000000000000000000000000000000000000000000e010de0ddd0bdb0cdd0adb08db07dd05dd04df04dd02df02e401e502e901eb02ef02f303f403f604f905fc05fd05000603060407
CSIX,1698584770,024353490001,-67,6,128,43300400fbfffa00fa01fa02fa04fb05fb06fc06fc07fd09fe0afe0afe0c000c010d000e010e020e030c030e030e030d030e030e020d000000000000000000000000000000000000000000000de110df0fe211e010e113e114e213e413e313e416e415e414e611e70fea0eea0cec0aef09ef07f105f203f402f601f600f9fff9
CSIX,1698615681,024353490001,-67,6,128,4330040009fe0afc0afd08fb09fb06fb06f804fb04f803f600f9fff701f7fff7fef7fdf5fcf7fbf8fbf7faf6f9f7f9f6f9f5f9f6faf500000000000000000000000000000000000000000000121a101b0f1d0e1e0e1e0c1f0c200b1e0a1f0a2009210920081d081c06180819061407130611080e090b070a0907090909050a05
CSIX,1698645593,024353490001,-67,6,128,4330040007f807f705f704f705f803f801f901fb00fafffbfefcfdfcfdfefcfffcfffb01fa01f902fa02f904f903f904f605f704f4020000000000000000000000000000000000000000000021fd21ff22012301210223042205200621062206230722061f061d051b051a0418031500150014ff12fe12fb0ffb0ffb0ef90dfa
CSIX,1698678372,024353490001,-68,6,128,43300400fef7fef8fdf8fdf9fefafdfbfefbfefd00fe00fe02ff02000301030005010602080307030803080509050a060b0709060a08000000000000000000000000000000000000000000000ce10ee00fe010e00ee010e011e011e111e111e113df12df12e20fe30ee60ee50ce809e908e907eb05ed05ed04f003ef01f001f2
CSIX,1698705886,024353490001,-68,6,128,43300400fa04fc040005f5fdf6fdf5fff101fa06f703f804f6fdfaf6f5f3f7f0f1e8eef2edf3edeef3f4f3ecf1edf2ecebebf3ecf4f1000000000000000000000000000000000000000000000e1e0b1d0822061a0a1c051bfd16f720fb21f926f62dfc26fd23fe1ef81bfc1cf816f615fc19fd16031303110c040302fc05f703
CSIX,1698766082,024353490001,-69,6,128,4330040001fb00fbfffcfefafdfafbfbfafcf8fef8fff600f600f402f303f204f106ef07ef07ed08ed08ed09ec08eb07ea06eb05eb05000000000000000000000000000000000000000000001e0b1e0c1e0f1f0f200f1f1020121e121d111d131e151d1319121910150d160e120a1208120710050e040d020b010a0008ff06fd
CSIX,1698794990,024353490001,-68,6,128,4330040000fefefffdfefcfffa01f900f801f803f705f606f507f509f409f40bf30bf10df20ff20ff210f010f20ff00ff00ff00ef00e000000000000000000000000000000000000000000001e0b1d0d1e0e1e0f1f0f1d111e111c111d111c131d131c121910180e150e160c130a110811060f060d040c030a020a0007010601
CSIX,1698825178,024353490001,-69,6,128,43300400fb0bfb0dfd0ffd0efe11ff1000110211031205150714081409150c150d170d180d180e160f170e151c11141610180d160a1700000000000000000000000000000000000000000000fadffbdefcdefcdefdddffde00de02df02e003e003e003e003e402e603ea02ec02ef00f2fff4fff8fef8fefbfdfefd00fc03fb06
CSIX,1698855322,024353490001,-68,6,128,43300400ef05ed06ee07ef08ef09ee09f00aef0cf00def0ef10ff10ff210f212f111f213f212f213f312f213f212f012f011f00ff00e00000000000000000000000000000000000000000000f0e6f2e5f2e3f3e2f5e2f8e1f8e1fae3fae3fbe2fde2fee4ffe6fde9feecfcecfcf0fbf3faf5f9f6f7f9f5faf5fbf3fdf200f100
CSIX,1698884660,024353490001,-68,6,128,433004000e020f0010ff0fff0fff0efe0dfd0efb0efa0ef80df80df70df60cf50df40ef40ef30df30df30df30df30ef40ef40df50ef7000000000000000000000000000000000000000000000c19091a081c061e051c051e021e011b011c001bfe1cfe1bfe19ff16fe14ff140110030f040e050d060b080a080809080b070c07
CSIX,1698916744,024353490001,-68,6,128,433004000c070b060d040c030d030d020d010c000cff0efe0dfd0cfb0dfa0ef90ef90ff80ef70ff70ef70ff70ff80ff710f90ff90ffb00000000000000000000000000000000000000000000021dff1cfd1efc1efc1ef91ef71df71bf61bf51bf31bf41af517f615f713f813fa10fc0ffd0ffe0e000d030c030b050b070a0809
CSIX,1698945371,024353490001,-67,6,128,43300400fdf2faf2f8f3f8f4f7f5f7f4f6f6f4f8f4f8f2f9f2fbf1fdf0fdf0feeeffed00ed01ed00ec02ec01ec01ec00ec00eb00edfe000000000000000000000000000000000000000000001ae61de91ee920ea20eb22ec22ee20f122f221f223f322f41ff51bf518f618f514f611f410f50ef50bf409f407f406f204f202f2
CSIX,1698977894,024353490001,-68,6,128,43300400f707f608f90af909fb0afb0bfe0aff0bff0b020c040b050b070c080c090d0b0e0b0d0c0e0c0d0c0e0c0d0c0e0c0f0b0e090f00000000000000000000000000000000000000000000e4e6e5e4e6e2e5e1e7e1e9dfeadeeddfeddfeedeeedef1dff1e2f2e5f4e8f2e9f3eef4f1f3f2f3f4f3f7f2f9f4fbf5fdf4fff501
CSIX,1699008442,024353490001,-68,6,128,43300400fe0cfe0d000c000d010d020c030d050c050b080c090b090b0b0b0c0a0c0a0d0b0e0a0e0a0d090e090d0a0d0b0e0a0d090d0a00000000000000000000000000000000000000000000dff7e0f3e1f2e0f1e1f1e1efe3ede5eee5ede5ede5ece8eeeaeeebf1edf2edf3f0f5f3f8f3faf4fcf5fef6fff802f803fa06fa07
CSIX,1699034732,024353490001,-68,6,128,43300400f6f3f4f4f4f2f3f4f2f5f1f6f1f7f0f8eff9edfbedfdedfeecffebffea01ea01eb02ea03eb04eb04eb02eb02ea03eb03eb010000000000000000000000000000000000000000000026ef28f32af42af629f72bfa2afb28fd28fd27fd28ff260022001ffe1b001afe15fc12fc0ffc0dfa0afa08f805f803f701f6fef5
CSIX,1699095281,024353490001,-68,6,128,4330040007f607f406f406f205f104f103f101f001f0feeefdeffceefaedfaeef9ecf8ecf6ebf6ebf7ebf7ebf7ebf6eaf8e8f8ebfbea00000000000000000000000000000000000000000000131d112010200f220d200c210a21091f0821081f0721071f061c061a051605150512050d060c060b070608050803080108ff08fd
CSIX,1699124893,024353490001,-68,6,128,43300400f7f6f7f5f5f7f5f7f6f7f3f8f3f8f3faf2fbf1fcf0fef0ffeffeeeffec02ec01eb01eb00ec01eb00ea02ebfdeaffeafdeafe0000000000000000000000000000000000000000000010e514e513e616e715e815ec19ea18e617ee16ee17ef18f113f512f811f20ef10cf50af508f407f505f404f401f500f5fdf4fcf6
CSIX,1699154801,024353490001,-67,6,128,4330040002f500f4fdf5fdf6fcf3fcf6fbf8f9f8f7f2fdf4f5faf4fbf3faf3fbf1fbf0fbf0fceffbf0fceffcf0fceffcedfbf0fcf0f8000000000000000000000000000000000000000000001df11ef21ff422f420f622f822f920fa20fb1ffc22fd1ffc1dfc1bfb17fd18fb14fc12fa11f90ff80df80df609f60af609f407f4
CSIX,1699189118,024353490001,-68,6,128,4330040008ff09fe07fb07fb07fa05fa06f703f902f802f600f500f5fef5fdf4fef4fdf3fcf3fbf3fbf4faf3faf3faf2fbf2faf3fbf2000000000000000000000000000000000000000000000c1e092009220823082206270121f926fe21ff2000260122051b061cff180119001404110411050e070c070c0709080808060804
CSIX,1699279301,024353490001,-67,6,128,4330040005f611f90ffc0ef70ef90ef910fb07ef0ff110f70ff605f30df206f409ef0cef09f10af109f20af10af10af20bf30af30cf400000000000000000000000000000000000000000000161014131313121512150f170e170b140d160a170a1b0b1308130a13040e0710060a090b060c0e07080a0a0e13f904fd120e0b0b
CSIX,1699305067,024353490001,-68,6,128,433004000df80cf60cf40cf40cf40bf209f208f108f107ee05ef03ee04ed03ed02ec01eb01eb00eb01ea01ea01ea01e902e903eb05eb000000000000000000000000000000000000000000001a1519161818181a171a141c131c111c111c0f1c0f1e0d1c0b1a0b1709140b13090f090c0b0a0a080a060b030a020b000dfe0dfc
CSIX,1699335523,024353490001,-68,6,128,4330040012020f030ffe10ff10fc13fb10fa0ff80ff910f90ff610f811f70ef20ef311f611f00fef11f00ef010f00ff112ef12f214f300000000000000000000000000000000000000000000ff22fe22fc22f924f821f621f520f41df41ef41cf31cf31af417f715f613f812fb0efd0dfe0e000e020a02080409090506030806
CSIX,1699436899,024353490001,-69,6,128,43300400f9fdfc03fb06fa05fc06ff06000801070305050506050603070109ff0dfe0b0007fb0af70df60ef80af90af30df10df40cf60000000000000000000000000000000000000000000027ec2cf223f61fef21e62dea29f21df517e821e327ea1af011ec12e214e514ec0af202ef01e903eb04f1fdf8f7f6f9f0fdf5fbff
CSIX,1699489314,024353490001,-67,6,128,433004000204010300030002ff03fd04fd03fd05fc05fb07fb06fb07fa09fa0afa0bf90df90df90df90ef80ff90ff80ff70ff80ff70e000000000000000000000000000000000000000000000d1f0c210c210b220c220a2209230820092008200922091f081e091a07180917091308110910090e080c080a0809070807080607
CSIX,1699516459,024353490001,-67,6,128,43300400fc04fc02fc01fc00fb00fcfefafefafef8fef8fdf6fef4fef4fef4fff2fff1fef1fef0fff0ffefffeffeeeffeeffef00efff00000000000000000000000000000000000000000000e91ee71ee61ee51fe61ee41ee31de41be51ce51ce41ce61ce719ea19eb16ed16ef13f212f312f510f70ff80ef90cfa0cfa0bfb09
CSIX,1699577167,024353490001,-67,6,128,4330040003fe03fd02fc01fb00fafefafdf9fcf8fbfaf9f8f9faf7fbf6faf6fcf4fcf3fdf3fff2fff200f000f0fff0ffee00ef00efff00000000000000000000000000000000000000000000122610290e290e2b0d2a0c2c0a2b0928082809270928092708240821071d081c0819081409140911090f090c070a080908060704
CSIX,1699695377,024353490001,-67,6,128,4330040001f700f8fff7fef9fdfafcfafbfbfafdfafef800f801f801f802f704f704f606f706f707f708f708f709f709f709f609f6090000000000000000000000000000000000000000000023ee25f026f027f127f227f527f625f825f726f827f825f822f920f81df91df717f816f614f612f70ff60ef50bf50bf508f408f5
CSIX,1699815185,024353490001,-66,6,128,433004000ff50df70bf60cf309f406f509f505f102f203f404f202f0fff201f402f2fff2fdf5fff5fef5fdf4fcf5fdf5fdf3fbf5fcf60000000000000000000000000000000000000000000023f726fb26fc27fd28ff2902280425042607260726092609240923071e071e081c06190318021702160015fd11fe15fc14f911f9
CSIX,1699909268,024353490001,-67,6,128,43300400f708f905f702f905fc03f907fd03fd0a020c03090106000002fe0500030107ff05fc09fc09fb08000cfe08fe0afd0cfc0a0000000000000000000000000000000000000000000000dd01dbfcd9fed800dafbddf9dbf6dff6dcfce0f9def3ddf4d9f9e4fadcfbe1fae5fbe3faecfbeffdf0ffec01f102eaffee02ed01
CSIX,1699937926,024353490001,-68,6,128,4330040008f907f603f903fa02fd00fa00fb01fcfcfdfcfefbfffa00f900f903f903f803f604f704f606f606f605f606f507f406f4050000000000000000000000000000000000000000000023fb23fe220025012201250325052205220622052305220520041d031a031b04150114fe15ff14fc12fb10fb0cfa0ef80df80cf8
CSIX,1699964679,024353490001,-68,6,128,43300400f9f8f6f9f8fcf9fefafffb00fc02fb02fc04fd04ff07ff0700090009010a030b030a040b050b050c050d060d060e060d050e00000000000000000000000000000000000000000000fbd9ffd702d702d504d806d707d908da09d906db07da06db06df04df05e304e301e6ffebffeafdedfceefaf0faf2f8f2f7f2f8f3
CSIX,1699995392,024353490001,-68,6,128,43300400ff07ff050105010403030300050005ff05fe07fc06fb06fa07f906f805f706f605f506f506f406f306f306f307f206f306f400000000000000000000000000000000000000000000e213e111e010de10de0edd0ddd0cde0bdf0bde0add09df0ae208e309e707e708eb08ed08ee09f10af309f509f708f809f90bfb09
CSIX,1700025145,024353490001,-68,6,128,43300400fef7fdfbfcfdfbfdfbfffa00fb02f902f904f804fa07fa08fa09fb0bfa0dfb0efb10fc0ffd11fc12fd11fd12fc13fc13fb130000000000000000000000000000000000000000000026ef27f128f229f229f42bf62bf727f827f927f829fa27fa23fb20f91cfb1cf916f814f813f710f80df80cf809f707f703f604f6
CSIX,1700054970,024353490001,-68,6,128,43300400030405030700070008ff08fc09fb07fa08f908f707f507f506f406f205f005ef05ee04ed04ed04eb03eb03eb03e904eb05eb00000000000000000000000000000000000000000000e019de16dc16da16db15da12d912db0fdc0edc0edb0edd0ce00ae40ce709e80beb09ef0af109f40af609f809fa08fd08ff090007
CSIX,1700117149,024353490001,-67,6,128,43300400f4fef2fff300f501f503f505f705f706f807f908fa09fb0afb09fd0afd0bfe0dff0c000e010d010e010f00100010010fff0f00000000000000000000000000000000000000000000efdff1def3dbf4daf5dcf7daf9d9faddfbdcfbdcfddbfdddfde0fde2fde6fce6fceafbecf9edf9f0f8f2f7f3f7f5f5f5f4f8f4f9
CSIX,1700147519,024353490001,-67,6,128,43300400030d040d050c060a060907080706080508040903090109000aff0afd0afd0afb0bfb0bf90af80bf80bf80bf80df70df70df900000000000000000000000000000000000000000000f020ec1fea1fe81fe81de51ce31be518e418e416e317e515e613e913eb11ec11ef10f30ff510f710f810fa10fc0ffd11ff11000f
CSIX,1700175432,024353490001,-67,6,128,4330040009f70bf708f808f806f705f802f702f602f900f8fdf9fdf8fdf8fcfafaf9f9faf8fbf7faf6fcf5fbf6faf5fbf5faf5faf5f90000000000000000000000000000000000000000000020fe2201210224042205230822092009200a1f0b200b1f0c1c0a1a081708180616061403140113fe12fe13fe0dfd0ef810f80df9
CSIX,1700236147,024353490001,-67,6,128,43300400f60cf70cfa0cfa0bfd0bfc09fe080008000602060304030304020402060006ff07fe07fd08fd08fc0afc0afc0bfb0bfc0cfd00000000000000000000000000000000000000000000de11dc10db0ed90cda0bd809d807da06da05dd05d903dc03de04e005e304e405e706ea07ea09ec09ee0aef0cf20cf00df20ef40f
CSIX,1700325444,024353490001,-67,6,128,43300400f502f703f804f904fa04fb05fd05fe04ff0400040104030403040403050307020702070008000a0009000a010a010a010b0200000000000000000000000000000000000000000000e2f0e2ece2ebe2e9e4e9e4e7e5e6e8e7e8e8e9e7e8e6e9e7ebe9ececeeededeeeff1f0f4f0f5f1f8f1faf1fbf3fdf1fef100f201
CSIX,1700355227,024353490001,-66,6,128,43300400f9f5f6f7f9fcf6fbf5fbf8fdf6fdf500f901fb01fa07fa03fa04fe0102fd020503040804020b0b0d0a0d0b0e100f05130c0e000000000000000000000000000000000000000000000fdd10e11be114e119dd1cdd1dd91ae21fe21de520df1ee619e617e812ea13eb0eeb0bed07ed07ec05ee03ed02eeffeefceffaf0
CSIX,1700474843,024353490001,-66,6,128,43300400f5fcf5fdf7fff700f800f902fa03fb03fc03fd04fe04ff04000401040204030404040503060306030803080508040804080400000000000000000000000000000000000000000000edddefdcf0dbf1d9f2d9f4d8f6d8f7daf7daf7daf7d8f7daf9ddf7dff9e1f7e2f7e6f7eaf6eaf6edf6eff5f1f5f3f5f4f4f5f5f7
CSIX,1700506029,024353490001,-66,6,128,43300400f8fbfafcfafdfbfffc00fc00fd01fe01ff01ff020102020203030402050306030702070208020902090209030a030a03090300000000000000000000000000000000000000000000f4dff5def6ddf7dcf8ddfadcfaddfbdefbdefbdefdddfcdefde0fce2fce5fbe5fae9faecf9ecf8eef8f0f8f1f8f3f7f4f7f5f7f7
CSIX,1700535707,024353490001,-66,6,128,433004000005020c03040305050304030502040306fdfffc03fe03ff03fd05f9fff803f701f601f401f601f501f401f301f202f503f400000000000000000000000000000000000000000000e71ce319e21ae119e018e116e015e013e312e014e211e312e40ee713e80fe80fed0ef00ef10df30ef20ff50ef70df80df90bfb09
CSIX,1700565369,024353490001,-66,6,128,43300400fbf8fbfbfafafefffbfffb00fd01fe04fe03fc05ff0500050206010601070208040804070408040a0509060a050b050a040a0000000000000000000000000000000000000000000004db07dc0bdb0dd90cdc0ddc0fdb0ce111df10df0cdf10e00ee208e209e806e705eb04e805ea02e903f102edfff201f3fef3faf8
CSIX,1700685585,024353490001,-67,6,128,43300400f304f404f606f806f907fb09fc09fd09fe09ff090009010a030b030a050a050b060b070a070a080a070a070b080c080b070b00000000000000000000000000000000000000000000dbf1dceddcecdeece3e9dfe8e0e7e4e7e5e8e4e7e5e5e5e7e8e9e8ebeaeceaedecf1edf3ecf5edf6eff9effaeffcf0fdeffff000
CSIX,1700714736,024353490001,-67,6,128,43300400fff600f7fff6fdfafcf9fcfafbfaf9fbfdfdfafdf800f700fa02f901f804f704f704f805f805f706f805f706f606f606f606000000000000000000000000000000000000000000001ae81cea1eeb1feb1fee20ef20f01ef21ef21ff220f31ef61cf51bf517f717f413f611f410f40ef30bf40af509f506f307f404f4
CSIX,1700834708,024353490001,-67,6,128,4330040005fa01f8fffafdf7fdf7fcf8fbfafbf9f8faf7faf4fbf5fcf2fdf2fef5fdf2fef100f000f101f000f101f001f001f000f0ff0000000000000000000000000000000000000000000025ff2504270427072707250a230a220a22082009230a1f081f071c081806190717021204130211000fff0bfc0dfc0bf709f709f9
CSIX,1700896173,024353490001,-67,6,128,4330040000f7fef6fcf8fcfafcfafafbfafdf9fef8fff700f802f702f703f804f705f706f707f808f808f80af809f909f80af80af8090000000000000000000000000000000000000000000021eb23ed24ee25ef24f026f225f324f523f523f524f622f620f71ef71bf71bf717f712f711f60ef60bf50af508f507f406f405f4
CSIX,1701017135,024353490001,-67,6,128,43300400080909090907090508050903090207fc04fd07fe06fd05fb05fa03f904f904fa02f802f800f700f700f4fff500f5fff402f4000000000000000000000000000000000000000000000225ff26fe27fc29fb28f92af627f426f625f524f426f524f622f820f71cf91bf919fc16fd17001502130212041006120710080f
CSIX,1701083662,024353490001,-66,6,128,43300400020b020a030903070305030403020401030003ff03fe02fe02fc01fd00fbfffbfefafdfafcfafcf9fcf9fbf8fbf7fbf7fbf700000000000000000000000000000000000000000000f117dd14e41be016e410e615dc1fe20de71edb13e010e118e715e81aeb0deb15eb10ed10f211f513f512f911fa10fc10fe10ff0f
CSIX,1701106734,024353490001,-65,6,128,43300400f8f7f8f8f9fafafbfafdfbfefbfffc00fd01fd03fe02ff03000401030204030404050505050406050606070607070706060700000000000000000000000000000000000000000000fedb01da02d903d804da06d807d907db08dc08db09da08db08de06e006e305e203e601e901e9ffebfdedfcedfbf0f9f0f9f1f9f3
CSIX,1701194690,024353490001,-67,6,128,4330040002f601f6fff8fffafefbfcfcfcfefbfdfafffa00fa00fa01fa02fb03fa04fb05fc05fc06fc06fd07fd08fd08fd09fd09fd09000000000000000000000000000000000000000000001feb22ec22ed24ed23ef25f224f223f422f521f423f421f41ef61cf419f619f516f612f511f50ff40cf40af309f408f307f306f4
CSIX,1701224939,024353490001,-67,6,128,4330040004f500fafcf9fcfafffcfcfdfefefbfffa01f904f804f904fb05fb05000afb08fc0afb0afc08fc0cfc0bfc0cfb0efc0dfb0d0000000000000000000000000000000000000000000022e925ec26ee28ef25ef27f127f224f324f523f425f423f520f41ef61af71af617f311f611f40ff40cf40bf308f108f306f006f4
CSIX,1701260498,024353490001,-67,6,128,4330040009030801090007fe06fd05fb06fa05f804f803f703f502f601f4fff5fef5fff3fdf3fdf2fdf3fdf2fdf2fcf1fcf1fbf2fcf2000000000000000000000000000000000000000000000d2609270828072a072804290229012600260026ff260124fe220122fe1bfe19001aff170119070f0610060d070b0a0c0a0a0907
CSIX,1701286096,024353490001,-66,6,128,4330040008fb08fa06f904f903f802f801f7fff6fff6fdf5fef7fcf7fcf7faf8f9f8f9f8f8f9f7faf7fbf6fbf6faf6faf6faf6fbf6fa00000000000000000000000000000000000000000000220e21102112211420141e161e171b161b161b171a1918171616161313111410120c110a100910060f050f030f020e010efe0cfe
CSIX,1701314945,024353490001,-67,6,128,4330040008fd07fb06fa05fa04f904f703f802f701f700f7fff7fff8fef8fdf9fcf9faf9fafaf9fbf8faf8fbf8fbf7fbf7fbf7fcf7fb000000000000000000000000000000000000000000001b1a181d181e181f161e13201321111f101f101f11200f1e0d1b0e180c170d160c120c0f0c0e0c0c0b090c070a050c030c020b01
CSIX,1701350565,024353490001,-67,6,128,4330040007020bfe06fb0cf70af808f508f0fef202f200f0fef6f8f6fcf9f9faf8fdfafafcfafcfbf7f7fafaf8f7f9f6f8f1f7f4f4f30000000000000000000000000000000000000000000026112a1425162a122617251725141b151c16191614171717131a12161316101812131010100b110a0f050f040bfe0a000b000802
CSIX,1701376261,024353490001,-67,6,128,43300400f7fdf6fff9fff801fa03f905fa05fa06fc07fc08fd07fd07ff07000700090208040804080509060a050a060a060d060b060c00000000000000000000000000000000000000000000f6ddf9dbfbdbfcd9fddcfddaffdcffdc01dd00dd00db01dd02e100e300e500e7ffe9fceefcedfdeefbf2faf3f8f5f7f6f5f6f7f7
CSIX,1701405559,024353490001,-67,6,128,43300400fa06fb06fd06ff060006030703060405050606060705070409040a030a010b010c000cff0cfe0dfe0dfd0dfe0efd0efe0efe00000000000000000000000000000000000000000000dbf5dbf2daefd9efdceddcebddecdfebe0ede2ebdfe9e1ece4ece6efe9f0e8f1ecf5eef7eef9f0fbf0fdf2fff301f303f404f605
CSIX,1701434755,024353490001,-68,6,128,43300400f803f904fb06fc05fe07ff08ff0901090209030a04090509050a07090809090909080a080b070a070b080b080c080c070c0800000000000000000000000000000000000000000000e5e4e8e2e8e1e8dfeae0ecdfeedcece3f3dff1e1f1dff3e0f4e5f5eaf5e6f4eaf6eff6f2f5f4f5f7f5f8f5faf6fcf5fdf5fff600
CSIX,1701496049,024353490001,-67,6,128,43300400080a080a09080a060a050a030a020a010a000bfe0afd0afd0afd09fc09fb08fa07f907f806f806f706f605f506f606f506f500000000000000000000000000000000000000000000ff27fb28fa28f72af627f427f226f222f023f122f023f022f21ef31df41af51bf717fa14fc15fe13ff110111030f030f0710060f
CSIX,1701525444,024353490001,-67,6,128,43300400f8faf7fbf7fbf6fef8fff800f901f802f903f904fa04fa06fc06fd06fe06fe06ff0601060207030803090409040a0409030a00000000000000000000000000000000000000000000fadcfddafeda00d700da01d803d904dc05db04dd05db05dd05e005e003e403e402e600ebffebfeedfbeefbf0fbf0f9f2f7f4f7f4
CSIX,1701554747,024353490001,-67,6,128,4330040002f902f900f9fffafefbfdfcfcfdfbfcfafdf9fefa00fafff901fa02f903f904fb05fa06fa07f809f908fa09f809fa07f5080000000000000000000000000000000000000000000022f724f924fa25fa25fc26fd25fe23ff24ff23ff240122001f001eff1bff1bff17fe14fc13fc11fb0efa0efa0cf90bf809f807f7
CSIX,1701585666,024353490001,-67,6,128,4330040002f801f700f8fff8fdfafcfbfcfafafdfafef8fef9fff900f701f802f804f806f806f806f709f709f709f709f50bf60bf40a0000000000000000000000000000000000000000000028fb2aff29002c022a022b04290628072607260627072507220620041d051c031802160014ff12fe11fc0ffb0cfb0cfa0af907f8
CSIX,1701618332,024353490001,-67,6,128,43300400fafaf9faf9fcf9fdf9fef800f901f902f903f905fa06fa07fb08fc08fd09fe0bff0b000b010b010c010c010e010e010e010e000000000000000000000000000000000000000000001bdf1de11fe220e11fe322e423e620e921ea1fea21ea1fec1ced18ed16f015ef10f10df20cf209f206f305f303f401f4fff6fdf6
CSIX,1701646500,024353490001,-67,6,128,433004000007010902080407030705060605060307030802080008ff08ff08fe09fc09fb0afa0af909f809f709f709f70af60af60bf600000000000000000000000000000000000000000000d808d706d604d503d703d6ffd7fddafcdafddbfcdafbdcfcdffce2fde5fde5ffea00ed02ed03f003f204f406f705f806f908fb08
CSIX,1701675037,024353490001,-67,6,128,4330040008fb07f907f804f804f902f800f8fff9fdf8fdf7fbf8fbf9f9f9fafaf7faf6fcf6fbf4fcf3fcf3fcf2fcf2fcf1fcf1fcf1fb0000000000000000000000000000000000000000000021102113201421171f161e191c191a1819181917181918181616161214121410110d0f0a10090f070e050f030d010d000cfd0cfd
CSIX,1701734853,024353490001,-67,6,128,43300400090a080b0905090608030802060008ff04ff06fa05fe02fb05fa02fcfff703f8fff600f5fff5fff4fff300f200f1fff101f000000000000000000000000000000000000000000000fe26fc27fa25f926f623f523f625f320f61ff221f01cf820f31df719fa18f817fb130014fd14000f03110211070c0711080b0b09
CSIX,1701765949,024353490001,-66,6,128,4330040009f807f805f604f803f802f800f8fff8fef7fcf8fcf9fbf9f9faf9faf7fbf8fdf7fdf5fdf5fef4fef4fef3fdf2fdf2fdf1fc0000000000000000000000000000000000000000000026052708260a280b260c250f240f2110200f201020121f101c0f1a0c170b180a1507130512041202100010ff0efd0efc0efa0df9
CSIX,1701795716,024353490001,-67,6,128,43300400f506f507f808f905fb09fc07fd08fe08ff08020802080307030704060506060607060806080409040a050a050a060b050b0600000000000000000000000000000000000000000000daf7dbf4dbf3d9f2dbf1dceeddeee1eee0eee1eddbe9e2eae5eee6f0e8f2e8f3ebf5ecf9edf9edfaedfdeefeeffef001f004f102
CSIX,1701885807,024353490001,-66,6,128,4330040004f800fdfff701f9f9f7fcfbfbfafbfbfcfcf9fcf8fdf7fef700f700f502f602f603f503f606f606f606f406f507f408f4070000000000000000000000000000000000000000000027fc27ff280028012702280527062405250522072408210820071b051a031b0315ff1301140110fe0cfc0efa0cfa0af809f908fa
CSIX,1701916292,024353490001,-66,6,128,43300400ff09000902080306060606050804080408040b020a0109000aff0afe0bfd0bfb0bfb0bf90bf80bf90bf70cf70df70df80df800000000000000000000000000000000000000000000d813d710d50fd50ed40cd509d407d705d605d704d703d904dc03de04e204e205e705ea06ec07ee07f008f208f409f609f70bfa0a
CSIX,1701945564,024353490001,-66,6,128,4330040008fb06fa05fa04f903f802f801f8fff6fff8fef6fdf7fdf7fcf7fbf9fbf9f9f9f9faf8f9f8fbf8fcf7fbf6fdf7faf6fff9f8000000000000000000000000000000000000000000001d0f1c131c141c151a15191618171717151715161518151612141213101010100e0d0d0a0e0a0d070c060c040c020c010bff0afe
CSIX,1701974961,024353490001,-66,6,128,433004000bfc07fa08f807f804f702f804f705f600fafdf5fef7fdf8fcf7faf8f9fafaf7f7f9f7f9f7faf6faf5fbf5faf5f9f5f9f5f90000000000000000000000000000000000000000000025152218241a231c221b1f1f211e1b1d1c1d1a1f1920181e151a1618141515141310120e120b120911091005110311030e000eff
CSIX,1702087432,024353490001,-67,6,128,4330040001040002fd0805050003020203020a01090305fa06ff05fa06fa08fc08fa08fa06fb08f909f804f80af609f706f909f908f600000000000000000000000000000000000000000000ea1ee61ce51be51ae417e214e214e713e211e60ee312e20ee310ea11f20deb10f10bf008f10bed0ffb0af10bfa0cfd0efe040007
CSIX,1702102782,024353490001,-67,6,128,4330040006f805f703f601f700f8fef8fef8fcf8fbfafaf9f9fbf9fbf8fcf7fdf6fdf6fff5fff4fff401f301f301f301f301f201f2000000000000000000000000000000000000000000000029fe290129032b05290628082709250a240a2409240a230920091f071b071b0518041502140112ff10fd10fb0efa0dfa0cf80bf8
CSIX,1702128487,024353490001,-67,6,128,43300400f601f602f903f903fa04fc05fd06fd06ff0600070106020603060305050506050705070607050805080509050a060a040a0500000000000000000000000000000000000000000000e6e7e7e2e9e4e8dfece3ebdfefe0f1e1f2e1f0e5eee3efe5f1e7f0e8f3eaf3ecf3edf4f2f3f2f4f4f4f6f4f7f5faf4fbf3fef4ff
CSIX,1702186170,024353490001,-67,6,128,43300400ff07010703070305040406030602060208020800080008fe08fe08fc08fb09fa08f908f908f708f708f607f708f609f609f700000000000000000000000000000000000000000000df16dd13db13da12db11da0eda0ddc0cdc0bdc0adc0add0ae009e409e508e509ea08ed09ee09f009f30af40af70af80af90bfa09
CSIX,1702215514,024353490001,-67,6,128,43300400070507050703070107ff07fe07fd06fc06fb05f905f804f803f702f701f700f500f5fff4fff4fef4fef3fdf3fef2fef3fef3000000000000000000000000000000000000000000000326ff27fd27fc28fc27f927f826f723f723f721f622f722f81efa1dfa1bfc1afd17ff14ff1401120211030f040e050e070d070a
CSIX,1702244799,024353490001,-68,6,128,433004000007ff0b050c0509070b03ff0804060106020503070008ff08ff07fc07fb0afb09f907fb0af609f80af60af60af70af709f600000000000000000000000000000000000000000000de16dc14dc13dc11da0ddb09db09de04df07de08de08e205e405e005ee0be50ae90af108f308f108f709f30bf70ef90dfa0cfa0a
CSIX,1702275160,024353490001,-68,6,128,43300400f302f403f504f705f806f907fb08fc09fc08fd0aff0a000a01090309050a050b060a060a0609090a090a090a0a0b0a0a090c00000000000000000000000000000000000000000000dee4e0e2e1e0e2dee4dfe6dde7dceadeebdeecdeedddeedef0e2f0e3f1e7f0e7f1ecf1f0f1f1f1f4f1f5f0f6f1f8f0faf0fbf3fe
CSIX,1702306829,024353490001,-68,6,128,43300400f707f907fb08fc08fe08ff0801080108030904080407050706060705080608050a040a040a030b040b030b030c030d030d0300000000000000000000000000000000000000000000da01d9fddafbd7fadbf9daf6dcf5dff3e0f3e0f4dff3e0f5e3f5e4f7e7f7e8f8e9fbecfdecfeeefff000f002f203f105f205f206
CSIX,1702334738,024353490001,-67,6,128,43300400060a020b03040704070609030602080007010b050b000afc08ff08fc0afb08fd0af909f708f80af609f808f80bf80af80bf700000000000000000000000000000000000000000000f51ff223f121ee23f11ee920ed1fec1deb1aeb19e71aeb17eb18ed15f012f112f113f60ff710f811fb0eff0cfd0cfc10020e000e
CSIX,1702364922,024353490001,-68,6,128,4330040001f4fff3fef4fcf4fbf5faf5f9f7f8f8f6f8f6f8f6f9f5faf4fbf4fcf2fef2fff200f201f201f203f302f102f103f004f0020000000000000000000000000000000000000000000026f127f529f729f727f928fd28fd25fe25fe25ff2601240020021dff1bff1aff160014fd11fa0ff90ef70cf70af60af508f306f4
CSIX,1702397376,024353490001,-68,6,128,43300400f4fdf400f302f404f305f406f406f508f609f509f60bf70bf70cf70cf70df90efa0dfb0dfc0dfc0dfe0dfe0efe0efd0dfe0e00000000000000000000000000000000000000000000f7d8fad7fcd5fed5ffd702d703d904db04db06dc07dc06de06e103e304e701e701eaffecfdedfcf0faf1f9f3f8f5f8f5f6f6f6f8
CSIX,1702425423,024353490001,-67,6,128,43300400f6fef6fff601f703f804f805f907f907f909f80bf90bfa0bfa0cfc0dfc0dfd0efe0efe0eff0dff0e000e000eff0efe0eff0c00000000000000000000000000000000000000000000fadafdd9ffd901d801da03da04db05dd06dd06de07de06e006e204e404e802e802ec00eeffeefcf0faf1faf2f9f4f9f4f7f8f7f9
CSIX,1702521410,024353490001,-66,6,128,43300400f3fdf300f402f503f604f705f806f907f908fa09fb0afa09fc0bfd0aff0aff0b000b000b020b030a020b030b030c040b030b00000000000000000000000000000000000000000000e5e0e8dde9dce8daebdbedd9eed9f0daf1daf1daf1d9f2dbf4dcf4dff5e3f3e3f4e8f3ebf3ecf3edf2f0f2f2f2f5f1f5eff7f2f8
CSIX,1702544832,024353490001,-66,6,128,43300400f605f706f908fa08fb09fc09fe09ff0a000a010a020a020a030a030a040a050906090608070806070508060808080807070700000000000000000000000000000000000000000000dcf9dcf6dcf4dbf2ddf2ddefdeefe0efe1eee1efe0ede2eee4eee5f1e8f2e7f3eaf5ecf7ecf9edfaeefceefdf0fff000f002f202
CSIX,1702574780,024353490001,-66,6,128,4330040009f908f906f806f704f604f602f601f400f4fef3fef5fdf5fef5fdf5fdf5fcf6fcf7fbf7fbf8faf7faf7f9f8f9f8f8f8f9f900000000000000000000000000000000000000000000230422072208230b220a220d20101e0e1f1118111b0d1f0e1b0c190d160c180b150a130613061104110311010fff10fe0ffc0dfc
CSIX,1702694731,024353490001,-68,6,128,43300400fbf5f9f5f9f5f9f7f7f6f6f9f7f8f5fbf3fbf2fbf2fcf2fdf3fcf4fef3fff4fff400f501f501f601f702f702f604f803f8050000000000000000000000000000000000000000000022e724e924ea26eb25ed27ef28f124f326f526f624f624f521f71ef61bf819f615f812f711f60df60cf609f606f606f405f301f5
CSIX,1702754959,024353490001,-68,6,128,43300400f903fa06fa08f909fa0afb0bfc0af80bff0efd0efe0c010b010bfe0b010a020a020903090408070a0508070605070806090500000000000000000000000000000000000000000000f3d9f6d8f7d8f8d7f9d8fbd9fdd9fedbffdcfedbfedbffddffe0fee2ffe7ffe6ffecfceefdf0fcf3fbf4faf7fbfaf8fbf7fdf800
CSIX,1702785374,024353490001,-69,6,128,43300400f5faf5fbf4fcf4fdf2fef3fff301f301f302f204f404f505f506f706f707f907fa09fa0afb0afc0bfe0bfe0bfe0dfe0dfe0d000000000000000000000000000000000000000000001adb1ddc1ede21de1fe122e222e520e721e81ee821e81ee91aec18ec15ee14ef11f10cf20bf109f407f404f602f5fef5fcf6fcf7
CSIX,1702815619,024353490001,-69,6,128,4330040009f909f809f708f608f507f507f506f405f404f401f501f400f6fff6fff6fdf6fdf7fbf7faf8f9f8f8f8f7f7f6f8f6f9f6f800000000000000000000000000000000000000000000132310230e240c250c240a2208240621072106200420051f041b0618051604160510050e060b070a07070805090309010aff09fe
CSIX,1702844792,024353490001,-69,6,128,43300400f303f304f404f504f406f506f607f708f809f80afa09fa09fb0afc09fe09ff0a0009010a030a030a040b050b060c060c050c00000000000000000000000000000000000000000000f4daf8d9fad9fcd7fddbfedb01dc02de03de01df02e002e301e500e700ea00ebfdeefdf1fdf3fbf5faf6faf8f8faf6fcf4fff5ff
CSIX,1702877740,024353490001,-69,6,128,43300400f5f5f3f4f3f6f2f7f2f7f0f9f1faf1fbf2fdf0fef1fff2fff100f202f203f205f306f307f309f30af40af30bf20cf20cf10c000000000000000000000000000000000000000000001cdd1fe121e222e321e523e822ea20ed1fee20ef20f01df21bf316f214f413f20ef40af508f406f303f401f3fff3fdf3fbf2faf3
CSIX,1702965745,024353490001,-69,6,128,43300400f7f7f5f6f3f8f4f7f2f7f1f9f0faf0fbeffbedfdef00ed01ec01eb03ec03eb04ed06eb06ec07ec09ec07eb09eb09eb09ea080000000000000000000000000000000000000000000028f528f929fa29fc28fd2600260122032203210421051e041a0318021401130010ff0cfe0bfc0afc06fb04f902f900f9fcf8fcf7
CSIX,1702996523,024353490001,-69,6,128,43300400fa0bfd0aff0dfe0b000b020c020c030a050a070a08090709090a0b080b090e080f070e060f0510051204120514061205120600000000000000000000000000000000000000000000dde7e0e4e0e2e1e2e4e1e5e0e6e1eae3eae3ece3ece3efe4f1e6f0ebf2edf2eef3f1f3f4f3f6f5f9f6fcf6fdf7fff802f904f906
CSIX,1703068598,024353490001,-69,6,128,43300400f705f806f907fa08fc09fc09fd09ff09ff08020803080408060806070707090809060a060b040b050c050e050f060f050f0600000000000000000000000000000000000000000000e3e3e7e2e7dfe8deeadeecdeeddef0dff2e0f1e0f2e0f2e2f3e6f3e8f4ecf3ecf4eff5f3f4f5f4f6f3f8f4faf5fdf3fef400f501
CSIX,1703085038,024353490001,-69,6,128,4330040000f8fff902f7fdf6fbf9faf3f4fcfdf8fdfef9fcfaf9f5fef5fbf1fdf501f001f4fff504f103f306f205f003ef04ee04f005000000000000000000000000000000000000000000002606270a270c270e2410241221131f131e141d0f1b141e13190d140c130a140b10080e050c040b020e020d000afb0d010bf903f8
CSIX,1703118004,024353490001,-68,6,128,43300400fdfffe010001000201030203040303010500050007fe07fe08fe09fc0afb0bfa0af80bf70cf60df60cf70df50ef60ff40ef400000000000000000000000000000000000000000000f2daf6d8f7d7f7d6f7d7f9d7fad7fcdafbd9fbdafddafcdcfce0fbe3fbe6f9e5f9eafaedf9edf8f0f8f2f8f4f9f7f9f7f9f9fbfb
CSIX,1703146715,024353490001,-68,6,128,4330040001fafefc00fdfdfefe00fd01fd02fd02fe01fd03fe050007010501080307040805080608070908090809090a0b0b090a0a0c0000000000000000000000000000000000000000000022ec22f027ee25ef29f027ef2af424f724f424f325f724f824f61ff31af61bf416f612f611f70ef50ff50cf909f708f707f805f7
CSIX,1703176965,024353490001,-68,6,128,43300400fd06ff060006020602060306030504050505060507040803070308020800090009ff08ff08fc0bfd06f7fb010bfe0afc0bfc00000000000000000000000000000000000000000000dc03da00daffd9fddafddaf9dbf9dcf7def7def7dcf6def7e1f7e3fae5f9e6faeafcecfdecfeeefff000f101f402f404f504f804
CSIX,1703241705,024353490001,-68,6,128,4330040000fafefafcfafbfbfbfcfafdfafdf9fef9fff800f801f802f802f804f704f805f806f806f907f808fa09f908f909f90af90a000000000000000000000000000000000000000000001ff121f421f522f521f722f822f921fb20fb20fb21fc1efc1dfd19fb17fd16fb13fb11fb10fa0efa0bf90bf908f807f905f804f8
CSIX,1703278221,024353490001,-68,6,128,4330040008f807f807f605f704f602f502f501f5fff5fef4fdf4fcf6fcf5faf6f9f5f8f6f8f8f8f8f7f8f7f9f6f9f6f8f5f9f5fbf5fa0000000000000000000000000000000000000000000025112514241524182318211b1f1c1c1b1c1b1a1c1b1d191b1618161514131412120f110b110a10090f060e040c020e000efe0dfd
CSIX,1703296619,024353490001,-67,6,128,43300400f203f304f405f506f607f708f809f90afa0afb0bfc0bfd0bfd0b000b000c010b020a040b040b050a050a050b060b060a060b00000000000000000000000000000000000000000000e1e3e3e0e3dfe4dde6dde8dbe9dbedddeedcefdcf0daf2ddf3e0f2e3f3e7f1e8f2ebf2eff2f0f2f3f2f5f2f7f2faf1faf0fdf0ff
CSIX,1703329379,024353490001,-67,6,128,4330040002090208030503040303030202ff02fe03fe01fc01fa01fa00f9fff8fff8fdf7fdf6fdf4fcf5fcf4fcf3fbf2fcf1fcf2fcf100000000000000000000000000000000000000000000f221ef21ed21ec22ec21e920e820e91de81de81de61de81be919ec18ef16f017f215f413f613f712f910fb10fd0ffd10fe0e000e
CSIX,1703411101,024353490001,-67,6,128,43300400fef5fff4faf6fcf6fbf6f8f5f7f7f6f6f6f8f3f8f4f8f3faf1faf2faf1fbf1fcf1fdf0fcf0fef0fef1fdf0feeffdf0fdeffd000000000000000000000000000000000000000000001fed20ee22f024f023f225f425f623f723f823f923fc21fc20fb1dfc1afb1afb15fb12f812f910fa0ef60bf609f609f708f404f4
CSIX,1703426173,024353490001,-67,6,128,43300400f709f807fc07fc07fe0bff0a000bff0b00090409040a050c050d070c070d070c080c080b080b0a0b090b070a090b0a0b090a00000000000000000000000000000000000000000000e1f4e1f2e1efe0eee2ede2ece4ebe5ece7eae6ece6eae8ecebedebefeeeeeef1eff4f0f8f2f7f2f8f3faf1fbf4fef501f502f604
CSIX,1703452530,024353490001,-67,6,128,433004000402040104ff04fe04fc03fa04f903f802f702f501f401f400f300f2fff1fff1fef1fdf0fdf1fdf1fdf0fdf1fdeffdf1fef000000000000000000000000000000000000000000000f723f423f322f224f222f022ef21ef1fef1eef1ded1eef1cef1af219f315f415f613f911fa10fc0ffd0efe0c000b010a02080307
CSIX,1703536039,024353490001,-66,6,128,43300400fdf5fdf6fef8fffafefb01fcfffc04fd05fe02fd02fe090306ff04fe04040504070108fe06020cfe08010aff0c000b030bfd00000000000000000000000000000000000000000000fadffcdefcddfddcfeddffdcffdc00de00de00dd01dc01dd01dfffe1ffe3fee3fee6fde8fce8fbeafbedfbedfaeffbeefaeffbf0
CSIX,1703565277,024353490001,-67,6,128,43300400010700040004ff02ff03ff01fefff7fdf9fafbfdf9fef8fef7fdf6fff4fff4fef3fff2fff2fff0fef2fff1fef0fff0fef0fe000000000000000000000000000000000000000000000523042303240224042300230023002002210124002301210020ff1d001b021c01180416051604140611060f060f060f060f040c
CSIX,1703598032,024353490001,-68,6,128,4330040002020101ff00fdfefcfefafafbfdf7fbf6fef4faf4fbf3fdf2fbf2fef0feeffeeffeeeffee01ec00ed00eb00ebfeecffecfe00000000000000000000000000000000000000000000181b171b171e151e171e131e141f121d131d121f111f111e0e180f170f160e140d110c0f0c0f0c0d0b0b0a0a080809070a060705
CSIX,1703626978,024353490001,-68,6,128,4330040002ffff00fd00fc00fa00f801f702f604f605f306f406f408f209f30af30df20df30ff30ef310f211f211f111f112f113f0120000000000000000000000000000000000000000000028042a0929082a092809290c280d250c250c240b250d230c1f0b1e081b071c05170415011400130011ff0ffe0dfe0cfe0bfc09fd
CSIX,1703657232,024353490001,-68,6,128,4330040000fa02fefe0302040002ff06ff050105fe05fe0a01080108ff08020e000c040e070e010e040c020e040d040f0410031003100000000000000000000000000000000000000000000019ec1dee1ded1cee1eee1ff21df21bf11bf21cf31ef41bf519f518f514f616f40ff410f60ff60cf609f70cf507f705f80bf800f9
CSIX,1703685675,024353490001,-68,6,128,4330040002fb03fe02ff0000ff020003ff04ff05ff07ff08ff08010a000a010b010c020d030d030e040e030f040f040f0510030f0310000000000000000000000000000000000000000000001ae61ce71ce91ee71de91eea1feb1dec1eed1ced1eec1cec1aee19ee15f014ee12f00ff00eef0df10cf20af308f507f407f406f6
CSIX,1703719996,024353490001,-69,6,128,43300400fafcfbfefc00fe00ff0000020102030204020403050306040604080208030a030a020b010c020c020c020d030d030d030d0300000000000000000000000000000000000000000000ebe7ede6ede3ede4eee4f0e3f0e3f2e3f2e5f2e4f2e2f3e4f4e6f3e9f5ebf2ebf3eef2eff3f0f3f1f4f4f4f5f5f6f6f7f6f8f7f9
CSIX,1703778232,024353490001,-68,6,128,43300400070007ff06fe04fe04fd02fc00fb00fcfdfafcfafbfafbf9faf9f9f9f8f9f8f9f6fbf6fbf4fbf4faf4fbf3faf3faf2faf3f900000000000000000000000000000000000000000000191517191719181b161a151d141e121d121c121c111e111c0f1a0f160d150f150e110e0f0e0e0e0d0d0a0e090c070d060d050b05
CSIX,1703835150,024353490001,-69,6,128,43300400fc04fe0402040303050405030601070108010aff0afe0bfe0bfe0cfb0dfc0dfb0ef90ef90ef80ef80ff80ff910f70ff510f900000000000000000000000000000000000000000000db04da01dbffd9fddbfddafbdbfbddfaddf9defaddf9e0fae2fae3fce7fce7fdeafeec00ed01ee02f103f105f405f506f706f706
CSIX,1703864892,024353490001,-69,6,128,43300400fcfbfcfdfbfffc01fb02fb03fb04fb07fd07fd08fd0aff0bfe0cff0dff0e001001110010011000110111011202110112ff10000000000000000000000000000000000000000000000de010e011e013e011e114e215e315e514e614e615e513e612e90fe90eec0ceb0aee07ef06ef05f103f201f300f5fef5fdf5fdf6
CSIX,1703900034,024353490001,-69,6,128,4330040004fc04fd06fa050101fd01f902f605fff2fbf5f3f7fef604f6fff5fbf701f008f403f9fef705f208ef08f505f50bf00bf10900000000000000000000000000000000000000000000ed1deb1de115e615e920e720e117eb14ed1ce61fea18fc1ff722f41bf50e021efe21f70b021206130213010a0d0a0e0d040a0703
CSIX,1704015001,024353490001,-67,6,128,433004000c060c050a030801070006fe04fd03fc02fc01fb01fafefafef9fdfafcfafbfafafbf9faf8f9f8f9f5faf4f9f6f9f5f7f5f8000000000000000000000000000000000000000000001d191d1b1c1c1b1e1c1e19211922162116231422142315231320141f131c131b1118121512141112111011100f0d100e120c1009
CSIX,1704075421,024353490001,-68,6,128,43300400f104f504f606f905fa06fd03fc04ff080005010702080306020803060507040706050604070508040905090509050a060a0600000000000000000000000000000000000000000000de01dfffdeffdbfdddfaddf8def8def7e0f6dff5e1f5dff5e2f4e4f7e5f8e5f8e6f9e8fbe9fbe9fdecfeecffec00ed00ee02ef04
CSIX,1704105505,024353490001,-68,6,128,43300400001901170510060f080b0a0a0c060f070d02130111fd10fd14fd120014fc14f914f812f813f412f514f315f213f114f417f200000000000000000000000000000000000000000000f43aef3cee3be73fe83ce33ce039df35dc37de34dc37dd36df33e130e52ce32ce72aee25ee27ee25f424f226f821f924fb26fd25
CSIX,1704137225,024353490001,-68,6,128,43300400f402f302f604f805f907fa07fc09fc09fc0afd0bfd0bff0bfe0c010b000d010d010c010c030b020c030c020c020d030c030c00000000000000000000000000000000000000000000e2fae1f8e1f7e0f5e1f4e1f1e1f0e5efe5efe6eee5ede6eee9efe9f0ebf1e9f2ecf5edf6edf8edf8effaeffceffeeefeefffefff
CSIX,1704171978,024353490001,-68,6,128,43300400f808fa0afd0aff09000b020b030a050b070b090b090b0a0c0b0d0b0b0c0d0c0c0d0b0d0b0d0b0e0b0d0c0c0c0d0c0d0a0c0c00000000000000000000000000000000000000000000dd05dd02dc00da00dafedbfbdafadef7ddf6dff7def5dff6e2f6e4f8e7f9e7fae8fcecfeecfeed00f001f002f104f205f305f407
CSIX,1704194796,024353490001,-68,6,128,43300400050603040400060109000afd0afb08f909f80bf70af50af40af40af20bf20bf10bf10af009f00aef09ef0af00aef0bef0cf000000000000000000000000000000000000000000000f620f321f221f221ef21ee1fed21eb1dea1ded1ced1bea1bef18f116f115f116f515f615f611fc11fd0efc0efe0eff0b010b020d
CSIX,1704227236,024353490001,-68,6,128,433004000407020105010500030006fe05fd06f704f902f105f901f005f003f202f202ef02f103f0fff0feed03ed01ee03eb00ee02ec00000000000000000000000000000000000000000000fe20fc22fb21f821f822f722f523f61ff41ff41ff320f61ef71df51bfa17f71afb18fe13fd15fc14fe12fe10010e030b0411040e
CSIX,1704258445,024353490001,-69,6,128,43300400f1fef801f8fcf8fcfa05fd00f804fe04fb08fd090007fd0afb0bff0b010dff0f020b040c000d020e000d020f0210030e020d00000000000000000000000000000000000000000000e7eae9e8e9e5eae3ece5eee0f0e0f2dff3e3f1e3f2e1f2e2f2e2f2e6f4e7f5e8f4ecf2ecf1ecf3eef5f1f7eef6f3f3f5f3f6f3f6
CSIX,1704286260,024353490001,-68,6,128,43300400f9f7f8faf7fbf8fdf7fef600f700f702f703f605f605f807f608f609f70af70bf70cf60cf70cf70cf70cf70cf70df60df70b00000000000000000000000000000000000000000000fede01de03dc04dc05dc08dc09dd0adf0ae00be00ddf0be10be309e408e807e604ea04eb03eb02ed01ee00effff1fdf1fcf1fbf3
CSIX,1704316329,024353490001,-68,6,128,4330040000f8fef8fcf8fcfbf9fcf8fcf6fdf5fdf4fef200f201f100f002f002ee03ee04ed04ed06ee05ed05ed05ed05eb05eb06eb040000000000000000000000000000000000000000000021ec23ee24f027f124f327f527f625f825fa24f825fa23fa20fb1cfc1afb1af81af110f90ff912f80ef70cf60bf809f708f606f6
CSIX,1704345301,024353490001,-69,6,128,4330040001fafffbfdfcfbfdfbfdf8fef8fef601f602f403f304f305f106f108f009f00af00bf00af00bf00bf00bf00bf00cf00cef0b0000000000000000000000000000000000000000000024f425f726f727f828f927fc28fd26ff25002500260024001f011dfd1afe1bfc15fc14fa14fa12fa0ffa0df90bf90bf809f807f8
CSIX,1704374732,024353490001,-69,6,128,4330040006fd05fc04fb02fb00f9fff9fefafdf9fbf8f9f8f8f8f7f9f6f8f6f9f3f7f3f7f3f8f2f9f2f9f2f9f2f9f2f9f0f9f0f9f1f9000000000000000000000000000000000000000000001e121e141c161d171b171b1a191b16191719151a161a151912181214101312110f0e0f0b100c0f090e060e060c030d030c010a01
CSIX,1704469682,024353490001,-68,6,128,4330040003fe02ff01ffff00fdfffc00fb01f902f802f704f605f606f506f507f408f509f50af40bf60bf40de90bfd12f20ef40ef20d00000000000000000000000000000000000000000000230a220d230d230f220f2211211220121f121f121f121e111c101b0d180c180b15091306130511040f040e020c000cff0afe08fe
CSIX,1704495243,024353490001,-68,6,128,43300400fb03fc03fe01ff01010002ff03fe04fd06fc07fa07fa07fa07f808f708f708f607f508f407f307f406f306ef09f107f108f200000000000000000000000000000000000000000000dbffdafcdafbd8fad9fad9f8d9f8dcf8dcf6dcf7dbf5dbf6dff8e1f8e4fae4fbe6fce9fdeafeec00ef00ef02f103f202f303f603
CSIX,1704554764,024353490001,-68,6,128,4330040004f604f602f801fa00f900fbfffdfffdfefffffffe01fe01fe03fe04fe05ff06ff07ff08ff08ff0aff0a000aff0bfe0bfe0b0000000000000000000000000000000000000000000019e91beb1deb1eea1eed20ed20ee1ff01ff11ff020f01ff01cf21af118f418f214f312f311f310f20df20cf20af20af108f108f2
CSIX,1704584945,024353490001,-67,6,128,43300400f8f6f8f8f9f9fafaf9fcfbfcfafefcfffd00fc02fd02fe02ff03ff040003000403040305040405050506060606080607060800000000000000000000000000000000000000000000f8defbdcfcdcfcdafddbffd901d901dc02dc03dc04db03dc03df02e102e400e400e6fee9fde9fcebfbecfaedf9f0f9eff7f0f8f1
CSIX,1704616258,024353490001,-67,6,128,43300400f5f5f6f6f6faf7fbf8fbf8fdf9fefafefcfffb00fb02fd03fd03fe03ff04000501040205030603070406030704080408040800000000000000000000000000000000000000000000f0e2f2dff3def3ddf4ddf6dbf7dbf9ddfaddfaddfbdafbdcfcdefae1fbe3fae3f9e6f8e9f7e9f7ecf5edf5eef6f0f4eff3f0f4f2
CSIX,1704648959,024353490001,-67,6,128,43300400ef01f002f202f303f404f504f704f805fa05fb06fc06fc06fe07ff060007000602060306030604060407040705080608050900000000000000000000000000000000000000000000defadff8def5def4def3dff1dfefe1eee2eee3ede1ece3ede4efe5f0e8f1e6f1e8f4eaf6e9f6eaf9ebfaeafaecfceafdebfeecff
CSIX,1704674984,024353490001,-67,6,128,433004000f06110610040e020d020c000afe0afe09fc09fb07fa06f906f906f806f704f604f603f602f502f402f302f302f202f303f3000000000000000000000000000000000000000000001d141b181b1a1a1c191c171e161f131f1220131f132112200f1e111b0e19101a0f160e1410130f11110e110d110c120c140b130a
CSIX,1704704940,024353490001,-68,6,128,433004000a0a0a080b0709050a0509020801090106ff09fc07fd07fb07fb06f906f805f705f704f604f605f504f405f405f405f505f4000000000000000000000000000000000000000000000f1b0c1c0c1e0b1f09200721052103200220021f0220031f011c031b0319051a041606170416051306110810080e0a0f0c0e0b0e
CSIX,1704734727,024353490001,-68,6,128,43300400f60af60afa0afb08fb09fe08ff0700080206040604050505060506040804080409030b030a020c020c030c030d040c030d0400000000000000000000000000000000000000000000e30ee10be00add0adf08dd06dc04df02de01df02de00df01e200e402e601e502e804ea04ea06ec05ee06ef07f009f009f10cf10a
CSIX,1704768039,024353490001,-68,6,128,43300400fbf4faf4faf7f9f9faf9f8fbf8fcf8fdf9fef800f901f903f903f905f906fa07f908fa08fa0af90bf90bf80bf80cf80bf80b0000000000000000000000000000000000000000000002e005df06de08dd08de0cdf0dde0ee20fe110e211e210e40fe60ce70bea0ae707ea05eb05ec04ec01ed00edffeeffeefdeefeee
CSIX,1704794732,024353490001,-68,6,128,43300400f6f6f4f6f5f9f7fcf6fef702f701fafffa01f804fb05fb06fb06fb09fc09fe0afd0cfe0cff0bfe0dfe0cfe0cfe0ffe0cfc0e00000000000000000000000000000000000000000000f3e3f4dff6e1f9dff9dffaddfcdbffddffe001df01e001e001e2fee5ffe8ffe9fdeafceefeedf9edf9f0f7eef9f0f6f2f4f2f5f3
CSIX,1704825196,024353490001,-68,6,128,43300400faf6f9f4f8f8faf7f7f9f9f9f7fcf8fff6fff5fff600f603f805fb06f804f908f805fa07f70af80cf70af608f409f60af50900000000000000000000000000000000000000000000ffe102e002e003de05df08df0adf0ae10ae10de30de30ce40be50ae707ea07e906eb06ed03ec00eeffeefeedfbf0fdedfdeefbed
CSIX,1704854926,024353490001,-68,6,128,43300400fb0bfc0afe09ff080008010603050305040406020701060108ff08fe08fe09fd0afb0bfa0af90bf90cf90cf90df90df90efa00000000000000000000000000000000000000000000e314e212e011de10de10dd0edb0ddd0ade0ade08db07de07e106e308e706e508ea08ec08ec08ee09f10af20bf40bf40cf60cf80c
CSIX,1704885190,024353490001,-68,6,128,43300400f4fcf5fdf7fff7fff901fa02fb03fc04ff0300060105020603060406050706070807090809070b080b090b0a0c0a0b090b0a00000000000000000000000000000000000000000000eddef0dcf1dbf1d8f1daf4d8f6d8f8daf9d9f8dafad9f9dbf9dff9e0f9e4f7e4f7e7f8eaf6ebf6edf5f0f5f2f3f4f3f3f2f6f3f8
CSIX,1704915029,024353490001,-68,6,128,43300400fd08fe0800070004010402020401040006fe06fc06fb05fa05f906f807f607f606f307f205f207f107f107f109f008f009f000000000000000000000000000000000000000000000db10d90dd90cd70bd909d607d707da06d905da05d903db04de03e105e405e406e807ea07ec08ee09f109f209f40af50af70bf80b
CSIX,1704947608,024353490001,-68,6,128,43300400fa06fd04fe040103010303030501070509fe06ff08ff07fd07fd08fd0afb09fa0af80bf90bf80df70bf70bf60df70df60df700000000000000000000000000000000000000000000dc00dbfcdbfcdafadbf8daf7dbf7def6dff6e1f5dff5e0f6e3f6e5f8e8f9e6faeafbecfeedfff0fff101f102f503f503f604f804
CSIX,1705005038,024353490001,-68,6,128,43300400fff9fcfafafcfafdf8fef7fff700f601f502f404f405f406f408f409f40af30bf30cf40df40ef30ef30ef30ff20ff20ff20e0000000000000000000000000000000000000000000022f224f525f526f725f826fa26fb23fc24fe23fe23ff21fe1e001afe18fd17fc13fd11fb10fa0dfa0afa08f906f905f803f802f8
CSIX,1705035981,024353490001,-68,6,128,43300400f8fafcfdfefefb01f900fd04fa03fe07fc07fc0aff08000d010d010b030e020c040e050f040e040e0412070e051105100410000000000000000000000000000000000000000000000de210e110e016df0fe511e419e318e317e610ea17e611e611ef08ec0ced0bef0bf106f204f003f400f801f6fef5fef6fbf4fefa
CSIX,1705064726,024353490001,-68,6,128,4330040005fe04fd02fb01fcfff8fff8fdf9fdf8faf7f9f6f6f6f6f7f5f6f5f6f3f7f1f7f0f7f0f7f0f6eef8edf7eef8edf8ecf5eff70000000000000000000000000000000000000000000008240526042602280128ff27ff26fe25fd23fd23fd23fe21fe1e001bfe180017011503120310040d040b050a0505050508030604
CSIX,1705157076,024353490001,-74,6,128,43300400f41b01240e340127033213350030183d0533233d213413481d442844194c134b1d380f3b25360d2f0844203812371f23202800000000000000000000000000000000000000000000afd0bde2abb1b2adb8cab3c1b0a5a9a1b199bab5b49bd19ddba2cca9ccbcddbfd3bbcad4e3d3e7d1d5dce2e7e1e6dbf9e916e40f
CSIX,1705184763,024353490001,-68,6,128,43300400f6fbf4fef906f704f302f207f214f602ed0af709ee12f502fa11f511f012f513f60af70df610f20cf30cf20deb10f210f10700000000000000000000000000000000000000000000fedcfad9ffe3fadefed6fee1f9ec0de406eb07e91ddf0de304ea08ea0cf106e908f102f7feea05f3faeff5eef6e7faf7f4fe02fd
CSIX,1705216209,024353490001,-69,6,128,4330040005fb06f904f703f502f600f4fff4fdf4fdf4fbf1faf1f9f2f8f1f7f2f6f1f4f0f4f0f2f1f1f2f2f1f1f1f2f0f2f0f2f0f3ef00000000000000000000000000000000000000000000181d151f142014211220112210220f200d200c200b200a1e091b0918081609140811090d090d090b0807090608030801090008fe
CSIX,1705245268,024353490001,-69,6,128,43300400f8faf8fbf7fcf6fef5fff501f402f304f305f107f108f308f20af40bf30ef30ff410f311f411f312f412f311f212f211f1100000000000000000000000000000000000000000000017e11be31be31de31ce51ee61fe81eea1fec1eec20ed1def1aef17f014f113f10ff20cf20af30af407f403f403f500f6fdf5fcf7
CSIX,1705275417,024353490001,-68,6,128,4330040015fe09f009f502fa08ee00ed07e501f002e4ffecfeecfbe7f5e3fbe5f2e3f5e3f2e3eee5f0e3eee4ebe3ece5eadcebe3eedf0000000000000000000000000000000000000000000009400445fc41fc41fb40f740f73ef53bf43af239f439f536f82ef92ff828fb26ff230520ff1b051a0a0e0c0f060a0f07100e0c0a
CSIX,1705305222,024353490001,-68,6,128,43300400f7fef7fff602f703f704f806f807fa08f90af90bfb0bfb0dfc0efd0efe10fe1200120011001200130112011400140014ff1300000000000000000000000000000000000000000000feda01da03d904d906da08da09db09de0ade0adf0bdf0ae109e307e506e805e803eb02ee01effff0fef3fcf4fcf5faf7f9f7f8f9
CSIX,1705338153,024353490001,-68,6,128,43300400faf8f9f9f8faf9fcf7fdf8fff800f702f801f704f806f906f908fb08fb09fc0bfc0cfc0dfd0efd0ffd0ffd11fd12fb12fb12000000000000000000000000000000000000000000000adb0ddc0fdb11dc11dc14de15df15e216e216e217e215e313e611e70fea0ee90beb09ec08ec06ee03ef02f0fff1fff1fdf2fcf4
CSIX,1705366015,024353490001,-68,6,128,43300400f7fdf7fff800f801fa02fb03fc03fc04fd05ff06ff06000701060305040606070706080809070a070a080b090c0a0b090b0b00000000000000000000000000000000000000000000ede4eee2efe0efdff0e0f3def4ddf7e0f6e0f7e0f7def6e1f7e3f7e5f8e8f7e8f6ecf7eef6eef6f0f6f3f6f3f5f6f5f6f4f9f5f9
CSIX,1705395370,024353490001,-68,6,128,4330040009fa08f906fa05f903fb02f901fbfefbfcfcfcfcfafdfafdf9fff800f701f702f604f605f506f206f305f206f006ef07ee0600000000000000000000000000000000000000000000250426092609280b260b270e250f230f230f210e2310210e1f0d1d0b1b0a1b091806150417041502120012ff10fd11fc10fb0ffa
CSIX,1705425074,024353490001,-68,6,128,43300400090408030801050104ff03fe03fd01fd00fcfefcfdfcfdfcfbfcfafcfafdf7fcf6fef4fdf3fdf3fdf2fcf0fbeffaf0fbf0f900000000000000000000000000000000000000000000152013201223122411240e240d250b230b230b220b230b220a1f0b1d0a1a0b1a0b170b140c130c110c0d0d0d0d0a0d0b0d090d09
CSIX,1705456690,024353490001,-68,6,128,4330040009fe08ff06fd04fd02fc02fe00fc00fcfefcfdfdfcfefbfefafff901f801f702f703f505f505f305f204f104f004f105ef0400000000000000000000000000000000000000000000221420162018201920191e1b1d1b1b1b1b1b1a1b1a1c191a1818181515121712160f140c130b130a120712061004110310020e02
CSIX,1705484819,024353490001,-67,6,128,4330040002f908f401ff01fefef901fbfefcfffcfefefdfefe00fc00fa01fd01fb03fd02fafffd07fe08010c0008f5090109f80dfb09000000000000000000000000000000000000000000001ff720f821f922fa22fb23fd23fe21fe20ff21ff210020001dff1bfe19fd1afc17fc14fa15f913f910f810f80ef80df80cf70cf6
CSIX,1705521041,024353490001,-66,6,128,43300400f2faf1fff700f3fdf5fcf901f801f902fcfefafffdfefffefffd01fd03fc01fc02fc04fb05fb05f905fa06fa07f908fa08fb00000000000000000000000000000000000000000000e1f2e2efe1eee1ece2ece1eae2e9e4e8e5e9e5e7e4e8e5e9e5eae8edeaece6edebf2e9f3ecf5edf5ecf4ecf7eff8eff8effbeefa
CSIX,1705575160,024353490001,-66,6,128,433004000af60bf609f808fa07fb07fb06fe06fe06fe070006000802070307030805090509060907080809080709080a0a0908090a0b000000000000000000000000000000000000000000001df11ff320f322f321f322f423f721f722f821f722f620f51ef61cf31af51af317f313f314f314f412f411f20ff410f30ef20df3
CSIX,1705604857,024353490001,-66,6,128,43300400f50af50afa07f806f705f803f804f900fafef8fef8fdf8fef7fcf6fcf6fcf4faf3f9f3f7f3f8f3f6f3f6f3f6f2f7f2f5f5f400000000000000000000000000000000000000000000e811e217e112e312e112e112df11e20fe210e110df11e312e611e511ea10ea0fee0feb0bec10ef0cf10ff111f50ef30df20ff60e
CSIX,1705635054,024353490001,-67,6,128,433004000008030c0008fe050009fd02fb04fb06fb07f902fb05f902f505f803f405f305f304f205f305ef05ee04ef06f005ee06ef0400000000000000000000000000000000000000000000091c071f04210521042003220224011f01210020011f021e031c061c051a031c0b1a08110912061206110811040e070d080d070d
CSIX,1705724836,024353490001,-67,6,128,43300400f606f704f804fb03fc04fe030005fc070008fe030303050605fd04fe05fc0a0005fc0afb09fd08fd0dfa0ffc0efd0cfd0fff00000000000000000000000000000000000000000000dbfadcf9daf5d9f5daf6dbf3dbf1ddf2def1dff0deeedef0e1f1e1f4e3f6e4f7e7f6e7f8e6f9f0ffe6feebfaed01ea00ecfdf205
CSIX,1705754868,024353490001,-67,6,128,43300400f202f503f703fa02fa03fb02fc03fe020001ff0101010200020003fe04fd04fc05fb06fa07fa07f908f909f90bf90bfa0bfa00000000000000000000000000000000000000000000ddfcdbfadaf9daf8daf6daf5dbf4ddf4ddf4ddf2ddf0def3e1f3e2f6e4f7e2f8e5fae7fce7fce9feea00ea01ed01eb01ec02ee02
CSIX,1705786413,024353490001,-67,6,128,43300400f9f5faf6faf8fbfafcfcfdfcfdfeffff00ff00ff01ff03ff030104ff07fe08ff09ff0bff0bff0c000f000f0111020f020f0300000000000000000000000000000000000000000000f8dafad9fad7fcd7fcd7fed6ffd601d900d801d901d800da00ddfddefee2fae1fae4fae6f9e6f9e8f8eaf8ebf8edf7eef5eff6f1
CSIX,1705815333,024353490001,-68,6,128,43300400f6fbf9fcfbfdfdfefdffffff00ff01fe01ff03fe05fe05fe07fc06fb08fa0bfa0bf90cf70df80ef811f811f913f912f913f900000000000000000000000000000000000000000000e7e4e9e1eae1e9dfeae0ebdeecdfede1efe0efe1efe0eee1f0e3efe7efe8eee8efecefeeefeef0f1f1f3f1f4f1f6f2f7f1f8f2f8
CSIX,1705845942,024353490001,-68,6,128,43300400fbf9fcfbfcfefe01fe00ff02010202020303050306030604090409030b040e050f040f040f061106130612051408140a130900000000000000000000000000000000000000000000f5ddf7dbf8daf8d9f9dafbd9fed9fddcfedcfdddfddcfdddfde0fbe2fbe4f9e4f9e7f9eaf8eaf9ecf8eff7eff7f2f6f3f6f4f7f5
CSIX,1705875640,024353490001,-68,6,128,4330040002f902fa01fcfefdfefdfffffdfffbfdfffffb03fb04fc05fb05fc07fc09fd0afb0bfc0efc0dfc0dfb0dfb0efa10fa0ff80f000000000000000000000000000000000000000000001bec1ded1eee21ed1fef20f022f120f31ff31ef21ff31ef31cf41af316f417f215f313f412f210f30ef30df30af50af308f406f5
CSIX,1705906390,024353490001,-67,6,128,4330040005f704f802f902fb01fb00fdfffefefefefffe01fd02fe04fd04fe05fe06fe08fe09ff09fe0bfe0bfe0cfe0dfd0efd0dfc0d000000000000000000000000000000000000000000001ded1fef20ef22ef23f023f222f421f522f622f624f621f51ef51cf418f51af316f415f314f313f410f40ff30cf40cf30bf40af4
CSIX,1705936848,024353490001,-67,6,128,43300400000b01090208ff060004ff030002fefffefffdfefcfdfcfcfafbf9fbf9faf7f9f7f9f5f9f5f8f5f7f3f6f3f5f3f5f4f5f5f400000000000000000000000000000000000000000000f526f427f126f028f026ee25ed26ed22ed24ed23ec23ed22ef21f11ff31cf41ef51cf819f919fa18fc16fc16fe13fd130012000f
CSIX,1705964855,024353490001,-67,6,128,4330040003f903f902fb02fc00fd01fe00ff0001ff01ff02ff03ff0400060005ff080109010a000a010a010b000d000cff0dff0dfe0d0000000000000000000000000000000000000000000019f01bf11bf01df11cf11ef31df41cf61df61cf51df51cf419f519f416f516f513f411f411f60ff50ef50df60af60af509f508f7
CSIX,1705995852,024353490001,-67,6,128,433004000804080406020400040002ff02000000fefffefffcfffafffafff800f701f501f401f301f201f101f000efffeeffefffefff00000000000000000000000000000000000000000000151f132213231324112410250e260c220e220c240d250d240c220e1e0c1c0f1c0d180e150e150d130d100d100c0d0b0c0d0b0b09
CSIX,1706024985,024353490001,-68,6,128,43300400fbf8faf8fbf9fbfafdfcfdfcfefeffffffff00010201030204020503070409050a050b060b050c070d090d090e0a0d0a0c0b0000000000000000000000000000000000000000000003db06da06da08d808db0ada0cdc0cdd0add0bdd0cdc0add09e007e207e305e303e501e900e800eaffebfdecfdeefceefbeffcf2
CSIX,1706117845,024353490001,-69,6,128,433004000b01090008fe06fd06fd04fc03fb01fa00fafef9fdf8faf8faf7f9f7f7f6f5f5f4f6f3f4f2f4f2f3f1f2f1f1f1f0f2f0f2f0000000000000000000000000000000000000000000001a1a171d171e1620151f14211221101f101f0f1f0f210f1e0e1c0e1a0d170f170d140e110f110d0f0d0c0e0a0d090e080f070e06
CSIX,1706145271,024353490001,-69,6,128,43300400fbf7fcf8fafbfafdfbfdfb00fb00fc02fd03fb05fc07fd07fd08fd09ff0c010cff0dff0e0011ff11ff110011ff11fd14fd110000000000000000000000000000000000000000000003de06de07dd08de0ade0be00ce00de20ce10ce20ee10de20ce509e609e807e605ea04ea03ea03ed01eeffeefff0fff0fdf0fdf3
CSIX,1706174991,024353490001,-68,6,128,43300400f9f6fcfafafbfdfefbfef800fb00fb01fc04fb04fb05fc06fc090009fd0f000d0110ff0e01100010ff11ff13fe13fe12fd1100000000000000000000000000000000000000000000ffdd02dd03db03db04da06de07dd09dd0bdb0bdf0cdf06e008e209e208e703e503e903e701e800ee03edfff5fdf0f8f1fceef8f1
CSIX,1706208131,024353490001,-68,6,128,4330040009f304fb05f802f901fff501f3ee02f80009f307ef02fb02fb06ff0a0016fb0efb0a010e030c01100315fd14fc0d0c10081600000000000000000000000000000000000000000000052a032701260428081f121f113107210e1c1020062415141918101b11171a0a170d1609120a140b0eff16fd15050bfc12f613fc
CSIX,1706237208,024353490001,-68,6,128,43300400fd020404070304ff04ff04fd050003fb02f9fbfc03f0fdf1f4f4f6fdfef7fceefaf2ffedfdf0fceffeedffec01eb01ed02ee0000000000000000000000000000000000000000000011200d210e210c240b230525062704210524022401240023021b021d031a041c051806160415071307120812080f050e00101006
CSIX,1706264889,024353490001,-68,6,128,4330040007fb06fa03fa02fa00fafffbfcfbfcfdf9fdf9fdf7fef6fff400f300f101f001f001ef02ef02ed03ed00ed00ec00ec01ecff0000000000000000000000000000000000000000000025fe260225032604250526062506220721082207230821071e061c051b041b0419021701160015fe12fd12fc0ffb0ffb0efa0df9
CSIX,1706294866,024353490001,-68,6,128,4330040009fe07fd05fc04fb03fb01fa01fbfffbfdfafbfafaf9f8faf7faf6faf4f8f3f8f2f9f1faf0f8f0f7eff8f1f7f2f6f0f4f2f80000000000000000000000000000000000000000000020101f141f151e171d161d181b1818181a1819181a1819181616161314121612140e130c130c110a110810060f0510030f030e02
CSIX,1706325406,024353490001,-68,6,128,43300400f907fb07fd08ff06000601050204040405020701080008ff0afe0afc0bfd0cfc0dfb0efb0ffa0ffa10fb10fb11fb11fb10fd00000000000000000000000000000000000000000000db08da05da03d803db02d900d9feddfcdcfdddfddbfdddfee0fee2ffe5fee400e702e901ea02ec04ed05ef05f107f108f308f508
CSIX,1706414817,024353490001,-68,6,128,43300400f3fef3fef6fff701f802f902fb02fc04fd04ff0601040305040605060806080609060b070c060c080c080c090d0a0d090c0a00000000000000000000000000000000000000000000e1e5e3e1e4e1e3dee5dfe7dce9dcebdde9deebdeebdceadfece1ece4eee6ece8edeaeeedededeeefeef1eef3eff5eef6eef8effa
CSIX,1706445134,024353490001,-67,6,128,4330040000f300f4fff5fff8fdf8fdfafcfcfcfefb00fa01fc03fc03fc06fc07fd09fd0bfd0bfc0dfc0dfb0ffb10fa10f910f90ff80f0000000000000000000000000000000000000000000019de1cdf1de01fe01fe120e322e420e620e720e821e61fe61de91ae917eb17e913eb11ea10ea0eed0cec0aed08ef07ed05ec04ee
CSIX,1706475372,024353490001,-68,6,128,43300400080806070703050205020400030002ff00fdfffefffcfdfcfdfafcf9faf8f8f6f8f6f8f7f7f6f8f5f6f5f7f3f7f2f8f3f8f3000000000000000000000000000000000000000000000a24092607270727062703270327012402240024ff26ff24ff21011f011c031e031a04180517061406130713070e080f0910080b
CSIX,1706505126,024353490001,-68,6,128,4330040005090407050504030401040103ff02ff02fe00fc00fafefafef9fdf9fdf7fcf5fbf5faf5faf4faf3f8f4f9f3f9f2faf3fbf2000000000000000000000000000000000000000000000126fe27fc27fb28fa28f827f726f724f723f723f524f623f720f91df91bfb1cfd19ff17ff17001502140312031104100510050e
CSIX,1706536027,024353490001,-68,6,128,43300400f908fa08fd06fe05ff0400030102020102ff04fe03fd05fc04fb05f906f806f706f507f507f408f408f408f408f409f309f400000000000000000000000000000000000000000000db0dd90ad908d808d807d605d704da02da02da03d903db03dd02e004e303e305e606e906e906eb07ee08ef08f10af10af30af409
CSIX,1706565828,024353490001,-68,6,128,43300400f500f700f901fb01fc02fd02ff03010202020402040205010700070109ff0aff0bfe0cff0cfe0dfe0eff0efe10000eff0f0000000000000000000000000000000000000000000000dcefdcecddeadce7dee9dee7dfe6e2e7e3e7e3e7e3e5e2e8e6eae6ece8eee7efe9f1ebf3e9f4ecf6ecf8ecf9effbeffbeefef0fd
CSIX,1706595280,024353490001,-68,6,128,433004000409040804050403030203ff02fe02fd01fbfffafefafef9fdf8fcf7fcf6fbf6fbf5faf4f9f4f8f4f9f3f8f3f9f2f9f2f9f200000000000000000000000000000000000000000000fe27fb28f928f82af728f528f528f424f425f425f225f424f522f720f81df91efb1bfc18fd18ff1600140113021103110310040e
CSIX,1706624979,024353490001,-68,6,128,43300400ff09ff080107010402030301030002ff03fd02fb02fa02f802f802f701f501f401f401f300f200f100f100f100ef01f001f000000000000000000000000000000000000000000000e720e41fe41ee11fe11de01cdf1ae018e018e117e019e218e416e716e914ea15ed12f013f113f311f511f611f90ff910fb10fc0e
CSIX,1706655126,024353490001,-67,6,128,43300400080307030701fe03020104fe060506fefcfdff00fdfff6fbfcfafafcfafaf7fcf8fcf6fbf6fbf6fbf6f9f4faf4faf5fbf5f9000000000000000000000000000000000000000000001515131c161c0c1b0d210e1f0b1c0f180d1d09200c1f0b1b0a1c0e180c12061b0c190c0c070c150c020c0c0b0a090b030d070d04
CSIX,1706687656,024353490001,-68,6,128,43300400fbf7fbf9fbfbfbfdfcfffd00fd01fe02fe04ff05ff06000801090209020a040c040d040c060e050d050f060f050f040f040e0000000000000000000000000000000000000000000000d703d705d506d607d709d60bd80bdb0adc0bdb0cdb0adc0adf08e206e305e203e602e701e800eaffecfdedfceffbeffbf0fbf2
CSIX,1706720926,024353490001,-68,6,128,43300400f7fafdfbfafefdfcfc03fcffff02ff03010201040204040503050507050607060507080508070806090809080b080908090800000000000000000000000000000000000000000000f5e3f6dff9e1f8defae0fae1fcdefde2fce1fde3fee1fce3fde4fce6fbe9fce8fbedfaecfcf1f7effaf1f7f4f8f3f8f6f7f5f9f9
CSIX,1706746265,024353490001,-68,6,128,43300400f703f805f904fb03fe04ff03010302030302060207010701090109ff0b000cfe0cfd0dfe0dfc0efe0efd0efe10fd0ffd0ffe00000000000000000000000000000000000000000000d8f8d8f4d9f3d8f1daf1daefdbecdeeedfeddfedddecdfeee2efe3f2e6f4e4f4e7f7e8f9eafaeafbecfdedfeefffeefff001f302
CSIX,1706774988,024353490001,-68,6,128,4330040001060108030502060204030002fe05fc02fb05fa04f904f904f704f606f604f505f204f103f203f204f103f103f103f205f100000000000000000000000000000000000000000000ec22e823e820e622e91ee61ce51be119e91be51ce81ae615e914ea16ed15ee14ef14f412f512f612f913f90ffb0efb10fd0eff0d
CSIX,1706805478,024353490001,-68,6,128,43300400f501f703fb02fd05fd04ff06000603030203060307030805080509040b020d030e030d050d020f030e020f06110411050e0500000000000000000000000000000000000000000000deecdfe9dfe6dfe6e1e7e1e2e6e6e5e7e5e7e6e6e6e4e6e8e8eae6efeeeeebf0ebf2edf5ebf4eef5f1faf3f9f0fcf3fcf2fff2ff
CSIX,1706865038,024353490001,-68,6,128,43300400fa03fc04fe03ff0200020202030004ff05fe08fc08fc08fc09fb0af90bf80cf80cf60ef50df50df50ef60ef60ff50ef60ef600000000000000000000000000000000000000000000d7fcd7f8d7f6d6f5d8f6d9f4d9f2dcf3ddf2def4dbf3def4e1f6e2f8e5f9e4fae7fce8fee8ffeb00ec01ee01f003f102f305f604
CSIX,1706895772,024353490001,-68,6,128,4330040004ff06fe01fefffd00fdfffefcfefcfef901f7fff9fff701f401f402f404f303f303f204f104f205f104f103f002f103f00300000000000000000000000000000000000000000000220c210e220e2111210f20111e101c131c101d121a121912190f180e1609160a14071306130411030f0312020d030b020ffd0c00
CSIX,1706928440,024353490001,-68,6,128,4330040002030406070001fffffcfffdfefcfdfbfdf7faf8f9f7fbf8f6f7f6f7f6f5f2f5f3f6f3f6f2f5eff5f2f4f1f4f1f4f1f3f2f40000000000000000000000000000000000000000000005290129ff29002afe28fc29fa28fb24fc26fc25fa24fb22fc20fd20ff19001b01170116021503130511040e040e030d060c050a
CSIX,1707016255,024353490001,-68,6,128,4330040002fc00fdfffbfdfcfcfbfafcfbfcf8fdf7fcf5fdf5fcf3fef4fdf3fef1fff000f0ffefffef00ef00ee00eefeeeffeefff0fd000000000000000000000000000000000000000000001f011e0a1e01230921f72408240e23fe17091a0827031e0718071106140814061303130411000e010e000e000aff0afe0afd07fe
CSIX,1707050346,024353490001,-68,6,128,43300400fb05fd05ff060105020704070507060608060a060a060c060d070d061006110610061205120412051205130713081207120700000000000000000000000000000000000000000000dbf8dbf5dcf3dcf1dcf1deefe0efe3f0e3efe4eee3ede4efe7f1e8f3eaf4e8f5ebf7edf9edfbf0fbf1fef2fef3fff301f402f702
CSIX,1707076941,024353490001,-68,6,128,43300400f905f908fa08fc07fe09ff080009030a040c050d070c050d070c0a0d090e0a0e0a0e0c0e0c0d0c0e0b0e0c100c110b0f0a1100000000000000000000000000000000000000000000dcf6ddf1ddefddeee0eee1ece2ece5ebe6ebe6eae5ebe7ebe8ede8efedf1ebf2edf5eef7eff8eff6f2f9eef9f201f1fbf303f503
CSIX,1707136493,024353490001,-68,6,128,433004000a050b030b010aff0afe09fd09fc08fa08f809f808f507f607f406f306f206f105f105f105f005f004f005ef05ee05ef07f00000000000000000000000000000000000000000000013200f210f240d240c2408240725062306230423032304220220051d031a061c061606160714081308100911090d0a0d0a0c0a0a
CSIX,1707166799,024353490001,-68,6,128,4330040007f806f904f803f801f800f700f8fdf7fcf8fbf7faf7f9f8f8f8f7f8f7f8f6f9f5f9f4f9f4faf3f9f3f9f3f8f2f8f3f8f3f70000000000000000000000000000000000000000000022fc22ff220023022203220521051f061f071f081f091e081a081a071705180416031401140112ff11fe11fd0ffc0efc0dfb0cfa
CSIX,1707197418,024353490001,-68,6,128,43300400f909fa0bfd0afe0900090109030704070506070709060a060b050b040c040d030e020e010e010f000f01100211031102110200000000000000000000000000000000000000000000dc10da0dda0bd709da08d806d805da03da02db02da00db01df00e102e302e304e505ea05ea06eb06ee07ee08f109f10af40af40b
CSIX,1707259016,024353490001,-69,6,128,4330040005080804050508030a00060007fd07fd07fb07f707fb06f707f907f707f506f306f405f306f304f005f305f108f007f208f300000000000000000000000000000000000000000000f91ff61ff41ff31ff31ff21ef01df01bef1bf019f01bf019f217f116f412f616f511f911fb12fd0ffd10fe0ffe0e010c010b030a
CSIX,1707284759,024353490001,-68,6,128,4330040007fc09fb05fa05f904f803f702f600f4fff5fef2fdf3fcf3fbf1fbf3f9f0f9f3f8f1f7f0f7f2f6f2f7f0f7f0f7eff7f0f8ef000000000000000000000000000000000000000000001a171b1c171a1920161b1521141f111f101e0f1c0f1f0e1d0c1b0d180c160d120d130b0c0e0f0c0c0c0a0c080b050c060b040b01
CSIX,1707345291,024353490001,-68,6,128,433004000501050004fc04fd03fd03f903f901f704f803f504f101f8fef300f3fcf3fdf600f3fcf0fcf0fdefffeffdf101f405f6f8ed0000000000000000000000000000000000000000000007210521042202230323ff22ff22fe20fd21fd20fb20fb1efc1bfe1aff160017ff14011203120411040f040d0409050b030a0407
CSIX,1707469034,024353490001,-68,6,128,4330040006040703090109ff0afe0afe0afc0cfb0cf90cf80cf70bf60cf50df40cf30df20df10cf10df00cf10cf20df10df10df10df300000000000000000000000000000000000000000000f321ef21ee20ed20ed1eea1dea1bea19e919ea18ea18eb17ed15f014f113f113f412f610f810f90ffb0dfd0dfe0b000b010a0309
CSIX,1707528699,024353490001,-68,6,128,4330040010131610190a1d091c0820051d0322ff1efd26f825f222f426f525f127ef27ec28ea28eb29e828e825ea27e829e928ec2aee00000000000000000000000000000000000000000000e151d850d452ce51cf4ac74bc34ac444c441c73dc63ec53fca3bd536d82dd732e02de628ea28ec28f429f329fd21ff23ff230522
CSIX,1707554796,024353490001,-67,6,128,43300400e90bf4f9f30cf2fdf8fef206f303f805f809f90af908fb0cf70efd0cfb0bfc0cfb0dff0ffe0ffd11fc10fe0efd10ff10fd0f00000000000000000000000000000000000000000000fadffde5fde607de05e202e401e305e203e2ffe605e6fde408e701f2f9e9f8e902e5fffb00e900f3f1f1f5f0fdf5faf4fcf8fbf3
CSIX,1707587982,024353490001,-68,6,128,43300400f604f305f608f707f709f80df70af608fe0afb11fd10fc10fc11fe11fe13fe1400130014ff14ff14ff14fe15fe15ff13fd1200000000000000000000000000000000000000000000e5e6e9e2e9e2eae1ebe0eee0eedef1e0f3e0f1e2f4e1f3e2f3e4f4e6f4e9f5e8f4ecf5eff5f1f4f3f3f4f3f5f4f9f4fbf4f9f3fc
CSIX,1707705329,024353490001,-68,6,128,4330040006fb05fa04f902f801f8fff7fef6fcf7fcf6f9f6f9f6f8f6f7f6f6f7f5f6f3f7f3f8f2f8f1f8f0f8f1f7eff6eff5f0f7f1f600000000000000000000000000000000000000000000230f22132215221620171f191e1a1b191b191b181a1a19181717161314131511140e120a120b1108100610050f040e030d010c00
CSIX,1707735382,024353490001,-67,6,128,43300400f8fbfafef601f700f903f904fd02f905fa07fb0af809fa08fa0bfe0b0107fc0bfe0fff0dfc0ffc10ff0f010e020bfd0dfd1100000000000000000000000000000000000000000000f7def8ddfbdcfcdcfddcfedbffde02df02df03df03e104e104e101e303e501e6ffeafeecfdebfeeffcf0fbf0fdf6faf1f8f4faf8
CSIX,1707795282,024353490001,-68,6,128,4330040005f800f9fdf9fdfafdfafef9fdfbf8faf9fcf6f8f5f9f3faf4f8f3fef2fbf200eefff2feefffef00ef00f1fff0ffeefdf0fb000000000000000000000000000000000000000000002100220323052407210522071f0a200a1f091f0b1d0b1c0c1a0a19081607160614031402120110ff0efd0e000cfb0bfa08fa08fc
CSIX,1707854817,024353490001,-68,6,128,43300400f900fa00f904f804f805fa06f908fb08fb09fb0afe0afe0bfe0cfe0f000e0110010f01100210010f0110021302120111ff1000000000000000000000000000000000000000000000fadcfbddfeddfedaffdb00dd02dd04df04df05de06e004e104e303e502e901e8feecfdedfdeefceffcf0fcf1faf3f9f5f9f6f9f9
CSIX,1707950911,024353490001,-67,6,128,43300400f902fa04fe08ff08ff08010804090209030905090609080b090a0b0a0a090b0b0d0c0d0a0d090d090e0a0e0b0d0c0c0b0c0b00000000000000000000000000000000000000000000e1efe3efe2ede3ebe4e7e5e5e5e6e7e8e9eae9e6e9e8ede9efeaf2e6eef5ebecebf4eff4f0f7f7f8effbf1fef2fcf4f9f2fff601
CSIX,1707975280,024353490001,-68,6,128,43300400020405000600070006fc07fb08fc09fb09f909f808f709f70af509f509f50af309f208f109f20af109f00af10af109f10cf300000000000000000000000000000000000000000000ef1fec1dea1dea1ce81be719e61ae717e616e817e716e814ea13eb13f00fee13f212f313f510f80cfe0ef80dfe0dfe0a000b010a
CSIX,1708009163,024353490001,-67,6,128,4330040004fa03f900f8fef8fdf7fbf6faf7f8f6f7f7f4f7f4f7f3f8f2f7f1f9f1f8eff9effaeef9edfaedfaebf9ecf8ebf7edf8edf7000000000000000000000000000000000000000000002606250a280c270d260e2511241220112111201120131e121b0f1b0e170c190a1607150614041304110011000ffe0efe0cfd0bfc
CSIX,1708038843,024353490001,-68,6,128,43300400ff0601060404040407040803080309010a010c000cff0cfe0efe0efd0efc0ffb0ffa0ffa0ffa0ff910f910f911fa10f910fb00000000000000000000000000000000000000000000e111e00fde0edd0dde0ddd0add08df07df06e006de07e007e305e507e805e807eb06ef07ef08f108f308f409f608f609f70afa08
CSIX,1708074651,024353490001,-68,6,128,433004000502070007fd06fc07fa06f807f806f605f505f305f103f204f003f102ef01ed00ee00ee00ed01ec00ec00ec01ea02eb02ec00000000000000000000000000000000000000000000062702280128002afe28fd29fb28f925fa25f924f925fa23f920fc1efb1bfd1bfe180015011503120311040f050d050d070b060a
CSIX,1708107333,024353490001,-69,6,128,4330040006ff07ff04f806fe05f906f903f702f500f401f6fef1fef3fef4fff4feeefeeffaf0fbeefdeefeeffbf0faf0feeef7f0fef0000000000000000000000000000000000000000000001519141b131a181f131c101f12220e1f0d1e0e1e0c1a0d1a0c1b0b1406190a170c1308120e0b0c0f0c0a080c06080e0908050803
CSIX,1708128170,024353490001,-68,6,128,43300400fa02fb04fc06fd07fe07ff08000902090409060b050a070b070b080a0a0b0a0a0a0a0b0a0c0a0c0a0c0a0c0b0d0b0c0b0b0c00000000000000000000000000000000000000000000e3ebe4e8e5e7e5e5e6e6e8e4e9e3ece4ebe4ece4ebe4ebe6eee8eee9f1ebefedf1eff1f3f1f3f0f5f2f6f1f7f5fbf2fbf4fff7fe
CSIX,1708155093,024353490001,-66,6,128,4330040000f508fcfa05f6fc05f9f802fffeeff7fbfff907f608fc0aeefafb02f505000aed01ef08f303f903020df408fa0dfd10fd05000000000000000000000000000000000000000000001414151b10160d1e0c110b1b131418180d160d1711130d0e140e120e110e120c0e0d0c020806110710fe11f50c03090007f90504
CSIX,1708215349,024353490001,-68,6,128,43300400fa04fc05fe07ff08000a0109010a030a040a060c060b080b080c090a0a0b0b0c0c0b0c0a0c0a0d0b0c0b0b0c0c0d0c0b0c0c00000000000000000000000000000000000000000000dff3def1dff0deefe1ece1eae3ebe5ebe5ebe7ebe6e9e7ebeaeceaefecf1ecf2eef4eef7eef7f0f9effbf0fbf2fdf3fef2fff501
CSIX,1708254831,024353490001,-68,6,128,4330040006fd04fb05f803f702f502f500f300f4fff3fdf1fcf1fbf2fbf0f9f0f9f0f8eef7f0f6f0f5f0f5eff6eff6eef6edf7eff9ee000000000000000000000000000000000000000000001c1c191e192018211621132312221120102110210e210e200d1d0d1a0c170d180d130c100c0f0c0e0c0a0d090c080c060b050a03
CSIX,1708275303,024353490001,-68,6,128,43300400ff0204040605050105060a0408040b0808030d040b03130111010dfb0eff12000ffa0c000dfc0efc12fa0f000ffe11fe11fd00000000000000000000000000000000000000000000e310e104d802df0cde03dd00d808e3ffdbffe004d907df00dcfee400ecfeed03f2fdeafeee03ec0ced06f10eef07f809f303ff06
CSIX,1708305669,024353490001,-68,6,128,433004000702070108fe07fb08fb09f808f808f608f608f307f307f107f106f006ef06ef05ee05ef04ee04ed05ed04ed06ec05ee07ee000000000000000000000000000000000000000000000127fe28fb28fa28f928f728f625f623f423f521f423f421f61ff71ef91af919fd17fd14ff14ff1301110310030c040d060b060a
CSIX,1708334791,024353490001,-68,6,128,43300400fcf8fbfbfcfef9fcf500f4fff9fef500f300ee02f201f406f605f304f40df204f609f50af20af20af10af40bf209f10af2080000000000000000000000000000000000000000000017e61ae719e91ce81aea1de91deb1bed1ced1bef1df01bf017f217f214f313f011f40ef40cf10cf209f308f305f305f304f503f7
CSIX,1708370728,024353490001,-68,6,128,4330040006050604070107fe08fd09fc09fa09f909f809f608f508f508f307f209f108f108f107ee07ef07ef07ed07ee08ee08ef09f000000000000000000000000000000000000000000000fb26f825f726f527f626f326f125f122f022f021f023f120f11df31bf61af61af817fa14fc16fd13fe11ff100010010f030d030c
CSIX,1708395152,024353490001,-67,6,128,433004000207030505030503080009000aff0cfe0bfd0bf90bfa0cfa0df80af70cf60bf60cf60bf40cf40cf60ef60df60df40cf70df700000000000000000000000000000000000000000000f01eef1cec1ceb1cea1be81ae81ae918e816e815e616e917eb14ec12ed10f012f110f30ff510f60ef90ef90ffc0dfc0cfd0bff09
CSIX,1708428753,024353490001,-67,6,128,43300400fbfef800f903fa04f805fa06fa06fb07fa06fc0bfc0cfc0bfc0cfc0f000d0011ff0f010e0010000fff10fe12ff10ff10fe0f00000000000000000000000000000000000000000000f4e1f6def8ddf7def7ddfcddfcdcfddffee0ffde00dffee0ffe2fee3ffe7fce5fceafaedfaecfaeff9f0fbf2f6f5f6f4f7f5f8f8
CSIX,1708456477,024353490001,-68,6,128,43300400f602f803fa05fb06fc08fd09ff09000b000b020d030d030d050e060e060e080f080f0910090f09100911081207120710051000000000000000000000000000000000000000000000e3e7e6e5e4e3e6e2e6e2e9e1e9e0ece1ece1ede0eddfeee1f0e3f0e6f1eaefeaf0edf0eff0f0f1f3f1f4f0f6f3f8f2f8f1fbf4fd
CSIX,1708485138,024353490001,-68,6,128,43300400f805fa06fd07fe08ff090009020a030a0409070b090b090b0a0b0a0a0b0b0d0b0e0a0f0c0f0b0e0b0e0d0e0d0f0e0e0c0c0e00000000000000000000000000000000000000000000dbfadbf7dcf5daf3dcf4dcf1ddefe0efe1eee0f0e0ede1f0e4f0e5f2e7f4e7f5e9f7ebf9ebfaedfceefceffdeffff101f203f404
CSIX,1708514798,024353490001,-68,6,128,4330040005fd0a050b0005f909fb07fb09fc07f807f708f405f308f207f506f408ef05ee06ee08ed04ee06ec08ee0aec0aec0aef0aee0000000000000000000000000000000000000000000007220424062504250225ff25fd24fd21fa1efc20f821fb20f91fff1dff1bfa16fe16ff16031303130211030e040d060c070c0707
CSIX,1708551240,024353490001,-68,6,128,43300400f8f8f6faf5fcf601f3fff301f401f707f003f309f108f008f00af00df00ef10ff011f110f111f011f111ef11ee0fee0eed0b000000000000000000000000000000000000000000000bd80edb0fd910db12d915dd14dd13e016df17e217e116e115e610e70fe90de70ae90aea04eb05ec04ee01ee00f1fef0fef1fdf2
CSIX,1708575471,024353490001,-68,6,128,4330040007040702070108000afd0afd09fb09fa08f909f709f709f609f509f409f309f208f109f108f00af009f00bf00cf00bf20cf300000000000000000000000000000000000000000000021f001fff1ffe20fe20fa20f920f81df81df71cf71cf71cf819f918fb15fc15fd12fe11ff120010010e020d030c040b050b0609
CSIX,1708605517,024353490001,-68,6,128,43300400050508040601080007fe09fc07fb07fa08fa0bf809f807f509f508f409f206f209ef08f207f109ef0af00cf10af10bf10af400000000000000000000000000000000000000000000011f031f0021ff200020fe22fb23fb27fa1df71efa1cf91bf71afa18fb16fe15fc12ff12ff11010e020d020c030e030c040d040b
CSIX,1708637956,024353490001,-68,6,128,43300400f502f703f905f907fa07fc08fd0aff0a000a010e000d030d030e040e060f071006100810081008110812071307130612041200000000000000000000000000000000000000000000e1eee1ebe1eae2e8e2e8e5e6e5e4e8e5e8e6eae5e9e4ebe6ece8ede9eeecededeff0eef3eef3eff5eff6f0f8f1f9f0fbf0fcf1fe
CSIX,1708665122,024353490001,-69,6,128,43300400f9fef804f8fcf201f100f506f502f70bff0cf90efb0afc0cfa10fc0efc0e0010ff11011501120218fc16f810020ffd11f71500000000000000000000000000000000000000000000ece2ede0f0e1efddf0e2f3d9f3dbf3dbf7d8f5e3f4d6f9e6fbe5f4e1fbe7f8ebf3e9f6ebf7e7f0f0f6f3f4ecf4f5f5f5ecf9f4fa
CSIX,1708724857,024353490001,-68,6,128,4330040002f702f705f201fbfdf5fcf9f9f9fdf8f9f8f7f5f7f7f6f8f5f7f7f8f6f9f2faf3f7f3faf2fbf1f7f1f6f3f8f1f5f2f5f3f4000000000000000000000000000000000000000000001ff81efc20fc21fd21fe210021021f021f061f03210421041c011c021b021a0016fe12fe130012fb0efb13fd0ff90dfb0cfa0cf8
CSIX,1708755158,024353490001,-68,6,128,43300400ff0b020a03080407070708060a050a040b040d020d020d020f000f000f0011ff11fe12fd11fc12fc12fe13fe13ff1200120100000000000000000000000000000000000000000000eb1ce91ae71ae61ae519e418e217e314e314e314e212e412e510e810ea0eea0fed0fef0ff00ff310f40ff50ff70ef70ef90efb0d
CSIX,1708785703,024353490001,-68,6,128,43300400f605f906fa09fd08fd09ff0a010a020c030b050c050c060d080d080d0a0e0a0e0b0d0c0d0c0e0d0f0b110c1009110a10080f00000000000000000000000000000000000000000000ddfedcfbdcf9dbf9ddf7ddf4def4e0f3e0f3e1f3e0f2e1f2e4f2e5f5e7f5e7f7e9f9ebfbebfbecfdedfeeefff000ef01f003f203
CSIX,1708815798,024353490001,-68,6,128,43300400f603f804f907fb06fc09fe0aff0a000b010c030d030d040e040f060e060f081009100810091109110912081308130712051200000000000000000000000000000000000000000000dff3e0efe0eee0ede1ebe2e9e3e9e6e9e7e9e8e9e8e9e7eaeaebeaeeedefebefeef2edf5edf6eff8eff9eff9f1fcf0fdf1fef3ff
CSIX,1708845061,024353490001,-68,6,128,43300400f8fcf6fff700f802f604f706f706f808f909f90cf90df90efa0ffa10f910f812fa12fa13fb13f913f914f914f715f713f61200000000000000000000000000000000000000000000f2def6ddf7dcf7daf9dbfbdcfddbffddffdefede00defee0ffe1fee3fee6fde6fce9fbebfaecfaedf9eff8f1f8f2f7f3f6f5f7f6
CSIX,1708875443,024353490001,-68,6,128,4330040007fe05fc04f803f702f700f700f500f4fdf3fcf2faf1faf2f9f1f9f2f8eff7f0f7f0f6f0f6f0f6eff7eef7edf7edf7edfaee000000000000000000000000000000000000000000001c0e1a121a121a141913181516161515141513151415131412131110100f100f0f0c0e0a0f090e070d050e040c030d020c010bff
CSIX,1708905177,024353490001,-68,6,128,43300400f8fbf7fbf803f600f603f603f803f407f607f50bf409f70df60ef50ff312f512f612f512f514f414f312f412f311f312f21000000000000000000000000000000000000000000000fcdcffda00d904d903db05da07da08dd08de07df08df07e007e305e305e504e601e800eb00ebfeecfdeffbeefeeffbf2f9f3f9f4
CSIX,1708940027,024353490001,-68,6,128,43300400fbf7f8f8fb09f6fcf701f401fdfef503f406f409ed09f50af50cf30df315f40ef20ff310f60bf310f111f210ec0ff10ff00e0000000000000000000000000000000000000000000009db0cdb11d512de0ede11de08df0fe315e10fe40dd412e711e90ee9fef308e907e908eaf9de01ec04ed00eef8ff00ecfdeffdf0
CSIX,1708967047,024353490001,-68,6,128,4330040002f7fff8fef9fcf9fbf9f9f9f8fbf7fbf5fdf3fcf3fdf1fef0fef0fef000ee00ee01ee00ed01ed01ed00ec00ecffecffedfd000000000000000000000000000000000000000000001ff120f61ef921f721f821fb21fa1efc1ffd1cfb1ffc1dfc1bfc19fb17fc17fb13fa11f811f70ff80df60df60af70af60af407f6
CSIX,1709025341,024353490001,-68,6,128,43300400fafbf6f9f9fdf900f603f505fa06f607f809f90af80cf90df60ff810fa13f911f914f812fa13f914f914f816f714f713f5120000000000000000000000000000000000000000000003dc07dc08db0ada0bdb0ddd0adb10de0fdf0ede0de110e20fe50ae407e906e705eb03ea02ed01edffecfbeffcf2faf2faf2fbf4
CSIX,1709115601,024353490001,-68,6,128,4330040001070206030505040603070209020a010b000dff0dfe0dfd0efd0ffc10fb10fb10fa12fa11fa11f912fa13fb13fa13fb13fe00000000000000000000000000000000000000000000e913e712e511e411e410e30ee30ee50be40be50be409e60ae809ea09ed09ed09ef0af209f30af40bf60bf70bf80af90afb0bfc0a
CSIX,1709148380,024353490001,-68,6,128,433004000503070306ff06fc08fb08fb06f608f808f606f504f30df305f105f005ee05ec04eb03eb04eb05e904ea05ea06e908eb09ec000000000000000000000000000000000000000000000022fe24fc23fa25fb24f821f722f820f520f61ef41ef41df61cfa18f817fc18fc12fe1401140012000e040d060b030c070b060b
CSIX,1709176457,024353490001,-68,6,128,43300400f800f802fb05fa05fb08fd08000bfe0aff0b010f040f030e041004100612071208130813091308150715071608160616031500000000000000000000000000000000000000000000ece3ede0efdfefdef1dff2ddf5dcf6dff6e0f6e0f5e0f7e2f8e3f7e6f8e9f6e9f5ecf5f0f4f0f4f1f5f4f4f5f4f8f4f8f4f9f5fb
CSIX,1709205362,024353490001,-68,6,128,43300400fa05f705f904fd08fe09ff0a0009040b0409010b070a080e0c0a05100d130f0f0b110f100d130c110f1410150d130b11081700000000000000000000000000000000000000000000eae4ede2efe1eedff0e1f0ddf4dff6e0f3e0f5e2f5e1f5e0f6e4f6e5f5eaf3e6f7ecf4f1f1f2f4f5f4f5f3f7f2f8f5faf7fef4fd
CSIX,1709235718,024353490001,-68,6,128,4330040005ff06fc01fa01f701f7fff7fdfdfff3fdf4faeefcf4f8f1fbf0f6f0fbe9f7ecf3ecf4eef4e8f5ecf6ebf5eaf1e7f5eafaea00000000000000000000000000000000000000000000131c1220101c10200f200d2108220a2008200a1e081c081c081c081907140a150912090e0b0d0a0d0a0a0b0b050709080a050900
CSIX,1709294908,024353490001,-68,6,128,43300400fafef8fffb02fa04f906f907f909f90af90cfa0ffb0efb0ffa11fc12fc14fc15fb17fb18fd17fb18fb17fc17f818f917f815000000000000000000000000000000000000000000000add0ddd0ddf0fdd0ee011df13e012e313e411e412e310e60ee70ce80beb0aea08ec05ee05ee03ef01f101f200f3fff5fdf6fcf8
CSIX,1709329182,024353490001,-68,6,128,43300400f801fef9fefbf50a0007f905fa05fe09fc0ef80d010bfc070013000ffd09fd13030ffe14fd1601170014fe160115fb16fb12000000000000000000000000000000000000000000000ae207e10ae10be60ce00ee40ce60de90ceb11e80deb13e90ee90be70fee0aee0af207e801fe00f004ee01f100f1fdf2fefafdf8
CSIX,1709357064,024353490001,-67,6,128,43300400110201fe110209f100f401f209f8f9f606f203f404f401f202f101f202ec01efffefffed00eefded01ecffeb02ed00ec02ed00000000000000000000000000000000000000000000fc1cf617f61cf519f317f015f31af21bf116f516f114f014f117fc10f60ef709fd13ee14ff0ef208fb0bf708fe03000900080509
CSIX,1709449345,024353490001,-68,6,128,43300400f805f907fc07fd08ff0aff0b000b010d020c040e050e060f09100a0f0a100c100b120c110d110d130c140c140b150b13091500000000000000000000000000000000000000000000e2ebe4e9e4e7e4e7e7e6e7e5e9e4ece5ece5ece5ede4eee6efe9efebf1eef0eff1f2f1f4f0f5f1f7f2f9f3f9f3fbf3fcf4fef400
CSIX,1709478366,024353490001,-68,6,128,43300400020803070307050607060802070407020a000bff0bff0dfc0cfb0efc0ffa0ff90ffa10f911f911f912f913fb13fb13fd13fd00000000000000000000000000000000000000000000e918e717e616e516e515e412e110e40fe510e10de20ee80de70aea0cec0bee0cf00bf20bf20bf40bf50cf80bf90bf80cfb0dfd09
CSIX,1709567319,024353490001,-68,6,128,43300400000a020704060505070409030801090009ff0bfd0bfc0bfa0bf90cf80df60df60ef40df40ef30ff20ff310f311f312f411f500000000000000000000000000000000000000000000e71ee41ce21be11ce219df18df16e013df13e011de13e111e410e610e90fea10ed0ff010f110f30ff40ff710f80ef80efa0ffb0e
CSIX,1709643137,024353490001,-68,6,128,4330040008fb08f905f804f805f703f602f700f6fef5fdf4fcf4fbf4faf3f9f3f8f2f7f3f6f2f6f2f6f2f5f1f6f0f6f0f6eff6eff8ef000000000000000000000000000000000000000000001d0c1d101c121c131a131a1618161616151615151416141411121110100e110e0f0b0f080f070e060e030e030c020e010eff0bfe
CSIX,1709685002,024353490001,-68,6,128,43300400060908070a040a0508030b0309010bff0afd0bfc0cfb0cf90af90bf80bf50cf50cf40df20af10df20cf20df30ff30ff310f400000000000000000000000000000000000000000000f823f424f323f126f022ed21eb20ee1ded1dec1ceb1bec1aee17f218f114f515f715fa14fa12fc11fe0f0013030f00100210030d
CSIX,1709748739,024353490001,-68,6,128,433004000a060b060b030b030b000bff0afd0afd09fb09f808f807f708f606f508f507f306f207f106f107ef07ef08ef08ee09ef0af0000000000000000000000000000000000000000000000d22092408240727052402260025fe23fe22fe22fd22fe1ffd1e011c01190119021704140415061306120711080f090f0a0d0a0c
CSIX,1709777321,024353490001,-68,6,128,43300400fe0afe0dfe0a020a0508030a0708050809080a05090207080b0208010d000d000e010cfe0dff0dff0dfd0e0311021001100400000000000000000000000000000000000000000000eb19e817e716e516e614e412e412e50fe60ee50fe40de60ce90cea0dec0bed0def0cf10cf20cf30cf40cf50df70ef60df80ffa0c
CSIX,1709805220,024353490001,-68,6,128,43300400fff2fef4fcf5fbf6faf5f9f6faf8f9faf8faf6fbf7fcf5fdf6fef6fff500f301f402f302f303f402f202f102ee01f002f300000000000000000000000000000000000000000000000ce10ee311e111e213e414e515e616e915e916ea17ea15eb14ec10ed11ef0fec0cef0bee0aef09ef08f006ee05f004ef03ef03f1
CSIX,1709865350,024353490001,-67,6,128,43300400f904f9fcf702fb04f90afe0efa04ff04fe03fd05010700060109020a040503080506060a0607070804080609060c060a040b00000000000000000000000000000000000000000000e405e304df00e403e0fddf02e4fce8fbe6f9e4f7e3f9e4f7e8fae8fbe7fde6f9e9feee00eefdecfee901f002f002f002f003f202
CSIX,1709898373,024353490001,-68,6,128,433004000af90bfb0afb08f908f503f904f901f901f900f5fef7fbf6fdf6fcf7fafaf9f8f9f8f8f7f5f8f7f8f5f5f5f6f5f6f6f6f6f60000000000000000000000000000000000000000000021fd21ff23012202240322062307200921091f0b1f0c1f0c1a0a1b0a18081806160219021602130013fe11ff12fd12fa12fa12f9
CSIX,1709927547,024353490001,-67,6,128,4330040003f103f500f400f5fdf6fdf7fdf8fbf9fbfcf9f9f9fcf8fdf9fdf7fff600f6fff600f601f502f403f402f403f203f404f4020000000000000000000000000000000000000000000016e417e519e61ae71be71fe91eeb1eec1cee1def1fee1eef1cf218f117f316ee11f211f110f110f10cf10fef09f10bf009ef08ef
CSIX,1709955004,024353490001,-67,6,128,433004000c090c070b050b040a03090008ff07fd07fd07fa05fa04f904f803f801f701f600f6fff5fef5fef5fdf3fef3fef2fef3fff2000000000000000000000000000000000000000000001321112310260f250e280b270a290826082706270428052604220620051d091e07190a180a170b160c130e130c110d110e100d0f
CSIX,1710024299,024353490001,-68,6,128,43300400fd0cfe0c010b0109030a030805070606060407050804080309020901090108ff08fe09fe09fd0afd08fc0bfc0bfd0bfd0bfd00000000000000000000000000000000000000000000ed1cea1be71be71ae518e416e316e315e214e314e112e313e510e710ea0fea10ed0ff00ff10ff210f510f510f70ff710f812fa10
CSIX,1710046223,024353490001,-68,6,128,433004000dfa0cf909f809f707f705f604f503f601f500f4fff4fff3fef3fef5fdf4fbf4faf4faf5f8f4f8f5f7f4f8f4f8f3f7f4f8f400000000000000000000000000000000000000000000250327082609280c250c26102411221221121f12211320131d121c0f190e190c180a15071607160514031401120013ff13fe12fd
CSIX,1710075362,024353490001,-68,6,128,433004000cfe0cfd0bfa0af90bf809f608f808f606f506f305f304f205f204f203f202f101f000f100f1fff1fff000ef00effff100f00000000000000000000000000000000000000000000020151e171d1a1c1c1b1c191e171f151e141e141e131f121e101c10190e1710170e130e100f0e0f0d0f0b10090f07100711061003
CSIX,1710105154,024353490001,-68,6,128,4330040005f705f101f402f1fff300f300f400f1fdf2fbf4fdf5fdf2fdf3faf7f8f0faf4f5f3f6f5f6f6f8f6f7f4f6f5f5f5f7f5f9f3000000000000000000000000000000000000000000001df121f420f522f71ff822fb21fb20fb1dff1dfe20011e001c0018ff18ff17fd17fd0ff711fa10fb0ff80cf70df80df40af508f3
CSIX,1710165473,024353490001,-68,6,128,433004000bf209f006ef07ef06ee05ee05f004f003ef01ee01eeffef00effff0fdeffdeffdf0fdf0fbf1fbf1fcf1fcf1fcf0fbf2fdf2000000000000000000000000000000000000000000001eec21f022f123f223f424f724f922fc22fc21fd22fd21fd1ffe1cfc1afd1afa17fb15f916f814f812f612f410f510f311f20ff2
CSIX,1710195688,024353490001,-67,6,128,43300400f5eff4eff2f2f2f2f1f3f2f3f1f5f1f7f2f7f0f8f0f9f0faf1faf1fbf1fbf1fdf1fef1fef200f100f200f2fff2fff200f3ff00000000000000000000000000000000000000000000f7dcfbdbfddafed900da03d905da07dd07dc07dc09dc08de07e006e206e504e202e601e7ffe8fee8fceafbe9fbebf8e9f8ebf7eb
CSIX,1710225041,024353490001,-67,6,128,4330040010fb11f80ef90df80cf70cf50bf70af607f605f406f404f507f605f503f204f702f602f600f500f5fdf7fff500f4fef3fff70000000000000000000000000000000000000000000022fe21032302240522072308220b200b1d0d210c200e1f0b1a0d1b09170c1b081808130517031303140216ff12fe15fc14fd16fc
CSIX,1710256145,024353490001,-67,6,128,43300400fdeefbf3fbf0faf3f9f2f8f2f7f5f6f5f7f5f5f7f7f7f4faf9faf4f9f5fef7fcf4fef602f3fcf400f6fef202f500f300f5ff0000000000000000000000000000000000000000000002da0ce20fdb0bdf13de0adf14e410dd11e719de11e519e30de613ec0ee50cec0fe70beb0dea08ec06eb06ea03ee01ec03ef03ea
CSIX,1710315069,024353490001,-67,6,128,433004000df90bf80bf60af609f509f508f506f305f404f203f302f302f300f2fff2fff3fef4fef3fcf3fcf2fcf1fdf2fdf1fdf2fef20000000000000000000000000000000000000000000023002303240624072309210b200d1e0e1e0e1d0f1e101c0f1a0d190c170b180914071405140513031302140011ff12ff12fd10fc
CSIX,1710380276,024353490001,-67,6,128,43300400f109f30bf50df70cf60ff80df90efa0cfb0efc0dfc0fff0dff0e000c020d020d030c040b050c050c060c050e060d050c060c00000000000000000000000000000000000000000000d906d703d702d6fed8fdd7fad9f9dbf6dbf6ddf5daf5dcf5e0f6e1f9e4f8e1fae6fde7fee7fee900ea01ea03ec04ec05ec07ed06
CSIX,1710405510,024353490001,-66,6,128,43300400cde3f60fed05dc1ceb1bf813f306e917e40fe800e21cec14f626f01df611fb180316fe100216081d0315ff1a04180717081a00000000000000000000000000000000000000000000c7d5c4cbcbc8c9c1cec7d5c1d8c0d7c3d9c2dac3dfc0d6bfd8d3d8c6ddcadad7dbcddbf3d7d9e3e0d2fcd709cfddd5eeedd0c5db
CSIX,1710434868,024353490001,-67,6,128,43300400fdf1fbeefdf4fbf0fbf3faf6faf7f7f4f6f8f9f6f6f8f5faf5fdf5fdf6fbf6fff3fff4fff400f200f100f401f2fff200f200000000000000000000000000000000000000000000000ddf10e112e013e114e216e416e517e817e818e819e918e916ec13eb11ed11ed0fef0def0aef08ef06ee07ee04f004ef02ed04f0
CSIX,1710526582,024353490001,-68,6,128,433004000f040f030e010f000f0010fe0efd0efc0efa0efa0df90ef70cf50cf610f50bf50cf50df40bf40bf30cf20df30df30df40ef5000000000000000000000000000000000000000000001520122010230e230e230a24082306220521032103220220021d031c041805180514061307110810090e0b0e0a0b0b0b0e0a0f08
CSIX,1710555400,024353490001,-68,6,128,433004000eff0eff0efc0cfc0dfc0cfb0bf90bf80af80af709f609f509f407f407f408f307f307f205f207f107f207f108f107f208f3000000000000000000000000000000000000000000001b1218141816171815171419121a10190f190e190e190d180c160c150b130c110b0f0c0d0b0c0c0b0d080d070d070e060f031002
CSIX,1710587218,024353490001,-68,6,128,433004000ff90ff80df70cf70cf40bf50af409f407f308f206f105f105f004f004ef03ef02ee01ef01ee01ed01ee02ed03ed03ee04ef000000000000000000000000000000000000000000002306240a220c240e210e20111f121c121c121b121b141a131812170f140e160e130b110912081206100412031200110012fe12fc
CSIX,1710616598,024353490001,-68,6,128,433004000f020f020eff0eff0efd0efd0cfc0bfb0afa0af80af80af70af609f609f509f409f408f308f408f309f308f309f308f309f500000000000000000000000000000000000000000000181516181519141b131b111d0f1d0d1c0c1b0c1b0c1d0c1b0a190b170a160a150a120a0f0b0e0b0e0b0c0d0b0c090d080f070e06
CSIX,1710645684,024353490001,-68,6,128,43300400f1fbf1fcf1fef100f1fff100f301f302f403f305f405f406f507f508f608f609f60af60af60af90af70bf40af40bf60bf50900000000000000000000000000000000000000000000e8e7ebe6ece3ece3eee3f0e3f2e2f4e2f4e2f6e1f7e1f7e2f8e4f7e6f8e9f5e9f7edf6edf5eff7f1f5f2f4f3f4f5f3f5f1f5f2f7
CSIX,1710704795,024353490001,-67,6,128,43300400f6f3f5f4f5f4f5f5f5f6f4f7f5f8f4faf4fbf3fcf3fdf3fef3fef300f400f202f403f102f402f100f2fff300f204f303f40200000000000000000000000000000000000000000000fddf00de01de04de04de07df09df09e20ae20ae20be10ae30ae509e608e906e705eb04eb02ec01ed00eefeeefdf1fcf0f9f0f9f0
CSIX,1710736523,024353490001,-67,6,128,43300400120013ff12fc10fc10fb10fb0ef90df90df80cf60bf70af50af508f409f408f207f306f306f205f205f206f106f106f307f30000000000000000000000000000000000000000000021101f141f161e181d191b1b191c181b171b151c151d151c131b12191117121611121210110e110c110a11091007120713041303
CSIX,1710796410,024353490001,-67,6,128,433004000ef60ff60df50cf40cf40bf409f407f307f406f205f304f304f204f302f202f201f300f200f3fff2fff200f200f200f301f30000000000000000000000000000000000000000000020fa21fd220022022102220421061f061f081f08200a1e081c081a07190619061605150315011301130013fe11fd11fc11f911f9
CSIX,1710830665,024353490001,-67,6,128,43300400faeff9f0f8f0f9f2f6f1f7f2f7f3f6f4f6f6f6f7f6f8f4f8f4f7f3f9f2f7eff9f0f9f3f7f3f4f3feef02edfff7fef103fcfa0000000000000000000000000000000000000000000001df04de06df07de08df0be00ce00de30de30ee40fe310e40fe60ce70ce90be80aeb08ec07eb06ec04ed03ed02ed01eefeedfeec
CSIX,1710885428,024353490001,-67,6,128,43300400f3f7f1f7f1f9f1faf1fbf1fcf2fdf2fef3fff200f302f302f303f403f303f505f506f506f607f507f607f506f407f407f40500000000000000000000000000000000000000000000ede4f0e1f2e0f2dff4e0f6def8def9e0fadffae1fcdef9e1fae2fae4fbe7fbe5fae9faebf9ebf9ecf7eef7eff6f1f5f1f4f2f3f3
CSIX,1710919064,024353490001,-67,6,128,43300400f90ffa10fc10fd0ffe11fe0f000e010f020d040d040c040c060c070b080b080a0909090909080b080a080b080a090b080b0900000000000000000000000000000000000000000000e217df15dd13dc12dc11db0ed90ddb09dc09dc08db08dc08df07e108e306e309e608ea09e90aeb0aed0bee0bf00bf10df30ef50e
CSIX,1710947255,024353490001,-67,6,128,43300400fd10fe10010f010f020e040e040d050b060a070b07090809080809070a060a050b050c040c030d020c030c030d030d030c0400000000000000000000000000000000000000000000e71ee41de21ae01be019de17dd16df12de12de11dc11de0fe10ee30ee50de40fe80eec0ded0eee0ff10ff10ff30ef40ff610f810
CSIX,1710975287,024353490001,-67,6,128,43300400fcf4fcf5fbf8fcf7f9f4f9f7faf8f9faf9faf6fcf9faf8fdf5fef5fef400f800f702f202f603f302f502f303f204f304f203000000000000000000000000000000000000000000000fe212e215e316e415e418e419e619e918ea19e91bea18eb18ec15eb13f112ed0fef0df20def0bee0af10aed05f0fff100f404f3
CSIX,1711006475,024353490001,-68,6,128,43300400f909fb0bfe0bff0b000a010a01090209040804080507060707060805080509050a040b020b020c020b030c030d040c030d0400000000000000000000000000000000000000000000e111e00fde0ddd0cdd0add08dd07df05df05df04dd03df03e102e303e602e504e905eb06ec06ed06ef07f109f209f209f309f50a
CSIX,1711040603,024353490001,-67,6,128,43300400faf3f8f4f8f6f7f7f5f7f6f8f6faf4fcf5fdf4fff400f401f403f503f404f506f507f408f509f409f30af409f30af309f3090000000000000000000000000000000000000000000008d90cd90dda10da10db13db14dd14df14e114e115df14e012e310e410e70ee60ce80ae908e907eb05ec04ec01ed01edfeedfeef
CSIX,1711067262,024353490001,-67,6,128,43300400f404f506f706f908f908fa09fb08fd09fe09ff0b0009010a020a030a040a050a060a070a0809080a080b080b080c090b080b00000000000000000000000000000000000000000000ddfadcf7def6dcf3dff3def0e0efe2f0e2eee3f0e2ede3efe6f0e6f2e8f3e8f4e9f5ecf8ebf9ecf9edfcedfceffeefffef02f102
CSIX,1711096065,024353490001,-67,6,128,43300400f305f506f707f807f909fa09fc09fd0afe09ff0b000b010b020a030b040b060b060a070a070a080b080c070c070d070c060d00000000000000000000000000000000000000000000ddffdcfcdcfadcf8ddf8def5def4e0f4e0f4e0f2dff1e2f2e4f2e5f4e8f5e5f6e8f8eaf9eafbecfcecfeedffeeffeeffee01f003
CSIX,1711125141,024353490001,-67,6,128,43300400f80bf80cfc0cfd0dfe0c000c010b020a0309050a0609060907080a070b070c080c060d060e060f060f070e080f090f090d0900000000000000000000000000000000000000000000df14dd11db10da0fda0dd90bd90adb08da08da07d805da05dc05de05e104df06e407e707e708e808ec09ec0bef0aee0bf00bf20b
CSIX,1711164062,024353490001,-67,6,128,433004000bf60af608f506f605f504f502f501f501f500f4fdf4fcf5fcf5fbf4f9f5f9f4f7f4f7f5f6f5f5f3f6f4f6f3f7f2f7f3f8f30000000000000000000000000000000000000000000020f220f622f723f823f923fc24fc22fd22fe23002501230122021f001c011eff1aff19fe18fe16fd16fb14fb12fa12fa12f911f8
CSIX,1711193387,024353490001,-66,6,128,43300400030e040e060c070a080a0809080709060a040a040a010b010b010bff0cfe0cfe0dfe0efd0dfc0dfc0dfc0cfc0efc0dfd0dfd000000000000000000000000000000000000000000000122ff23fd25fb24fb23f824f723f522f521f421f323f423f41ff51ff51cf61ef71af918fa19fb17fc16fd16fe14001502150213
CSIX,1711217092,024353490001,-67,6,128,43300400effdf0fef100f301f203f303f504f607f606f708f908f909f90afa0bfa0bfb0cfc0cfc0cfd0cfc0dfc0dfc0dfc0efc0dfc0c00000000000000000000000000000000000000000000e0f1e0eee1ede1ebe2ebe2e8e3e7e6e7e6e7e6e6e6e5e6e6e8e6e9e8ebe9e9e9ecedecefecefedf1ecf3edf3eef6edf6ecf8edf9
CSIX,1711245216,024353490001,-66,6,128,433004000bf20af206f306f304f405f401f5fff3fff4fdf3fcf2f9f4faf6faf6faf5f7f4faf5f9f4f7f4f5f5f6f6f5f5f7f6f6f7f6f3000000000000000000000000000000000000000000001dea1fee20ef21f021f024f224f423f722f724f823f924f822f921f71cfa1ef91bfa19f918f716f715f613f612f511f611f310f4
CSIX,1711274958,024353490001,-67,6,128,43300400030c040c060a050a070a07080707080609040a030a0309010b000aff0bfe0cfd0cfc0bfc0cfc0cfb0cfb0bfb0dfc0cfc0cfc00000000000000000000000000000000000000000000fb22f821f621f423f422f121f020f01eef1fef1fec20ee1eed1cf11bf019f11af317f616f616f815fb14fb14fb12fd13ff13fd11
CSIX,1711360443,024353490001,-67,6,128,43300400f709f808fd0afb06fe0b020b0109ff0a040a050b060a060b080d0809070b09070a0b09080a0a0b080b060b090c070b090c0900000000000000000000000000000000000000000000e20edf0ae00bde08e006dc07de03dd05dd02ddffdd03dd01e201e301e601e300e803ea04e904ec05ec03ee05f005f005f207f507
CSIX,1711376627,024353490001,-67,6,128,43300400f8f7fbf7f5f9f6faf4faf6fcf5fdf701f700f702f300f801f603f405f407f109f308f50af609f408f709f60bf40bf407f60700000000000000000000000000000000000000000000ffdd03df02de05dc05df09de0add09e30cde0ae20ddf0be20ae30be409e707e406e904ea04e902eaffee00edfeeffdf0fdeffef1
CSIX,1711429766,024353490001,-68,6,128,433004000aff090908fb0e0703f80fff00f90df901fa0ff2fffb0aee01fc04ef03ff00eb06fbfced03f6fcf002f3fdf106edfbf302ec00000000000000000000000000000000000000000000011e0425fe210326fd210024fb22fd21fb20fe21fa240020fb20011bfc1d021afe1c0313021a04100615050e0710010c0b0c020c
CSIX,1711454924,024353490001,-67,6,128,43300400f9f6f9f8f7faf7fbf6fcf5fdf5fef500f502f403f404f405f306f407f308f409f509f40af50af50bf50bf50bf40bf40bf40a0000000000000000000000000000000000000000000007d90bd90bda0ed90edb10db11dd11de13df11df13dd12de10e10fe20ee40de40be608e809e806eb05eb04ed02ef01ef00f0fef2
CSIX,1711485825,024353490001,-67,6,128,43300400f702f704f906fa06fb07fb08fd08ff08ff0a010b020b020b020b040c050c040c060c060c070b070c070c060d060d070c050c00000000000000000000000000000000000000000000e0f3e1f1e0f0e0eee1eee2ebe2ebe6eae4eae6eae5e8e7e9e9ebe9edebeee9f0ecf2edf3edf5edf5eff7eff8f0faf1fbf2fcf4fe
CSIX,1711516072,024353490001,-68,6,128,43300400fdf8fbf8faf8f8faf7fbf8fcf7fcf5fff5fff3fef300f402f301f301f400f003f205f105f304f205f205f305f004f002f3040000000000000000000000000000000000000000000008df0adf0cdf0dde0fe010df11e310e30fe311e318e517e610ea11e70fe80fe70eeb0bec0bec09ee07ee05ef08ee06ee05f1fcf4
CSIX,1711546126,024353490001,-67,6,128,43300400f6fcf6fdf6fff700f602f603f704f705f806f709f909f80af80bf90bf70cf90dfa0df90efa0df90ef90ef80ef80ef90df80c00000000000000000000000000000000000000000000f3e1f6dff7dff8dcf8defbddfcddfddffedffedeffddffdfffe2fde3fee6fde5fde9fceafbebfbedfbeefaf0f9f1f9f3f8f4f8f6
CSIX,1711607388,024353490001,-68,6,128,4330040009fb08fa07f907f706f705f503f602f502f501f300f3fff2fef2fef2fef1fdf0fcf0fcf1fcf0fcf1fcf1fdf1fdf0fdf1fef2000000000000000000000000000000000000000000001e071f0b1f0c1f0c1d0d1d101d111a111a111a121b1218121712160f140e150d130c120a12091108100610060e040e030f020d00
CSIX,1711669846,024353490001,-68,6,128,433004000bfe0cfc09fa09f907f707f706f504f503f502f301f200f001f000f000effeefffeffeeffdeffeeffeeffeeffeeefef0fff00000000000000000000000000000000000000000000020101f141d151e171c171b191a1b171a171a171a171b171a15191616131514151311100e120f110d110a110a10070f060e040e04
CSIX,1711695397,024353490001,-68,6,128,433004000b030a020aff09fe0afd0afb09fa09f808f608f508f408f408f207f208f008f007f007f006f106ef07f007ef08ef07f008f100000000000000000000000000000000000000000000121f10220e210e240b210923082407220621072106230621051f071e061c061b071906150715071307110911090e090d0a0b0a09
CSIX,1711726669,024353490001,-68,6,128,43300400fcf5faf6f8f7f8f9f7faf6fcf5fcf4fef400f201f201f103f103f004ef05ef06ef06ef05f006ef06ef06ef06ee06ef05ef04000000000000000000000000000000000000000000000bdd0fde10de11df12df15e115e215e415e416e517e415e414e711e711ea10e80eeb0cec0beb09ee07ee06ef04f003f001f000f1
CSIX,1711755291,024353490001,-68,6,128,433004000408060708060704080309020a000bff0cff0dfd0dfb0cfc0efb0efa10f90ff90ef80ff70ff70ff70ff80ff710f80ff90ffa00000000000000000000000000000000000000000000f923f623f422f322f221f020ef20ef1dee1dee1dec1eed1cee1af11af217f217f416f613f714f812fa11fa11fd0ffe0f000e010c
CSIX,1711785855,024353490001,-68,6,128,4330040007fc07fb05fa05f804f802f702f601f601f5fff3fef4fef3fdf2fcf2fcf1fcf1fbf1faf2faf2faf1faf0fbf0faf0fbf1fcf0000000000000000000000000000000000000000000001b0e1b101a121a131812181517151415141514151417131512141211101110100f0d0e0b0e0b0d090d080d060c050b040b020a01
CSIX,1711818894,024353490001,-68,6,128,43300400fc08fd09ff080008030903090508070807070a0809080b070b070c060e060e060e060f060f04100510060f06110610060f0700000000000000000000000000000000000000000000dd09dc06db05da03db03db00dcffdefdddfddefdddfddefde1fde2fee6fee4ffe800ea01ea02ed02ee03ef04f104f304f306f607
CSIX,1711849598,024353490001,-68,6,128,4330040006fa05fa04f802f801f7fff6fff6fcf5fcf5faf3faf4f8f4f7f4f6f4f5f4f5f4f6f3f3f4f3f5f3f5f3f3f3f2f3f1f4f3f4f200000000000000000000000000000000000000000000230a220c210d220f21101f121f121b131d131b141c151a1417121811150e170d140b130912091107100510040f020e020d000afe
CSIX,1711935348,024353490001,-68,6,128,4330040008fc07fb06f904f903f803f601f600f500f4fdf3fdf4fcf2fbf2fbf2faf1f9f0f9f0f8f1f8f1f7f1f7f2f8f1f6f1f8f1fcf0000000000000000000000000000000000000000000001f131e161e181d191b191a1a1a1b151a1619171a151c151a131913161114131410100f0e0f0e100b0f090f090e060d050d040d02
CSIX,1711994937,024353490001,-68,6,128,4330040006050703070207ff08fe09fd08fb09fa08f90af708f508f409f408f30af208f208f208f107f108f107f007f007ef08f009f200000000000000000000000000000000000000000000fb25f725f624f425f422f123f021ef1def1ef11df01ff11ef21cf41bf518f619f817fa14fb15fc14fd11ff11ff0f000f020c020b
CSIX,1712026355,024353490001,-68,6,128,43300400fff8fef9fbfaf9faf9faf8fbf7fcf6fdf4fef3fff2fff300f100f101f001f003f004f004f005ef05ef05f004ef03ee03ee03000000000000000000000000000000000000000000001ce91fea20ec21ed20ef22f021f11ff31ff31ef421f41ff41df51af519f619f515f512f511f40ff50df40df50bf60af508f505f6
CSIX,1712088663,024353490001,-68,6,128,43300400030803070506060407040a0209030b000bff0efe0dfd0dfc0efc0ffa10fa10f90ff810f80ff810f710f70ff710f710f710f900000000000000000000000000000000000000000000e21cdf1bdf18dc18df16db14db13dd11dd10de0fdf10dd10df10e112e610e70ae60ceb0ae914ea0af30bf20bf80cf70ef90bfb0a
CSIX,1712144917,024353490001,-68,6,128,43300400f7fdf9fff901f902f904f906fa06fa08fa08fb0bfb0bfc0cfc0cfd0efe0ffe10fe0fff10000fff0f00100010ff10fe10fe0f00000000000000000000000000000000000000000000f5def7ddf8dcf9dbfadbfddbfedbffddffde01de01dd00dd01e1ffe3ffe6fee5fee8fbeafbebfbeefaeefaf0faf2fbf2f9f4faf8
CSIX,1712174846,024353490001,-68,6,128,43300400fdf9fcf8fafbf9fcf8fdf8fef7fff501f501f303f304f404f305f306f206f207f208f109f208f009f208f109f109f207f0060000000000000000000000000000000000000000000014e318e518e51ae51ae71be91cea1bec1bed1bec1aeb1aed18ee16ee14f114ef11f10ef10ef00cf20af30af207f406f404f503f5
CSIX,1712205226,024353490001,-68,6,128,43300400fa04fa05fe07fe080009010b0409040b060a070b090b0a0b0b0c0b0b0c0f0e0d0d0c0f0b0f0b100b0f0d0f0c100d0e0d0d0c00000000000000000000000000000000000000000000ddeddeeadfe8dee7e1e7e1e4e2e4e5e5e6e5e5e6e6e5e7e6e8e7e9eaeaebeaecebf0eef2edf3eef5eef7eff8f2faf1fbf2fdf4fe
CSIX,1712266032,024353490001,-68,6,128,4330040003f902f900f8fdf9fbf7fbf7faf7f8f8f6f7f4f7f4f8f3f9f1f8f0faf0f8eff9f0faeef9effaeefaeff9eef9eef9effaf1f9000000000000000000000000000000000000000000002203220623072309220a220c210d1e0e1e0d1e0e1f0e1d0d190d1a0a16091708140514041303120210010f000dfe0dfe0bfc09fc
CSIX,1712328191,024353490001,-69,6,128,4330040003060005070306010b0108fe090009fb0bfb0dfb0af90af70bfc10f810fb14f60ff80ff311f40ef00df60ef50ff20ff410f500000000000000000000000000000000000000000000e817e515e113df15e012de10e10fe50fe012e610e010e70be90be909ed0ce90cee0af50af00cf40af40cf90efa0ff90afb09fe09
CSIX,1712356966,024353490001,-68,6,128,4330040004f901f900f800f8fdf5fbf5faf5f7f4f6f5f4f3f4f3f2f4f2f3f2f4f0f2f0f3eff3eff4eff5eef5eef4eef3eef3eff4eff300000000000000000000000000000000000000000000250d2510241125132314211620181f161c181c161c171c15191519121511160f140c12081208110610040f030c020d010cff0bfd
CSIX,1712447819,024353490001,-68,6,128,43300400fbfbf9fef900f801f803f705f705f809f809f60df60df70ef90cf610f80ff810f910f911fa10fa11fa11fa12f912f910f80f000000000000000000000000000000000000000000000bdc0cdc0fdc10dc11de14df14e013e314e215e316e314e412e60fe70eea0de909ec08ed07ed05f005f002f202f301f4fff4fdf7
CSIX,1712477342,024353490001,-68,6,128,43300400060006fe05fb04fa03f902f802f600f600f4fff2fef1fdf0fdf0fdeffceefbeefbeefaeffaeef9eefaeefaeefaedfaeefbee000000000000000000000000000000000000000000000e220c230a25082607250526032503230223012202230121011f031d021a031a0416051305120511060f070c070a070a07070705
CSIX,1712504908,024353490001,-68,6,128,4330040004fb03fa00fafff9fcf8fbf9f9f8f8f8f7f8f5f7f5f7f4f7f1f7f1f8f0f8f0f8f0f9eef8effbedfaeef9edfaedf9eef9eff800000000000000000000000000000000000000000000220d21112112211420131e151e161a141c161b151b171a1518141811160f160e140c1109110910060f040e030d020c010aff09fe
CSIX,1712537064,024353490001,-67,6,128,433004000100000002f9f90308fd11f5fafc01fb0af0fdf1fff504ed06f304effdef01f604f2fff2fff000f003f503f303f104f101f30000000000000000000000000000000000000000000015121c1310130d1a0e1c091c05210813ff200c1afb1f06250526fc12101902090c0cfe0cfb0b020003030904010efb1114f8fffd
CSIX,1712567612,024353490001,-68,6,128,43300400fc04fb04fd04000502060508070508070b0709060a040e050c050e050f050f06110511021001110111021103120411050f0600000000000000000000000000000000000000000000dcf5dcf3dbf0daefdcece0ece0ece3eae1eee2ebe1eae2eee5ece6f2e9f2e8f4eaf5ecf6edf9eefbf0fdf0fef1fdf4fef301f502
CSIX,1712652670,024353490001,-68,6,128,4330040000fafefafefafcfefbfffa00f800fa02f701f502f304f504f405f505f406f306f407f407f609f509f409f50af30af40af4090000000000000000000000000000000000000000000021f422f723f725f924fa24fc24fd21fe21ff21fe22fe20fe1dff1bfc19fd18fc15fc13fb11fc0ffb0df90bf90bf909f906f705f9
CSIX,1712714922,024353490001,-67,6,128,43300400fc05fe0501050204030505030602070208010a000aff0aff0bff0cfe0dfd0dfd0dfc0dfa0dfa0dfa0dfa0cfa0dfa0dfa0dfb00000000000000000000000000000000000000000000dc08da05da04d803da02d9ffdafddcfdddfddefedcfeddfee0fce3ffe5fee5ffe801eb01eb03ed03ef04f105f305f405f507f707
CSIX,1712775361,024353490001,-68,6,128,433004000405050407020600080008fe08fd09fa09f809f708f708f609f509f408f309f207f207f207f106f106f007f008f007f108f100000000000000000000000000000000000000000000f024ee23ed24ea23ea22e71fe61fe81ce61ce819e61be91aea18ed17ef16ee16f213f512f712f810fb0ffc0ffc0dfe0e010c020a
CSIX,1712865189,024353490001,-68,6,128,4330040002fc02fa01fafffafef8fcf9fbf7f9f90401f7f7f6f7f5f8f4f7f3faf2f9f1faf1fbf1f9f1fbf0fbf0faeffaeffaf0fcf0fa000000000000000000000000000000000000000000001d1a1b1b1a1e1a1e191e15201521121f131e121f111f101d101a10180e150f140d110e0d0c0d0c0b0b080b080b050a0408020800
CSIX,1712896695,024353490001,-68,6,128,43300400fef9fdfcfbfdfefcfbfefcfef802f501f903f604f805f706f506f307f506f608f608f60bf708f90bf50af70af60bf70af80a0000000000000000000000000000000000000000000022f623f923f925fb23fb25ff25ff2101210121fe220120fe1dfe1dfb19fd18ff15ff12fd11fa10fa0efa0bfa09fb08f804fc06fc
CSIX,1712932737,024353490001,-68,6,128,43300400fdfcfbfefbfffa00fa01fa03fb04fb04fb05fb07fa08fb09fb0afd0afc0cfd0cfd0cfe0dff0cfe0dfe0dff0dff0eff0dfe0c0000000000000000000000000000000000000000000016e419e51ae51be51be71de81de91ceb1bec1bec1bed19ed18ee15ee13f011ef0ef00cf10bf20af207f306f304f604f502f701f8
CSIX,1712955115,024353490001,-68,6,128,4330040008fc06ff00f901fa01f606fafef7fdf8f9f604f4fdf5feeffaf6faf8f2f6f9f6fdf7fdf6f8f5f3f3f9f6f3f0f4f2f9f7f8f6000000000000000000000000000000000000000000000e2312210b22142009210c250d23011f01200f2304250e26071d081dfb16031a010d0a14041004090d09050d050907070a0c0306
CSIX,1712992953,024353490001,-68,6,128,43300400f9fdf9fff900f902f903f904fa05fb06fc08fc0afd0aff0cfe0d000d000f010e000f020f020e030f030f040f0410040f030e000000000000000000000000000000000000000000000cd815d910d814d914de17dd18df17e216e115e317e113e113e50fe60de80ce809ea07eb06eb05ee02ef02f000f3fff3fdf4fdf7
CSIX,1713016276,024353490001,-68,6,128,4330040004fb02fa00f9fff8fef8fcf8fbf8faf9f8f9f6f9f5f9f4faf2f9f2faf1faf0fbf0fceffcf0fceffdf0fceffbeffcf0fdf0fb00000000000000000000000000000000000000000000240f231323142315211521181f191b181c181b171b191a16181517111511150f140c120a120910060f050f030c020c010aff08fe
CSIX,1713075214,024353490001,-68,6,128,433004000006030406040604060407020801090009ff0cfd0bfe0dfc0efd0efc0efa0ffa0ffb0ffa0ffa0ffa0ffa0ffa0ff90ffa0ffb00000000000000000000000000000000000000000000e00cdf0add08dd07de07dd05de03e003e102e203e004e303e503e704e804e902ed03ef04ee04f304f305f505f805f906f907fc06
CSIX,1713111737,024353490001,-67,6,128,43300400fff7fefafcfafef9f9f9f7fbfafbf7fcf5fcf5fbf4fdf3feeffdf2fcf1fdeffef102f1ffef01f000ef00f1ffef00effff0000000000000000000000000000000000000000000000021fc22ff230121022003220421041e071f071e071a051d0619081a0415001802130212010fff0efe0ffe0cff0bfd07fc07fa03fb
CSIX,1713165413,024353490001,-68,6,128,43300400f8fdf8fff802f802f803f805f806f908f909f90cf80cf90df80ffa0ffa10fb11fa11fc11fc11fb12fc12fc11fb12fb10fa100000000000000000000000000000000000000000000007da0ada0cdb0ddb0ddc10dd11df10e110e10fe20fe110e20fe50be60bea09e807ec05ec03ed03ef01f100f2fff3fef5fcf7fcf9
CSIX,1713201156,024353490001,-68,6,128,4330040006fc07fd07f907f806f705f504f502f302f201f000effeeffeedfdeefdecfcedfcebfbecfaebfaebf9ebf9eafaeafaecfbec000000000000000000000000000000000000000000000729022b012b002c002afb2bfa2bfa26fa26f925fa26fa23fb21fe1ffc1cfe1bff18011402140313040f040d050b060905070604
CSIX,1713256564,024353490001,-68,6,128,43300400020503050505050306030802090109ff0afd0cfc0cfb0cfc0df90ef90ff90ef80ff70ff70ef50ff40ff40ef510f50df411f600000000000000000000000000000000000000000000dc0ada05da05d903da02da00da00ddffddfdddfede00e000e200e501e801e602ec02ec01f003f005f205f406f507f806fa06fc06
CSIX,1713284877,024353490001,-68,6,128,43300400fe06ff060205030505050604080309030a020d020c010d010e010eff10ff10ff10fe11fd10fc11fc12fc12fd13fe12fe11fe00000000000000000000000000000000000000000000d9fedafbd9fad9f8daf8dbf5dbf5def5dff4def4dff3e0f4e4f6e5f7e9f9e7faebfcecfdedffef00f000f202f402f503f604f904
CSIX,1713317384,024353490001,-68,6,128,43300400fe06ff060205030404030703080108000a000cfe0cfe0dfe0dfc0ffc0ffd10fc0ffa0ff90ff910f810fa10f910f910f911fa00000000000000000000000000000000000000000000d808d804d703d701d700d8fed9fddbfbdcfcdcfcdcfcdefde0fde2ffe6fde5ffe901eb01ee02ee04f004f105f305f406f606f906
CSIX,1713344822,024353490001,-68,6,128,43300400fb03fd04ff050005010503050405050307050a0309020a030b030d020d020f010e010f000f0010ff0f000f0010000fff0f0100000000000000000000000000000000000000000000ddf7e0f4ddf3dff1dff0e1efe0eee5ede4efe4eee3eee5efe7f0e9f3ecf4e8f6ecf7ecf8eefbeffbf1fdf1fff3fff401f501f701
CSIX,1713377475,024353490001,-67,6,128,43300400fcf9fefdfdfcf9fcfdfefc03fc05f902f805fa09fe07f80df90afb0dfb0bfb0ffb0ffb0afd11fa0dfd0ffe10fa11fb0efa10000000000000000000000000000000000000000000001ae71ceb1ee81bed21ea22ee21ee1cf11cef1bef1df316f01df522e718f810f20aed0ff00ff307f309ed04f508f204f603f701f7
CSIX,1713405199,024353490001,-68,6,128,43300400f901f903fc04fd03fd05ff06000701060207040804090609060a080a090a0b0b0a0b0b0a0b0a0b0a0c0b0b0b0c0b0b0b0b0b00000000000000000000000000000000000000000000e8e7eae4eae3ebe2ede2efe1f1e1f2e3f3e3f3e4f2e3f2e5f3e6f3e9f5eaf4eaf5eff5f1f4f2f5f4f5f5f5f8f6f9f6fbf5fcf6fe
CSIX,1713434908,024353490001,-68,6,128,43300400fb07fc08fe080107020803070406070507050b060b050c050e060f040f040f0310031102110212021103120513041103110500000000000000000000000000000000000000000000dbfadaf7daf5d9f4dcf4dcf1ddf1e1f1e1f0e2f1e1eee2f0e5f1e6f5e9f6eaf6ebf9ecfbeffceffef100f201f302f303f505f605
CSIX,1713466453,024353490001,-69,6,128,433004000604060207ff07fe08fd07fb07fb08f807f608f407f406f307f206f206f005f005f005ef04ee06ee05ee05ee06ed06ef07ef00000000000000000000000000000000000000000000fa24f623f524f423f222f021ef20ef1df01cef1bee1cef1bf218f417f413f715f812fb11fc11fd0f000e010d010b030a040b0508
CSIX,1713495494,024353490001,-67,6,128,43300400fb0cf20d060b01fa14020b12f10308fb0cf90dfb0bf60af606f105f10bed01effaeffaedf6f2f3f0f4f0f3f3eff7edf7eef8000000000000000000000000000000000000000000001d2015262817160d2807291518211c1017fe22f732ff1e0216fa0beb0ef71bed16f9fbfb07f9fadb0bedff00e605eaf1f0fcf704
CSIX,1713585758,024353490001,-68,6,128,43300400fef8fcfafafbf9fbf8fcf7fef6fef400f401f202f102f204f005f005f007ef07f008f009f00aef0aef09ef0aee09ef09ee080000000000000000000000000000000000000000000022f525f724f925fa24fb25fd23fe21ff21001f0021001f001b001afe17fe16fd12fd11fb0ffb0dfb0bfa09f907fa07f905f803f8
CSIX,1713616643,024353490001,-68,6,128,43300400f800f902fa03fb04fd07fe08ff08ff0a000b020c030d030d040f050e05100610070f070f080f09100810091109120811071000000000000000000000000000000000000000000000f5dcf8dbfadafad9fcdcfedbffdcffde00dfffdf01de00e000e3ffe5ffe8fee9fcebfceffbf0faf2f9f4f8f5f9f7f9f8f8faf7fc
CSIX,1713645041,024353490001,-68,6,128,4330040006fb04fc01f9fff800f8faf9fdf7faf9fbfcf5f9f7f9f3f9f3f8f3faf1faeff9f0f8effaedfbeffceefbecfaedf8eff9eef9000000000000000000000000000000000000000000001f141c161d191a191a1b171b171a141a141a1419161a1419121711140e1112100d0c100b0e090c060c030d040a010a0008ff07fe
CSIX,1713735259,024353490001,-69,6,128,4330040001060304050406020801080009fe09fc0afc0cfa0cf90cf80cf60df70ef50df40ef40df20cf20ef10ef10ff10ff113f311f400000000000000000000000000000000000000000000e012df0fdd0edd0ddd0ddd0adc09e007e007df08df06e106e305e606ea06e907ed07f006f107f308f608f608fa08fb08fd08ff08
CSIX,1713794860,024353490001,-68,6,128,4330040005fd02fb02fa00fafefafcf9fcf8f9f9f7f8f5f9f4f9f3f9f1f9f1fbeefbeefbedfcebfcebfdeafceafde9fbe8fae9fbe9fa000000000000000000000000000000000000000000001d1d1b1f1b201a201a211623152212211320121f1320111e101c11190f1610160e100e0e0e0d0c0a0c080c060b040a020a0109ff
CSIX,1713826058,024353490001,-68,6,128,4330040000f8fdf9fdfafbfbfbfef9fffa02f607f302f508f507f508f409f40bf50bf50cf40df50ff411f310f310f211f110f210f1100000000000000000000000000000000000000000000024ed26f228f228f328f529f828f725fa26fb24fa26fa22fa20fa1df81bfa1bf815f813f812f810f80df60cf60bf809f607f605f6
CSIX,1713885732,024353490001,-69,6,128,43300400fa060106ff05fe070105050304fd090009fb09fe0bfd06fa09f708fa0cf908f70df70bf30af40cf109f30df40bf20df30cf500000000000000000000000000000000000000000000df0ddb0add08db0bdc08da09db04de04df04e006df05e204e303e804e907e706ed04f106f005f409f307f509f408f806f80bf70c
CSIX,1713917983,024353490001,-68,6,128,4330040007fe03ff04f903fd08fbfcf8fcfc00fcfcf4f7f9fcf7fbf8f6f4f4f4f6f8f5f9f3f6f5f7f4f4f3f8f4f7eff3f0f6f1f6f3f5000000000000000000000000000000000000000000001e121c151e191b191b1b191c1819151d111a1619161814171115121411121011100f0a0f0c0e0c0a11050b080d060a0007fd0b01
CSIX,1713946183,024353490001,-69,6,128,43300400fff7fef8fdfbfcfcfafbfbfdfafef901f802f703f804f805f706f708f808f70af80af70bf80cf70cf70df70df50ef40df50d0000000000000000000000000000000000000000000018e41be61be61ce71ce81deb1eec1bee1bee1bf01bef1bef18f016f012f012ef0ff20ef00df10cf209f208f306f406f304f302f5
CSIX,1713980813,024353490001,-69,6,128,43300400f8fdf9fff900fa01fa03fd03fd04ff05ff05000802080209030b040a0509050b070a070b090c090b090d090d090e090d080e00000000000000000000000000000000000000000000eddfefdcf0def2dbf3ddf5dbf7dcf9dff9dff8e1f9dff9e1f9e3f8e4f8e7f8e8f8ebf8edf7eef7f0f7f1f6f2f6f5f6f5f6f7f6f9
CSIX,1714007737,024353490001,-68,6,128,4330040008f001fe05fcfeff02f7fefbfcf8fcf8fdfcf4f7f7f5f7faf5fbf6f8f3faf4fbf4faf2fcf1fbf1fbf0fbf0faeef9f0f9f0f800000000000000000000000000000000000000000000220e2111201220151e131f161b121c16161616161a1a1d12171615101010110f0f0a150a150d10090b0810000b010afd040b02f9
CSIX,1714037990,024353490001,-69,6,128,43300400f8fff800fa01fb03fb04fc04fe05fe070006020803080309040a0509060a070a0809090a09090a0a0a0b0b0c0b0c0a0b090b00000000000000000000000000000000000000000000ebe0eedeeeddf1dcf2ddf4ddf5ddf7e0f7dff7e0f7dff6e1f7e4f6e6f7e9f6e9f6ecf6eef6eef6f1f5f3f6f4f4f7f5f8f5f9f6fb
CSIX,1714065488,024353490001,-69,6,128,4330040006f805f903fa01f6fff8fef701fafcfcfafaf6fcf7f6f2fcf2fbf3fcf0faf2fcf1feefffeefcefffedffedfdebfcee00edfd0000000000000000000000000000000000000000000029002a0329052a082808270b260b240c230b220c240d210a1f0a1d081b071c05180416041701140012fe0ffc0df90efd0dfa0cfa
CSIX,1714126149,024353490001,-69,6,128,43300400faf7f9f8f8f9f8fbf7fdf7fff600f602f502f504f504f407f407f409f408f509f40af50af50bf50df60cf50cf40df40df30b000000000000000000000000000000000000000000000fdc12dd14df15df14e117e218e316e616e815e717e715e914ea11eb10ec0eec0cee0af008ef05f004f103f101f200f2fef3fdf4
CSIX,1714154876,024353490001,-68,6,128,43300400fbf9faf9f8faf8fbf8fdf8fef7fef700f500f501f503f503f403f404f504f406f405f406f507f507f507f407f407f407f505000000000000000000000000000000000000000000000ce60ee810e510e713e813eb14eb14ef12ef13ee13ef11ef10f10df10df30bf108f309f307f305f403f403f501f5fff5fef6fef6
CSIX,1714185282,024353490001,-68,6,128,43300400f4fcf3fdf300f300f402f303f404f605f607f508f509f70af60bf70bf70cf70df70ef80ef80ef90ff90ef80ff80ff70ef60900000000000000000000000000000000000000000000f5dcf8dafad9fcd8fdda00d901db02df02df02e004de02e003e301e601e7ffe7feebfdecfcecfbeffaf0f8f2f8f4f7f4f6f6f6f7
CSIX,1714219601,024353490001,-68,6,128,43300400f3fff300f403f403f505f406f607f608f808f80cfa0bfa0dfa0bfb0cfb0dfc0efc0efc0efe0efd0ffe0ffe10fd10fd0ffb0e00000000000000000000000000000000000000000000eadfeeddefdcf0daf2dcf5daf8dbf9def9def8defaddf9e0fae2f8e4fbe8f8e7f8eaf8eef7eef6eff6f2f5f4f5f5f4f8f3f7f3fb
CSIX,1714245023,024353490001,-68,6,128,4330040005f704f702f500f501f5fff5fef5fdf6fcf5faf5f9f6f9f6f9f6f8f6f8f6f7f6f6f7f5f9f5f9f5f9f6f8f0f6f9f8f3f8f6f90000000000000000000000000000000000000000000022fb22fe230022022203210520071d071e071d081d091c0819081805160516041203120010ff0ffe0efe0dfb0cfa0cfb0bf809f8
CSIX,1714274835,024353490001,-68,6,128,4330040009fe09fc08f808f909f703f803f703f600f501f404f4fdf4fcf4fdf3fef4fff4fef6fcf6fcf5faf5faf5fbf4f9f4f9f5fcf5000000000000000000000000000000000000000000001f0e1d111e121d151d14181619181416161615161517141612141311101011100e0c0f0d0f0a0e070e070f080e050b060f000dff
CSIX,1714335245,024353490001,-68,6,128,43300400f3fff401f703f803f805f906fa06fc07fe08fd0afe09ff0bff0c000b010b020c030b020b040a060b060b060d060d060c050c00000000000000000000000000000000000000000000e0e7e1e2e3e2e3dfe6dfe7dde9ddeadcebdfece0eddeece0eee2eee5f0e8eee7efebf0edefeff0f1f1f4f0f5f2f6f1f7f0f8f1fb
CSIX,1714394853,024353490001,-68,6,128,43300400f5fcf7fdf8fff700f802f903fa04fb06fc06fc09fc09fd0afc0cfe0aff0bff0c010a010c030b030d040d030e040e030d020d00000000000000000000000000000000000000000000ecddeedaf0d9f1d7f3d8f5d7f7d7f9dafadbf8dafad9f9dcfbdff9e0fae4f8e3f9e6f9e9f7eaf7edf7eff5f0f5f3f5f3f4f5f3f8
CSIX,1714426826,024353490001,-68,6,128,4330040005f703f701f601f7fef7fdf8fcf8faf8f7faf6faf6faf4fbf4faf3fbf2fcf2fdf2fef2fff2fff101f0fff0ffeffff0feeffd0000000000000000000000000000000000000000000025f828fb29fe2a00280028032704250425052304250824051d0520031b021c021801160016fe13fe12fc0ffb0efa0ef80df707f7
CSIX,1714455381,024353490001,-68,6,128,4330040005f7fffafff600f900f6fcf6fcf5faf7f7f8fbf8f9f9f3fbf6f7f4faf5faf4fbf2fcf3f8f3fdf2fcf2fdf2fbf2fcf2fbf2fa000000000000000000000000000000000000000000001ff422f424f721f823fa21fc22ff1ffe1f011d021f021d031eff1803150118fb11ff14fe11fc0ffb0cfb0efa0bf908fb08fa06f7
CSIX,1714485809,024353490001,-68,6,128,4330040001090309000306070806070412ff0a030a020b02130a0cff0cff0dff07070d000dfe0cfe09f30dfb0efd0ffd17fd0cfe0ffe00000000000000000000000000000000000000000000ef1eeb1cf31ce71ce91ae616e71fe714e612e812f00fe612ea10eb11eb18ee0ef00df40dff16f80df70bfb0bf015fd0bfd0cff0a
CSIX,1714516442,024353490001,-68,6,128,4330040006f805f602f601f501f400f4fef4fdf4fbf5faf3faf4f8f4f8f3f8f4f7f3f7f4f6f4f6f6f6f6f5f5f5f6f5f6f5f5f5f6f6f60000000000000000000000000000000000000000000021012205210722092009200c1e0c1c0c1d0c2009140a190d160d1609150914081206110311030e020eff0dfe0bfd0cfc0bfa0afa
CSIX,1714545022,024353490001,-68,6,128,43300400f3fff400f403f504f504f507f708f609f70af80bf80bf80df80cf90efa0ef90efa0dfb0cfc0dfd0dfd0efe0ffc0ffc0efc0d00000000000000000000000000000000000000000000e9e0ecdeeddbefdaf0dbf4daf5daf8dcf7ddf9ddfaddf9dff9e1f8e3f9e6f7e6f8e9f8ecf7edf6f0f5f1f5f3f5f5f3f6f3f8f2f9
CSIX,1714576720,024353490001,-67,6,128,4330040009ff03f7090007f606f202fb02f8fff901f501f5fff5fff3fef2fff4fef3fdf3fcf4fcf3fbf5faf4faf3faf4faf3faf5fbf400000000000000000000000000000000000000000000200a210e1e101f131d121d151915181517161713161613131313151813160d121c0c0e070e0a1b070f0a0a030c010e020f010d00
CSIX,1714637109,024353490001,-68,6,128,43300400fe07000702060305040605040604080309010a010a000a000bff0bff0cfe0cfe0bfc0bfc0bfc0cfb0cfb0cfb0cfb0dfb0cfb00000000000000000000000000000000000000000000e00fde0cde0bdc0ade09dd06dd05df04df05e103df03e104e404e504e803e805ec04ee06ee06f106f306f407f608f608f80afb08
CSIX,1714665141,024353490001,-68,6,128,43300400fafdf7fafb06f903f803f706f805f306f504fb09fb0afa0cfb0bfb0dfd0dfc0efc0efd0d000dff0e000eff10000efe0efe0f0000000000000000000000000000000000000000000003d906db08d809d90bd80ddc0cdb0dde0bdf0edf0edf0ce20ae308e509e807e605ea03eb02ed01effdf0fcf2fbf2fbe9fcf6fcf5
CSIX,1714725074,024353490001,-69,6,128,43300400f8faf7fbf7fcf7fdf5fef6fff501f502f404f405f506f406f407f407f308f509f509f609f60af60bf609f70af60af70bf6090000000000000000000000000000000000000000000006dc09dc0cdc0ddb0ede10df11e111e410e410e411e30fe60fe80ce80bea0bea08ec06ee04ee03ef02f1fff2fef3fef3fcf5fbf6
CSIX,1714755791,024353490001,-69,6,128,4330040004f603f802f501f601f4fff5fdf4fcf5fbf5f9f4f9f4f7f5f7f4f7f5f6f6f5f5f6f7f5f7f5f7f4f8f5f5f3f8f5f7f5f9f7fa00000000000000000000000000000000000000000000230324062408230b210b210d1f0f1d0f1c0e1b0e1c0e1b0c190c170b140a15081207110410030e020e000dff0bfe0bfd0afa08f9
CSIX,1714785190,024353490001,-68,6,128,4330040003fb07fe07000afe04f607f806f707f808f108f00df1fdf503f0ffef01f701f301f4fef0fff2feefffeefcf001f102effff100000000000000000000000000000000000000000000052a012a0028fe2bfb27f929f929f923f923f921f722f820f81ef71ffb17fe160217f9160615030f010b060b070c070b04050c00
CSIX,1714814853,024353490001,-69,6,128,4330040003f702f400f500f3fdf3fcf4fbf3faf4faf4f7f2f5f3f6f2f3f2f4f4f4f2f4f4f3f5f2f5f2f7f0f7f1f6f2f6f2f4f2f6f3f6000000000000000000000000000000000000000000002607260b260c260f2311231121111d111d111c121b141a121710160d150b140a13080f0611050f020dff0dfe0cfd0bfd0afb08f9
CSIX,1714846603,024353490001,-69,6,128,4330040006f906f404f404f302f101f2fff0fdf1fdf1fbeffdeff8eff9eef9eff8eef9eef8eff6eff6f0f6f2f6eff7eff7eff7f1f9f10000000000000000000000000000000000000000000023112015211620191e191a1b181a1619161814191519141710151312100e100e0e0c0d090e080f060d040c030b010a000cfb0bfa
CSIX,1714874930,024353490001,-69,6,128,4330040004f305f103f102f301f2fff1fef2fcf1fbf0f7eff8f0f7eff6eff6f0f6eef5eef4f0f4f1f4f1f3f1f4f1f5f0f5f0f5f1f6f10000000000000000000000000000000000000000000026002604260726072309230c220d1e0e1e0d1e0c1d0e1c0c190c170a1607160913051002100210010eff0dfc0afb0af909f909f6
CSIX,1714905144,024353490001,-69,6,128,43300400f4f7f1f7020cf0faf1fdf1fef10ff103ef03ed05e811ef07ee07ee06e40bef09ee0af009eb06ef09f009f10aee06f108f0070000000000000000000000000000000000000000000005db0adb0dce0fdd0cde0fde20d310e111e60de3f5e011e20ee40be4fad108ea06ec03f0000603f3fef0fff1e907faf1f7f2f6f3
CSIX,1714936124,024353490001,-69,6,128,433004000dfb11fe10fd0efc0df60efb0cf90cf20af50ff107f609f209ee0aef0ef30cf208f30af108f208f309f30bf009f40af208f300000000000000000000000000000000000000000000181516171419131a141a101b0e1a0c190c1a0c180b1a0a180a160a1408130c1309100a0d0a0c0a0a0a090b080b070b050c030e02
CSIX,1714964858,024353490001,-69,6,128,43300400eef9f0fcee01f402f0ffeefff001ed01f101ee08ec06f307ee0cec06ef09ee08ef0af206f307f009ec09f00af009f104ed0700000000000000000000000000000000000000000000e7e5eae3eae1ebdfefe1eedef4dcf4e0f6e0f5dff4def6dff7e5f5e5f6e7f9e7f6e9f5eef5ebf4edf2eef4f0f4f2f3f7f3f7edf7
CSIX,1714996118,024353490001,-68,6,128,43300400f2f9f1faf1fdf2fdf1fef1fff2fff102f102f004f104f105f105f105f106f106f107f107f307f207f206f306f205f305f40500000000000000000000000000000000000000000000e9e8ece5ede4eee2f0e3f1e1f4e2f6e3f6e3f6e4f6e2f5e4f6e6f6e6f7e8f7e8f7ebf7edf5edf6eff4f0f5f1f5f4f3f3f2f3f1f5
CSIX,1715029762,024353490001,-68,6,128,433004000010fa11020c010d010b060f060c040d050a0a0a090c070c0a0c090c090b0a0c090a0b0a0a090a090a090909090a0909080a00000000000000000000000000000000000000000000ee1deb1ae91ae919e818e616e515e813e712e712e512e612e90fe813ec0deb10ec0eef0cf20ff00ff50df40cf50df812f611fc0f
CSIX,1715056596,024353490001,-68,6,128,43300400f00af10af409f107f50bf80cf708f80bf80dfb0ff90ef80cfc0eff0ffd0efc0ffd0efe0eff0dff0dff0dfe0efe0eff0cfe0d00000000000000000000000000000000000000000000dc02dcfedbfcdcf9dcf9def7def6e1f5e1f4e2f4e0f3e1f5e2f5e4f7e6f6e7f8e9f8ecfaebf8eafceafaef01ed00eafeec05ed01
CSIX,1715085455,024353490001,-68,6,128,43300400100211010fff0dfd0dfb0dfb0cf90bf80bf70af408f409f308f107f308f108f107f206f204f304f204f105f105f005f205f200000000000000000000000000000000000000000000221620191d191d1f1c1d19201721151f142013201420151f121c121b111913191116111311131110120f130e110b120b13081206
CSIX,1715114872,024353490001,-68,6,128,43300400fc09fc0efe0a01080109060a010605070709090e06070a0707050d080e07100709040a040b060c050b050a0608040d050d0400000000000000000000000000000000000000000000e315df13dd11db11dd0cdb0add09e009dc0bdf08dd07e208e105e004e406e306e80aeb06ea08ed0bed0bf00df50df10bf40cf70e
CSIX,1715201869,024353490001,-68,6,128,43300400fe0cff0c020a000904090408060707060804090509040a020b020a010b010b000cfe0cff0cfe0dfd0cfd0dfc0bfc0ffd0ffd00000000000000000000000000000000000000000000e71de41be219e119e117df15df13e012e012e011e010e111e30fe50fe90ee80eec0eed0eee0ef10ef20ef30ef60df60ef810fa0f
CSIX,1715216982,024353490001,-68,6,128,43300400fbf4fbf4faf6faf7f8f8f8f9f7fbf6fdf7fef4fff500f401f401f502f402f504f605f406f606f507f507f407f308f407f3060000000000000000000000000000000000000000000008db0bdb0ddb10db10dd12df14e013e115e314e315e213e312e510e60ee80de70cea0aeb09ea08ec05ed05ee03ef01efffeffeef
CSIX,1715302694,024353490001,-68,6,128,43300400f109f208f50af708f90bfa0afc0afe0bff0a010b020b030a040b060b060b060b060a070908080908090a090b0a0b0a0a080b00000000000000000000000000000000000000000000d90bd806d605d604d602d500d7fdd9fdd9fcd9fbd8fadafcddfbddfde1fddfffe300e401e402e602e705e704e904ea06ec07ec07
CSIX,1715325008,024353490001,-68,6,128,433004000ef80df809f507f705f704f703f701f6fff7fef6fdf6fcf7fcf6fbf7faf6f9f5f9f6f8f8f7f8f7f7f6f7f7f6f6f4f7f6f8f60000000000000000000000000000000000000000000022f724fc23fc25fd25fe2302230322031f051f03220321041f031e021b031d01180016ff17ff16fd15fd15fb10fb10fc11f911fb
CSIX,1715356654,024353490001,-69,6,128,4330040003f102f0fff3fef5fcf5fbf5faf7f9f7f9f8f7f9f7faf4faf4fbf4fcf2fcf2fef2fef2fff100f001f100f1fff0fef0fff1fe0000000000000000000000000000000000000000000013dd18e119e11be11be41ee51de61de91de91cea1eea1ce91bec18eb17ee16eb13ed10ee10ec0fee0ced0bec09ee0aed08ed07ec
CSIX,1715396609,024353490001,-69,6,128,43300400f90af80dfb0dfb07f103f709f80c0408030402090505050a020c060a070d060d0510060a0809070d03090a0c070d080b020c00000000000000000000000000000000000000000000ee1aeb19e818e51ae618e415e510e30de00fe50ee10ce60ae409e60ae80ce70ceb0ded09eb0dee06f107e609f810ef01f611f911
CSIX,1715417649,024353490001,-68,6,128,433004000efe0dfd0cfc09fb0afa08fa06f805f804f703f502f501f500f5fff5fff400f3fff3fef3fdf3fdf3fdf2fcf1fdf1fdf2fff20000000000000000000000000000000000000000000021061f0a210d210e1e0e1e101c111a111a111b101b121a121810180f150e160d150b1309140a1308120512051203120212021101
CSIX,1715447350,024353490001,-69,6,128,433004000f000f000dfe0cfd0cfb0afa08f907f806f706f403f402f502f402f301f301f200f2fff100f1fff1fff0ffef00effff101f000000000000000000000000000000000000000000000240a230d220f221121121f141f151c151b161b161c171d161a14191217111911160f160c160c150c150a15091306150714051203
CSIX,1715479659,024353490001,-68,6,128,43300400faf1fbf2f9f4f7f6faf6f8f9f7f9f7fcf9fbf7fef3fef401f302f401f202f303f304f404f404f305f305f305f105f205f20300000000000000000000000000000000000000000000fbdfffdeffdd01dd03dd05de07de07df09e006e10ae009e107e306e407e506e405e802e903ea02ecffea00ebffefffecfdecfaeb
CSIX,1715507934,024353490001,-69,6,128,433004000b080a060a0309030a030bfe08fe06fa0afc0af807f7fffa06fafff803f302f600f700f000f4fff200f103f102f2fff703f0000000000000000000000000000000000000000000000f1e0d200c1f0a2109200821072106200621062005200621041d061f0317071c08160914081209110c110a100e090a09100a0b10
CSIX,1715534866,024353490001,-68,6,128,43300400f104f203f701f904fc05fa06fb07fb07fa07f90afc06fe0402090109ff07010b0408ff0c0709020e000d050e020b030d020e00000000000000000000000000000000000000000000e1f6e1f6e2f4e4f2e4f2e4f1e8f4e9f2e6f0e7f0e9e9efefeaf1eff1eaf2eaefedf1f1f8f0f6ebfaf0fcf3f3f5fdf1fdecfef602
CSIX,1715567431,024353490001,-69,6,128,433004000bfa0af909f906f706f804f802f700f700f6fef5fdf5fcf5fcf4fbf4f9f4faf3faf2f8f4f8f4f7f4f8f3f8f2f8f2f8f2faf20000000000000000000000000000000000000000000021ff2202220422052106210821091f0a1e0a1e0b1f0d1d0d1b0c190a170a190916061504150413021200110010ff11ff12fd10fc
CSIX,1715597652,024353490001,-68,6,128,4330040002f100f3fef3fef6fbf6faf7f9f9f7faf5fbf4fcf3fcf3fef2fdf1fdeffeeffff0fff000ee01ef01ef01f000efffee01effe0000000000000000000000000000000000000000000012df16e017e019e119e21ce41ce51be61ce71de91ee81cea1beb19eb16ee18ed13ee0eee10ee0dee0cee0cee09ee08ee07ec05ed
CSIX,1715627402,024353490001,-68,6,128,43300400f70afb08f907fd07fc0b0306010804080806060705040b080b070a040a080d070c050f070f050d050c050d060d070e060c0800000000000000000000000000000000000000000000df0cdf08dc08df06db05dd03dc03deffde02e002ddfedcfedff9e3fee2fde600e9ffe605ea03ed05ee07ec07f105f008f109f309
CSIX,1715661095,024353490001,-68,6,128,43300400f9f7f9f8f9fbf9fcf8fff9fff800f801f803f704f805f806f706f908f708f90af90af90afa09f90af90bf90bf90bf80bf70a00000000000000000000000000000000000000000000f9e2fbe0fde1fedffee001df02e002e203e204e304e103e203e502e502e802e700eaffecffecffeefdeffcf0fbf2fbf2faf1faf3
CSIX,1715693162,024353490001,-68,6,128,43300400f4f9f4fbf6fef600f701f804f905f906fb07fa09fb0cfc0cfc0dfd0cfc0ffe0fff0fff0e000f0010011000110012ff11fe1000000000000000000000000000000000000000000000eadfeddceedbefd9f1daf3d9f4d9f6daf7daf6daf7d9f7dbf8ddf6dff9e1f7e2f7e5f6e9f5e9f4ebf5eef4eff3f1f3f2f1f4f2f5
CSIX,1715716396,024353490001,-68,6,128,43300400f505f606f906fb07fc08fe08000702090209040a05090508070907090909090a09090b080b080b070c090c090c0a0c0a0a0a00000000000000000000000000000000000000000000ddffdcfcdbfadbf8dcf8ddf6ddf5dff5dff4dff3dff1e0f3e3f3e4f5e6f5e4f7e9f8eafbebfbecfdedffeefff000ee02f003f204
CSIX,1715747484,024353490001,-69,6,128,43300400f3fafafdf7fff7fef900fb04fc04f805fa07fa0cfd08fa0b000dfe0efe0b010efe0bff0cfd0d000cfe0e000e0111000efc1100000000000000000000000000000000000000000000e8e5e8e5eae4e9e0ece3eddfeedff1e0f2dcefdff1e1f3dff5e0f5e3f4e8f6e7f4ebf5eaf4eef3f1f3f2f2f1f5f7f1f2f1f9f1f7
CSIX,1715835045,024353490001,-68,6,128,43300400faf8faf8fafbfafdfbfefa01fa01fb02fa03fb05fb07fb07fc08fc08fc09fd09fe0bfe0aff0bff0bff0cff0dfe0dff0cfe0c0000000000000000000000000000000000000000000000df05df03de06dd07de06df08df08e209e109e20ae009e109e307e407e706e705e903eb03eb02ed00eeffeffef0fef1fdf1fcf3
CSIX,1715865433,024353490001,-68,6,128,43300400080507030702050104ff05fd03fc02fa02fa01f800f9fff8fff8fef7fef6fdf6fcf7fbf6faf6faf6faf5faf4faf3faf5fbf4000000000000000000000000000000000000000000001319111b111c101d0f1c0d1e0d1e0c1d0c1d0b1e0b1f0b1d091d0a1b081809190916091309130a110a0f090e0b0d0a0c0a0a0a08
CSIX,1715895121,024353490001,-68,6,128,4330040009020a0307000500040003fd03fb03ff03f900f8fefafff7fff6fdf9fdf3fcf5fbf7fbf7f9f5f8f8f9f7f8f6f8f4f9f6faf5000000000000000000000000000000000000000000001618151a131a131c131c101d111d0f1c0f1c0e1d0e1e0e1d0d1c0e1a0c180d180b150c130b110c0d0b0d0e0b0e0a0e0c0b08090b
CSIX,1715926430,024353490001,-68,6,128,43300400f700f701f902fa02fc03fd04ff050006000603060406030606060607060807070706080609050a0609060a060b060b06090600000000000000000000000000000000000000000000e1f4e2f1e3f0e1eee3efe3ece4ebe7ebe6ebe6ece5eae6eae8ece7eee9eeeaf0ebf1edf4ecf4eef7eff7eff9effbeffbf1fcf2fe
CSIX,1715961215,024353490001,-68,6,128,43300400fbf501f902f6fc02fefffbfa04fdfafbf800f8f9fafdf5fcf7fbf8fbf8fdf7fbf8fef602f6fef0fef501f303f000f301f300000000000000000000000000000000000000000000001aec1dee1def1eef1df31ff221f61cf41ff61ff621f720f51cf81bf71af819f216f913fe1afc14f40df710f307f90ff30cf707f7
CSIX,1716045410,024353490001,-68,6,128,43300400f9f9fafafafcfafdfa00fa01fa02fb03fb04fa06fa06fb07fc08fc08fd09fe0afe0afe0c000bff0bff0cff0dff0efe0dfe0c00000000000000000000000000000000000000000000fedf01dd02de03dc03df06dd06df07e008e007e008df07e007e206e305e605e604e903eb02eb00ed00eefeeffef2fcf2fcf3faf4
CSIX,1716075450,024353490001,-68,6,128,43300400f9f9fafaf9fdfafefafefa02fa02fa03fb05fa06fb07fc07fc08fd09fe09fe0bff0b000a000b000d010c000c000eff0dfe0d0000000000000000000000000000000000000000000001df04df06de06de07df09df0adf0ae00ae209e10ade0be109e106e50ae905e909eb05ef06ec01effef1feeffef2fff1fcf3fbf5
CSIX,1716134856,024353490001,-68,6,128,43300400f8fef900fa02fc03fa05fc06fc06fd07fd07fe0a000afe0b000b000a020e060c0509060b0308070d030b060e09100b10000c00000000000000000000000000000000000000000000f1e4f3e1f4e1f4def6e1f7def9e0f9e0fae0fae1fbdffae0fae3f9e4fbe6fae6f9eaf9ecf9edfaf0f9f1f9f3f8f6f9f6f7f7f7fa
CSIX,1716165188,024353490001,-68,6,128,43300400f801f801fa03fc05fc07fd08fe09ff0bff0b010c010c010d030c040c040c050d060d060d060c080c080d080d080e080c070d00000000000000000000000000000000000000000000eae2ede0eddfeddcefdef1ddf2dcf4def4def3def4dcf5def5e1f4e2f6e5f5e5f5e9f7ecf6edf7eff6f2f6f4f6f6f5f7f6faf7fb
CSIX,1716195213,024353490001,-68,6,128,43300400fb08ff0902060307040405020a06070307040b04090505070c030a010d020c010c000c000cff0dff0cfe0dfe0eff0dff0d0000000000000000000000000000000000000000000000e10ce009df08dd08df06dd04dd03e002e001e001dfffe000e200e501e701e4ffe801ec03ee03ef02ef02f403f504f506f603fa07
CSIX,1716285212,024353490001,-68,6,128,4330040001f8fff8fefafdfbfbfbfafcf9fdf8fdf8fef600f600f600f602f503f403f404f505f404f507f507f506f406f207f307f205000000000000000000000000000000000000000000001bed1def1eef1fef1ef11ff31ff41df51ff51ff620f61ef61df71af618f818f715f713f711f710f70df70cf70af709f708f705f7
CSIX,1716316043,024353490001,-68,6,128,4330040006020602060105fe06fd05fa05fa04f704f704f502f601f601f401f300f3fff2fff2fff1fdf1fdf0fdf0fdeffdeefef0fff0000000000000000000000000000000000000000000000924092305270626072604270226002401250025ff26fe25ff210020ff1d001c001a02160115021403110410050e050d050b0609
CSIX,1716347433,024353490001,-68,6,128,43300400fc06fe06ff06010402050403050307010701080108ff09ff0aff0afd0bfd0cfc0cfb0cfa0bfa0cf90dfa0cfa0df90df90dfc00000000000000000000000000000000000000000000df0ade08de07dd07de06dc03dd03df01df01de01dd00e000e100e301e601e602e903ec03ec03ee04f004f105f406f406f707f707
CSIX,1716419299,024353490001,-68,6,128,4330040003f403f602f8fdfcfafcfafbfcfdf9fdfafefafcf7fdf800f6fef4fff1fff301f302f202f303f103f102f103f003f003f0010000000000000000000000000000000000000000000020fe2201220222052103210724041f071d082006220920061e081d041a071909180011010f0210070dfc0b0110fa0f0110fd05fa
CSIX,1716473992,024353490001,-68,6,128,43300400fa0402070703040305fe07fd09ff01fe06fe0af907fc07fc0afc06f806f808f706f304f405f205f502f704f109f10af602f400000000000000000000000000000000000000000000e717e61be617e619e715df13e20cea1be017e619e10de70feb11e813e50ce40cf113ec0df010f40ef212fa0ef70cf707fe0bf807
CSIX,1716498430,024353490001,-68,6,128,4330040005fe06fa00fe00fc00f9fef8fefcfafcfaf8f8faf9fdf7f8f8f8f6fef5fbf4fbf6fbf2fef200f100f3fbf1ffeefff2fdf1fd00000000000000000000000000000000000000000000210b200e1f1020111c111e131d13181019131a111a121c131c121a0f140f190e1308150a12070e080f0710050f030a010b010801
CSIX,1716528112,024353490001,-68,6,128,4330040005f802fbfcfafffbfcfdf9fdf9fdfafffafff801fa01f700f501f905f704f606f707f70af70af60af70bf60af60af609f408000000000000000000000000000000000000000000001ef020f521f422f620f624f822fb21f81efc22f723f71df91cf91ef81af919f614fa13f713f70ff710f80ef609f80af607f906f6
CSIX,1716637382,024353490001,-68,6,128,43300400fc08fe080006010402030303050005ff06ff07fd06fc07fc07fb07f908f807f707f608f506f609f409f40af509f407f10cf500000000000000000000000000000000000000000000df17de14dc14da14dc12d911d90fdb0ddc0ddc0eda0ddc0dde0ce10ee40ce30de70dea0cec0ded0def0df10cf40cf40cf60bf80c
CSIX,1716707069,024353490001,-68,6,128,4330040006050603050104ff03ff03fd02fb01fa01f9fff7fef7fef7fcf6fcf5fbf4fbf4faf4f9f3f8f2f8f2f8f2f8f1f8f0f9f2f9f1000000000000000000000000000000000000000000000c240926082607290726042801270025002501250126022501220320021c021e031a04160516051506130712080e080e080c080b
CSIX,1716738897,024353490001,-68,6,128,43300400fb05fb04ff0400040003020203020401050105ff06ff08fe09fe09fc0afb0afa0cf90cf90cf90df90cf80cfa0cfa0bfa0dfa00000000000000000000000000000000000000000000df05dd03dc02db01dc00dcffdbfedffedefedefedcfddefde1fce3ffe5fee4ffe800e902ea02ec02ee04ef04f104f205f405f604
CSIX,1716766929,024353490001,-67,6,128,43300400fe0501050403fe0002ff03fd08ff0b00020001fa0bf506f90ff502f307f603f00af503f108f10af207f603f305f40af206f400000000000000000000000000000000000000000000e312e10fe110df0fdf0fdd0edf0cde06e00cde0cde0be00ce30be40be709e70aea0aed0bee0bf00af20bf20af50bf609f909f907
CSIX,1716828026,024353490001,-68,6,128,433004000302030203ff03ff03fc02fb03f902f801f800f6fff6fff5fef3fdf4fcf2fbf3faf2faf1faf2f9f0faeffaf0faf0fbf1fcf100000000000000000000000000000000000000000000fc25fa26f826f628f726f427f325f323f322f322f124f322f41ff61ef61bf71bf81afc15fc16fc14ff12fe10000e000e020c0309
CSIX,1716855178,024353490001,-68,6,128,43300400040004fe02fd01fc01fb00fafff9fef8fdf8fcf6faf7f9f7f8f5f8f6f6f6f6f5f5f5f4f5f4f6f3f5f4f3f3f3f3f3f4f4f6f4000000000000000000000000000000000000000000000d210c230b230a260a2408270626052305240622042505230520061e051b051b0418051406140611060f060e060c060a06080606
CSIX,1716886313,024353490001,-68,6,128,4330040000fafffefdfdfcfffc00fa02fa03f904fa05fa06fa07fc09fa0afc0bfc0dfb0efc0efc0ffd10fc10fd10fc10fc11fb10fb0f000000000000000000000000000000000000000000001de820e920e921ea21eb23ed23ed22ef21ee20f023ef21ef1ff21bf019f219f016f211f211f20ef30bf40bf309f507f506f505f8
CSIX,1716916980,024353490001,-68,6,128,4330040003020201020001fd00fefdfcfdfafcfbfbfaf9faf8f9f7faf5f9f4faf4faf2faf2faf1faf1faf0f9f0f9eff8f0f7f0f9f1f8000000000000000000000000000000000000000000000b240925092608280826072806270525052505260427042604220520041d051e05190616061507130711070f070d060c060a0608
CSIX,1716945141,024353490001,-67,6,128,43300400fc02fd02000201000300020003fe04fd04fb05fa05fb05f806f705f706f406f307f204f005f006ef07f007f007f008f008f000000000000000000000000000000000000000000000d905d802d701d600d700d6fed7fed9fed9fdd9fdd7fdd8fddafedefee0fde1fee4fee801e801ea01ee04ef04f203f204f504f503
CSIX,1717008579,024353490001,-67,6,128,4330040005fd03fe02fe00ff00fffe01fb03f4010100f805fa05f804f708f90af709f60cf60cf60df50cf40cf40df20df20cf40df30c000000000000000000000000000000000000000000002606260727082809270a280c280b230e240b25102511240d210d210b1a091d061b02170418041602140212000fff0e000dfe0aff
CSIX,1717035131,024353490001,-67,6,128,4330040006ff05fef0fc01fefefffcff03f4fcfffa02fa040009f704f706f707ee0cf40af50bf20af105f20cf209f40ef80df20cf20d000000000000000000000000000000000000000000002607270b17072a0c250c25113507270f2313250d2af92410210f210d2b1d1e0b1a0718072b021703120314ff071310fd0efd0cfd
CSIX,1717065417,024353490001,-67,6,128,43300400fd03fd02ff020001010002ff02ff04ff02fe04fb03fc03fa04f803f705f604f505f405f305f406f306f306f406f306f407f500000000000000000000000000000000000000000000e20ae108e108df07e007df05df04e002e003e003de03e003e302e504e704e705ea05ed05ed05ef06f106f205f407f506f607f906
CSIX,1717095596,024353490001,-67,6,128,43300400fe05fe0500030002020002ff04fd04fb03fa04f803f802f602f502f402f201f102f002ee02ef02ee03ee03ee04ee04ef05ef00000000000000000000000000000000000000000000df15dd14db13db13da12d911da10db0eda0fdb0ed90ddb0cde0be00be40be40de80beb0ceb0cef0cf10cf30cf50bf40af80bfa09
CSIX,1717155210,024353490001,-68,6,128,4330040004020402030002ff02fd02fc01fbfffafff9fef8fdf9fcf9fbf8faf8f9f7f8f7f8f7f6f6f6f6f6f5f6f5f6f4f6f4f7f5f8f40000000000000000000000000000000000000000000006210421042302230323012200230021ff22fd22fd22fd21fd1efe1cff19001a00160215021203110410040e050c040c050a0508
CSIX,1717184948,024353490001,-68,6,128,4330040002040303030103fe03fe03fc01fc01fa01f900f700f8fff7fef6fdf6fcf4fbf4fcf4faf4faf1fbf1fbf2faf1fbf1fcf1fcf000000000000000000000000000000000000000000000f921f622f421f422f422f221f321f11ff11ff11eef20f11ef11cf31bf518f518f815fa13fa14fc11fe10ff0fff0d000d010b010a
CSIX,1717245611,024353490001,-68,6,128,43300400fa02fc02ff03ff0200030102030303020502050106010700080008fe0afe0cfd0cfd0cfc0cfc0dfc0dfc0dfb0efc0dfc0efd00000000000000000000000000000000000000000000e0f5dff2e0f1dff0e1f0e1eee1eee4efe4efe4eee3ede4eee6f0e7f2e9f2e8f3ebf5edf8ecf8effaf0fbf1fcf2fef3fef3fff600
CSIX,1717276494,024353490001,-68,6,128,4330040002fb01fc00fcfefdfdfefcfefbfffa01fa01fa02f903f905f705f907f60af707f609f60bf60af60af50bf60af50bf50af5090000000000000000000000000000000000000000000020f922fb22fc22fc22fd23ff2100200120001f00210120001d001bff19ff1afd16fd13fc14fc11fc0ffb0ffb0cfa0bfb0afb07fa
CSIX,1717336813,024353490001,-68,6,128,4330040006020402040103ff01fe00fe00fdfefcfdfcfbfbfbfbf9fbf7faf6fbf5faf3faf3f9f1f9f2faf1f9f1f8f0f7f0f6f2f8f2f70000000000000000000000000000000000000000000010220e230e240d250d250a260925082409240825072606240622091f081c091d08190a1708160a140a110910090e080d080b0809
CSIX,1717367902,024353490001,-68,6,128,4330040007fc06fc04fc03fc00fbfffdfafc02fafdfafafff900f702f604f605f504f405f307f207f307f108f206f208f107f108f004000000000000000000000000000000000000000000002604270626092709250b260b250f210d230e220c240e250b200c1f091e081d081b061603190515031402130012ff10ff0ffd0dfd
CSIX,1717425341,024353490001,-68,6,128,4330040006050603050104fe02fe02fd00fcfffdfefbfdfbfbfafbfaf8faf7faf6f9f4f9f4f8f3f9f4f9f2f7f2f7f1f7f1f6f2f7f3f6000000000000000000000000000000000000000000000b240826072707280526032702280224012502250127032503230421031e051e051b06170517061406120710070e080d080c070a
CSIX,1717485149,024353490001,-68,6,128,43300400f401f705f506f907fc08ff080307060309040b000afb0af809f60af108f107f007f206f205f408f609f80af90cf90dfb10fd00000000000000000000000000000000000000000000121f0d220a1e0622031cfe21f91ff51ff122ee21ec24ee26ef25f226f423f928fb20001e001a03130510020a070403020001fd00
