CSIX,1489126251,024353490001,-64,6,128,43300400170318031700160016fe16fe14fd15fb14fc16fa14fa14f915f915f916f918fa17fa16fb14fb15fd13fd13fe14ff120012010000000000000000000000000000000000000000000017ff180218041805170518071708170817081709180b180a170a170817081908170717061906180518041a0519041b061c051b05
CSIX,1489157772,024353490001,-64,6,128,43300400fbe7fae6fae9f9e9faeaf8ebf8ecf7edf6ecf3ecf3edf2edf2ecf2ecf2eaf3eaf3eaf5eaf6eaf7ebf9ecf9edf9ecfaedfced00000000000000000000000000000000000000000000f9e9fce8fde7fee6fee701e602e602e603e702e603e402e502e601e602e701e500e7ffe7ffe6ffe6fee6fee4fde6fde4fce3fde3
CSIX,1489182780,024353490001,-64,6,128,43300400170718061704160416021601150015fe16fe16fc16fc15fb16fb17fb18fa1afc18fd18fe16ff16001500150115021302120400000000000000000000000000000000000000000000160416071608170a160a160c150d150c150d150e1610160f150f160e140d170d160b160a170b170a180818091808190a1b0a1909
CSIX,1489213627,024353490001,-64,6,128,4330040015f617f412f413f412f311f210f20ff00df00eed0dee0ced0eec0eec10eb10ec11ed12ee11ef12f111f210f311f310f411f60000000000000000000000000000000000000000000013f316f515f618f617f819f919fa18fb19fc19fb1cfc1afb19fc19fb19fb1afa19fa16fa18f917fa18f819f716f719f61af519f5
CSIX,1489244821,024353490001,-64,6,128,4330040015f315f212f012f211f011ef0fef0eee0eee0eec0cec0cec0deb0eea0eea10ea10eb10ec10ee10ef11f111f112f210f411f50000000000000000000000000000000000000000000012f215f316f416f517f619f818f818f918f919fa1afa1bfa19fa19f917fa1af816f816f717f716f615f417f415f318f419f218f2
CSIX,1489272456,024353490001,-63,6,128,43300400ed0eed0fef0ff00ff010f110f210f311f411f314f513f413f414f414f315f215f214f113f211f210f10ef10ef10df10cf10a00000000000000000000000000000000000000000000ee0ced0beb0aea0aea09e908e908e907e806e806e706e806e806e907ea07e808ea08eb09ea09eb0aec0bea0cec0ce90de90eeb0e
CSIX,1489305006,024353490001,-63,6,128,43300400e601e701eb04ea04e905ea05ea07ea05e808e908ea08e90be90ae90ae90ce809e907e807e703e904eb02eb02ee02ed01ed0000000000000000000000000000000000000000000000ea02e900ebfae8fde9fce9fae7fee9fae8f8e8fae8fde7f8e8f8e7f9e6f7e7f9eafbeafce6fce8fde9ffe6ffe9fee6ffe500e6ff
CSIX,1489340399,024353490001,-63,6,128,433004000aeb09eb08ec08ec05eb06ec04ec03eb03ec02ea02e902eb01ea02e803e904e805ea05ea05ec06ec07ee06ee07ee08f107f10000000000000000000000000000000000000000000009ed07f00aec0cec0cf10cef0dee0dee0eef11f113ef11ef11f110ef0ef10fee0def0ef00df00cee0cec0ced0cee0deb0dea0beb
CSIX,1489397414,024353490001,-65,6,128,43300400e834c557ef41de34e039e045e63cee3cf13601560044f835f5410341f258e458ef41ea47ef44f44aed3fed3eed46e92feb3900000000000000000000000000000000000000000000f12bdc3ece38ca32d71ccc44cb37d229c628c42fba33b838c82bc335c42cc13bb82fd735bd31d431d141d14fcb1aca3bec3dd425
CSIX,1489422644,024353490001,-64,6,128,43300400faebf9ebf8edf8eef7eef6eff6f1f5f1f5f1f2f1f3f2f2f2f1f0f5f3f1efefedf2f0f2eff4f0f4f0f6f1f7f1f7f0f8f2f9f100000000000000000000000000000000000000000000f7edf9ecfaeafbe9fce9fde8fee8ffe9ffe8ffe800e500e600e7ffe800e9ffe6fee8fee9fde7fde8fbe8fbe7fbe9fce7fbe7fbe8
CSIX,1489455240,024353490001,-64,6,128,4330040004ea04ea02ea01ec00ecffecffeefdedfcedfaecf9edf9edf9ecf9ecf9eafaeafaebfcebfdecfdecffedffeeffedffef00ef0000000000000000000000000000000000000000000001ec04ec05eb06eb06eb08eb09eb09ec0aec0aeb0ae90aea0aea09ea09eb0ae908ea07ea07e907e906e907e805e906e706e607e7
CSIX,1489512218,024353490001,-65,6,128,433004000eef0eec0aed08ef07f005f006f002ee01ec03ecffefffeefcef01ecfdeaffe8feecfeea01ed01ed02eb02ed01ef03ed02ef000000000000000000000000000000000000000000000fee10f313f019f414f015f114f712f211f314f413f415f315f514f810f415ec12f210f210f00df30ff10aed0ced13eb13ec11f2
CSIX,1489542888,024353490001,-65,6,128,43300400051806180815071409130a120a110b100b100e100e0e0e0e0f0f100f1010111110100f110e0f0e100c100b100a110a100710000000000000000000000000000000000000000000000a1508160717061805180419031902190219011b001c001c011b021b021a021c031a041a051b041a061b051c051a041d051d051c
CSIX,1489574406,024353490001,-64,6,128,433004001208150514061304130112061000150214ff13fb12fb14fd14fe12fc14fe13fd15fd15fe13fe13ff1200110112001001100300000000000000000000000000000000000000000000110612081108120b110a110b120b100c100d100d130d110e110c110e120c110b140b0f0b160e130b130a130c1306180c150a160d
CSIX,1489605062,024353490001,-63,6,128,4330040017fa16f915f713f813f712f612f510f510f411f20ff20ff210f110f111f112f112f212f211f312f512f611f712f711f911fa0000000000000000000000000000000000000000000011f612f812f814f815fa16fa15fa15fc16fc17fc19fc19fc18fe18fc17fd19fc17fb17fb18fb18fb17fa19fa18f91afa1bfa19fb
CSIX,1489634555,024353490001,-64,6,128,43300400021d071804140317061a051401130616071305140516081405140317081a04160218ff190214fe14fb15fd14f912f813f811000000000000000000000000000000000000000000000f07110c150e100c0c0e11130f0b09110e1712130810091c0e180b1508180d220e150215091e0e160713041d0c1c0617041f081d
CSIX,1489662181,024353490001,-64,6,128,43300400ee0fef0df10ef10ef30ff10ff30ff711f612f510f710f810f812f913f713f615f812f811f80ff511f70ff40ff40ef40cf30c00000000000000000000000000000000000000000000f40cf10bef0aef0af009ee0bed09ee08ee08ec0aea0aea08e908eb0bec09e909ec0beb0beb0dea0eed0fea0ded0dea0deb0eeb0d
CSIX,1489699733,024353490001,-63,6,128,4330040016fd120011fa1201110110ff11fa10f80cfb10fb10f710f511f710f511f612f813f812fa10fb12fb11fc11fc11fc0ffd0fff0000000000000000000000000000000000000000000010fd10fe11ff120012ff130013011203140215031704160315031603140217031803160016021401160319011703190717041b02
CSIX,1489722690,024353490001,-63,6,128,433004000f1111130f10100f110e110d0f0b110a1007120812071305140614061507150815081409130812091109100a100a0f090d0b000000000000000000000000000000000000000000000f0c0f0d0d0e0f1011100e110e110d120c130d130e160e150d150e150d140f160e150f130f151116111511151013111612171016
CSIX,1489752199,024353490001,-63,6,128,43300400170818061604150415021502130013ff12fe14fc14fb13fa15fa15fa17fa17fa16fb16fb14fc15fc14fe13fe1400130012020000000000000000000000000000000000000000000014021404140415051506150716091609160a170a180c180c170c180b160b180b170a1708190a190819081b0919081a0a1c0a1a0a
CSIX,1489782219,024353490001,-63,6,128,43300400fc1afe1b0118001702170317031505150714091609130a140a160b160b170b180a17091709160716051605150416031501150000000000000000000000000000000000000000000002160016ff17fe18fe17fd19fc19fb19fa1afa1bf81df91ef91cf91df91bf81efb1cfb1bfb1dfb1dfc1dfb1efd1dfb1ffb20fb1f
CSIX,1489813343,024353490001,-63,6,128,43300400f514fa14fc13f814fe12ff12fd140112010f0213031104110513051206140514041404140313021301130013ff13fe11fd1100000000000000000000000000000000000000000000ff12fd12fd13fb13fb13fa14f814f813f715f615f516f517f315f616f714f715f615f714f418f616f915f618f816f717f717f717
CSIX,1489843918,024353490001,-64,6,128,43300400ed0cee0df10ef20df20ef30ff50ef610f710f712f911f912f913fa14f815f816f714f714f613f513f511f411f210f30ff20d00000000000000000000000000000000000000000000f30df10def0cef0dee0ded0cec0cec0beb0bea0be70be70be80be90bea0ae70ce90cea0cea0cea0dea0ee90ee90ee80de70de90d
CSIX,1489872399,024353490001,-64,6,128,43300400120413041200120012fe12fe10fc11fa10fa11f710f710f612f611f513f514f514f514f713f714f913f913fb13fb12fc11fe0000000000000000000000000000000000000000000013021404130514061406150815091409150a150a170c160c160c160b160b160b160a150817091709170817081608180818081708
CSIX,1489932227,024353490001,-64,6,128,43300400f20df20ef50ff60ef70ff80ffa0efb0ffb0ffd11fe11fe11fe12ff13ff14fe15fe14fd14fc13fb13fa11fa11f911f910f80f00000000000000000000000000000000000000000000f60ff40ef30ff20ff20ef00eef0fef0dee0eee0eeb0fec0fec0eec0fed0dec0fee0fef0fed10ee10ed10ed11ee0fed11ed11ed10
CSIX,1489962955,024353490001,-64,6,128,43300400eafbebfeecffee02ec01f002ee04ee06ee05ec08f108ef09f00aef0bee0bed0bee0aed0aee09ee08ee07ee06ed05ef04ef0200000000000000000000000000000000000000000000ee02eefcecffe9fcecfaecfee6faecfbeafae8f7e6f6e6f7e9f7e6f7e9f9e4fae9fae9fae7f8e6fbe6fae4f9e9f9e7fae1fce8fb
CSIX,1489993345,024353490001,-64,6,128,43300400f516f616f915fa13fc14fd14ff120113011203140413051305140715071606160516041604150315021501140014ff13fd1200000000000000000000000000000000000000000000fc15f915f815f716f616f416f417f416f318f218f019f019f018f119f117f01af219f418f319f319f419f31af319f21af21cf21a
CSIX,1490022427,024353490001,-62,6,128,43300400160415021501130014ff14fd12fd12fb12fa13f911f811f712f712f613f615f613f714f613f713f913fa12fb13fc11fd11ff0000000000000000000000000000000000000000000014031104170418051c0b160a160716fe1608150d1810150f140f140f160b170917081a0b190a160313001a0618051cff1a071906
CSIX,1490052395,024353490001,-64,6,128,43300400f3eaf2ebf1eef2f0f1f0f0f1f0f3eef4eff5ecf5ecf7ecf8eaf7e9f8e9f7e7f5e9f5e9f4ebf4ebf3edf3eef2eef0f0f1f2f000000000000000000000000000000000000000000000f1edf2ecf2eaf3e9f3e8f5e7f4e6f6e7f6e6f6e3f7e2f8e2f8e2f7e3f8e5f6e2f6e6f5e6f5e5f4e6f3e6f3e5f3e6f3e5f2e4f4e5
CSIX,1490082935,024353490001,-63,6,128,433004000ff00fef0cef0bf00aef09ee07ef06ee05ee04eb03ec02ec03ea03eb03e905e905e905ea05eb06eb07ec08ed09ed09ef0af0000000000000000000000000000000000000000000000cef0eef0ff011ef10f012f013f113f114f215f217f117f116f215f115f216f114f113f014ef13f013ef14ef12ef15ef14ed14ee
CSIX,1490144701,024353490001,-63,6,128,43300400ef12f013f313f412f614f614f813fa14fa14fb16fc15fd15fd17fe17fd19fc1afc19fa18fb16f917f815f714f613f612f51100000000000000000000000000000000000000000000f415f214f014ee14ee13ec14ec13eb12ea12ea12e714e713e812e913ea11e814ea13eb13eb15eb14ec15eb15ec15ea15e915eb15
CSIX,1490174005,024353490001,-63,6,128,43300400e9fbeafdeaffecffeb01ec02ed04ed06ed05ec08ed09ed09ec09ec0aeb0aea0aea09ea08eb07eb06ec05eb04ec03ed02ed0000000000000000000000000000000000000000000000e9ffe9fde8fbe7fae7fae7f8e7f8e8f7e7f6e6f5e5f4e6f4e7f4e7f5e8f5e5f6e7f7e7f9e6f8e5f8e5fae5f9e5fae4f8e4f8e5f9
CSIX,1490203215,024353490001,-64,6,128,43300400f412f614f913f911fb12fc13fd11fe12001201140212031302150314031702170117ff16ff14fe15fd13fc13fb13fb12f91000000000000000000000000000000000000000000000fa13f814f613f514f413f214f114f112f013f013ef15ee15ef14f014f013f015f115f213f116f215f215f116f315f216f118f216
CSIX,1490233176,024353490001,-64,6,128,433004000ff00ef00cef0bf10af009f007f006ef05ef03ed03ed02ed03eb02ea03ea04e905ea06eb06ec07ed07ee08ef09ef08f00af2000000000000000000000000000000000000000000000def0df00ef00ff00ff011f212f312f413f314f416f315f314f413f213f314f112f112f113f012f112f013ef12f013f014ee13f0
CSIX,1490324842,024353490001,-65,6,128,43300400ec04ec05ef07ef07ef08ef09f209f20bf30bf20ef30ef310f111f210f011ef11ef0fee0eef0def0cee0aef0aee09ef08f00600000000000000000000000000000000000000000000ec05eb03eb02e901ea00e800e8ffe9fee9fee8fee6fee6fde7fde7ffe8fee7fee800ea00e701e801e802e801e902e702e702e803
CSIX,1490353058,024353490001,-65,6,128,43300400f713f912fb13fc11fe13fe1300120213011202150314041505160516051704190318011801160016fd14fd14fb13fb11f90f00000000000000000000000000000000000000000000f713f513f413f313f313f113f014f012f013ef12ec13ec13ed12ef13ef12ee15f013f215f015f215f215f215f314f114f115f214
CSIX,1490382175,024353490001,-66,6,128,43300400010e02140a0f0612060e0a0d070a0b0d0e091409140e130a150d1409160a161017101412111314130f130f1110100e120b1200000000000000000000000000000000000000000000ff16fb18fb17f81af916f719f517f618f617f917f81bf91bfa1afa1afa1af619f71cfa14fc1cf917fb18fa16fc15fd180018fe18
CSIX,1490442262,024353490001,-66,6,128,43300400ffedfdeefbeffbeff9eff8eff8f0f6f1f6f1f3f0f4f1f2f1f2f0f1eff1eff1edf3edf3edf5eef6eef7eef8eef8eefaeffbef0000000000000000000000000000000000000000000000ea01e604e903ea05ea07ea08e908eb08ea08ea09e809e908ea07e908eb07e905ea04ea04e904ea04e903e903e904e803e902e9
CSIX,1490503551,024353490001,-66,6,128,4330040011f810f70df70ef40cf30df10bf50af00af00aed0bf008ed09ec09eb0dec0deb0cec0dec10ef0def0df00ef212f30df20df60000000000000000000000000000000000000000000014fb14fd140018fd17ff180110050bfe12fe190018ff15011700170311fe180015ff14fd17ff16fc15fc17fb18fb16fb16fb15fa
CSIX,1490534620,024353490001,-66,6,128,43300400f615f816fb14fb14fd15fe15ff1301150115021703160416041705180519041b031a031b01180018fe18fd16fb17fb15f91400000000000000000000000000000000000000000000f614f314f213f114f013ee12ee13ee12ee12ee12eb13eb13ed12ee13ee12ee14f113f013f015f115f216f217f316f016f117f117
CSIX,1490563567,024353490001,-66,6,128,43300400041a041907160716091609150a130a140b130d140e120f110f141013101510160f170c170b160a170816061505150514031400000000000000000000000000000000000000000000061405150416031702160118001900170018ff18ff1aff1bff1a0019ff19011a03190318031b041a041a051b041a041d041e031d
CSIX,1490596689,024353490001,-66,6,128,433004001015101312121110130f130e110d120b130a160b140816081808180819091a0b190c180d160d150f130f121011100f0f0d10000000000000000000000000000000000000000000000e100c120c130b140c140a1509160915091709160a18091809180b160a160b190c160c150e160f160f150f170f15111811180f18
CSIX,1490622824,024353490001,-65,6,128,43300400f40ff414f515f412f914fa10fa15fa0fff11ff15fb13fe12ff1701190214fe1a021bfe17fe16fc17fa14f813f713f613f81100000000000000000000000000000000000000000000f610ef0cf50df00bf410f110ee0dee0df00bf00eeb0dee0dec0ced0dee0deb0feb0fed10f414f112f118e712ec0fed1aef1fed15
CSIX,1490682251,024353490001,-66,6,128,4330040011f010f00ef00df00cf00af009f008ef06ef05ed05ed04ec04eb05eb05ea05e906e907ea08eb09eb0aed0aef0cef0af00bf2000000000000000000000000000000000000000000000cf00df00ef110f110f211f111f311f212f312f215f215f114f214f114f314f113f112f112f012ef13ef14ee11ee15ef15ed14ee
CSIX,1490712466,024353490001,-66,6,128,43300400eaf5eaf6ebf8ecf8ecfaecfbeefceefdedfeeb00ec01ec02eb02ec03e903e803e802e900eafee9feebfdecfcebfcedfbeff900000000000000000000000000000000000000000000ecf9edf6edf5ecf4edf4edf2eef2eef2eef1edf1ecefecf0edf0ebf0edf1ebf1ebf2ecf3ebf2eaf3eaf3e9f3eaf4e8f3e7f3e8f2
CSIX,1490743388,024353490001,-66,6,128,43300400f2ecf2edf1f0f3f1f0f1eff2f1f4eff5f0f5edf5eef7eef8ecf8ecf8ebf8e9f6ebf6ebf5ecf6ecf4eef5eff3f0f2f2f2f3f200000000000000000000000000000000000000000000f2f0f4eff4edf4ecf5edf7ebf5ebf6ecf7ecf6e9f7e8f6e8f7e8f5e9f6eaf4e8f4ebf3ebf3eaf3ecf1ebf1eaf1ebf2e8f0e8f2e9
CSIX,1490773617,024353490001,-65,6,128,433004000fee10e80aed0aed09ec09ed05ed0de904ee06ea01ed00ec01ea00ec04e702ea03e604e905eb05e907ea08ed0bec07ef0bed0000000000000000000000000000000000000000000009ee0dee0cef0fed0ef011ee0ef111ef11f20ff012ef0fed11ef11ef12ee13ef0cef08eb10ee0fef0fee11eb0aee0eea12e60ee4
CSIX,1490802448,024353490001,-66,6,128,43300400f614f714f913fa12fb12fd13fe11ff12ff1302140312031303140516041604170317021801160017fe15fd15fc15fc13fa1200000000000000000000000000000000000000000000f914f713f414f413f313f213f113f111f112ef12ee14ef13ef13f014f111ef15f313f414f314f314f415f316f315f317f318f316
CSIX,1490844806,024353490001,-66,6,128,433004000b2b321f383d1a34432c1b3f3424110d1b11291b2f0f2e15340f2c15300e350c33123f0f420f21173f0f3a19331c292820190000000000000000000000000000000000000000000005300c330232ff32ff2cff34fc39022dfe32fd34fd3af73d043904400231093f0c3e084200361f410b3e194117270d3b1941173c
CSIX,1490864776,024353490001,-65,6,128,433004000f120f11100f0f0e0f0d100c0f0b100a11091309120713071307140616071608160915091309130b120b110c100d0d0d0d0e0000000000000000000000000000000000000000000011120f100d120e120e140b130c140a140b140c140b170b180b170b160b140c160c140d140d140e140f130f140f130f1510150f15
CSIX,1490922401,024353490001,-65,6,128,433004000b130b120d0e0b0e0d0e0d0d0d0c0f0c0f080f0a10081008110712071209140a120a120a100a120c0e0d0d0c0e0d0d0d090c000000000000000000000000000000000000000000000d0e0a100b120b140a130611051209120811081607150814081309150813081608150b140a140a140d140b1508120a190d150d17
CSIX,1490954587,024353490001,-65,6,128,433004001a0718071804150317021601150015fe16fe17fd16fc15fb16fa18fa17fa19fa17fc17fc16fd17ff16001701150313031404000000000000000000000000000000000000000000001702160318051706180617081709170a180b190b190d190e180d190b160c1a0c180a18091909190819081b091b091a0b1c0a1b09
CSIX,1490982175,024353490001,-64,6,128,43300400f1eaf0eaf1eff2eff0f0f0f0f1f2eff2eff4edf5ecf6ecf7eaf6ecf6ebf3ebf5ecf5ecf3eef4edf3eff2f0f3f0f2f2f2f4f200000000000000000000000000000000000000000000f0f1f2eef2edf2ebf3ecf4eaf6eaf5eaf7e8f4e9f4e7f4e7f5e8f4e7f5e8f4e6f4e8f3eaf2e8f3e9f1e8f2e7f1eaefe8efe7f1e8
CSIX,1491042226,024353490001,-64,6,128,4330040010f110f00def0ef10cef0bf10aef08ef07ef06ed06ee05ed06eb05ec06eb07eb07eb08eb08ec08ec09ee09ef0bef0af10bf2000000000000000000000000000000000000000000000bf10df30ef310f30ff410f310f411f412f512f414f314f414f413f312f315f212f312f314f111f211f112f011f013ef14f013ef
CSIX,1491072371,024353490001,-64,6,128,43300400eb0beb0bee0cee0cee0def0ef10df10ef30ff210f411f412f213f313f114f114f013ef12f010ef10ef0eef0cee0def0bef0900000000000000000000000000000000000000000000ef0bed0aed09eb09eb07ea07e906ea06e905e905e606e606e805e706e705e705e906ea06e808e908e909e809ea09e80ae70ce80b
CSIX,1491102765,024353490001,-64,6,128,43300400f00ef10ef30ff40ef40ff50ff60ef80ff90ff911fa10fc12fb12fb13fb14fa15f914f914f812f712f711f610f610f60ef50d00000000000000000000000000000000000000000000f40ef20df10cf00df00cee0bee0cee0aed0bed0bea0cea0beb0bec0cec0aeb0cec0bee0bed0cec0dee0ded0def0ded0eec0fed0e
CSIX,1491135163,024353490001,-65,6,128,43300400fa15fb16fd15fe14ff14ff150013021304130514061306140715071507170618061704180316021700160015fe16fe14fc1300000000000000000000000000000000000000000000fc13fb13f913f814f813f714f614f613f514f514f317f317f315f416f414f416f516f615f616f715fa17f717f817f718f719f818
CSIX,1491195202,024353490001,-65,6,128,43300400e802e803ea05ea05eb07ec07ed08ee0aee0aed0eef0df00eee10ee11ec11eb11eb11eb10ec0eeb0deb0ceb0ae909eb08eb0600000000000000000000000000000000000000000000e902e700e7ffe6fde7fde6fbe5fbe7fae6fae5f8e3f7e3f7e5f7e5f8e6f8e5fae6fbe7fde5fce5fee5fee4ffe6ffe3fee3ffe5ff
CSIX,1491227509,024353490001,-65,6,128,4330040005ed04ed02ee01edfeeeffecfeeffdeffaeef9f0faeff7eff5eef6ecf5eaf7ebf7ebf8e9f9ebf9eafbebfcebfceafdec00ec0000000000000000000000000000000000000000000004eb09e90bee0bea09ed0cee0ded0ded0eee0dee12ec11eb0fec0eed0ded0fec0fec0aed0ceb0aeb09ec0aec09ec0bea0ae909e8
CSIX,1491256166,024353490001,-65,6,128,43300400051206110811080f090e0a0d090c0b0b0b0b0d0b0e0a0f09100a0f09100a100c120c110c100c0f0e0e0d0d0e0c0f0b0e090f00000000000000000000000000000000000000000000061404140316021601170017ff17ff16fe17fd18fd18fc18fc17fe18fe16fe17ff15001501150215031503160314031604170315
CSIX,1491286412,024353490001,-65,6,128,4330040010f10ef00def0bf00aef09ed06ee05ec03ec02e900eaffea00e8ffe700e500e501e502e602e704e604e705e807e807e909eb0000000000000000000000000000000000000000000015ee17f018f119f219f31bf41cf51af61cf61cf61ef51df61df61bf41af61bf519f516f418f318f217f218f116f118f018ef17f1
CSIX,1491314662,024353490001,-66,6,128,4330040005eb03ec02ec01efffeffeeffdf0faf1faf1f8f0f7f1f5f1f5f0f3eff2eef2edf4ecf4ecf5ecf5ecf7ecf8ecfaebfaecfced0000000000000000000000000000000000000000000005e807e908e709e80ae70be90ce80ce90de90fe910e810e80fea0ee90cec0de80bea0ae909e909e808e809e708e80ae70ae709e8
CSIX,1491343747,024353490001,-66,6,128,4330040013ff14fe12fc11fc10fb10fa0efa0df80bf60cf30bf30af30cf10cf00eef0eef0fef0ff010f111f111f310f311f510f511f70000000000000000000000000000000000000000000017fc19fe19001b0119011a041a04190619061a061c081b071907190717051905170416021802180218021a0118001a011a011901
CSIX,1491432283,024353490001,-65,6,128,43300400f0f1eff2eff5eff6eff8eff8f0faeffbf0fceefdeeffee00ec00ed01eb00ea01ea00eaffecffebffecfdedfcecfbeefbeefa00000000000000000000000000000000000000000000ecf3ecf0edefededefedefeaefebf0ebf1eaf1eaf1e8f1e8f1e9f1eaf1ebf1eaf1ecf0eeefecefeeeeefeeeeeef0edeeecededee
CSIX,1491464049,024353490001,-64,6,128,4330040008150815091309110b100b0f0c0d0c0c0d0b0e0b0f09100911091209130a130b130c120c110b110c100c0f0e0e0f0d0e0b0e000000000000000000000000000000000000000000000b15081708180719071a041a031b0319021b011b001cff1cff1a001a0118021a0217031705180518061707180717071a071a0819
CSIX,1491494721,024353490001,-64,6,128,4330040009130916081205110b11060d0b0d080b0d0b0f0a0c090f0a0f090e09130b100b120a120a0e0c100c0f0c0c0c0c0e0c0d0c0e000000000000000000000000000000000000000000000b140816071708180618051a021902190219011a011c001a0119011802160117021804160517051506140715061507190617081c
CSIX,1491523706,024353490001,-64,6,128,43300400e915f115f116f211f413f413f511f912f813f914fe13fa17fd15fe17fa17fd1afc17fb18fb16f818f715f716f515f612f51100000000000000000000000000000000000000000000f616f118ef1bed18ee16ea14eb15eb11eb14ea10e914e516e90fe714ea10e912eb11ec10ec13f013ed12eb16eb15ed19ee15e81a
CSIX,1491582384,024353490001,-64,6,128,433004000e130f130f0f0f0e0f0d0f0c0e0a1008100612051203130214021502170217031804170516051507150714071507130812090000000000000000000000000000000000000000000012101112101410160f160e180c190b190b190b190c1b0c1b0b1a0c190a180c1a0b170c150e170d170f160f180f14111612171116
CSIX,1491612695,024353490001,-64,6,128,43300400ee09ee0df00cf30cf40ef40ef50df70cf80ef80ffa0ffb12fa12fa13fb14fc15fa16f915f913f815f612f512f712f610f70f00000000000000000000000000000000000000000000ef0ced0ceb0ae90aec09ea07e808e806ea06e708e607e606e604e708e906e608e807eb07eb08ed09ea0aea09eb0bea0ce80ce80c
CSIX,1491642505,024353490001,-64,6,128,433004000c0c0d100d0c0d0a0e0a0e0a0c080d06100411011100110013ff14fe150015ff160214011401150413021102140514041104000000000000000000000000000000000000000000000e0c0c110c0e0a150a110a1508140c1603170614091808140c130d1b06100b1709120a120c120d0f0e120e130f14100f0f140c15
CSIX,1491702508,024353490001,-64,6,128,43300400f918fa18fd16fd14ff14001301110211031005100610080f09100b110b120c130b130a130a12081308120613061306130413000000000000000000000000000000000000000000000117ff18fe18fc19fc19fa19f919f818f819f61af51bf51bf51af61af718f61bf819f919f91afa1afb1afa1cfa1bf91df81ef91c
CSIX,1491732476,024353490001,-64,6,128,43300400ef10f010f310f40ff60ff60ff80efa0ffb0efc10fd0fff10ff110012001300140014fe14ff13fe13fd12fd12fc12fc12fa1100000000000000000000000000000000000000000000f512f312f111ef12ef11ee10ee10ee0fed0fec0ee90fea0feb0eec0fec0eeb10ed0fee10ed11ee11ef12ee13ef12ed13ec14ec13
CSIX,1491762386,024353490001,-63,6,128,433004000c150c150d120c100e100e0f0d0d0e0c0e0b100a1008100811081308140815091409140a1209120a110b110b100c100b0e0d000000000000000000000000000000000000000000000e0f0d110c130b140b150a16091608160817081708190919081808170816091809160a150b160c160d150d170d150e180e190d18
CSIX,1491792830,024353490001,-63,6,128,4330040003e703e600e800eafee9feeafdecfcecfbedf9ecf8edf7eef7ecf5edf5ebf6eaf6eaf7e9f7ebf9eafaebfbecfbebfcebfdec00000000000000000000000000000000000000000000fceafee800e801e702e803e704e704e806e706e609e508e508e606e607e707e505e704e804e503e602e603e402e604e204e204e3
CSIX,1491822219,024353490001,-63,6,128,43300400f4eaf4eaf3ecf4edf2eef2f0f3f1f1f3f2f3f0f3f0f5f0f6eef6edf7ebf6ebf5ebf5ebf5ecf5edf5eef5eff3eff2f1f2f2f100000000000000000000000000000000000000000000f2eef3ecf4ebf5eaf5e9f6e8f6e7f7e8f6e7f9e6fbe3fbe3fbe4fae5fae6f7e5f8e7f7e8f6e7f4e7f4e8f3e7f4e8f6e5f5e4f5e5
CSIX,1491853494,024353490001,-63,6,128,433004000fed0fed0cec0bee0aee09ee08ef06ee05ee03ed02ed00ed01ec00eb00e901e900e902e902ea03eb04eb04ec05eb05ec06ed0000000000000000000000000000000000000000000009ea0ceb0deb0feb10ec11ec12ed13ef14ef14ee16ee16ee15ef14ee13f014ed12ee11ef12ee11ed10ec12ec10ec12eb13ea12ea
CSIX,1491883500,024353490001,-63,6,128,43300400e805e906eb08ec07ed07ef08f008f20af30bf30df40df50ef40ff511f512f312f312f311f310f210f20ef10ef10ef20df10c00000000000000000000000000000000000000000000eb0be809e708e607e606e504e503e502e502e400e200e300e4ffe401e500e302e602e703e504e604e605e406e606e405e306e405
CSIX,1491912261,024353490001,-63,6,128,4330040013f213f210f110f20ef20df10bf209f108f107ef05ef05ee05ed04ed05eb06eb06ea06eb06ec07ec08ed08ee08ee08ef09ef000000000000000000000000000000000000000000000ded10ee11ef14ee14f016f016f216f318f417f41af31af318f518f417f417f416f314f416f216f315f116f014f116f018ef18ef
CSIX,1491942308,024353490001,-64,6,128,4330040002e8ffe7fdebfeedffecfdedfceffaf1fbf0f7f0f8f0f8f1f5eff5f1f3eef3eef3f0f3edf6eef6eef7eff7eef9eef8eff9ee00000000000000000000000000000000000000000000fbebfbe9fde9ffe600e702e603e603e705e706e708e407e406e605e706e805e605e803e903e702e701e501e500e802e502e404e3
CSIX,1491972772,024353490001,-64,6,128,43300400eaf1eaf1ecf3ecf4edf5edf6eef8eef9eefbedfdedfeedffecffec01eb01ea00eb00eaffec00ebfeecfeedfeecfeedfeeefc00000000000000000000000000000000000000000000eaf9eaf6e9f4e9f2eaf1eaefeceeedeeededececebebececedecebedeeedecededefedf0ebefebf0eaf1e9efe9f1e7efe7eee7ee
CSIX,1492002303,024353490001,-64,6,128,43300400110f120f110d100d100b0f0b0e090e070e060f060f0510031003100112021102120312041102110310020d0410050f041106000000000000000000000000000000000000000000001207120a120a120d110d100f100f0f1010110f100f130f130f1310120f1210110f100f0e110f110f120f130f120e121114111412
CSIX,1492032375,024353490001,-64,6,128,43300400e7f7e7f8e8fae9faeafaeafbedfcecfeedfeed00ee02ee03ed02ed04ec04ec04ec04ec02ed03ec02ed01ee01ed01ee00eeff00000000000000000000000000000000000000000000ea01e9fee9fde8fbe9fbe9f8e9f8eaf7eaf7e9f6e8f5e7f5e8f5e8f6e9f6e7f6e8f7e9f9e7f8e7f8e6f9e6f8e6f9e4f8e3f8e3f7
CSIX,1492062182,024353490001,-65,6,128,43300400ea08e709ec08ec09ee08f008f008f20af00cf20df30cf50df40ff40ff211f312f40df10ef10ff10df20df10df20ef10cf00a00000000000000000000000000000000000000000000f00dee0aec09ec08ed08e906eb06e905ea06ea05e806e604e703e605e806e706e907e807e907e807e809e707e608e40ae607e608
CSIX,1492093886,024353490001,-65,6,128,43300400160a170a150815061405140413021400120014ff14fc14fb15fb15fb18fb18fb18fb18fc16fd17fe16ff1600170015011503000000000000000000000000000000000000000000001504160616081609150b160c140d140c140d150d160f160f160f160d160d170e160c150a180c180b190a190c180b1b0d1b0e190d
CSIX,1492122984,024353490001,-65,6,128,43300400f011f112f412f510f711f711f810fa11fb12fc12fd12fe12fe1300140015ff16ff16fe17fe15fd16fc15fb15fa15fa13f91300000000000000000000000000000000000000000000f612f512f312f112f111f010ef11ef0fee0fed10ec11eb11ed10ed10ef10ec13ef11ef12ee12ef12f013ef14ef14ed14ec15ee14
CSIX,1492154033,024353490001,-66,6,128,43300400f315f415f615f813f814fa13fd10fd11fe11ff13011202120313031403150315051602160315011700150015ff16ff15fd1500000000000000000000000000000000000000000000fc15fa15f814f416f917f617f515f414f314f316f116f317f216f317f315f217f317f416f418f318f519f31af419f31bf31bf119
CSIX,1492183066,024353490001,-66,6,128,4330040019f619f616f414f613f512f40ff40ff30df30cf00bf10af00bef0aee0bed0cec0bec0dec0cee0eed0fee0fef11ef0ff010f2000000000000000000000000000000000000000000000ff211f312f314f413f515f614f614f715f716f617f618f517f617f516f518f516f317f418f417f318f11af219f11bf21cf21df2
CSIX,1492214084,024353490001,-66,6,128,43300400f1eef2edf0eff3f1f1f3f1f3f2f5f2f6f1f7f0f7eef9eefceefaeffdeaf9ebfcecfaeafaebfbebf8edf9edf7ecf5edf6eef400000000000000000000000000000000000000000000f1f2f1eff2eff3eef4eef3ecf4ecf5ecf4edf5edf3ebf2e9f4ecf3edf3edf1eaefedf1eeefebf2ebf0eef0ebefebeeebf0eaf1e9
CSIX,1492272673,024353490001,-66,6,128,4330040016ff15ff13fc11fb10f90ffa0ef80df70cf60bf30af309f20af20af20bee0aed0bec0ced0eed0def0fef0ef00ff00ef111f40000000000000000000000000000000000000000000017fa18fe16011a0017fe170117001701180018011b011c011a011d0019ff1cfd190119ff1dff19001aff1cff18fd1efe1cfe1a00
CSIX,1492333011,024353490001,-67,6,128,43300400051506150911071009100a0e090b0b0c0b090e080e070f061106120513061406140715071408140a120b110b120c110c0f0e000000000000000000000000000000000000000000000b1609180818071a071a051b041a031a031a031c041d051c031c061c041a051d051b0619071c061b061a071c071a061c071d061b
CSIX,1492364222,024353490001,-67,6,128,4330040015ee0cf40bf507f80bf307f202ee05f602f203f4fcf0fcf4fbf3faf3fbeefbedf9eefbedfdeefdefffec00edfeee02ee03ee000000000000000000000000000000000000000000000def0eee0ef114ef11f114ed14ee09ec0cef13f215f019eb0cec15e814eb0ef00ff014f010f313ea0eee0deb10eb13ed0fe911f2
CSIX,1492452540,024353490001,-66,6,128,43300400fa17fb18fd16fd12fe14fe1201110311020f040e060e080c080e090e090e0a10080f0810090e0a0f0910070f050f040f040f000000000000000000000000000000000000000000000117fd17f913fa18fc16fa19f815f714fc18f817f71bf71cf719f918f818f819fa18fa1cfd1dfa1bfa1af919fa18fa1cfb1ef81e
CSIX,1492512733,024353490001,-65,6,128,433004001bfc1afc18fa15fc15fa14f811fa10f710f711f50ff40df40ef30df20ef10ff10ff10ff10ef30ff310f310f410f60ff60ff70000000000000000000000000000000000000000000015f515f717f717f817f918fa18f918fa1afa1afa1efa1efa1dfb1dfa1cfb1ffa1cfa1cfa1dfa1dfa1df81ef91df91ffa21f920fa
CSIX,1492543787,024353490001,-64,6,128,43300400eaf9e9faecfcedfceefcedfdf0fff000f001f002f003f004ef04f106f104ef06ef07ee05f005ef05ee03f002ef02f002f00000000000000000000000000000000000000000000000ec01ed01ebfee9fdebfdebfcecfbebfbeaf9e8fce1f9e5fae7fbe7fbe6fae5fae7fae9f9e6f9e7f8e7fbe7f9e8fbe6fae3f9e7f9
CSIX,1492576480,024353490001,-64,6,128,43300400001a021b0417031605160515051207120610081108100a0f0a100a0f0b100b110c100b100b0f0b0f090f090f08110710061000000000000000000000000000000000000000000000071407150516051804170318031803180319031a011d021d001d021d001c011e011d011b021d021c041c031d031b021e031f021f
CSIX,1492606110,024353490001,-62,6,128,4330040024e70afa120211fb13ef0ff713f50ff20ef615f90cf606ea01f60fec10f10df311f111f20cf20df10bf40bf10cf10df30ef5000000000000000000000000000000000000000000000ff914f614f517f711f81ef917f819081beb110125ed110025ed24021cfe10f120fc1cf620ef1cfe1ff020f415f9140022f91701
CSIX,1492634640,024353490001,-63,6,128,43300400f5e6f4e6f3e9f4eaf3ebf4ecf4edf2eff3f0f0eff0f1f0f2eff2eef2edf2edf0edf0eef0eff0f0f0f2eff2eff3eef4eff6ee00000000000000000000000000000000000000000000f2edf4ecf4e9f4e9f5eaf6e8f6e8f7e8f7e8f7e6f6e3f7e3f7e3f6e4f8e6f5e2f6e4f5e5f6e3f5e5f5e6f4e4f4e5f4e3f4e2f5e2
CSIX,1492662201,024353490001,-63,6,128,43300400eaedecf3e9f1eff6edf8edf8edfaedfaedfbf0faecf8f0fcecfeeeffec01e800ef00ed00ec01efffeb01ecfdeffceffbf0fb00000000000000000000000000000000000000000000f2f4f2f4f2f1f2f0f1f1f3eff4f1f1f1eff2f0eaf2e8f1eceee9f2edf0ebf3e7edeef0eeecedeeedeaf0eaf0f0f1eef0e6eeedec
CSIX,1492726505,024353490001,-63,6,128,43300400ef12ef13f212f311f412f411f611f712f911f914fb12fc12fc13fd14fc15fc16fc16fb15fa14f914f913f812f712f711f61000000000000000000000000000000000000000000000f613f413f312f213f212f012ef12ef11ee12ee12eb14eb14eb12ec13eb13ea14ec13ed12ec13ed13ed13ec14ee13ec14eb15ec14
CSIX,1492753576,024353490001,-63,6,128,43300400140c130a13081107130612061005100312061302110011ff12ff13fd13fd15fe14fe13ff1300130012011202120210030f0400000000000000000000000000000000000000000000110611071209120a120a120c120c100c110d120e131013101310140f120e150f130d140d140e150d140d160d140e160f170f140e
CSIX,1492785552,024353490001,-63,6,128,43300400e906e907eb08ec07ec09ed08f008f00af10af10cf20cf30df20df30df20ff10ef10ef00ef10df10cf00bf00aef0af009f00700000000000000000000000000000000000000000000f00bee0aed09eb09ec08ea07ea07ea05e906e906e606e606e705e606e705e606e706e806e706e707e708e607e907e607e508e608
CSIX,1492812364,024353490001,-63,6,128,43300400eaf0e8f2ebf5ebf4eaf7e9f5eff8ebfbecfbebfdebfeebffeaffea00e9ffe8ffe800e9ffe9ffeafeeafcecfdebfdecfbedfa00000000000000000000000000000000000000000000ecf7ebf3ecf3ebf1edf1edefecefeeeeedeeecedebebeaecececeaecebedeaeceaedebefe9ede9eeeaefe7efe7efe8eee5efe7ed
CSIX,1492842784,024353490001,-63,6,128,43300400011b021a03180317051604160514071408130a140a120b110b130d120d130d140c140b150b130a15081407140715061304140000000000000000000000000000000000000000000005150316021701180118ff19fe19fd18fd19fd1bfc1dfc1dfc1bfe1cfd1bfc1efd1cfe1bfe1cff1b001b001d001cff1e001f001e
CSIX,1492872268,024353490001,-63,6,128,4330040003e502e500e700e8ffe8ffe9feeafcebfbebf8eaf7eaf7ecf7eaf6eaf6e8f7e8f7e8f8e7fae8fbe8fce9fdeafee8feea00eb00000000000000000000000000000000000000000000fce9fee8ffe800e701e803e604e605e705e605e606e306e306e406e306e507e205e405e605e305e404e405e404e404e204e104e1
CSIX,1492902568,024353490001,-63,6,128,43300400f4eaf3eaf4ebf3eef1eef1eff1f3eff2eff3ecf3ebf4ebf5eaf3ebf4eaf2e9f3eaf2ebf2edf1ecf0eef1eff0eef0f1eff2ef00000000000000000000000000000000000000000000f1eef2ecf6eef3e9f4eaf6e9f4e3f6e7f7e7f6e6f6e2f7e4f7e5f6e4f6e6f6e4f7e6f6e7f3e3f5e7f5e6f5e5f6e9f3e5f2e5f4e6
CSIX,1492932883,024353490001,-63,6,128,43300400100f110f110c110c110a1209110712061205140413041402160116021702180317031704160416051505140714081308120a00000000000000000000000000000000000000000000110c100e100f101110110f130f140e130e150e150e180e170d170e170e150f170e150f1310151014111312141012111512151114
CSIX,1492962897,024353490001,-63,6,128,4330040001180218041704150614071408120a120a120c120c110e100e110f111012101410140f140f130e140c130b150a150914071400000000000000000000000000000000000000000000041702180119001bff1afd1bfc1cfc1afb1bfa1cf91ef91ef91cfa1dfb1bfa1dfc1cfd1bfd1cfe1bff1cff1dfe1bfe1dff1efe1c
CSIX,1492992532,024353490001,-63,6,128,433004001600160015fd12fe13fc12fb11fa10f910f811f60ff510f411f410f212f312f213f313f312f413f513f614f714f812f913fb0000000000000000000000000000000000000000000015fe160017011803180318051805170617061808190919091809180717071907170516051705170417021803170219031a031903
CSIX,1493022522,024353490001,-64,6,128,4330040015f614f512f311f510f30ff20df20cf00cef0bed0aed0aed0aeb0aea0be90ce80ce90ce90dea0eea0fec0fed11ee10ef10f10000000000000000000000000000000000000000000015f417f518f61af719f81bfa1bfa1afb1bfc1cfd1efd1dfd1cfe1bfd1afc1cfc1afb19fa1afa19f918f819f818f81af71bf719f7
CSIX,1493083498,024353490001,-64,6,128,43300400e900e902ec04ec04ed05ed06ef07f00af00aef0df10df00fef0fef11ed12ec11ec11ea11eb0eea0ee90cea0ce90bea09ea0800000000000000000000000000000000000000000000e802e700e6ffe5fde6fde5fbe5fae7fae6f9e6f9e4f8e5f8e6f8e5fae7fae5fae7fbe8fce6fce7fce7fde6fde7ffe5fee4ffe6ff
CSIX,1493142545,024353490001,-64,6,128,433004000aed08ec05ed05ee02ed01edffeefeecfcecfaebfaebf8ebf8e8f7e8f7e6f8e5f9e4fae5fbe6fbe5fee5fee6ffe600e701e7000000000000000000000000000000000000000000000aea0dea0eeb0feb10eb12eb12ec12ed14ed13ed15ec15ec14ed13ed13ee13ec12ed10ed11ed0fec0eeb10eb0dec0eeb0eea0dea
CSIX,1493174373,024353490001,-64,6,128,43300400f00df20ef40ef60ef70ff710fa10fb11fc11fd14fe14fe15ff17ff17ff19fe1bfd1afd1afc18fa19f918f817f717f715f51400000000000000000000000000000000000000000000ef0ced0bec0aeb0aeb0aea08ea08ea08e907e907e707e708e906e808e907e809ea09ec09eb0aec0aed0bec0cee0bec0cec0eed0d
CSIX,1493202475,024353490001,-64,6,128,433004001107110511031102110112ff11fd11fc12fb14f913f813f716f616f618f719f71af71af919fa19fb19fc18fd1aff18ff1702000000000000000000000000000000000000000000001209120b110c120e110e1110101110100f110f1110121012101110100f101010100f100d110e110d110c120c110b130c130b130a
CSIX,1493232514,024353490001,-63,6,128,43300400ed01ec01ef05f005ef07f007f109f00bf20cf10ef20ef111f012f011ee13ed13ed13ec11ec10eb10ea0eeb0ee90dea0ce90900000000000000000000000000000000000000000000eafee9fbe9fae7f9e9f8e9f7e9f6eaf5eaf5e9f5e8f4e8f4e9f4e8f6eaf5e9f6e9f7ecf9eaf9eafaeafaeaf9ebfdeafce9fdeafd
CSIX,1493297688,024353490001,-66,6,128,4330040011c90ebefec901cff8c1f6c4faceedc8ebcadcc6deccdacbd5bfd4c3ceb9d1b6cdb6d5bbd3bad6bddbc2deb9daabe7bbeab70000000000000000000000000000000000000000000017c632c735db43d83ad83fd13bd53ed942d43bd44ad84cd442d73cd338d042ca3dd631db32d334c828d02ec627ce2cc823bc2cc4
CSIX,1493330575,024353490001,-64,6,128,43300400fc11f9110110fe0e01120111fe0dff0f03100a0e0810040b06120710070e0b1a061206140b1703120516051405170115011700000000000000000000000000000000000000000000fd11fa14f212f60ef313f214f40ef40ff311f510f116ef0ff510f316f412f40cf10dfb14f611f10eef11f715f617f518f412f813
CSIX,1493354974,024353490001,-64,6,128,433004000df40bf309f209f308f106f105f105ef03ef02ed01ed01ed01eb00eb01e902e803e904e803e905e906ea07ea08ea08eb0aec000000000000000000000000000000000000000000000ef30ff410f411f512f513f613f713f714f714f716f716f715f914f713f814f712f712f612f612f611f511f510f511f511f410f4
CSIX,1493399859,024353490001,-63,6,128,43300400faeefaeff9f4faf2f8f1f7f2f7f4f5f4f5f3f3f2f3f5f2f6eff6eef5eef4eef1eff2eff1eff1f0f0f2eff3eff3edf4eef6ed00000000000000000000000000000000000000000000f9eafceffdeafdecffebffe900ec01ec01e902ea03e804ea05ea03ea03ea00eb05edfcef07e6ffe5fce9feeeffecfeeaffe9feec
CSIX,1493415095,024353490001,-64,6,128,433004000d0b0e090e070e060e050f040f030e010f0011fe10fd11fd12fc13fb14fb16fc16fd16fe15fe16ff15001501160214031405000000000000000000000000000000000000000000000f0c0e0d0e0f0e0f0d100c110c120a110b120b120c140b140a130b120a110c130c100c100d100d100d0f0e0f0e0e0e0f0f0f0e0e
CSIX,1493445759,024353490001,-64,6,128,43300400ebfdebfeee00ee01ef02ee04f004f106f107f00af10bf10cf00df00dee0fee0fed0fec0fed0dec0deb0bec0bea0aeb09eb0700000000000000000000000000000000000000000000e9fee8fce8fae7f9e8f9e7f7e8f7e9f6e8f6e8f6e6f4e7f4e8f4e7f5e8f5e7f5e8f7eaf8e8f8e8f8e8fae8f9e9fae8f9e6fae8fa
CSIX,1493524679,024353490001,-63,6,128,43300400eb06eb08ed08ee07f109f00bf10af20cf30df40ff40ff511f412f513f314f214f314f114f112f011f011f111ee0fee0dee0d00000000000000000000000000000000000000000000ec0ae909e907e606e905e603e703e801e601e603e502e502e501e601e501e502e603ea05e605e703e605e703e706e605e606e706
CSIX,1493539955,024353490001,-63,6,128,43300400edf3edf3edf7eef7edf8edfaeefbedfdeefdebfeecffec01ea02ea02e802e701e701e600e8ffe8fee8fde9fce8fce9fbebf900000000000000000000000000000000000000000000ecf4edf2edf1edefedefeeedeeecf0ecf0ecefebefe9efe9f0eaefebf0eceeecefedefeeededeeeeeeefedefedf0eceeeceeedee
CSIX,1493565988,024353490001,-63,6,128,43300400f1eef0eff0f1f0f2eff3eef4eff6edf7eef8ebf9ecfbebfce9fbe9fce7fbe7fbe7fae7f9e9f9e8f8e9f7eaf7eaf6ebf5edf400000000000000000000000000000000000000000000f0f0f1edf2edf1eaf3ecf3eaf3eaf5e9f4e8f4e8f4e6f4e6f5e7f3e7f5e8f4e7f3e8f4ebf3e9f2eaf1ebf1eaf1ecf1eaefe9f0ea
CSIX,1493597522,024353490001,-63,6,128,43300400e8fee8feeb01eb01eb03ec03ed04ed06ee07ec09ee0aee0bec0cec0cea0dea0de90de80ce90be80ae908e907e806e905e90300000000000000000000000000000000000000000000e901e8fee8fde7fce8fbe7f9e7f9e8f8e8f8e8f8e6f6e6f6e7f6e7f8e8f7e6f7e8f9e8fae7fae7fbe7fce6fbe7fde5fbe4fce5fc
CSIX,1493624530,024353490001,-63,6,128,4330040006e904e902ea01eb00ecfeecfdedfbecfaedf8ecf7edf6edf6ebf6ebf5e9f5e8f5e8f6e7f7e8f8e7fbe8fbe9fce8fce9ffe90000000000000000000000000000000000000000000001ea03e905e906e806e909e809e90ae90ae90ae80ce70ce70be80ae80ae90be709e908e908e808e807e708e606e707e607e507e6
CSIX,1493657019,024353490001,-63,6,128,43300400160816071605130414021401120012fe13fe14fc13fb13fa14f915f715f718f817f817f916f917fb17fc17fd17fe1600150100000000000000000000000000000000000000000000160516071708160a160a160b160c150c160d160f161016101510160e150e170f150c160c160c170b170b190b170b180c190c180b
CSIX,1493683153,024353490001,-63,6,128,43300400e806e807eb09ec08ee09ee0af00bf20cf30cf20ff40ff411f312f513f314f215f215f114f112f013f011ef10ee10ef0eee0d00000000000000000000000000000000000000000000eb0ae908e807e607e706e505e504e602e502e402e201e201e301e302e501e302e503e503e504e504e505e405e606e405e305e405
CSIX,1493714345,024353490001,-63,6,128,43300400ecf7e9f8ecfaedfaedfdedfeeeffee01ee01ed03ed05ed04ec06ed06eb06ea06e905e905ea04e903ea02eb02e901eb00ebfe00000000000000000000000000000000000000000000ecfbecf9ebf8eaf6ecf7ebf5ebf4ecf4ebf3ebf3eaf2eaf2ebf1eaf3ecf3e9f2ebf3ebf5eaf4eaf5eaf5e9f4e9f6e8f4e7f5e9f4
CSIX,1493743379,024353490001,-62,6,128,43300400f61bf70ded0dfe14ef00e60ffb09e6faed0dfcf8e1fdf60df2e8e1f702f9f3daeefa08e8fde000f316ec06e91e011cee080500000000000000000000000000000000000000000000f3fde1feeffeebe8ebf600eef2e0faf309e500e714f415e40af920fb12ec110125fc10fa1910190711081117110f0a180917001a
CSIX,1493774431,024353490001,-63,6,128,43300400efeeedeeeff2eff2eff4eff4eff6eef7eef8ebfaecfbebfdeafceafde8fce7fbe7fbe6fae9f9e8f8eaf7eaf7eaf6ebf6ecf400000000000000000000000000000000000000000000edf1edeeeeedefebf0ebf1e9f2e9f2e9f4e9f3e9f3e6f3e7f3e7f3e8f3eaf2e8f2eaf2ecf0eaf0ebefecefebf0edeeebecebeeeb
CSIX,1493804944,024353490001,-63,6,128,43300400170417031501150114ff13fe12fd11fb11fa12f710f710f611f511f313f314f415f314f413f514f514f615f715f814f914fb000000000000000000000000000000000000000000001600170318041805180618081809170a170a180b1a0c180c170c180a170a180a180917071908190718061a0618061b071b061a06
CSIX,1493835227,024353490001,-63,6,128,43300400f4e9f3eaf2edf3eef2f0f2f0f3f3f1f5f1f5eff6eff7eef9ecf9ebf9eaf9e9f8e9f7e9f7eaf7eaf6ebf5edf4ecf3eef3eff200000000000000000000000000000000000000000000f1eef2ecf2ebf2eaf4eaf4e8f5e7f6e8f6e6f7e6f7e4f7e4f7e5f6e5f7e7f5e4f5e7f5e8f4e6f4e8f2e8f2e6f3e8f3e5f2e5f4e5
CSIX,1493862318,024353490001,-63,6,128,4330040007e806e905e904eb02eb01ecffedfeedfdedfbecfaeef8eef8eef6edf5ecf5e9f6eaf6eaf7eaf7eaf9eafae9fce9fceafeea0000000000000000000000000000000000000000000003e804e906e707e808e70ae80ae80be80ce80de80ee70fe70ee80ce70ce90ce50ae80ae809e709e608e709e508e60ae50ae40ae5
CSIX,1493922606,024353490001,-63,6,128,43300400f7e9f6e9f5ecf5edf4eff3eff3f1f2f2f2f2eff3eff5eef6ecf5ebf6eaf4e9f3eaf4eaf3ebf3ebf2ecf1edf1eeefefeff1ee00000000000000000000000000000000000000000000f5eaf7e9f7e7f8e6f9e6fae5fbe5fce6fce5fce5fee2fee3fee4fce4fde5fde3fbe6fbe7fae6f9e7f7e7f7e6f7e8f7e5f7e4f7e5
CSIX,1493957765,024353490001,-63,6,128,43300400e9f5eaf6ebf8ecf9ecfbebfcedfdecffecffeb02eb03ec04ea04e906e805e605e804e703e803e702e701e800e7ffe8feeafc00000000000000000000000000000000000000000000eaf7eaf5eaf3eaf2ebf1ecf0ebefedefedefededececececedececeeeef0ebeeecf0ecf2ebf2ebf3eaf3e8f2eaf3e9f2e7f1e9f2
CSIX,1493986547,024353490001,-63,6,128,433004000eef0def0cee0aef08ee07ee06ee04ed03ee02eb00ecffebffe9fee9ffe700e600e601e602e702e704e805e806e805e907ea000000000000000000000000000000000000000000000ded10ee11ee12ee13ef14ef15f115f216f216f218f117f216f315f114f316f113f212f113f012f012ee12ee10ee12ed12ec12ed
CSIX,1494019728,024353490001,-63,6,128,43300400f009ed0eed0ff111f414f712fb10fa10fa0ffb12fc12fd12fc14fc13fb17fa19fb19fa19fa16f916f614f514f314f414f21200000000000000000000000000000000000000000000f513f315f116f117f216f015ef13ef10ed10eb0fe710e711e910ea12eb10ed11ed0fef0ceb0feb10ec11ec12ee12ec13ec15ef13
CSIX,1494047455,024353490001,-63,6,128,43300400e904e904ec06ee06ee07ee07f009f10af20bf20ef30ef40ff411f411f313f214f213f113f112f012ef11ee10ed10ee0fec0d00000000000000000000000000000000000000000000e906e804e703e602e601e5ffe5fee6fde5fde5fce3fbe4fce5fbe5fde6fde4fde6fee800e6ffe600e601e402e702e402e403e502
CSIX,1494076925,024353490001,-63,6,128,433004000eee0ded0aed09ef08ee06ee04ef03ee02ee00ecffecfeedfeebfceafce8fde7fde7fee7fee800e701e702e804e704e806e9000000000000000000000000000000000000000000000bec0dec0fec10ec10ed12ee13ee13ef14ef14ef16ef16ef15f014ef13f014ee12ef11ef11ed11ed10ec11ec10ec11ec12ea11eb
CSIX,1494105134,024353490001,-63,6,128,43300400f310e30bf30ef40df812f606f510f50def11fb0bf00ffb13f313fc14f711f819f613f116f915f113f515f010f215f10ded1000000000000000000000000000000000000000000000f913f716f514f216f213f014ef16ec11ec12ee11e914ed13ee0eec14e810ea11e911ee12e80fef0fe413eb17ec0aee12ee18f314
CSIX,1494135044,024353490001,-63,6,128,43300400ed11ef11f211f310f411f511f710f811fa10fb13fc12fd12fd15fe15fe16fe17fd17fc18fd17fb17fa16fa16f816f815f71300000000000000000000000000000000000000000000f312f112ef11ee12ee11eb11ea10eb0fea0fe90fe710e80fe80fe90fea0ee810ea10ec0feb11ec10ec12eb12ed12eb13eb14eb13
CSIX,1494162358,024353490001,-63,6,128,4330040019ff19fe17fc15fd15fc15fb12fb12f811f710f40ff40ff310f20ff211f012f012f013f113f214f314f414f515f514f615f80000000000000000000000000000000000000000000015f917fb18fb19fd18fd1aff1a0119021a021a021d031c031b031c021a021c021a0119001b001a001b001c001aff1dff1efe1d00
CSIX,1494193199,024353490001,-63,6,128,4330040005e704e702e802ea00eaffeafdecfbecfaecf9ebf8ecf7edf6ecf5ebf4ebf4e8f4e9f5e8f5e9f6e9f8e9f8e8fae8fbe8fde90000000000000000000000000000000000000000000002e904e805e706e707e709e709e70ae80be80be70de60ee60de70ce60be80ce50ae709e609e508e607e507e407e509e409e308e4
CSIX,1494222380,024353490001,-63,6,128,43300400e90cea0ded0dee0cef0ef10ef20ef40ff510f512f712f812f813f915f816f717f717f617f615f516f414f313f114f211f11000000000000000000000000000000000000000000000ee10ec0fea0ee90de90de70be60be70ae60ae509e30ae30ae408e50ae509e40ae60ae70be60be70ce80ce60ce70de50de40ee60d
CSIX,1494252426,024353490001,-63,6,128,4330040009170a150b130a100c100d100d0d0e0c0e0b100b1009110913081408150916091508160a150a140b140b130c120e110e0f0f000000000000000000000000000000000000000000000d140c150b170a180918081a071a0619061b061b051e051d041d061d051b061c071a081a081a091a0a190a1a0919091b0a1c091b
CSIX,1494282312,024353490001,-62,6,128,43300400ee0dee0ef00ff10df30ff40ef60ef70ff70ff810f910fa10fb11fc12fc14fc14fb15fb14fb13f914f913f712f613f611f51000000000000000000000000000000000000000000000f110ef0fee0fec0eed0eea0dea0eea0cea0ce90be60be60be70ae70be90ae70ce90ceb0ce90dea0deb0eea0eec0ee90ee90fe90e
CSIX,1494348537,024353490001,-62,6,128,4330040012f011f10ff00ff10bf10bf00bf108f008f107ef05f004ef04ee03ee03ec04ec03eb03ec04ed05ed05ed07ed07ed07ee08ef000000000000000000000000000000000000000000000dec0fed10ee13ee12ef14f015f114f115f116f119f119f118f217f116f217f116f113f116f115f114f015ef13f015ef16ee16ef
CSIX,1494372559,024353490001,-62,6,128,433004000116021804150413051206120610070f080e0a0e0a0d0b0c0c0c0d0c0e0d0e0d0f0d0e0e0d0d0e0e0c0e0b0e0b0f0a0f09100000000000000000000000000000000000000000000008150617051803190218011a001a0019ff1a001afe1dff1dfe1b001bff1afe1cff1b0019001b011a031a011b0219021b021d011b
CSIX,1494402218,024353490001,-62,6,128,4330040017f80ffe0ff40ff50ffa0df911f409f60bf60df509f50af308f208f008f20cef0af00cee0bf009ef0af00eef0df80df50ef50000000000000000000000000000000000000000000017f814fa17fb16f816fa16fe16fd160018ff19011b0016fd19fb18011502170019051aff12ff18fb15fe1af818fb17fd1afb1af9
CSIX,1494432524,024353490001,-62,6,128,433004000016011703140313041305120610070f070e090f0a0d0b0d0d0d0d0d0e0f0e0f0e100e100d0f0c100b100a100a110911071100000000000000000000000000000000000000000000061704190219011bff19fe1afd1afc19fc1bfc1afa1cfa1cfa1bfb1bfb19fc1bfc1bfe18fe1afe19ff19ff1bff19ff1bff1cff1b
CSIX,1494462443,024353490001,-62,6,128,43300400f5eaf5eaf4edf5eef4eff4eff3f2f2f3f2f4f0f4f0f5f0f7eff7eef7edf6edf6edf6edf5eef6eef5f0f4f0f4f0f3f1f4f3f200000000000000000000000000000000000000000000f0edf2ebf2e9f3e7f4e8f6e6f6e6f7e7f8e6f8e5f8e3f8e4f9e4f7e5f8e7f7e3f7e6f7e7f6e6f6e7f5e8f6e6f5e8f4e6f3e5f5e6
CSIX,1494492296,024353490001,-62,6,128,433004000fe90ee90be90aeb09ea09eb06ec04eb03ec02eb01ebffebffeafeebfee8ffe8ffe7ffe8ffe900e902e902eb03e903eb05eb0000000000000000000000000000000000000000000009e50be60ee610e511e813e714e913ea15ea14e916e816e915ea15e814ea16e812ea12ea13e912ea11e912e710e912e712e611e6
CSIX,1494523803,024353490001,-62,6,128,43300400130b130a140610091308120510020dff0e02120110fb0ffd0efc10fa11fd13fd12fd12fd11fe12ff11fe11ff110010001002000000000000000000000000000000000000000000001409120c140c120c140e130f1211101011120f1110130f121113111111111210110f120d130e120c120d150e0f10130f110e1310
CSIX,1494557893,024353490001,-62,6,128,433004000ef00ef00cf00bf10af109f107f107f105f104ef03f001f001ef01ef00ed01ed01ed02ed01ee02ee03ee03ef03ee03ef05f0000000000000000000000000000000000000000000000ced0eee10ee11ee12ef14f014f114f215f215f217f116f116f215f115f316f113f212f213f112f111f013f110f112ef13ee12ef
CSIX,1494583500,024353490001,-62,6,128,43300400ef12f012f412f411f612f712f910fa11fa11fb12fd11fe11ff12001200130014011400140013ff14fe13fe12fc13fc12fb1100000000000000000000000000000000000000000000f315f115ee15ed15ed14eb13ea12ea11e911e811e511e611e710e811e90fe712ea10eb11ea12ec12ec12ec13ee13eb13eb14ec13
CSIX,1494649816,024353490001,-62,6,128,4330040007110714090f0a0e090e090e080b080c09080c0a0c090d080e080e0611080f08100911090e080e090e0a0d090d0b0c0b0b0c000000000000000000000000000000000000000000000b120a15081508180716051a0519041903180218021b021c02180318011801180217021404180416051506160513071606170917
CSIX,1494677562,024353490001,-62,6,128,4330040016fd16fc14fa13fa12f911f910f80ff60df60df40cf30bf30bf20af10cf00cf00bf00cf00cf10cf10cf20df20df20cf30df40000000000000000000000000000000000000000000017f719f91afa1cfc1bfd1cff1c011c021c031d021e031e031d041d021b031d031b0219011a01190119ff1a0018fe1afe1bfd1bfd
CSIX,1494708181,024353490001,-62,6,128,433004000e0e1314101112110f0d120c0f090e0b0f071409120812051306120314041405140414051404130613061207110810070f0900000000000000000000000000000000000000000000180d171018121814151515171218121712181118111e131d111d0e1b0f1c111910171217111a14190f170a130e1e181b1b0d1c18
CSIX,1494732211,024353490001,-62,6,128,4330040017ff17fd15fb14fc13f813f910f810f710f60ff50ef60df50df40df30df20ff20ef20ef30df30ef30df40ef50ff60df70ef80000000000000000000000000000000000000000000016f818fa1afb1bfd1bfd1b001b001b001a011c031e041d031d041c021a031b031a0319001a001bff1afe19fd19fd1b001cfe1bfe
CSIX,1494762316,024353490001,-62,6,128,4330040000ebffeafdecfeedfceefceefcf0f8f2f8f2f8f0f8f2f7f3f6f2f6f2f5f2f5f1f5f2f6f1f6f1f7f1f7f2f8f1f8f0f9f1faf100000000000000000000000000000000000000000000faebfce9fde9fee7ffe801e804e806e401e702e605e504e606e501e604e906e704e803ea03e802e901e902e900ea01e801e701e8
CSIX,1494794230,024353490001,-62,6,128,43300400e8ffe700ea01ea02eb04eb04ed03ee04f105ee07ef07f009ef0af10bef0bef0cef0bee0bf00aef0aef08ef08ee07ef06ef0500000000000000000000000000000000000000000000e803e602e600e4ffe6fee4fbe4fce5fbe5fae5f9e3f7e3f8e5f7e4f8e6f9e4f9e6fae8fce6fbe6fce7fde6fde8fee5fde4fee5fe
CSIX,1494826780,024353490001,-62,6,128,433004001014111412111110110f110f100c110c110a130a1207130613071306140715071507140713081308120911091209100a0f0a00000000000000000000000000000000000000000000150f131213141215111610180f190e180e190e1a0e1c0e1c0d1b0e1a0c190e1b0d180d170f180e170f1610171014121713181217
CSIX,1494883563,024353490001,-62,6,128,43300400eafae8fbebfde9fee900ea00eb03ee04ef04ee06ef05f005ef06f007ef08ed07ed07ed05ed06ee05ed03ed04eb02ee02ed0100000000000000000000000000000000000000000000e900e9fde8fce7fae9fae7f7e7f6e7f6e7f6e7f6e4f4e6f4e7f4e6f5e8f6e6f4e7f7e8f8e8f7e8f9e9fae8f8ebf9e7f7e5f9e6f8
CSIX,1494945406,024353490001,-63,6,128,43300400051406150711071108110810090e0a0d0a0c0d0c0c0a0d0a0e0b0e0a100b100b110c100b0f0b0f0c0d0c0d0c0d0d0c0d0a0e000000000000000000000000000000000000000000000a13081507160718051704190318031802190319021c021c011b031a0119011a021a0217041a04180418041905160519061a0518
CSIX,1495003813,024353490001,-63,6,128,433004001110110f120d100c110b110b1109110811081206110412041203140314021504150414041304140512051206120810080f0900000000000000000000000000000000000000000000150b140e150f141113111313121411131115111611181218101711170f1611171015101411141114121312141112131413151214
CSIX,1495033198,024353490001,-62,6,128,43300400f00af00af40cf208f50af30cf408f209f509f509f808f70bf30bf90df60df50ef60cf40cf40af30af309f308f208f306f20500000000000000000000000000000000000000000000fc19fb190106f212fc11ff01f305fa16e50ce113eb13eb12f014ef12f111ef12ef0df10ded0eed0df00ced0fee10ee0dea11ed0d
CSIX,1495068979,024353490001,-71,6,128,43300400c1c6bcc1b9e8c3dfc9e0bde8c4e3bfedbce0afe9bbf2d3fbb0fcb6f9ac039cf1b8e8a0e9c4ebb3efc4fcc3f995f8f0f3e7db00000000000000000000000000000000000000000000f1f6e0e5e5c8e5c2f0c7d2dbe0c6e6e3d2c4d0badca5dca5d7afd1aec5a7cd97de9fd8b9c9a9c7aecec1c6aad5b9bbb0b8afc4b0
CSIX,1495156712,024353490001,-63,6,128,4330040015091608140613051404140412021200120013ff12fe11fc13fc13fc14fc15fc15fc14fd13fd13ff13ff12ff1300110111010000000000000000000000000000000000000000000017021705180618081809180a180b170c170d170d190f19101710180f160f1810170e160d170d170c170b170c160b180c190c170c
CSIX,1495182333,024353490001,-63,6,128,43300400e906e907ec09ed08ed09ee0af00af00cf10cf10cf30cf30df30ff30ff210f210f210f210f30ef20ef10cf10cf00cf20bf10900000000000000000000000000000000000000000000ec0cea0ae809e609e707e606e606e605e505e404e103e203e403e304e503e204e405e604e404e505e606e506e706e405e406e506
CSIX,1495212560,024353490001,-63,6,128,4330040017051705160115011500140012ff12fd11fc12fb12fa10f912f811f813f714f714f713f813f813f913fb12fb13fc12fd11fe0000000000000000000000000000000000000000000017fe180118021904190419061907180719081a081b0a1c091b091b091a0a1b0a1a0919081a081a081a061b0719061b081c071c07
CSIX,1495243409,024353490001,-63,6,128,43300400faebf9ebf9edf9eef8eff7eff7f1f6f2f5f3f3f3f3f5f2f6f1f5f1f5eff4f0f4eff3f0f3f0f3f2f2f3f3f3f3f3f2f4f2f6f200000000000000000000000000000000000000000000f7edf8ebfaebfae9faeafde9fce7fce3fee7fee9fde5ffe5fbe3fde401e6ffe4fde6fde8fde5fde7fbe7fce7fbe9fce6fbe6fbe7
CSIX,1495304948,024353490001,-64,6,128,43300400f4ecf1ebf0eef1eeeff0f0f0f0f3eff4eff4edf4edf6ecf7ebf7ebf7e9f6e9f5e9f5eaf4ebf4ecf3edf3eef2eff1f0f2f2f100000000000000000000000000000000000000000000efeff0ecf1ebf2e9f2eaf3e8f3e8f4e8f4e7f4e6f4e3f4e4f5e5f4e4f6e5f4e4f5e6f5e7f3e5f3e7f2e7f2e6f2e8f2e6f1e6f2e7
CSIX,1495333868,024353490001,-64,6,128,43300400041305150612061207110711080f090f090e0b0e0a0d0b0c0b0e0c0d0d0e0d0f0c100b0f0a0f0a0f080f070f070f060e050e0000000000000000000000000000000000000000000006100511041204130312021302140113011401150117011700170216011501170116021501160215031603160315031703170416
CSIX,1495422343,024353490001,-63,6,128,43300400ea10e910ed11ee10ee10ef10f10ff210f310f312f612f612f613f713f614f514f514f413f512f411f410f410f310f40ef30d00000000000000000000000000000000000000000000f411f110f010ee11ee10ec0feb0fea0de90fe80fe50fe510e60ee610e70ee40fe60fe70ee60fe70ee70fe710e810e610e612e711
CSIX,1495456512,024353490001,-63,6,128,43300400e805e609ea0beb04ea09eb0cf20aee09ef0cf30ef10aef0df20ff40ef00cef10f310f10cf10cf10df30bf109ef0bf20af20600000000000000000000000000000000000000000000ef0cee0ced0bea0aea0aeb0aea08e707e709e708e304e107e609e707e404e007e607e705e207e508e709e505e409e608e406e107
CSIX,1495484204,024353490001,-62,6,128,43300400e901e902eb04ec03ec04ed04ef05ef06f006ef07f108f109f109f109f00af00bf109f109f108f107f107f206f206f205f20500000000000000000000000000000000000000000000ee07ed06ec05eb04eb04ea02e902ea01e801e700e500e5ffe6fee6ffe7ffe4ffe7ffe700e7ffe700e800e701e801e601e501e601
CSIX,1495514281,024353490001,-62,6,128,433004001b041c041bfe1902190018ff1b0017fe14fc16fa11ff13fa14f913f812f414f714f815f915f913fa12fc12fb11fe11fc11fd0000000000000000000000000000000000000000000016fc18fe1afe19011a011b031b061a051b061c071f081f071e081e071d081f081d071c061c071d061d061f061f031f0720051f06
CSIX,1495549814,024353490001,-62,6,128,43300400eaf4ebf5ecf7ecf7edf8ecf8effaeefceffcedfeeeffee00eeffef00ed00ed00ed00edffeffeeffeeffef0fef0fdf1fef2fc00000000000000000000000000000000000000000000edfdecfcebfbeafaeaf9e9f7ebf5ecf5ebf5eaf4e9f2e9f2eaf0e8f2eaf2e8efe9f2ebf4e9f1e9f2e8f4e9f3eaf4e8f1e6f2e9f3
CSIX,1495572891,024353490001,-62,6,128,43300400f614f615f913f913fa13fa12fc11fd11fe10ff11001000100111021001120113011200110010ff10ff0ffe0ffe0fff0dfd0d00000000000000000000000000000000000000000000fd14f914f812f915f713f714f515f616f415f517f318f218f117f217f215f116f216f313f215f316f316f416f515f417f419f517
CSIX,1495632415,024353490001,-62,6,128,4330040017f317f214f113f312f212f210f20ff10ef10eef0cf00bf00bef0aef0bee0cee0cef0cef0bf10bf10cf30cf30bf40bf50bf6000000000000000000000000000000000000000000000ff011f012f114f114f216f316f317f418f419f41cf41bf41bf51bf41bf51cf31af419f41bf31af319f21af218f31bf31cf21bf2
CSIX,1495693540,024353490001,-63,6,128,43300400c6c3c6d4d8e2c6d6d5e8d0dfd9d1c5ebe3d6d0ecc8e7e3f3cce8d8edc6e1ccd9d1e6c9e0d8ede3e4d9e5d9ebd0edebe8e2ea00000000000000000000000000000000000000000000d3fdcdeac8e9b8eac0e6c4e3e2d9ceead8d3a7cdc5b2b6ddbdc0cfc7bcd4ced1d0d0e6c6d0d1c9dfd5cbb6c6e5f1d7d1d2c3c9df
CSIX,1495724519,024353490001,-61,6,128,4330040007e70bec09ed08ea08ea08eb04ee06ee01ed03ea03effdee03ec04ee00ef04eb01ef00ef01ef01ef01ef02f202f202f203f20000000000000000000000000000000000000000000002ea02ec06ec04ea04eb07e908ea09ec0aeb0ee910e80fe90de710e80ce80de70dea0bea0ce90ce80ae60bea0aea0fe609e710e3
CSIX,1495764420,024353490001,-62,6,128,4330040014ee15ee12ed10ef10ee0fee0def0cee0bef0bed09ee08ee08ed08ed08ec08ed08ed08ee08f008f008f108f108f207f308f4000000000000000000000000000000000000000000000ced0eed10ed12ed13ee14ef14ee15ef16ee18ef1aef1aee1aef19ee19f01bee19ef18ef19ee18ee17ed19ed16ee19ed1aed18ed
CSIX,1495812917,024353490001,-62,6,128,4330040014f214f111f110f210f10ff10df20df10bf10bf009f108f008f008f008f008f008f108f107f307f307f307f407f406f507f6000000000000000000000000000000000000000000000cef0eef10f011f011f114f214f010f018f417f119f118f019f015f318f219f117f215f217f117f116f117f015f118f017ef17f0
CSIX,1495846347,024353490001,-61,6,128,43300400ebeceaedebefecf0ebf1ecf1edf3edf5eef6ecf6edf8edf9ecf8edfaebf9ecf9edf9edf9f0faf0f9f1f9f1f9f1f9f3f9f3f900000000000000000000000000000000000000000000ebf6eaf3eaf2eaf0eaf0ebeeebedebedebebebeaeae8e9e8ebe8eae9ece9eae7ebe9ebeaeae9eaeae9ebe9eaeaece9e9e7e9e9e9
CSIX,1495872523,024353490001,-62,6,128,43300400150e160d140b130b130a120a110812071006120510041003110311021102110210020f030e020e030d030c020c030b030a030000000000000000000000000000000000000000000013051407140815091409150c140c130d140e150e161016111511160f14101611150f140e170f150f160e170f150d170f190f180f
CSIX,1495904179,024353490001,-62,6,128,43300400ea0aea0bec0ced0aee0bee0bf109f10cf30bf30df40cf50df50df60cf50ef50df60df50df60bf50cf60af70af70af709f60900000000000000000000000000000000000000000000f20eef0cee0ded0cec0cea0aea09ea0aea09ea0ae60be60be70ae70ce709e50ae70be80ae70be90ae70ce70bea0de70de60fe50d
CSIX,1495933313,024353490001,-62,6,128,43300400e600e600e802e902ea03ea03ec03ed04ee04ee05ef05ef06ef06f007f007f007f106f106f205f205f304f304f304f403f40200000000000000000000000000000000000000000000ed07eb06ea05e905e904e802e702e802e701e601e4ffe3ffe4ffe400e5ffe300e400e600e400e501e501e401e501e300e201e300
CSIX,1495966724,024353490001,-62,6,128,43300400ebedeaedebf1edf1ecf3ecf3eef5edf6eef7ecf8eef9eefbedfbeffbeefbeefbeefceffcf0fcf0fcf1fbf2fdf2fcf3fcf3fb00000000000000000000000000000000000000000000ebf7ebf4ebf3eaf1ecf1ebefebefebefeceeebeeeaebe9ebeaebeaebebebeaeaeaebebede9ebeaece8ede8eceaeee8ebe6ebe8eb
CSIX,1496027964,024353490001,-62,6,128,43300400e910e912ee12ee0eee0fed0eef11f212f513f611f60ff60ff611f713f813fa13f910f80ff70ff60ff70ff70ff70df70df70c00000000000000000000000000000000000000000000f315f114ef15ee14ed14ec12ea13ea13ea13e814e513e513e611e512e611e314e612e813e712e712e712e613e514e415e516e712
CSIX,1496053962,024353490001,-62,6,128,43300400e90ceb0ced0fee0cee0def0df00cef0ff10af30cf60df60ef60ff60ff810f710f60ff70ff70ef60df70cf60cf60cf70bf60b00000000000000000000000000000000000000000000f20fef0eef0eed0eed0dec0deb0deb0be90de80de60de70ce60ce60ce70ce50ee70ce80de60de70de80ee70ee80de60de60ee60d
CSIX,1496082573,024353490001,-62,6,128,43300400e6fce5fde8fee9feeaffeaffec00ec01ed01ec03ee04ef05ee05ef06ee06ee07ee07ee06ef06ef05ef04f004ef03f103f10200000000000000000000000000000000000000000000eb03ea02e900e7ffe9ffe7fde7fde7fde6fce6fbe3fae3fae4f9e3fae4fae3f9e4fae5fbe3fae4fbe4fce3fbe5fce2fae2fbe3fb
CSIX,1496112512,024353490001,-62,6,128,43300400f817f918fc16fb15fc15fd15fe13fe13001101130211031104120411051205120412031203110312011001100110010fff0f000000000000000000000000000000000000000000000014fe16fd15fc17fb16fa18f917f817f718f819f61bf61cf51af61bf51af51bf51af618f61af619f619f61af818f71af71cf71b
CSIX,1496142312,024353490001,-62,6,128,43300400fd1bfe1c0018001801180117021404140413051406120712081308120913091309130813071107120512061005110410031000000000000000000000000000000000000000000000051602180118001bff19fe1bfd1bfd1bfb1bfc1cfa1ffa1ffa1efb1ffa1df91efa1efb1cfb1ffb1dfd1dfb1ffd1cfb1efd20fc1f
CSIX,1496172963,024353490001,-62,6,128,43300400e50ae60be90cea0aeb0beb0bee0bef0cf10cf00ef30ef40ff40ff411f411f312f311f311f30ff20ff20ef20df20df30cf20b00000000000000000000000000000000000000000000ee0fec0deb0de90de80ce80be60ae709e60ae40ae20be20be209e20be409e00ae30ae40ae30ae30ae30be20be40be30ce10ce20b
CSIX,1496265254,024353490001,-62,6,128,4330040019fd19fc17fb16fc17fb16fb13fa13f812f912f611f610f511f611f511f512f512f512f611f711f811f910f911f90ffa10fb0000000000000000000000000000000000000000000012f713f914fa16fa16fb17fc18fd17fd19fe19fe1cfe1cfe1cff1cfe1aff1dff1bff1afe1bff1bff1afe1cff1afd1cfe1dfd1cfd
CSIX,1496292526,024353490001,-62,6,128,43300400e503e505e606e805e805e906eb06ec08ed07ed0aee0aef0bef0bef0dee0ded0dee0ced0cef0aee0aef09ef09ee08f008ef0600000000000000000000000000000000000000000000ec07ea05ea04e804e904e802e702e701e601e500e200e200e3ffe200e4ffe100e300e500e300e400e401e301e502e301e203e302
CSIX,1496327244,024353490001,-62,6,128,4330040012f013f00ff00ef10ff00ef00df10cf00af10aef09ef08ee08ee08ef08ed09ee09ed0aee09ef09f00af00af20af20af20cf3000000000000000000000000000000000000000000000af00cf10df10ef10ef210f111f211f212f212f215f215f115f314f214f316f214f213f314f213f313f112f211f314f114ef13f0
CSIX,1496355307,024353490001,-62,6,128,4330040018fb17fa17f915fa15f914f912f911f811f811f610f60ff60ff50ff40ff411f410f510f50ff610f610f710f910f90ff90ffb0000000000000000000000000000000000000000000010f711f812f813f913f913fa15fb15fb16fb17fc1afd1afd1afe1afd18fe1bfd19fd18fd19fd19fc18fc1afb18fb1afc1bfb1afb
CSIX,1496384984,024353490001,-62,6,128,43300400f918f917fb16fd16fe15fc15fe13ff140012001502130313021404130314021503140215021400140012ff12fe13fe11fd10000000000000000000000000000000000000000000000011fc11fd14fd14fd13f915fa14f713f814f716f518f618f616f717f616f419f615f617f816f615f915f816fa16f718f918f918
CSIX,1496418821,024353490001,-62,6,128,43300400e809e809ea0aeb09ec0aed0aef0af00bf00af00cf10cf30df20df30ef20ef10ff20ff10ef20df10cf20bf20af10af209f20800000000000000000000000000000000000000000000f10bef0aee09ed09ed09eb08ea08ea07e907e807e406e507e505e606e705e406e605e805e607e707e707e707e807e507e509e609
CSIX,1496444613,024353490001,-62,6,128,43300400f819f91afb19fa18fb18fb17fd15ff16fe140016011302130314041404150416041603150314021501130014ff14ff13fd1200000000000000000000000000000000000000000000ff15fd15fc16fb17fb16f917f818f817f818f619f31bf31af418f819f417f31cf41af719f61bf61af71af71bf71af51cf61cf61c
CSIX,1496479428,024353490001,-62,6,128,43300400eeebecebedefeeefedf0eef0eff2eef4eff5ecf6edf7edf9ebf8ecf9eaf9ebf9ebf9ebf7ecf7edf7eef6eef7eef6f0f6f1f500000000000000000000000000000000000000000000edf6ecf3edf2ecf0eef0edeeeeedeeeceeebedeaece8ece7ede7ece7eee7ede6eee8efe9ede7eee9ede9ede8eeebece9ebe8ebe8
CSIX,1496535413,024353490001,-62,6,128,4330040019001aff17fd17fd17fd16fc14fb14fa12fa13f712f611f612f511f613f513f413f513f612f712f712f812f912f911fa11fb0000000000000000000000000000000000000000000013f915fb16fc17fc16fd18ff18ff18ff1a001b001d011e021d021d011d021e031d031b021e021b031c011c021a011c011e001d00
CSIX,1496563965,024353490001,-62,6,128,433004000a170b180c150a140b130b120b0e0d0e0d0e0f0e0e0c0f0b0f0c100a110b120c110b110c100b0f0c0f0c0d0c0d0d0c0d0b0d000000000000000000000000000000000000000000000e100c120c130c150b150a170a18091809190919081c081d071c081c071b081d071a0819081b0a1a0a1a0b1b091b091c0a1d091b
CSIX,1496595497,024353490001,-62,6,128,43300400ec11ed12f012f110f211f210f410f511f710f712f911fa12fa13fa12fa15fa14fa14f913f912f812f711f811f711f710f60e00000000000000000000000000000000000000000000f613f412f312f113f212ef12ef12ee12ed12ec13ea14ea14e913ea14ea11e813e912eb11e912ea12ea12ea12ec12eb13ea14ea14
CSIX,1496624315,024353490001,-62,6,128,43300400edf2edf3eef4eef6eff7edf7f0f9eef9effaeefbeffceffdeefdeeffedfeecfeecfeedfdeefeeefdeffcf0fdeffbf0fbf1fa00000000000000000000000000000000000000000000ecfaebf6ecf7ecf6eef6edf5edf4edf2eff1eaf0ecefe9eeedeeebeeecedebeeecf0ecefecededf0ecf0ecefecf1edf0ebefeaf0
CSIX,1496656537,024353490001,-62,6,128,43300400edf3edf4edf6eef7eef7eef9effaeefbeffceefceffeefffeeffee00ed00ec00ecffedffeeffeefeeefeeefdeefceffcf0fb00000000000000000000000000000000000000000000edfbedf9ecf7ecf7ecf6ecf4ecf4ecf4ecf3ebf2eaf0eaefebefeaf0ecf0eaeeebf1ecf1ebf0ebf1ebf1ebf1ecf2ebf0ebf0ebf1
CSIX,1496682740,024353490001,-62,6,128,4330040018f818f716f615f814f614f611f610f510f40ff20df30df20df10df10eef0eef0ef00ef00ef10ef20ef30ef410f30ef50ff60000000000000000000000000000000000000000000012f514f714f715f715f817f917f917fb19fa1afa1cfa1dfb1dfb1cfa1bfb1dfa1bfb1afa1cfa1bfa1afa1bfa19f91cf91df91cf9
CSIX,1496712625,024353490001,-62,6,128,4330040009e809e806ea06eb06eb04ea03ec01ec01edfeebfdedfcedfcecfbecfbeafbeafbeafceafdebfeebffecffec00ec00ec02ed0000000000000000000000000000000000000000000001ea03ea04ea05e905ea07e908e809e909e80ae70ce50ce40de50ce40de60ee40ce60be70de50de60ce60ce50be70ce60ce50ce5
CSIX,1496762754,024353490001,-62,6,128,43300400e8fde3f7f80de001e9fce802e116f702ea08f40ade0eee01eb03f100defded06ec07ec04f002ec04ee01f002ec02ef02ef0000000000000000000000000000000000000000000000ef02ecfeec04eaffebfeeafdecfaebfce9f9ecfadcefe4f4e3fae0f9efe6e1feecf6ee02d7faeef8e8f0f0f6d3f1e0fadd00eaf5
CSIX,1496805284,024353490001,-62,6,128,433004001afe19fd18fc17fc16fb16fb14fa13f812f813f611f510f411f411f412f313f312f313f412f512f612f712f812f811f911fb0000000000000000000000000000000000000000000013fa15fc16fc17fd17fd17fe18ff180019001a001c021d021c021d011b021e021b011a011c011b011b001c001bff1d001dff1cff
CSIX,1496833561,024353490001,-62,6,128,433004000cec0cec0aec09ee08ed08ed06ef05ee04ef04ed02ee01ee01ed01ed01ec01eb02ec02eb02ed02ed0bf407ee04eb04ef06f00000000000000000000000000000000000000000000005ed07ee08ee09ed09ed0bed0ced0ced0ded0dec10eb10eb10ec0feb10ed10eb0fec0eec0feb0eec0eeb0feb0dec0feb0fea0feb
CSIX,1496862237,024353490001,-62,6,128,43300400f011f111f312f310f410f511f70ff810fa10fa11fb10fc10fc12fd12fc13fb14fb13fb13fb12f912f910f910f90ff80ff70e00000000000000000000000000000000000000000000f710f610f510f410f310f310f210f210f010ef11ed12ed12ed11ed12ed10eb12ed11ee10ed11ee11ef11ee12f012ed12ed13ee12
CSIX,1496921929,024353490001,-62,6,128,43300400160516041503140314021401120012ff12ff13fe11fd11fc12fc12fb13fb14fc13fc13fc12fd12fd11fe11ff1100100110020000000000000000000000000000000000000000000012001201130214021303140414041405150516061808180917091709160918091708160817081707170718071706180819081807
CSIX,1496937723,024353490001,-62,6,128,433004001709160712091406120812041303130112031202130111ff11ff13fe14fe12ff14001301120011021102110311050f030e06000000000000000000000000000000000000000000001201120212031505120314041605160512071409170b180c190b180a1609180c1609140a180b170d130b15071609160d170d180c
CSIX,1496962963,024353490001,-62,6,128,43300400111311131110100f110f110e100b110a10091208120612061306140515061506150715071307130912091109110a100a0e0b00000000000000000000000000000000000000000000110b100d100e100f100f0f110f120f121013111411171117101711170f1610181017101410171016111511161114121713171216
CSIX,1496989310,024353490001,-62,6,128,43300400150616061405150413041302130311ff120012fd0ffb11fb13fe12fb14fb14fc14fc12fc12fd14ff11fd10fe11fe11010f03000000000000000000000000000000000000000000001203130512061308130714091309130a130b140b160d160d160d160c140d160d150c140a150b150b150a160a15091709190a1609
CSIX,1497026005,024353490001,-62,6,128,43300400f318f419f819f716f817f916fa16fc16fc15fe17fe15001500160116021700190018ff180015fe16fd15fd14fc14fb13fa1300000000000000000000000000000000000000000000fb17f817f617f618f517f417f416f317f318f118ed1cee1bee19ef1aee18ed1bf019f019f01bf11af119f11af119f01bf01cf11b
CSIX,1497068630,024353490001,-62,6,128,4330040000160117021502140314031303110511040f0710070f080f0910090f0911091108120811071006110510050f0411030f020f000000000000000000000000000000000000000000000611041203120314021302140115011500160116ff19ff1afe19ff19fe18fd19fe18ff17fe18fe180017ff180016001801190019
CSIX,1497102242,024353490001,-62,6,128,433004000f0b120e1106140d120a12071006110410031004100212011201100115021100150011031104100311051004100510050e060000000000000000000000000000000000000000000011070f05130912061108130b120a130d120c130d140f15110f0f100d110e160b1415150e1710160c100d1412100c130f130f130f
CSIX,1497132250,024353490001,-62,6,128,43300400e702e703e905ea04eb06eb05ed06ee07ee08ee0aef0af00bef0cef0dee0ded0dee0ded0cee0aed09ee08ed08ed07ee06ee0400000000000000000000000000000000000000000000eb06ea05e904e803e802e801e701e701e600e400e1ffe2ffe3fde3fee5fde1fde4fee5ffe4fee5ffe6ffe500e601e400e401e501
CSIX,1497165007,024353490001,-62,6,128,43300400e7f9e6fae8fbeafce9fde9fdecfeec00ec00ec02ec03ed05ec05ec06eb06ea06eb05ea04ec03eb02ec01ec01ec00edffeefe00000000000000000000000000000000000000000000ecffeafdeafde8fceafbe9fbe9f8eaf8e7f9e8f7e4f6e5f7e5f6e5f6e7f6e3f5e6f6e7f5e4f6e6f6e6f7e7f7e6f9e5f7e4f8e4f7
CSIX,1497192672,024353490001,-62,6,128,4330040017091808160515061504150313021300120013fe12fd12fc13fb13fa15fa15fb15fb15fc14fc14fd13fe13ff13001200120000000000000000000000000000000000000000000000140214041606170514051708170717081809170b1a0d1b0e190e190d190d190e180d170b180c180c180b180c170a190b1a0b1a0b
CSIX,1497231313,024353490001,-62,6,128,43300400f415f415f715f613f814f913fb12fc12fd12fe130012011201140213021502160215011500140014fe13fe12fd12fd12fc1100000000000000000000000000000000000000000000fb14f914f714f516f614f414f415f315f315f117ef18ee18ee17ee17ef16ed17ef16f015ef16f016f116f017f215f117f118f117
CSIX,1497256342,024353490001,-62,6,128,43300400ec0aeb0eef08ed08ef0cf606f60cf10afa0af80bf507000cfb17010efa11f90ef113f80df811f50ff80af808fb10f414ef0c00000000000000000000000000000000000000000000ee0af20aee07e90cee04ee05ea08ec07eb09ef08ea06e709e805e507e805ea06ea08eb05e50ae605f208e20bee0fe60be705e711
CSIX,1497282326,024353490001,-62,6,128,4330040006180717091608140914091309100a0f0a0f0d0e0d0c0e0c0e0c100c110d110e100e0f0e0f0d0e0f0d0e0c0f0b100b0f090f000000000000000000000000000000000000000000000a1209130814081508150716071706170719061a051d051d041d051c041b041e041b051b051b051b061a061b071a061c071c071b
CSIX,1497343566,024353490001,-62,6,128,43300400eaf0eaf1eaf4ecf4ebf6ecf6edf8ecf9edfaebfcecfdecffebfeebffe9ffe9ffe9fee9fdebfdebfbecfbecfbecfaeefaeff800000000000000000000000000000000000000000000ecf9ebf7ebf5eaf4ebf4ebf1eaf1ecf0ebefeaefe9ece9ece9ece9edebece9ebeaedebeeeaedeaede9eeeaedeaf0e8ede7eee8ee
CSIX,1497402745,024353490001,-62,6,128,4330040016f316f313f112f212f111f10ef20ef10df00cee0aee09ee0aec0aec0beb0ceb0beb0dec0ced0dee0ef00ef00ef10df10ef3000000000000000000000000000000000000000000000ef010f111f113f112f214f216f316f317f418f21af21bf21af31af319f41cf319f419f41af31af418f31af317f219f21bf119f1
CSIX,1497436694,024353490001,-62,6,128,4330040007e606e703e704e903e902ea02ecfdec02ebfceafcecfaecfaebf9eaf9e9f9e8f9e9fbe8fceafce9feeafeeaffebffeb01ec0000000000000000000000000000000000000000000000ea02ea04e904e805e908e708e809e809e70ae60ce40ce40ce60be50ce60ce40ae50ae70be50ae609e50ae509e60ae50ae309e4
CSIX,1497462270,024353490001,-62,6,128,4330040002170417051405130513061306110711080f0a100b0e0c0e0c0f0c100d110d110c110b120a11091107120711071106100410000000000000000000000000000000000000000000000710061204130414031202150215001601160217011a0119011a021a0019ff1b00180018011701180218001902170319031a0318
CSIX,1497493226,024353490001,-61,6,128,43300400e70bf10def0cef09ef0cf40ff510f90ff113f60efe14fe11f70ef410f612f616f80ff513f713f613f50ef50bf20ff211f40e00000000000000000000000000000000000000000000f109f10bed0bed0aec08ed06eb0beb0ae909ea07e809e408e708e806e707e40be808e80cea08e908ea0deb07ef09e80ae80be80b
CSIX,1497522440,024353490001,-62,6,128,43300400f8eaf7eaf7ecf7edf7eef4eef4f1f4eff5f0f1f0f3f2f0f2f1f3eff3f1f1eff1eff0f1f0f2f1f3f0f4f1f4f0f4edf5f1f8ef00000000000000000000000000000000000000000000f6f0f7edf7edf7ecf7ebf7eafaecfbeaf9eafbe8fbe5fce6fbe7fbe6fce8fae6fae7fce8f9e8fae9f9e7f9e8f9e9f9e7f7e7f8e8
CSIX,1497552740,024353490001,-62,6,128,43300400e502e603e704e904ea04eb05ec05ee07ee08ee0aef0bf00cef0def0dee0eed0eee0eed0dee0bed0bed09ed09ec08ed07ed0500000000000000000000000000000000000000000000ec08eb06e905e805e804e702e702e701e601e400e200e2ffe3ffe2ffe4ffe100e400e501e300e300e401e301e401e101e101e200
CSIX,1497582634,024353490001,-62,6,128,43300400efecefeceeeff0f0eff0eff2eff4eef5eff6ecf8edf9edfaecfaeafaeaf9e9f9e9f8eaf8ecf8ecf7edf7eef7edf5eff5f1f500000000000000000000000000000000000000000000eef4eff2eff0efeff0eef0edf0ecf0ecf1ebefeaefe7efe7f0e7efe7f0e8efe6f0e8f0e9efe8f0e9eeeaefe9efebeee9ede8eee8
CSIX,1497612509,024353490001,-62,6,128,43300400f8e7f6e7f6eaf7ebf5ebf5ecf5eef4f0f3f1f1f1f1f2f0f4eff3eff3eef3edf2eef2eff1eff2f0f1f1f1f2f2f3f0f3f1f5f100000000000000000000000000000000000000000000f4edf6ebf7eaf7e9f8e9f9e8fae8fae7fae6fae5fbe3fbe2fce4fae3fce5fbe3fbe5fae6fae5f9e6f8e5f9e5f8e6f8e4f6e3f8e3
CSIX,1497643848,024353490001,-62,6,128,43300400e905e806eb07ec06ed07ed07ef08ef09f109f10bf20bf30cf20df20cf00df00ef10df00cf10bf00af109f108f008f207f10600000000000000000000000000000000000000000000f00aee09ed08eb08ec07ea06ea05ea05e904e805e604e605e604e605e703e503e704e904e704e804e805e704e905e706e506e706
CSIX,1497673737,024353490001,-62,6,128,43300400eb0aeb0aed0aee0aee0af10af10df208f409f40cf50df60df60ef60ff60ff511f610f40ff50ef40ef40cf40cf30bf50af40900000000000000000000000000000000000000000000f20df00cee0bed0bed0bec09eb09eb09ea08e909e708e708e707e708e907e709e908ea09e909e90ae909e909ea0ae80be70be70b
CSIX,1497703855,024353490001,-62,6,128,43300400091809180a150a140b130a130a100b0f0c0e0e0d0e0c0f0b100c100b110d110d110d100d0f0d0e0d0d0d0c0c0c0d0b0d090d000000000000000000000000000000000000000000000c110a1309140916081508170717061706190619061c061c051b071b061b061c061a0719071a081a0919091b0919091b0a1c091c
CSIX,1497734888,024353490001,-64,6,128,433004001fb801a3feb200d700bff3c9f7c1fed2efbff4bcf5c5f1d2f2cadbb8e0bcebc0e9bbedc0e1c6e5bbefc7f1cafcbbebc6fdc500000000000000000000000000000000000000000000f9d513c313c325bf20c91bd01ebe24c333be29bc30b740b82bc32aad22c13ea62bc01dd033b61eb932c731c21bb026ab16b71db6
CSIX,1497770195,024353490001,-62,6,128,433004001cfa1cf919f818f917f817f813f713f612f612f40ff30ff210f10ff110f011f010f111f110f210f310f40ff510f50ff60ff80000000000000000000000000000000000000000000014f416f617f718f718f81afa1afa1afa1bfb1cfb20fc1ffc1efd1ffc1efc20fc1dfb1cfa1efa1efa1df91ff91df920f921f920f9
CSIX,1497799592,024353490001,-63,6,128,43300400e406eb01ea0ae909f706f105ee03ef07f011f00cf70cf90bf20af710f00cf00df10cf10ef011ec0df30af506f003f509f20500000000000000000000000000000000000000000000f50ff109ef0df10bed07ee0ce60ceb0beb03e609e503e70be809e407ea04e506ea06eb07e507e900eb04e20eed09eb0ae706e10d
CSIX,1497824344,024353490001,-62,6,128,43300400e607e607e809e907ea07ec08ed08ee09ef09ef0af10bf20bf20cf20df10ef10ef10ef10df20cf10cf10af109f109f208f20700000000000000000000000000000000000000000000ed0beb09ea09e908e907e807e706e706e705e505e304e304e403e404e503e304e504e605e505e606e607e507e607e306e107e307
CSIX,1497852498,024353490001,-62,6,128,43300400ef14ef14f214f212f413f512f610f811f910fa11fb10fc11fd12fd11fe13fd13fe12fd12fe11fd12fc10fb10fb10fb0ffa0e00000000000000000000000000000000000000000000f814f615f414f315f214f114f014f013ef14ed14ec15eb15eb14ec15ed13eb15ed14ee14ed15ef15ef16ee16ef15ed16ed19ed17
CSIX,1497885987,024353490001,-62,6,128,4330040005e604e602e702e902e901ea00ecffecfeedfcecfaeff9effaeef8eef9ecf9ecf9ecfaecfaeefbedfceefdeffceffdf0fef100000000000000000000000000000000000000000000fdeaffea00e900e801e803e703e705e705e605e606e307e307e406e307e507e206e506e506e406e405e405e404e505e305e105e2
CSIX,1497912639,024353490001,-62,6,128,4330040015f216f113f113f212f211f20ff30ef20cf20bf00af009f009ef08ef09ee09ef09ef09ef09f009f00af10af30af209f30af4000000000000000000000000000000000000000000000eef10f011f013f013f116f116f216f317f318f31bf31bf31bf51af319f51bf319f317f319f318f217f118f217f219f11af01af0
CSIX,1497944125,024353490001,-62,6,128,43300400fae2f9e2f7e5fae7f8e8f8e8f7ecf6ecf6eef4eef4f0f3f1f2f0f1f1f1f0f0f0f1f1f1f0f3f0f2f0f4f0f4f1f5f0f5f1f6f100000000000000000000000000000000000000000000f5eaf6e8f7e6f8e6f9e6fae5f9e5f9e3fce2fce2fcdefddefedffce0fde0fddefde1fce3fde0fbe2f9e1fae0f8e1fae0f9ddfadf
CSIX,1497972732,024353490001,-62,6,128,43300400f6eaf5eaf4ecf6edf5eef5eef5f1f5f2f5f2f3f3f3f4f3f6f2f5f1f6f0f5f0f5f1f5f1f5f2f6f2f5f3f5f4f5f5f5f6f5f7f500000000000000000000000000000000000000000000f3f0f4eef5edf5ecf6ecf7eaf7e9f8eaf8e9f9e7f9e5f9e5fae6f8e6fae8f8e6f8e8f7e9f7e8f7e9f6e8f6e8f6e9f6e7f5e6f7e7
CSIX,1498002964,024353490001,-62,6,128,43300400ea0eea0fec10ed0eef0fef0ff20ef30ff40ff510f60ff710f811f811f812f813f813f812f810f810f70ff70ef60ef70df60c00000000000000000000000000000000000000000000f110ef10ee0fed10ed0fea0fea0fea0ee80ee60ee40ee40de50ce40de60ce40ee60de80de70ee80fe810e710e810e610e510e610
CSIX,1498033639,024353490001,-62,6,128,4330040018ff18ff15fd13fd13fb13fb11fc11fa0ffa10f80ef70df70ef60ef60ff610f50ef60ff60ef60ef70ef80ef90ef90dfa0dfb0000000000000000000000000000000000000000000012f913fa14fb15fc16fb17fd17fe17ff17ff19001b001b011a021a0019011d02180117ff18ff1aff18fe1a0019fe1aff1cfe1aff
CSIX,1498063115,024353490001,-62,6,128,43300400f5e6f4e7f3e9f5ebf4ecf4ecf4eff3f0f3f1f1f1f2f2f0f4f0f3f0f4eff3eef3f0f3eff3f1f3f2f2f3f2f3f3f4f3f5f3f6f200000000000000000000000000000000000000000000f2eef2edf3ebf3eaf4eaf5e8f5e8f7e7f7e7f6e6f7e3f7e3f8e3f6e3f8e5f7e2f6e5f6e6f6e4f5e5f4e6f4e4f4e6f4e4f3e2f5e3
CSIX,1498092385,024353490001,-62,6,128,43300400e0f9e2fff0fae600e8fde8feed03ec02ec00ea03fdfbef09ed09eb05dff8ea06eb05ee05ea0aef06ee05ed03eb03ee01ef0200000000000000000000000000000000000000000000e900e800f0ffe6fee8fce7fbe8f1e5fae6f9e6f9eef3e3f9e4f6e3f8e0f6e2fae7f8e5fcddf7e4fbe5fce2feea08dffbdffae2fc
CSIX,1498124286,024353490001,-62,6,128,43300400f6ebf5ebf4edf5eef5eff5f0f5f2f4f3f3f3f2f4f2f6f1f7f1f6f0f7f0f6f0f5eef7f0f4f2f5f5f4f3f5f3f5f3f7f5f4f6f400000000000000000000000000000000000000000000f2f2f4f0f4eff4edf4eef5ecf5ebf6ebf6eaf6e9f6e6f5e7f6e7f5e7f7e8f6e6f6e8f6e9f6e8f5e9f5e9f5e8f5e9f4e7f4e6f5e7
CSIX,1498188368,024353490001,-62,6,128,4330040018fb18fb16f815f914f813f710f810f60ff60ff50ef40df40ef30ef20ff110f10ff20ff20ef30ff40ff50ff70ff80ef80ef90000000000000000000000000000000000000000000013f513f715f816f816f817fa18fa18fb19fb1afc1cfc1cfc1cfd1cfd1afd1dfd1afd19fc1bfc1afa1afa1bfa19fa1cfb1dfb1bfb
CSIX,1498213033,024353490001,-62,6,128,43300400071708170a1509140a130a120a100b0f0a0e0d0e0d0c0d0b0f0c100b100c100d100d100d0e0d0e0e0c0d0c0e0b0e0a0d080d000000000000000000000000000000000000000000000b110a1209140915081508160717071606170619061b071b061b071a0619061c06190619071a08190919081a0819081b0a1c081b
CSIX,1498277721,024353490001,-63,6,128,4330040017fa18fb15f914fb13f913f912f70ff510f60ef50cf30df40ef10cf40ff110f20ef10ff20ff40ff30ff50ff610f60ef80ef90000000000000000000000000000000000000000000013f713f915f915fa16fa18fb16fb17fb19fd1afc1afe1c011bff1afc19ff1dfe1afd19fe19fd19fe18fb1cfa18fa1bfc1bfc1bfb
CSIX,1498332727,024353490001,-62,6,128,43300400edf2edf3eef5eff6eef6eff7f0f8f0faf0fbeffceffeeffeeffeeefeeefeedfeeefeedfdeffdeffbf0fbf1fcf1faf2fbf3fa00000000000000000000000000000000000000000000eefaeef8eef7edf6eef6eef4eef2eef3eff2edf1edf0ecf0edf0ecf1eef1ecefedf1eef2edf1edf1ecf1ecf1ecf3ebf1eaf1ebf0
CSIX,1498392355,024353490001,-62,6,128,4330040014f114f011f010f10ff00ef00df10cf00af009ee07ef06ee07ee06ee07ec07ec08ed08ee08ef09f009f009f109f108f309f4000000000000000000000000000000000000000000000bef0eef0fef10ef10f013f013f113f214f215f117ef17f017f017ef16f118f016f115f017f016f016f017f014f017ef18ee18ef
CSIX,1498423896,024353490001,-62,6,128,43300400e90cea0eec0eed0cee0def0ef10df10ef30ef30ff50ff610f511f612f512f512f411f411f50ff40ff30df40df30cf40bf40a00000000000000000000000000000000000000000000f10fee0eed0deb0dec0cea0ce90be90ae90ae80be60be60be70ae70be70ae50be70ae80be70ce80be80de70de90de70ee60fe70d
CSIX,1498473055,024353490001,-62,6,128,43300400e604e705e806ea05ea07eb07ed07ed09ef08ee0af00af00bef0bf00cef0dee0df00cef0bf00af009f009f008f007f106f10500000000000000000000000000000000000000000000ec09eb08e907e906e805e704e704e703e603e402e202e202e302e302e501e102e402e502e303e303e404e304e404e203e104e303
CSIX,1498488245,024353490001,-62,6,128,433004000b170a180e1510140c150d130e140f110e0f1010100d110d110e120d120e120e120e100f0f0d100e0d0e0d0e0d0e0c0d0a0d000000000000000000000000000000000000000000000e130c150c160c180c170919081a081a081b081b0820081e091d091d081d061f081e071c091f0b1c0b1d0a1d091b0c1f0c1d0c1f
CSIX,1498544876,024353490001,-62,6,128,43300400f914f915fb14fb13fc13fc13fe11ff11ff10001201100211021103110312031202120212021100110010ff0fff0fff0efe0e00000000000000000000000000000000000000000000ff12fc13fb13fa14fa14f814f814f714f614f615f416f516f415f516f515f417f516f715f616f716f616f716f816f617f618f617
CSIX,1498575158,024353490001,-62,6,128,43300400fbe7fae8f9eaf9ecf8ebf7edf7eef6eff7f0f4eff4f1f4f2f3f1f2f2f1f1f1f0f2f1f2f1f3f1f3f1f5f1f5f2f6f1f7f2f8f100000000000000000000000000000000000000000000f7ecf8eaf8eaf9e9fae9fbe7fbe7fde7fce7fde5fee4fee3fee4fde3fee5fde2fde5fde5fde4fce4fae5fae3fbe5fce3fce2fce4
CSIX,1498602467,024353490001,-62,6,128,43300400e7fee7ffe7ffea00ea02ea03ec03ed04ee04ed07ef07ee08ee09ee09ee09ed0aee0aee09ef06ee07ee05ef05ef04f004f00300000000000000000000000000000000000000000000ea02e900e800e8fde7fee7fbe7fbe7fce8fde5fae4fae3fae5f8e4f9e6f9e5f8e7fae6fbe5f9e5fce7fbe2fbe4fce4fbe2fae5fc
CSIX,1498633187,024353490001,-62,6,128,43300400160117ff15fe14fe15fe13fc11fd10fb11fa11f910f70ef710f70ff610f613f710f510f810f611f70ff70ffc0ff90dfc0efc0000000000000000000000000000000000000000000013f814fa15fb17fb17fc17fe18ff180019011a001c011c011c021b011b021c031b0119011b021a021a011b0219011b011c011c02
CSIX,1498662354,024353490001,-63,6,128,43300400e603e604e906e906ea06ea07ed07ed08ee08ed0af00bf00cef0cf00cef0def0eef0def0cf00bef0cef09f009ef09f108f00600000000000000000000000000000000000000000000ec0aea09e908e707e707e505e404e504e403e303e103e102e101e102e201df01e101e303e102e202e203e102e404e102e003e203
CSIX,1498694659,024353490001,-63,6,128,43300400170817071705160416031502140113ff13ff14fd12fc11fb13fb12fa13f913fa13fa13fa13fa13fb12fc11fd12fd10fd11fe00000000000000000000000000000000000000000000160217031705190618071a091a0a180a190b1a0c1c0e1c0e1b0e1b0d1a0d1c0e1a0e190c1b0d1a0c1a0a1b0c190a1b0c1c0c1b0c
CSIX,1498727528,024353490001,-63,6,128,433004000c140d150e110d110e0f0e0f0e0d0e0c0e0b100a0f08100711071107120713071307120811071108100910090f090e0a0c0a00000000000000000000000000000000000000000000110e11101011101410140e160e170d170c180d190d1b0d1b0c1b0e1a0c1b0d1c0d1a0d190d1a0d190e190e1a0d170e190e1a0d19
CSIX,1498782627,024353490001,-63,6,128,43300400130e130e140a130913091308120612051203130212011200120013ff13ff150014ff13011201120112021102120210020f0300000000000000000000000000000000000000000000150615081509160b160b150e160f1410151016111713171217131812151217141613161116121612151117111511171318121712
CSIX,1498842621,024353490001,-63,6,128,43300400fa15fd14fe150014ff120011ff0f050f020f04100610050f060f080f0710091108110710070f06100410040f0410030f020e000000000000000000000000000000000000000000000114011400140017fd16fe16fb17fb17fa16fa19f71cf61af71afa1af919f81cf719f71af91bfa18f819fa18fa18f619f818fa16
CSIX,1498905503,024353490001,-63,6,128,43300400ff180017021602140315031304110612060f070f080e090e090e0b0e0c100c100c0f0c0f0b0f0a0f0a0f090f080f070e060f0000000000000000000000000000000000000000000005150317021801190119ff1bfe1afe1afd1bfd1cfb1efb1ffb1dfb1efb1bfb1ffc1cfc1bfc1cfd1cfd1cfe1cfe1bfc1dfd1dfd1c
CSIX,1498932794,024353490001,-62,6,128,43300400ef06ea12ee16ef14f304f215f1f5f611f50afc1afe18fe16f70bfc12edfefd15f90cfb14fd14fa12fa0ef90ef70af80ff80d00000000000000000000000000000000000000000000f20bec0feb0eea0eeb09e80ceb09e50fe506e90ce913e707e70de400e500e205ea11e402e106e404ed0fe306fa0ee00ded0de410
CSIX,1498993264,024353490001,-63,6,128,43300400e9f5e8f7e9f8ebf9eafaebfbecfcecfeedfeec00ed01ee02ec02ed03eb03eb04ec03ec03ed02ed03ee01ee01ed01ef00efff00000000000000000000000000000000000000000000e9fce8fae9f9e7f7e8f7e7f5e8f4e9f3e8f2e7f2e5f0e5f1e6f0e5f0e7f0e6eee7f0e9f2e7f0e8f1e7f3e6f1e8f4e6f2e5f3e7f3
CSIX,1499025108,024353490001,-63,6,128,43300400e600e600e802e902ea04ea03ed04ed05ee05ee07ef07f008ef09f00aef0aee0aee0aef0af009ef09ef07f007ee06ef06f00400000000000000000000000000000000000000000000ea07e905e804e703e703e600e601e600e500e4ffe2fde2fde2fce2fde4fde1fde3fde5ffe3fee4ffe400e3ffe5ffe3fde2fee3ff
CSIX,1499054281,024353490001,-63,6,128,43300400eb00eb03ed04ee03ed06ed05f006ef07f006f008f108f209f20bf10df30ef00ff10ef110f20ef00ef30ef10ef10bf30bf20a00000000000000000000000000000000000000000000ee08ec07eb06eb06ea06e903e902ea02e902e902e700e700e9fee600e800e6ffe801ea00e6ffe7ffe902e600e800e501e604e802
CSIX,1499112475,024353490001,-63,6,128,4330040012f013ef10ef0ef00df00df00af109f008f007ee05ef04ef04ee04ed04ec04ec04ec04ec04ed05ed06ef06ef06ef06f006f1000000000000000000000000000000000000000000000ded10ee12ee13ee13ef15f016f016f117f117f01af01aef1af119f018f21af018f117f218f017f116f017ef15f017ef18ee17ef
CSIX,1499142837,024353490001,-63,6,128,43300400f413f414f713f712f812f911fb10fb10fd0ffe10ff0f010f0010010f021102110212011101100010ff0fff0fff10ff0efe0e00000000000000000000000000000000000000000000fc14fa15f814f716f714f516f415f314f314f315f018f017f116f116f115f016f116f314f117f215f315f215f415f217f318f217
CSIX,1499212387,024353490001,-61,6,128,433004000915f91a0a0c0d14f11501250e000411f820f610f41b011ef11802f60819fa07f4250b1b031008110005021b060af906060c00000000000000000000000000000000000000000000200e22020c0917191a1a0f0f1016111609171015131711170f19051511180f2a100f0818fc2702270324fb1cfb1b0928fb180120
CSIX,1499234419,024353490001,-63,6,128,4330040001e600e6ffe9feeafdeafdebfceefaedfaeff8eef7f0f6f1f5f0f4f0f4eff3eff4eff5eef5eff6eff7eef8eff8eff9effaef00000000000000000000000000000000000000000000fae9fce8fde7fee5ffe601e501e502e503e503e304e104e104e203e205e305e104e304e404e303e402e403e301e402e302e202e2
CSIX,1499262448,024353490001,-63,6,128,43300400eef1edf1eef4f0f5eff4eef6f0f7f2f9f1f9edfceeffeefceefced00eb00ed05ee03ed00f605ebfce9f6e9f9f0feef02f3f600000000000000000000000000000000000000000000edf8edf5edf4edf3edf3edf1edf0eef0eeefeeefedededecedecededeeedececeeedeeefededeeeeedeeedeeeef0eceeebeeecee
CSIX,1499292694,024353490001,-63,6,128,4330040003e802e700e901eaffebfeebfdedfbedfbedf9edf9eff7f0f6eef5eef5edf5edf5ecf6ecf6edf7edf8edf9edf9edfbeefcee00000000000000000000000000000000000000000000fde900e800e801e602e704e604e505e605e506e508e209e209e308e308e408e307e406e507e406e505e505e405e506e406e206e4
CSIX,1499363890,024353490001,-63,6,128,43300400efedeeeeeef1eff2eff3eef4f0f5eff8eff8edf9edfaedfbecfcebfceafce9fbeafbeafaebfaebf9edf9edf9eef8eef8f0f700000000000000000000000000000000000000000000edf4eef1eef0eeeeeeeeefecefebf0ebf0ebefe9eee7efe7efe7efe8f0e9eee6f0e9efeaefe8efe9eeeaeeeaefebeee9eceaeeea
CSIX,1499382417,024353490001,-63,6,128,43300400ea07eb08ed09ee08ee09f009f109f20bf30bf30cf40df50df50ef50ff410f310f30ff30ff40ef30ef20cf20cf10bf20af20900000000000000000000000000000000000000000000ee0aed09ec0aeb08eb08ea07e907e906e906e705e504e505e604e604e704e505e705e805e705e706e806e807e906e704e607e806
CSIX,1499412677,024353490001,-63,6,128,43300400e6fae6fce8ffeafee8fdeafeeb00ec01ee02eb03ed05ed05ec06ed06eb07ea07ea07eb06eb05eb05ec03ec03ec01ed01eeff00000000000000000000000000000000000000000000ea01e9ffe9fee7fde7fce7fbe7fae7fae6f9e5f8e3f7e3f7e4f6e4f6e5f6e3f5e5f7e6f8e5f7e5f8e5f9e4f8e5fae4f8e2f8e4f9
CSIX,1499472302,024353490001,-61,6,128,433004000d150f140e120b110d0f0f110b0e0d0d100e0e0b100b0f0c0f0a10091209120b100b100a0f0c0e0c0d0c0d0d0c0d0b0c090c00000000000000000000000000000000000000000000091003171708180e251a14120914fe250c150d13030a0e190a1908170d170d170b150d140c150d170f180d180b150f150d190d17
CSIX,1499505503,024353490001,-62,6,128,433004000c031ff61e0d140714001a0517eb0f00140428f32a080f1420fe11fef52e1e0711f6140b02ee190d0f020b09320e140303120000000000000000000000000000000000000000000002f0fde90be30be808eb06e90cf611eb0eec0eec1efa17e90bee0ffb09fa1aee1afd1ff525fe19f51efa10ef271e24ee0cf7210c
CSIX,1499533528,024353490001,-62,6,128,43300400041504150614051307130712060f070f080f0a0f0a0d0a0d0b0d0c0e0b0e0c0f0b0f0b0f090e070f080e060e070e050e040d00000000000000000000000000000000000000000000080f0710071205130612041304150314021503170218031901180318021702190217031602180317031703180316041804190418
CSIX,1499592283,024353490001,-62,6,128,43300400eeedebebeff1edf0eef1eef1eff4eef4eff7ecf8edfaecfbeaf9eefaeaf9edfaeaf9ecf8eef8ecf7eef7f0f9eff8f0f8f1f700000000000000000000000000000000000000000000eff6eef3f0f3edf0f0f1eeedf0edf0edf1ecefeeedebecebedebedebede8efe8ede8f0ecede8efeaedebeee9eeeeecebeaebebea
CSIX,1499623007,024353490001,-62,6,128,43300400fe1aff1a011801170117021603140414041306140613071207130912091309140814071407120613051204110312021101100000000000000000000000000000000000000000000005130314031501170116ff18ff18fd18fd19fd1afb1dfb1cfb1cfb1cfb1bfa1efc1cfc1afc1cfd1bfd1bfd1cfd1afd1cfd1efd1d
CSIX,1499652370,024353490001,-62,6,128,4330040011131e051204160716061206100611000d0210f80a0413f80cff0bf713010cfb13fe13f915fa1afa13fa0dfa0f0109fb0f00000000000000000000000000000000000000000000000b050b0d0f0d0a0d0e10100f10110d0d100b101510160d180b1213131510151712121110110d1111130e150d110e180912161010
CSIX,1499683057,024353490001,-62,6,128,433004000d170f160f130d130f120f110e0f0f0d0f0d100d100b100a110a120a130a130a120b120a110a100c0e0a0f0a0d0c0d0a0b0c000000000000000000000000000000000000000000000e0d0f0f0d100f110d110d150d160c150c150c170c1a0c190b1a0d1a0c190d1b0d190d170d190d180e180e180d170e1a0f1b0e19
CSIX,1499712484,024353490001,-62,6,128,4330040013131312130f120f120e120d110c110a1108130812061205130613051405150614061306130612081207100810090f090e0a0000000000000000000000000000000000000000000011081208130c130d130c1210120f1010121112121315121512141314121415151314131314141314131315141413141516161515
CSIX,1499744187,024353490001,-62,6,128,4330040019031a0317001700160016ff14fd14fd12fc13fa12f910f812f911f813f814f813f813f912f913fa11fb11fb12fc11fd11fe0000000000000000000000000000000000000000000012fb15fc15fd17fe16ff180018011702180219021c031c031c031c031b041d051b041a041c041b041b031c031b021d031e031f03
CSIX,1499773208,024353490001,-62,6,128,43300400eaf7ebfaebfde8fcec01ef02f300ed01ef00f004f000f005f005f105ef07ed05ee06ed05ef03ef04ef02ef02ef01f101f1ff00000000000000000000000000000000000000000000ee02ec00edfdeafdebfeeafceafceafbeafbeafbe7f9e7f8e9f9e9f8e9f7e8f8e9f9ebfae6f7ebfae5f7ebfae4fae5f6e3f8e2f9
CSIX,1499803502,024353490001,-62,6,128,43300400f1edf1eceeedf1f2f0f2f1f1f1f6eff7f1f4eff5f1f6eff8eef8edfaecf9edf9ecf9edf9eef8edf8eff8f0f8f0f7f1f7f2f600000000000000000000000000000000000000000000f0f4f0f1f0f0f0eff1eff1ecf1ecf1ecf2ebf1eaf1e8f0e8f2e7f0e8f2e9f0e7f0e8f1ebf0e7f1e7eeeaefe8f1e9f1e8efe9f0e7
CSIX,1499863506,024353490001,-62,6,128,43300400e401e402e703e903e904ea05ec05ec07ee07ed0aef0bf00cef0cef0dee0dee0def0ded0cef0bee0bee09ef09ef09ef08ef0700000000000000000000000000000000000000000000eb09ea07e806e706e705e504e403e402e400e301e001df01e000e101e1ffde00e000e200e000e100e100e000e202df01df02e001
CSIX,1499897798,024353490001,-61,6,128,43300400da04db04dd06de06df07e009e209e30ce40be30de50ee510e510e412e313e111e210e310e30ee30de40ce409e508e707e70500000000000000000000000000000000000000000000e407e205e103df02e001deffde00dfffdeffdd00d9ffd800d8fed7ffd8fed5ffd6fed700d6fed6ffd6ffd6ffd700d6fed5ffd7ff
CSIX,1499922455,024353490001,-62,6,128,43300400ecf2eaf2eef7edf6eef8edf7edfbedfbeefcecfdeeffecffec00ec01ec00eb01ebffeeffecfeecffedfdeefeeefdeffdeefc00000000000000000000000000000000000000000000ecf8ecf7ecf5ebf4ecf5eaf2ebf2ecf1edf0eaefeaeeebebeaebe9f0ebede8eceaeeedefe9edeaefe9efe9efeaf1e9eee7eee8ed
CSIX,1499952363,024353490001,-62,6,128,43300400ebf2ebf2edf5edf6edf7edf8effaedfaeefbecfcedfeedffeb00ed00eafeebffebffebfeedfeecfeeefceefdeefceffcf0fa00000000000000000000000000000000000000000000ebf9ebf6ebf5eaf3ebf3eaf1ebf1ebf1ecefeaefeaede9eceaede9edeaedeaebeaececeeeaedeaeee9efeaeeebf1eaefe8efe9ee
CSIX,1499998509,024353490001,-61,6,128,43300400fc1a03130314fa150215000cff120215040fff0d030f040c0a1605130a0907120d13090b0914040f040f0112ff0d030ffe1000000000000000000000000000000000000000000000ff13fd13fe13fc14fb13fa13f912fc14f615fa13f518f719f818f815f917f51cf317f813f714f814f616f512fb19f21afe18f915
CSIX,1500013814,024353490001,-62,6,128,43300400fbe8fbe9f9ebfaecf9ecf8edf8eff6f0f6f1f4f1f3f2f3f2f2f1f2f2f1f1f1f0f2f0f2f0f3f0f4f0f5f0f6f0f6f0f7f0f8f000000000000000000000000000000000000000000000f6edf5ebf9e9f8e8f9e8fae7fbe6fce7fce6fce5fde2fde3fee3fce3fde4fee2fde4fde5fde3fde5fce5fce4fce7fce4fce4fce4
CSIX,1500044363,024353490001,-62,6,128,433004000fee0eed0bed0aee09ee08ed07ef06ed04ee03ec02ed01ed01eb01ec02ea02ea02eb02eb03ec03ec05ed05ee05ee05ef07f00000000000000000000000000000000000000000000009ed0bed0ded0eed0eee10ed10ed11ee12ee12ed14ec15ec14ed14ec14ed16ec14ed13ee14ed13ee12ed13ed10ed12ec13eb12eb
CSIX,1500072517,024353490001,-62,6,128,4330040012f311f20ff10ef20ef20df00bf20af009f008ee06ee05ee06ed06ec07ec07ec07ed08ec08ee08ee09ef08f009f009f10af2000000000000000000000000000000000000000000000ef010f011f113f113f115f315f315f416f417f319f319f319f418f319f41bf417f315f217f318f316f316f314f217f117f316f3
CSIX,1500118427,024353490001,-62,6,128,43300400f61af619fb15f717fb15fd15fc1100120213051403120613071507150816071607160615061505150314031303130213011300000000000000000000000000000000000000000000f915f516f515f317f416f017f016f016ee17ee17ed1aec1aef1aee1aed17ec17ec1af217eb17ef18f119f216f416f11af41cef19
CSIX,1500134743,024353490001,-62,6,128,4330040003e702e7ffe9ffeafeeafdeafcecfaecfaecf8ecf7edf5eef5edf4edf3ecf5ebf5ebf5ebf6ecf7ebf9ecf9edfaecfbedfded00000000000000000000000000000000000000000000fee8ffe701e702e602e605e405e505e506e407e309e109e009e108e109e308e008e207e408e207e306e307e205e407e206e106e2
CSIX,1500163639,024353490001,-62,6,128,43300400faedf8ecf7eff8eff7f1f5f1f7f4f5f2f5f3f4f4f3f5f2f6f1f5f1f6f1f4f1f4f0f4f1f3f2f5f2f3f4f3f4f4f5f3f5f3f7f300000000000000000000000000000000000000000000f6f0f7eef7eef8ecf8ecf9ebfaeafaeafbeaf9eafae7fae6fbe8fbe8fbe7fce5fbe7fbe8fae7fbe9faeafae8faeafae8f9e9fbe9
CSIX,1500193737,024353490001,-63,6,128,4330040007e806e604e904e902e901ea00ebfeebfdecfcebfaecf9edf8ebf8ecf7eaf8eaf8e9f8e9faeafaeafceafcecfdeafeecffec0000000000000000000000000000000000000000000002e905e706e807e607e70ae50ae60be70ce60be50ee30ee30ee40de30ee50fe30ee40ce60de40ce60ae50ce509e60be40be30ae4
CSIX,1500252720,024353490001,-62,6,128,4330040018f918f815f614f614f512f510f40ff30ef30ff00cf10bf00def0cee0ded0eed0dee0eed0dee0eef0ef10ff210f20ff30ff50000000000000000000000000000000000000000000013f415f517f618f718f719f91af81af91bfa1dfa20fb1ffb1efb1ffb1dfd20fb1dfb1cfb1dfb1cfb1cf91dfa1afa1df91df81cf9
CSIX,1500282368,024353490001,-62,6,128,43300400e9fae9faebfdebfcecfeebffed00ed01ef01ed03ee04ef05ed05ee06ec07ec06ec06ed06ed05ed04ed03ed02ed01ee01eeff00000000000000000000000000000000000000000000ebffeafdeafbe9fbeafae9f9e9f9e9f8e8f8e8f7e6f5e6f5e7f4e6f5e7f4e5f4e7f5e9f6e6f6e7f7e7f8e7f7e8f8e6f6e5f6e6f7
CSIX,1500312316,024353490001,-63,6,128,4330040002ea02ea00ebffec00ecfdeefdeffbf0fbeffaeff9f0f8f2f7f1f4f0f6f0f6eef6eef5eef6eff7eff8eefaeefbeefbeffdef00000000000000000000000000000000000000000000feeb00ea01e702e702e704eb06e705e602e807e908e609e608e708e606e806e508e807e506e604e803e604e605e706e606e505e8
CSIX,1500342282,024353490001,-63,6,128,43300400f814f914fc13fc11fd12ff12ff100210010f03110410041004100610061205120512041204110312021101100111000fff0f00000000000000000000000000000000000000000000fe14fb14fa15fa15fa13f812f815f715f716f716f418f418f417f418f415f318f417f615f517f616f816f716f816f517f618f717
CSIX,1500372703,024353490001,-63,6,128,4330040016f916f814f712f712f611f50ff60ef40df50df20bf30af10bf10af00cef0cee0cef0cef0cf00cf10df20df20ef30df40df50000000000000000000000000000000000000000000013f316f516f517f617f719f819f918fa19f91afa1dfa1dfa1cfb1cfa1bfb1df91bfa19fa1bf91af91af91bf819f81bf91cf81bf9
CSIX,1500402303,024353490001,-63,6,128,4330040018fd17fc14fa12fb13fa12f910f910f70ef60ef40df30cf20ef10cf20ff10ef10ef110f30ef40ff310f50ff50ef50ef50ef70000000000000000000000000000000000000000000015f517f718f81af919fa1afc19fd1afe1b001bfc1dfc1efc1dfd1efc1cff1eff1cfe1bfe1cfe1bff1cfe1cff1afc1bfc1dfb1cfc
CSIX,1500434882,024353490001,-63,6,128,433004000617071609140813091209110a100b0e0b0e0d0d0d0c0e0b0e0b0f0b100c110d0f0d0f0d0e0c0d0d0d0d0c0d0c0e0a0d090d000000000000000000000000000000000000000000000c140a17091708190818071906190519051a061b041e041e041d051d041b031e041b041a051b061a071a061b061a061c061c061b
CSIX,1500462301,024353490001,-63,6,128,43300400f0edefeeeff1f0f1eef3eff3f0f5eef6eff7edf8eefaeefbecfbecfbebfbeafbebfaebfaedfaedf9eef8eef8eef7f0f8f0f700000000000000000000000000000000000000000000edf1eeefeeedefebf0ebf0eaf1eaf1eaf1eaefe8eee7eee7efe7efe8f1e8efe6f0e8f0eaefe8f0e9eee9efe8efeaeee9ece9efea
CSIX,1500494670,024353490001,-63,6,128,4330040015f815f712f611f610f610f40ef40cf30cf30cf10bf109f00bef0aef0bee0cee0cee0cee0cf00cf00df20df20ef20df40df50000000000000000000000000000000000000000000013f314f515f517f616f617f818f817f818f919f81cf91cf91cf91cf91afa1df91afa1af91af91af919f81af918f81af91af819f8
CSIX,1500524591,024353490001,-63,6,128,43300400edf8e3faecf3ebfceafee5faf0fbeefceefeed02ee01ed03eb04ec06eb05e904eb05eb03ec02ec02ec00ec01ec01ed00eeff00000000000000000000000000000000000000000000e8f9e9f6eaf4e8f5eaf4e9f3e9f1eaf1eaf1eaf1e7eceaefe9f0e7eeebf0e8ede6f1e6f3e9f4e9f0e9f2e8f1ebf6e9f1e5f3e6f3
CSIX,1500552411,024353490001,-63,6,128,43300400f0f1eff1f0f4f0f4f0f5f0f6f1f8f1f9f1faeffaeffceffdeffceefeedfdedfdedfdedfceffceefbf0fbf0fbeffaf1faf2f900000000000000000000000000000000000000000000edf4eef2eef1eeefeff0f0eef0eef1edf1edf0edefeaefeaf0ebefebf1ebefeaf0ecf0edefecf0edefedefedefefeeedeeedefee
CSIX,1500582647,024353490001,-63,6,128,43300400fce9fce9faebfaecf9ecf8edf8eff7f0f7f1f5f0f5f2f4f3f3f2f3f3f1f2f2f2f1f2f2f2f3f2f3f1f4f2f5f2f5f1f7f1f8f100000000000000000000000000000000000000000000f5e9f8e7f9e7f9e5fbe7fce5fce5fde6fde5fde5ffe1ffe2ffe2fee3fee3fee1fde3fde5fde3fce3fce4fce3fde6fee3fde2fee3
CSIX,1500642302,024353490001,-63,6,128,43300400ecfcedffeeffeffff100f000f302f203f203f305f405f407f308f407f308f309f408f307f307f406f306f406f406f505f40500000000000000000000000000000000000000000000eb03eb02eafde9fdecfdebfbeafcecfbecfce9fbe8fbe8fce9fae9fceafbe7fae9fbeafbe9fcebfce8fceafaeafde9fde8fceafd
CSIX,1500702291,024353490001,-63,6,128,43300400ee09ed09f20af208f30af409f508f70bf70bf70cf80df90df90efb0efa10fa10f910fa10fa0df90ef80df80bf80cf70cf80a00000000000000000000000000000000000000000000ed0dec0dec0bea0deb0ae80bea09e906e80ae808e404e708e505e506e706e808e609e909e808ea0aea08e808eb09e707e909e907
CSIX,1500764627,024353490001,-63,6,128,43300400ed0aee0af10bf10af30af30bf60af70bf80bf90cfa0cfc0dfc0dfd0efd0ffc10fd0ffd10fd0ffd0ffb0efb0efa0efb0dfa0c00000000000000000000000000000000000000000000ee0fec0dea0ce90ce90be80ae709e808e708e608e408e408e508e607e707e509e708e908e80ae909e90ae90aea0ae80ae80bea0b
CSIX,1500824774,024353490001,-63,6,128,43300400fae9f9e8f8ecf8edf6eef6eff7f1f4f1f4f3f2f3f2f5f1f6f0f6f0f7eff6eff6eef6eff6f0f6f0f5f1f5f1f6f1f4f2f5f3f400000000000000000000000000000000000000000000f2ebf4e8f5e7f5e5f7e6f8e3f9e4f9e4fbe3fae3fae0fbe0fbe1fae0fbe2fbe1fae2fbe4fbe2fae4f9e4f9e3f8e5f9e3f9e2f9e3
CSIX,1500852393,024353490001,-63,6,128,4330040005180517071507130813081209100a0f0a0e0c0e0c0c0d0b0e0c0f0b0f0c100d0f0c0e0d0e0c0e0d0c0d0c0c0c0d0b0c0a0d000000000000000000000000000000000000000000000c140a16091808190719061a051b041a031b041c041e041e031d051d021c031f041b031b041c041c051b051c061a051c061d051c
CSIX,1500889252,024353490001,-63,6,128,4330040002170318051505130613071307100810090f0b0e0b0d0c0c0c0d0e0d0f0d0e0e0e0e0e0e0d0d0d0e0c0d0b0e0b0f0a0e090f000000000000000000000000000000000000000000000a150715061706190518031a031a021a021b011b001f001e001d011eff1c001e001d011b011d011c021b021c021a011c021d021b
CSIX,1500944361,024353490001,-64,6,128,43300400100f110e110f0d0e0f080c0b110810070b0c0f06120611ff0e0611041005120512030e04120512050f0510090f080f070c070000000000000000000000000000000000000000000013081308150c120d130e110d110f120e101013111213131313131212111311161313101312131212141212121013131512131212
CSIX,1501032291,024353490001,-64,6,128,4330040007ea08eb04e803ec04eb03effded00effef0fceefbf1f9f2f8f0faf1f6f2f8eefaf0f7f0f9f0faf0f8f1faeffcf1f8f0fbef0000000000000000000000000000000000000000000002e604e605e507e609e50ce60ae80be60ce70ce60ee210e50ee70de40ce80de50be70be60ae509e40ce50ae707e30ee40be60ae5
CSIX,1501092645,024353490001,-63,6,128,433004001c05150411fc10f910f810f510f50df905f704ee08ed08f401f8fbf2fdeaffedfef1fcf1f9f4f6effbeefbf3f6f5f4f4f7f2000000000000000000000000000000000000000000000315021dff1a0117041c001ffe1907150b1e042105180f17121e0d1f091710171417111215101b111815110f1703240d1d15120c
CSIX,1501122891,024353490001,-63,6,128,43300400120a120911070f0610050f040e030e020d010eff0dfe0dfd0dfd0dfc0efb0efb0efb0efc0dfb0dfb0dfc0dfb0dfc0cfd0cfd000000000000000000000000000000000000000000001b05140718091a0a1708160a180b170c170e170f171016101510170e160f1710140f150c160d160d160c170d160c160d180d160d
CSIX,1501183176,024353490001,-63,6,128,433004001902190117ff16ff16ff15fe12fd12fc10fb11f90ef80ef70ef70ef60ff50ff50ff50ff50ef60ef70ef70ef70ef70df80ef9000000000000000000000000000000000000000000001af91bfb1cfd1dff1cff1e011d031d041d041e04210521051f051f041e0620051d041c031f041e031d031e031c021f0420031e04
CSIX,1501254235,024353490001,-62,6,128,4330040009ea08e807ec06ee06ed05ed03f001ef00f1fff0fef1fdf2fcf1fcf2fbf0fbf0faf0fbf0fbf1fbf1fcf1fcf2fcf1fdf3fef20000000000000000000000000000000000000000000002e804e707e808e608e70ae60be70ae80de80ce70fe60fe60ee70ee60ee80fe70ce90de90de70be70ae50be709e70be60be50be6
CSIX,1501274604,024353490001,-63,6,128,43300400011600170415041205130310070e050f030f080e080c0a05090b0a090a0b0c0a0d0a0a0d0a0b0a0a0a0a0909090a070a0809000000000000000000000000000000000000000000000b140917081807190619041b041b031a021b021b011e011e011c021d011c001e011b021a021c031b0419041c041b011a031e021c
CSIX,1501424827,024353490001,-66,6,128,433004002f1e240a31121c0e25fc260f160021ff170a270c19fd16fc22fb1cf923fc27fd1bfa1afc21f323fa1ffb24fb26fc22fe2201000000000000000000000000000000000000000000002afd310127f73a132f0a402445f7371c24254a2435132c0a2b1e35123209391f3a15270f35142e22220c3d0e251739193a101f16
CSIX,1501486439,024353490001,-62,6,128,43300400ecf0ebf0edf4eef5edf5eef7f0f9effaf1fbeefcf0feefffef00ef01ee01ed02ee02ed01ee01ed02ee00ee00edffeffeeffd00000000000000000000000000000000000000000000eaf7e9f5ebf3e9f2eaf2eaf0eaf0ebefebefe9eee9ece8ece9ebe9eceaece8eaeaecebeee9ece9ede9efe9eeeaf0eaeee8ede9ee
CSIX,1501512593,024353490001,-62,6,128,433004001015111411110f10100e100d0f0a0f090f08100710051003110312021301130114011301130113021202120313041204110600000000000000000000000000000000000000000000150d141114111513131314151315121513171317141b141b131b141a131a141c121a1218131a13181417141912171319141a1319
CSIX,1501544746,024353490001,-62,6,128,43300400ecf7ecf8eefbeffbeffcf0fcf1fef1fff200f101f302f303f204f305f306f206f206f206f206f105f205f205f104f203f20200000000000000000000000000000000000000000000eafdeafbeaf9e9f8eaf8e9f7e9f6eaf5eaf5eaf4e8f2e8f2e8f2e8f2eaf2e7f2e9f3eaf5e9f4eaf4e9f5e9f6ebf6e9f5e8f6e9f6
CSIX,1501572863,024353490001,-63,6,128,4330040006e705e604e804ea02ea01eb00edffeefeeffdeefbf0faf2f8f1f8f2f6f1f6f0f6f0f6f0f6f0f6f0f7f0f7f1f8eff9f0f9ef00000000000000000000000000000000000000000000ffe601e503e505e305e407e307e308e409e409e30be10be10be20be20be30be10ae209e409e308e307e308e207e408e208e109e1
CSIX,1501602403,024353490001,-62,6,128,43300400eafaebfbecffebfdedffeefef1fff3fef000ef03f006f006f606f208f408f309f30bf309f30af409f40af40af20bf106f20500000000000000000000000000000000000000000000ea01e7fee7fde6fbe7fce6fbe6f9e7f8e7fbe6f8e4f6e0f8e4f6e3f8e5f7e4f5e4f4e8f8e4fae2fee3fce8fce3f5e3fce9f9e4f3
CSIX,1501633326,024353490001,-63,6,128,43300400130f1310130d120c120b110a100810060f04100310010f0010ff10fe11fe12fe13fe12fe11fe11ff11ff11ff120011001002000000000000000000000000000000000000000000001809170b170d180e170e171016121512161416141816181617171816161617171615151416151514161316141512171418141614
CSIX,1501662432,024353490001,-62,6,128,433004001310100f110b100c120a0f090e0710060d050e030d010e000fff0e000fff10ff11ff10ff0ffe10fe0f000efe0f010f010e02000000000000000000000000000000000000000000001608150b150c160e140e141014101511151114111614151416141514131514151413111114131311141114111410161118131713
CSIX,1501693925,024353490001,-62,6,128,43300400fee9fee6ede701eb04f2fbeefdeaf6f4faeefdecf9f4fcf900eff8f1fcecfef8fbedf7f3f5f4faf5f6f2f9f4faf6fbf0fcf100000000000000000000000000000000000000000000f2edf2eaf2ecf3e8f5e9f4e6f6e7f6e6f8e6f5e7f4e4f7e0f7e0f6e4fae5fee2fceafbe6fce3fde7fce8f8ddfdea02e4fbe2f8eb
CSIX,1501737445,024353490001,-62,6,128,43300400f7e6f6e5f6e8f7eaf5ecf6edf6eff6f0f6f1f3f2f3f4f2f6f1f6f1f6f0f6f0f7f0f7f0f6f0f7f1f6f2f7f2f7f2f6f2f6f3f500000000000000000000000000000000000000000000efebf1e9f2e8f2e6f3e6f4e5f5e4f5e4f6e3f5e2f6e0f5e0f6dff5e0f7e1f7dff7e1f7e3f6e1f6e3f5e2f6e2f5e4f5e1f3e1f5e1
CSIX,1501793317,024353490001,-63,6,128,433004000f15101510110f10100f0f0e0e0b0e0a0e090f080f060f04100410021103110212021103110211031004100310040f040e0500000000000000000000000000000000000000000000150e141113131414121412161117101611171118121b131b121b121b111a111b1119101712191118131713191216131814191318
CSIX,1501814152,024353490001,-63,6,128,43300400fe1aff1a01170116011602140312041105100610070e080d090d0a0d0b0e0b0e0b0e0b0f0a0d0a0e090d090d080e080e050e0000000000000000000000000000000000000000000007180519051a031b031b011b011cff1cff1cff1dfe20fd21fd20fe20fd1efd21fe1efe1dfe1eff1e001eff1fff1dfe1fff21fe1f
CSIX,1501845801,024353490001,-62,6,128,43300400f614f615f913f811fa12fb11fd0ffe0ffe0e010f010d030d030e050e060f060f060f050f050f050f040e030e030f020e020e00000000000000000000000000000000000000000000fd16fa16f919f816f715f619f616f315f419f516f219f11af416f21af117f317f017f518f516f519f418f119f517f518f51af418
CSIX,1501873350,024353490001,-63,6,128,43300400e7fae7fae9fceafdebfeecffef00ee01f002ee04f005f107f107f108f008f009f009f009f009f008f007f107ef06f106f10400000000000000000000000000000000000000000000e801e6ffe6fde4fce6fce4fbe5fae5fae5f8e3f9e1f7e1f8e1f7e1f8e2f7e1f6e3f6e4f9e1f8e3f8e3f9e2f8e4f9e2f8e0f8e2f8
CSIX,1501903926,024353490001,-63,6,128,43300400ef11ef11f211f30ff510f510f80ff80ffa0ffb10fd0ffe0ffe10ff1000110011011100120011ff10fe10fe10fd10fd0ffd0f00000000000000000000000000000000000000000000f515f415f115f015f015ee14ee14ed14ec14eb15e915e915e914e914e913e715ea14ec14ea14ea14ec15eb14ec14eb14ea15eb14
CSIX,1501933437,024353490001,-63,6,128,43300400ebf8ecf9eefaeefaeffdeefdf1fcf301f403f202f203f304f204f305f206f107f106f106f305f206f305f205f204f204f20300000000000000000000000000000000000000000000eafdeafaeaf9e9f8eaf8e9f6eaf5eaf5e9f5e9f4e6f3e6f4e7f2e6f3e8f2e7f3e9f3e9f5e7f4e8f5e9f5e8f4e9f6e9f5e6f5e8f5
CSIX,1501965050,024353490001,-63,6,128,433004000103f2f7e0f811fbebf7ecfb05f9f3fbee00f207edfff001f101ee03f004ee03ec04ef04ee03f205ee02ed00f0fdeefff0fe00000000000000000000000000000000000000000000e705e602e2ffe500e302e8ffe7fde400e1fbe3fce3f9e4f3df03e1f7e3f2bce0dff7e2f7000ae8f8daf8f6ede8eee3f0e2f2e5f0
CSIX,1501993655,024353490001,-64,6,128,433004000e130f130f0f0f0f0f0d0f0d0d0a0e080d070f050e040e02100210021100120012011201120112021102110212031103100400000000000000000000000000000000000000000000140f141113121314121412161117101710181118121c121b111a121b1019111c101a1018111a1019121812191017111a111a1019
CSIX,1502024324,024353490001,-64,6,128,43300400001501150313031104120510050e060d070d080c090a0a090b090c090d090e0a0e0b0e0b0e0a0d0b0c0b0b0b0b0c0b0c090d0000000000000000000000000000000000000000000007160516041803190318011901190019001a001bfe1eff1efe1dff1dfe1bff1eff1cff1bff1c001b011b001c001aff1b001cff1a
CSIX,1502052353,024353490001,-64,6,128,4330040008e907e904eb04ec02ec02ec00eeffedfeeffceefaf0f9f0f7eff7f0f7eef5eff5eef6eef6eff6edf8eef9eef9edf9edfbed0000000000000000000000000000000000000000000002e605e506e608e408e60ae40be50ae50ce50ce40ee20ee20ee30ee20ee20fe10ee30ce50ee30ce40be40ce30ae60ce40ce30ce4
CSIX,1502082565,024353490001,-64,6,128,4330040011f111f00eef0df00bef0af008f106ef05ef04ee02ef00ee00eeffedfeecffebfeebffebffeb00eb01ec01eb01eb02ed04ed000000000000000000000000000000000000000000000feb11ec12ec14ec14ed16ed16ee17ef18ef18ee1bed1bee1bee1aed1aee1bed19ee17ee19ed19ee18ed19ed16ee19ed19ed17ef
CSIX,1502112561,024353490001,-64,6,128,43300400f8ecf7ecf6f0f6f0f5f1f5f1f6f4f4f4f4f5f2f6f2f8f1f9f0f8f0f9eff9eef9eef9eef8eff9eef8eff7eff7eff7f0f6f2f500000000000000000000000000000000000000000000f2edf4ebf5eaf4e8f5e9f6e7f7e7f8e7f9e6f7e5f7e3f7e3f7e4f7e4f9e4f9e2f9e4f9e6f8e5f9e6f8e5f9e5f8e7f8e6f7e6f9e7
CSIX,1502142496,024353490001,-64,6,128,43300400f512f612f911fa10fa11fc11fe0fff0fff0f010f020f030f040f050f0610061106120611061105120412031203120212001100000000000000000000000000000000000000000000fb16f916f716f617f616f417f317f316f217f217ef18ef18ef17f018ef17ee18f016f115f017f117f216f117f315f116f016f215
CSIX,1502172489,024353490001,-64,6,128,43300400ecf7ebf8edfbedfbedfceefeefffef01ef02ef03f004f105f006f107f008ee08ef08ee07ef07ee07ee07ee06ec05ee05ee0200000000000000000000000000000000000000000000e9fae9f7e9f6e8f5e9f4e9f3e9f2eaf1e9f1e8f1e7efe7efe8eee8f0e9efe7efe8f1eaf2e8f1e9f2e8f2e8f2e9f4e8f2e8f3e9f3
CSIX,1502204108,024353490001,-63,6,128,43300400e7fde7ffea01eb02eb04ec04ee05ee07ef07ee08f009f10af00bf10df10df00ef00ef10ef10df00eef0cee0bee0aee09ee0700000000000000000000000000000000000000000000e603e500e4ffe2fee3fde2fbe2fbe3fae3fae2f9e0f8dff8e1f7e0f8e1f8dff8e1f9e3fae1f9e2fae2fce1fbe3fbe2fae1fbe3fb
CSIX,1502232861,024353490001,-63,6,128,4330040015f814f712f510f610f50ff50df50cf40bf30af209f207f207f107f006ef07ee07ee07ee07ef07ef08ef09f10af009f10af20000000000000000000000000000000000000000000012f214f316f417f318f518f619f719f81af81bf81df81df81cf91cf81bf91df81bf819f81af81af71af71bf718f81af81bf719f8
CSIX,1502262464,024353490001,-63,6,128,4330040008ea07eb05eb05ed04ed02ed01efffeeffeffeeffcf0fbf1faf0f9f0f8f0f8eff8eff8eff8f0f9eefaeffbeffbeefceffdef0000000000000000000000000000000000000000000001e704e805e606e607e609e60ae60ae70be60de50ee40fe40ee50de50ce70ee30ce70ce60ce60be60be60ce50be60ce50ce50ce7
CSIX,1502298519,024353490001,-63,6,128,43300400fcebfbebfbedfbeff9eff9f0f9f2f7f3f8f4f7f4f6f5f5f7f4f7f4f8f2f7f2f7f2f7f2f7f3f7f2f7f3f7f3f6f3f6f4f6f5f500000000000000000000000000000000000000000000f5ecf6eaf7e9f7e8f9e8fae6fbe7fbe7fbe6fce5fde2fde3fde4fce4fde5fce3fde5fce6fce4fce5fbe6fbe5fbe6fce5fde4fde5
CSIX,1502323050,024353490001,-63,6,128,43300400f515f716f914fa12fc13fd12fe10ff10000f0110030e040e050e060e080f0710080f080f080e070f060e060f060f060f041000000000000000000000000000000000000000000000fd18fb19f91af81af71af51af51bf41af41af31bf11df01df11cf21df21bf01df21bf31bf21bf31bf41cf31cf41af21bf21cf21b
CSIX,1502352414,024353490001,-63,6,128,43300400e8f8e8fae9fdecfcebfeecffef00ef01f002f004f105f206f208f308f209f20af20af20bf30af20af209f109f109f208f20700000000000000000000000000000000000000000000e6ffe5fce4fbe4fae3f9e4f8e3f7e4f6e3f5e1f4e0f3e0f2e1f2e1f4e3f4e0f2e2f4e2f5e1f5e2f5e2f6e2f5e4f7e2f5e1f5e4f5
CSIX,1502383919,024353490001,-63,6,128,433004001703170115ff13ff12fe12fe10fd0ffb0efa0ef80cf70bf60cf60af50bf40bf30bf20bf30bf30bf40cf40cf40cf40bf40cf60000000000000000000000000000000000000000000018fb1afd1bfe1cff1c001e021d031d041e051f0521062105200720051f0721071e061d051f061e061d051e051c041d051e041c04
CSIX,1502413581,024353490001,-63,6,128,43300400011605140711041105110611040d080e0909080a090809050a090c080e070d070e080d080d070e080c080c070d090c090b0a000000000000000000000000000000000000000000000a140816071706190618041a031b031b011b021cff1f001e001e0522fd1b011d001b001a001a0019011b00180217011702190419
CSIX,1502442512,024353490001,-63,6,128,4330040015f715f613f512f511f410f40ef40df30bf40af208f207f107f006f006ee06ee06ee06ee05ef06ee07ef07ef08ef07f009f10000000000000000000000000000000000000000000015f018f118f21bf31af41df51df71df71df81ef921f920f920fa1ff91efa1ff91df91bf81ef81bf81bf71cf719f71bf71cf61bf6
CSIX,1502474481,024353490001,-63,6,128,4330040007ed06ed04ee03ef02ef02f001f100f1fff2fef1fdf2fcf3fbf3faf3f9f2f9f2f9f2f8f2f9f3f9f2faf2faf2fbf1fbf2fcf20000000000000000000000000000000000000000000003ea05e906e908e808e90ae90be90cea0ce90ee90fe80fe90fea0eea0deb0ee90ceb0beb0cea0aeb0aea0bea09eb0aea0aea0aeb
CSIX,1502514443,024353490001,-63,6,128,43300400140115ff13fd11fd11fc11fb0ffb0cfb0bf80bf709f709f50af408f409f30bf10af10af007f20af10bf109f20cf40bf50bf50000000000000000000000000000000000000000000018fb19021b0317ff1b041b071605190718051d071d0b1e0b1c091b0817071b09180718061905180519041904170219031a021802
CSIX,1502536949,024353490001,-63,6,128,4330040012f212f10ff10df20cf10bf109f208f106f105ef03f002f002ef01ee00ed01ec01eb01ec01ec02ec03ec03ed04ec04ee06ee0000000000000000000000000000000000000000000012ec14ec16ed18ed18ee1af01af01af21bf31cf31ef21ff31ef41cf21af51ff11af118f01bf816f517f217f314f216f118f117f2
CSIX,1502594346,024353490001,-63,6,128,43300400ea02ea02ed04ee04ee05ef05f007f108f207f20af30bf40cf30df40ef30ef30ff30ef20ef30df20df20cf10cf10cf10bf10900000000000000000000000000000000000000000000e805e602e601e400e5ffe4fde5fce6fce5fbe4fae2fae3fae4fae4fbe6fae3fbe6fce7fde5fde6fde7ffe6fee9ffe6fee6ffe7ff
CSIX,1502654006,024353490001,-62,6,128,4330040013f512f40ff30ef40ef30df20af30af108f108ef06ef05ef06ed06ed06ec06eb07ec08ec07ed08ec09ee0aef0bee0af00cf10000000000000000000000000000000000000000000011f014f115f217f217f318f518f518f619f719f61bf71bf71af81af719f81af718f717f717f617f616f517f515f517f518f417f4
CSIX,1502686942,024353490001,-62,6,128,43300400070a11050d080c08090411020f04100407fc0f010cfe11f910f910fb11fa12fb11fb10fc11fd11fe11fc10fd11ff11fe0f00000000000000000000000000000000000000000000001106160c100b140d110d110f120e0e0f10110e0c0b11150c130f0c0a0a1b15121216140a0b0d0f0c180a0f0c1509160a0d0f100b
CSIX,1502715071,024353490001,-61,6,128,43300400eaeeecf0f4f6f3f8f2fef8feeef4e806e3faf006e909ec05ef04ed07ed05ee06f305ef07f00be7fce904ee0aea07f009ed0300000000000000000000000000000000000000000000eaebebebf3e0efebebedf3ebeee6f3eaf2e6eee9f0eaf5e4f7eaedebf2f2eddff7dff6fff5ebeedef3f9f1f4f0ecf6efe8e8efed
CSIX,1502746390,024353490001,-63,6,128,43300400eb0bec0cef0df00cf10df10ef40df50ff50ff611f810f812f812f913f814f715f714f714f713f613f612f511f311f410f30f00000000000000000000000000000000000000000000ee10ec10ea0fe90ee90de70ce60ce70ae60ae509e30ae30ae409e50ae609e409e60ae80ae70be70be80ce70ce90ce70be70ce80c
CSIX,1502774677,024353490001,-63,6,128,43300400e8fbeafbe8ffecffeb00ea01ec01ec01e904ec06ef06ef08ee08ed0aed09ea09ec09eb08ed08ec06ec06ec05eb04ec03ec0100000000000000000000000000000000000000000000e700e7fee5fce6fbe5fbe6f9e5f7e7f6e6f6e5f4e3f3e3f3e6f3e5f4e7f5e3f4e7f7e6f7e6f7e7f7e6f7e6f7e6f8e5f7e5f8e6f9
CSIX,1502802692,024353490001,-63,6,128,43300400e905e905eb07ec07ed08ee09f009f00af10bf10cf20df30df30ff310f210f111f211f110f210f110f00ef00def0df00cef0a00000000000000000000000000000000000000000000e909e808e606e505e505e503e402e502e401e300e1ffe2ffe2fee300e5ffe200e400e601e501e502e603e503e603e502e404e604
CSIX,1502833885,024353490001,-63,6,128,43300400e8fde8ffea01ec00eb01eb02ed02ed04ee05ee07ef08ef09ee09ee0bee0aec0bec0aec09ed09ed07ec06eb06eb05ec05ec0300000000000000000000000000000000000000000000e803e701e5ffe5fee5fde5fce5fbe6fae5f9e4f8e3f8e3f7e3f8e4f8e6f8e3f8e6f9e6f9e5fae6fae6fbe6fae7fce6fbe4fce5fc
CSIX,1502868034,024353490001,-63,6,128,43300400ebf6e9f7eaf9ecf9ebfbebfcedfdedfeeeffec00ed01ed02eb03ec04ea04e904ea04ea03eb03ea02eb01eb01eaffecffecfd00000000000000000000000000000000000000000000e9fae8f8e8f6e7f4e9f5e8f2e8f2e9f1eaf1e9f0e8ede8eee9eee8efeaeee8eeeaefebf2e9f0eaf1e9f2e9f1eaf3e8f2e7f1e8f3
CSIX,1502892919,024353490001,-63,6,128,4330040016fb16fa14f914f913f812f810f80ff50ef50ff30df30df20ef10df10eef0ff00fef10f00ff110f110f210f311f310f511f60000000000000000000000000000000000000000000014f617f918fa19fb19fc19fe1afe19ff1aff1bff1d001d001b011cff1b011c001a0018ff1aff19ff19fe1afd18fd1afd1bfd1afd
CSIX,1502922348,024353490001,-63,6,128,4330040006140816091109130a120a100a0f0c0f0b0c0e0d0d0b0f0a100b0f09130c120a130d120d110c110d0f0e0e0d0e0e0d0f0c1000000000000000000000000000000000000000000000091308170615071a0516041b0319031a021a0219011c011d011b011b011c011b021c0216021b04180418041905160419061a061a
CSIX,1502962632,024353490001,-63,6,128,43300400fc18fc19ff17ff16ff17001602140314031306140613081308140a140a150a160a1608160815071706150516041703160216000000000000000000000000000000000000000000000119fe1afd1bfb1cfb1bf91bf71bf61af61bf41cf21ef21df31cf41cf31af31cf51af719f61af61af81af61af819f81cf91df81b
CSIX,1502987615,024353490001,-63,6,128,43300400eb0aed09ee0cef0bee0bf00bf10cf50df111f20ef40ff60ff60ef612f512f413f412f512f411f310f310f20ff110f20ef10c00000000000000000000000000000000000000000000ee0cea09e90ae409ea06e908e708e706e506e406e204e304e403e304e503e204e704e705e605e805e806e707e807e507e708e807
CSIX,1503018678,024353490001,-63,6,128,4330040013fa13f912f710f711f710f60ef60df50df50cf30bf30af20af209f00aef0bef0cef0bef0cf10cf00cf10cf20df20df30ef40000000000000000000000000000000000000000000014f714fa14fa16fb16fb17fd17fe16fe18ff18ff1a001a00190019ff180019ff17ff16fe18fe17fd16fc17fc15fc17fc18fb16fc
CSIX,1503042658,024353490001,-63,6,128,433004001604160316001501150014ff13fe12fd13fd13fb11fa11f812f812f713f715f614f714f713f914fa13fa14fa14fc13fc13fe0000000000000000000000000000000000000000000016ff16011703180318041806180718081909190a1b0b1a0c1a0c1a0a180b190b1809170918091709170819081706190819071807
CSIX,1503072352,024353490001,-63,6,128,4330040015f815f814f613f712f611f510f50ef40ef40df10cf10bf10bf00bef0cee0dee0ded0ded0df00eef0ef00ef110f10ef210f30000000000000000000000000000000000000000000014f515f716f818f817f919fa19fb19fc1afc1bfd1efe1dfe1cfe1cfe1bff1dfe1afe18fd1afd19fc19fb1afb17fa19fa1afa19fa
CSIX,1503104617,024353490001,-63,6,128,4330040012071307120412041304120212020fff0d03110112fc11fc11fc11fb13fb13fb14fb14fc13fd13fe13ff12ff1300120011020000000000000000000000000000000000000000000013041406140715081409150a140b130c140d140d15101510140f150e130f140f130e120c130d130d130c140c120a140b150b150b
CSIX,1503133049,024353490001,-63,6,128,4330040014fd14fc13fa12fb11f911f90ff80ef60ef60ef50cf40bf40cf30cf10df00ef00df00ef00df10ef10ef20ef310f30ff40ff6000000000000000000000000000000000000000000000bf913fc160017001700170218031803180419051b061a061907190518061a051705170318031703170118011501170218001700
CSIX,1503162961,024353490001,-63,6,128,43300400f214f511f60ff914f814fa11fe11fb13fe10ff130111011201130012031301140114001502120014fe14fd13fc13fd12fa1200000000000000000000000000000000000000000000f913f714f613f415f413f114f214f113ef13ee13ea15ec13eb13ed13eb0fea10ec14ee12f114f013f012f211ef12f011f313f314
CSIX,1503233179,024353490001,-63,6,128,4330040016ff17fe15fb14fb14fa14f912f911f710f711f50ff40ef30ff20ff10fef11ef11ef11f011f112f112f212f313f312f413f60000000000000000000000000000000000000000000016fb18fd19fe1bff1aff1c021c031b041c051d0620061f071e081e061c071e071c071a051b051b051a031b0418021b021c011b01
CSIX,1503253783,024353490001,-63,6,128,43300400f9e9f6e9f4ecf7edf4eff4eef5f0f0eff2f4eff4eff5edf6edf5edf5ecf4ebf4eaf4ecf3ecf4ecf2eef1edf3edf2eff2f1f000000000000000000000000000000000000000000000f3ebf5e9f5e8f6e6f7e6f9e4fbe4fbe3fce3fbe2fbe1fbdffce0fae0fde2fee1fde4fde5fce3fce5fce5fce4f9e7f9e5f8e5f9e5
CSIX,1503282328,024353490001,-63,6,128,433004001605110211fd0f0115fd12f911000bfe0ffa11f910f80ff710f710f512f512f510f612f411f613f612f411f813f90ff813fb00000000000000000000000000000000000000000000150314021503150619081807180a12071a0b190a1c0c1a0d170d1711150e180e150d140c170c1c0d1408140a1608160a1509150a
CSIX,1503316070,024353490001,-63,6,128,43300400ffe8fee9fceafcecfbecfaecf9eef8eef7eef5eef4f0f4f0f2eff2f0f1eff0eef1eff1eef2eff2edf4edf4eef5edf5eef7ed00000000000000000000000000000000000000000000fae9fce8fee6fee5ffe501e403e403e404e405e207e107e107e207e207e408e106e405e505e405e504e504e403e604e502e302e5
CSIX,1503343196,024353490001,-63,6,128,4330040013f913f811f610f60ff60ff50df50cf40bf40bf20af208f109ef08f009ee09ee09ee0aee09ef0aef0bf00bf10bf00bf10cf20000000000000000000000000000000000000000000010f413f513f616f715f717f818fa18fb19fc1afb1cfc1cfc1bfd1bfc19fd1bfd18fc17fc19fb17fc17fb18fb15fa18fa18f918f9
CSIX,1503374730,024353490001,-63,6,128,433004001702170115ff14ff14fe14fd12fc12fb11fa12f810f70ff610f50ff410f311f212f312f312f412f412f512f613f612f713f90000000000000000000000000000000000000000000017fd18001801190219031b051b0719071a081b091d0a1d0a1b0b1b091a0a1b0a190918081a08190819061a0717051a061b051a04
CSIX,1503462833,024353490001,-62,6,128,43300400f8eaf7ebf6edf6edf4eef4eff5f1f3f1f3f2f0f2f0f3eff4eef3eef4edf3ecf3ecf3edf2eef2eef0eff0f1f0f0eff2eff3ef00000000000000000000000000000000000000000000f5eff6edf6ecf7eaf7eaf9e8f9e8fbe8fbe7fbe6fce4fde4fde5fce5fde6fde4fce6fce8fce7fbe8fae7fae7fae9f9e7f8e6f9e7
CSIX,1503552523,024353490001,-62,6,128,433004000dec0bec0aeb09ed08ec07ed06ee05ed04ed02eb01ed00edffecfeebfeeafee9ffeaffe900ea01e902eb03eb04eb03eb05ed0000000000000000000000000000000000000000000008ec09ec0beb0beb0deb0eeb10eb11ec11ec13eb15ea16eb15ec15eb13ee16eb13ed12ed13ed11ed11ed12ec10ec11eb11ea10eb
CSIX,1503583888,024353490001,-62,6,128,4330040012f312f210f10ff20ef00df00bf10af009f009ee07ee06ee06ed05ec06eb06eb06ea07eb06ec08eb09ec09ee0aed0aee0aef000000000000000000000000000000000000000000000df00ff010f013f013f015f116f115f217f318f31bf31bf31af41af319f51bf519f517f518f417f416f317f315f317f318f117f2
CSIX,1503642337,024353490001,-62,6,128,43300400e705e806ec08ed07ed09ed09f009ef0bf10bf20df20ef30ff310f410f212f312f312f112f211f111f00ff10ff10ff10ef00c00000000000000000000000000000000000000000000ed09ea08e907e707e706e505e503e403e201e202e001e001e2ffe100e3ffe1fee3ffe600e400e501e503e401e604e504e305e505
CSIX,1503679061,024353490001,-62,6,128,43300400ff12fe120011011102110310030e060c070d060e080e070d080e0a0d090d0b0f0b0e0a0f0a0e090e080e060e070f060e050e0000000000000000000000000000000000000000000002110012ff13fe14fd16fc15fa16fa15f916f915f618f617f517f716f714f617f715f813f914fa15fc13fb15fc15fa15fc16fb15
CSIX,1503734446,024353490001,-62,6,128,43300400f9ecf7eaf5ecf7f0f3f1f3f1f0f4f1f4f0f3eef2f1f4edf5ecf4ebf3ebf1ebf3ecf3eef2edf5eff4f0f4f0f4f1f4f0f4f3f300000000000000000000000000000000000000000000f3edf5eaf5e9f6e7f6e7f8e6fae6fae5fbe4fbe3fce2fae0fce1fae1fce3fce0fce3fce4fbe4fbe3f8e4fae4fce4fbe3f9e3fbe4
CSIX,1503762593,024353490001,-62,6,128,43300400fc16fd18ff15ff150114021403120413041106130711081009110a110b130b120a130a130a120913081307120613051204130000000000000000000000000000000000000000000002160017ff18fe1afd19fb1bfa1bf91bf81cf71cf51ef41df51df51cf51bf41cf51af719f61af81afa1af81afa19f81bf91cf91a
CSIX,1503797731,024353490001,-62,6,128,43300400f917fa16fd12fe12fe13fe1200110111031003110410050e051104100711071207110713061205120411031202130112ff12000000000000000000000000000000000000000000000113ff15fd16fd16fc17fa17f918f817f718f618f21af51af418f517f317f317f517f615f416f616f816f616f915f517f619f818
CSIX,1503824268,024353490001,-62,6,128,43300400eef2f0f6eef6eff5edf7f0f8f0faeefbeffceefbeffdeefdeefdee00ea01ea02eb02ee00ee01ec00eefeedfeeefdeffdeffc00000000000000000000000000000000000000000000eef9f0f6eef1edf0ebefedeeeef0eeefededeeebece9ede9efecedeaf0ecefe8efedf1efeeedefefeeefeeedeff0eeefeceeefed
CSIX,1503856559,024353490001,-62,6,128,43300400ffeafeeafcecfceefaeefaeefaf0f8f0f8f1f7f0f6f2f5f3f4f2f3f2f3f1f2f1f2f2f2f1f3f2f3f0f5f1f5f1f6f0f7f0f8f000000000000000000000000000000000000000000000faecfcebfceafde8fee800e700e701e702e603e605e405e405e504e504e704e503e603e702e601e700e801e700e801e701e601e7
CSIX,1503886372,024353490001,-62,6,128,43300400eb03eb04ed06ee06ee07ef07f107f109f209f20bf30bf40cf30df40ef30ff30ff30ff30ef30df20df20cf20cf10bf20af10900000000000000000000000000000000000000000000ed08eb07ea06e805e904e703e602e700e600e500e4ffe3ffe5fee5ffe6fee4ffe6ffe800e700e801e801e701e802e702e602e802
CSIX,1503916785,024353490001,-62,6,128,43300400ecf1ebf3ebf5edf6ecf7ecf8edfaecfaedfbebfdecffed00eb00eb01ea00e901ea01ea00ea00eaffeaffebfeeafdecfdedfb00000000000000000000000000000000000000000000eaf7eaf4eaf2e9f1e9f0eaeeeaedecedebebeaeaeae8eae8ece9ebe9edeaebe8edebedecececececebedebedeceeebede9edebee
CSIX,1503944767,024353490001,-62,6,128,43300400e8fde7feea00eb00ea02eb03ed03ed05ee06ed07ee09ef09ee0aef0bee0ced0ced0cec0bed0aed0aed09ed08ec08ed07ed0500000000000000000000000000000000000000000000e903e701e600e5ffe5fee4fce3fbe5f9e4f9e3f8e1f7e1f6e2f5e2f7e4f6e2f6e4f8e6f9e4f8e5f9e4fae4f9e6fbe3fae3fae4fb
CSIX,1503972800,024353490001,-61,6,128,4330040009e701f608ef01f204eb06f405eb03f808ef01f50aebfbef08f102eb09f208ec0af40deb01f812ed03f214f809f311fa0ff800000000000000000000000000000000000000000000ee03ebf7e8faf3f6f0efeefdf6eed4ef0be8e2e3fdf1e5dffffdfad8f6f505eefde803f2fae701ebfde600f1fce301ef01e204f2
CSIX,1504034738,024353490001,-62,6,128,433004001804180417011501150015ff13fe12fb12fc13f912f911f812f712f513f414f413f513f613f613f713f712f814f912fa12fb0000000000000000000000000000000000000000000018ff180219031b041a051b081b091a0a1b0a1b0c1e0e1d0e1c0e1b0d1a0d1c0c1b0b1a091b0b1a0a1a091c0819081b091c081b08
CSIX,1504063508,024353490001,-62,6,128,43300400f3e9f3eaf4ecf3edf4eff1f0f4f1f2f3f1f4eef3eef5eff8edf5eef8ecf5edf6ecf6edf5eff6edf5f1f4eff7f0f5f0f5f3f300000000000000000000000000000000000000000000f2ecf1e9f4ebf4e8f2ebf5e6f5e4f8e5f8e6f7e3f6e2f6e1f7e3f9e3fbe3f8e3f8e5f7e6f7e3f8e5f6e7f5e3f6e8f6e5f5e3f4e5
CSIX,1504092730,024353490001,-62,6,128,43300400de1bfc0ae109f812e703f413f002f016f503ee13f505eb10f40bec09f10ae807f30fe900e90ff2fce40cf5fcde01f608eaf5000000000000000000000000000000000000000000000b16140e0514121906130a1f0716fb23061af619fc26fc1bf51ffb1bee17ec1df31aee15f019f117ef13ea19f90fe212f517e00b
CSIX,1504122352,024353490001,-62,6,128,4330040008ea07ea04e904ec03eb02eb01edffedfeecfcecfbeefaeefaeef8ecf8ecf8e9f8ebf9ebf9ebfaebfbecfcecfcecfcedfeed0000000000000000000000000000000000000000000003e905e907e708e709e60be70ce60de80ee710e511e512e512e611e610e911e50fe90fe70ee80ee80de80ee70de80de70de60ce8
CSIX,1504155962,024353490001,-62,6,128,433004000bea09ea07ea06ec05eb05eb02ed00ec00ecffecfdedfcedfcedfbecfaeafaebfaebfbebfbecfcebfdebfeecfeecfeed00ed0000000000000000000000000000000000000000000004e907e908e80ae80be80de70ee80ee910e810e714e613e613e712e712e913e712e910e911e810e90fe810e80ee90fe810e70ee9
CSIX,1504182527,024353490001,-62,6,128,43300400041504140612061108110810080e090d090c0a0d0a0b0b0b0c0b0d0a0e0b0e0b0f0b0e0b0e0a0e0b0c0b0c0b0b0c0a0c0a0d000000000000000000000000000000000000000000000911081307140715061605170417041803190219011c011c001b011b0019001b01190218021a0218041703190316021803190318
CSIX,1504215076,024353490001,-62,6,128,433004000def0def0bef0af009ef08ee06f006ef05f003ee03ef01ef01ee01ee01ed01ed00ed01ed01ee01ee02ee02ef03ef02ef04f00000000000000000000000000000000000000000000008ee0aee0cee0ded0eee10ed10ee10ee12ef13ee15ee15ee14ef14ef14f015ef13f012f012f011ef10ee12ee10ef11ee12ed11ee
CSIX,1504247341,024353490001,-62,6,128,43300400ebf2ebf3ebf6ecf6ecf8ecf8edf9edfcedfbecfdedfeedffecffec00eb00ea00eb00ea00ecffebffecfeecfeecfdedfdeefb00000000000000000000000000000000000000000000eaf9eaf7e9f5e9f3e9f3e9f1e9f0ebefeaeee9ede9eae9eaeaeaeaebecece9eaebedebeeeaedebeeeaefeaeeebf0eaeee9eeeaef
CSIX,1504275085,024353490001,-62,6,128,433004000c0510040cff0fff0eff0efe0bfb09ff09fd09fd0afd0cfd0efc0dfc0df90dfa0bf90cfb0afc0bfd0cfe0aff0d000c000cff000000000000000000000000000000000000000000000dfd0efe0dfc10fd10fe0f000f011101110411041505140411041405130610050e070e0510061106120512061100110311030f03
CSIX,1504302495,024353490001,-62,6,128,43300400ef0df00df20ef30df30ef40ef60df70ef80ef90ffa0ffb0ffb10fc11fc12fb12fc12fb12fb11fa11f910fa0ff810f90ff80e00000000000000000000000000000000000000000000f410f20ff10eef0fef0eed0eec0eec0deb0dea0de70de80de80ce80ce90ce70ce90ceb0cea0dea0deb0deb0dee0dea0deb0dec0e
CSIX,1504332363,024353490001,-61,6,128,43300400ff07f41b0916f3080122ff04e816050cf202f915fb09f50cf913fb09ef10f615f208e513fb00e804f709edfbf105f1faefff000000000000000000000000000000000000000000000def0ef914f60df915ff12f7100317fd12061702110c1a0d100a14110f0c0d110c120b0f08140b150811021808130012ff190214
CSIX,1504362669,024353490001,-62,6,128,43300400fce8fce8faeafaebf9ecf8edf8eef7eff7eff5eff4f1f3f2f2f1f2f2f1f1f0f1f0f0f1f0f2f1f1eff4eff5f1f4eff5eff7ef00000000000000000000000000000000000000000000f8ecf9eafae9fbe8fbe7fce7fce7fee4ffe400e200e000e001e100e201e301e101e300e400e300e5ffe5ffe4fee6fee4fde3fee4
CSIX,1504392407,024353490001,-62,6,128,43300400160816071604140314021402130013ff12ff13fc12fb11fb12fa12f913f814f814f914f913fa13fa13fb13fc13fc11fd11ff00000000000000000000000000000000000000000000160116041705180718071809180a170a180c190d1a0f1a0f190f1a0e180e1a10180e170c180d180c180b190c170a190c1a0a190a
CSIX,1504425573,024353490001,-62,6,128,43300400fa10fa14fe13fa0f040e00120212ff120010010d060e040c070f050e060f05100611030f070c0510050f0310060e010c010e00000000000000000000000000000000000000000000ff12fc12fb13fa13f914f714f714f614f613f414f414f214f512f213f314f415f712f60ffa13f614fb17f614f612f616fa16f913
CSIX,1504454792,024353490001,-62,6,128,4330040005e805e803e903eb01ea00ebffecfeecfeecfcecfbeefaeefaedf9edf8edf8ebf8ecf8ecf9edf9ecfaecfcedfcecfcedfeee0000000000000000000000000000000000000000000000e902e803e704e605e607e607e609e609e60ae50de30de40de50de40ce60de40be60be60be609e709e60ae608e809e609e508e6
CSIX,1504482456,024353490001,-62,6,128,4330040017fd17fd16fa14fb14f913f911f910f710f710f50ef50df50ef40ef20ef20ff10ff10ff20ef20ff30ff410f510f60ff60ff80000000000000000000000000000000000000000000015f716fa18fb19fb19fb1afe1bfe1aff1bff1c011e031e031d031e021c031e021b021b001c011b001bff1cff1aff1b011cff1cff
CSIX,1504516314,024353490001,-62,6,128,433004000c100d0e0e0d0d0b0e0b0f0a0d090f090f080e071004100512060f041304130312041205100610050f08100710080e070d0700000000000000000000000000000000000000000000120a0f0c120d11100f0d10100e120d1410140d140d170f140e180d150e140c180e160d1110140e120e140d130f120d140f140f12
CSIX,1504544683,024353490001,-62,6,128,43300400eff4eef4eef7eef8eef8eff9effaeffceffceefdeffeefffee00ee00ee00ec00ed00edffeeffeefeeffeeffdeffdf0fcf1fb00000000000000000000000000000000000000000000edf8eef7edf6edf4edf4edf2edf2eef1edf0edefecedecedeeedededefeeececeeeeeeefeeefeef0edf0edf0eef1edf0ecf0eef1
CSIX,1504574056,024353490001,-62,6,128,43300400f414f515f815f913fa14fa14fc12fd13fd12ff1400130112011302140214021502150215011401140013fe12fe12fe12fd1100000000000000000000000000000000000000000000f914f714f615f416f415f215f216f115f116f016ed17ec17ec15ec16ed15ec17ee16ef15ef16f015f115f016f115ef15f017f115
CSIX,1504602971,024353490001,-62,6,128,43300400e8ffe700ea02ea02ea03eb04ed05ed06ee06ec07ee09ef09ee09ef0aed0aed0bed0aed0aee09ee08ee07ee07ed06ee06ef0400000000000000000000000000000000000000000000ea04e902e801e600e800e5fee5fde6fce6fce3fae1f9e1f9e3fae2fae5f9e0f9e6fae6fbe5f9e6fbe5fce6fbe7fce5fbe5fde5fc
CSIX,1504632347,024353490001,-62,6,128,433004000aeb0aea07ea08eb06ec05eb05ed03ec02ec01eb00edfeedffebfeecfeeafeeafeeaffeaffeb00ec00eb02ed02ec02ed03ee0000000000000000000000000000000000000000000005ea08ea09ea0ae90bea0de90de90ee910e910e913e813e813e912e913ea13e912ea10eb11eb10eb0feb10eb0deb0feb0fe90ee9
CSIX,1504662462,024353490001,-62,6,128,43300400e804e804eb07eb06ec07ec08ef08ef09f00af00cf20cf30df10ff30ef20ff110f110f10ff10ef10ef00df00cef0cf00bf00900000000000000000000000000000000000000000000ec08ea06e905e805e804e704e603e602e502e402e101e101e200e201e3ffe1ffe3ffe500e301e501e402e401e602e402e303e503
CSIX,1504692356,024353490001,-62,6,128,43300400ecf7ebf8edfbedfbedfcedfceffdeefeefffee00ef01ef02ee03ef03ed03ed04ed04ec03ee02ed02ee00ef00ee00efffeffe00000000000000000000000000000000000000000000edfeedfbebfaebf5ebf8eaf8ebf6ebf6ebf5eaf5e8f3e8f3e9f3e9f3eaf2e8f1eaf3ebf4e9f3ebf3ebf4ebf4ecf6eaf5e9f5eaf5
CSIX,1504722636,024353490001,-62,6,128,433004000416061706150714081408130911091109100c110b0f0c0e0c0f0d0e0e0f0e100e100d100c0f0b100a0f090f091008100610000000000000000000000000000000000000000000000a120814071407160616051805190418031a031b021d011e011d011c011c011d011b0119011b021a021a031a0218021b031b031b
CSIX,1504758754,024353490001,-62,6,128,43300400f21af816fb19f915fa15fe16ff15fe150116fe15ff150214041305180416041704160316031502160215001500150013fe1300000000000000000000000000000000000000000000fa16f716f617f518f517f317f118f117f118f018ed1bed1bec1aee19ef18ed1cee19ee18f118f019f21af11ef316f11aee19f018
CSIX,1504812398,024353490001,-62,6,128,43300400eef1ebf1e0f0f1f5ebfbeaf6e9eae9faf0faecfcf7e9efffe8feefff00f8ea00ec02e701f503effbeefeec00e404edfaecfb00000000000000000000000000000000000000000000edf7ecf3eef3eaf1edf1eaeefceceeecefeeeaeedaecebe9eaeaeaeceaebececedebeef0e9e2ebf0eaecedeceae8ecede8efeaf0
CSIX,1504843694,024353490001,-62,6,128,4330040017f716f714f513f612f412f410f50ff30ff30ef20cf10cf10cf00cef0cef0eee0cef0def0df00ef00ef10ff20ff30ef40ff60000000000000000000000000000000000000000000011f412f514f614f615f717f819f719f618f519f61bf91cf919fc1bfd1bfa1efa1afa1afa1af919f919f81af918f81af91af819f8
CSIX,1504882512,024353490001,-62,6,128,4330040013ee12ed10ec0fee0eec0eec0bee0aed09ed08eb06ec05eb06ea05ea06e906e906e906e806ea07ea08eb08ec09ec09ed0aee000000000000000000000000000000000000000000000cec0fec10ed12ec12ed14ee15ed15ee17ee17ee1bed1bed1aef1bed19f01cef19ef17f019ef18ef16ee18ee15ee17ee17ec17ed
CSIX,1504904688,024353490001,-63,6,128,43300400fce6fee4fbe8fce7fae9fae8f9ebf9edf7edf5eaf7ecf3eff5ecf2eef3ecf2ecf2ebf3ebf5ecf5ebf6ecf7edf8ecf8edfaec00000000000000000000000000000000000000000000f9eafae9fbe8fce6fde7fee500e400e501e401e301df01e002e002df03e203e002e103e502e202e300e300e1fee701e300df02e1
CSIX,1504942800,024353490001,-62,6,128,43300400fe1401140312011204110411030f030f0510080e070d070c090e0a0d0a0f0b100a1009100a0f090f070f070f060f060e050f0000000000000000000000000000000000000000000004140212fd1500170012ff14fc18fd14fa15fa15fa17fa19f917fa18f915f918f915fc14fa17fa15fb15fc15fc16fb18fc18fd17
CSIX,1504962429,024353490001,-63,6,128,43300400fbe6fae6f9e8f9e9f8eaf7ebf7edf5edf4eef3eef2f0f1f1f1f0f0f0efefefeeefeef0eef1eef2eef3eef3eef5ecf6eef7ee00000000000000000000000000000000000000000000f6ecf7eaf8e8f8e8f8e7fae6fae5fbe5fce4fbe3fde0fde0fee1fde1fee2fedffee3fee3fde2fde4fbe3fce3fbe4fce2fbe1fbe2
CSIX,1504993077,024353490001,-63,6,128,43300400e7f9e6fae9fde9fde9ffe9ffeb00eb02ec03ea04eb06eb06ea07eb07e908e908e907e807e906e905ea03ea03e902eb01eb0000000000000000000000000000000000000000000000e9ffe8fde8fce6fbe7fae7f7e6f6e7f9e5f4e6f6e3f3e2f4e3f3e2f4e4f4e4f3e4f3e7f5e4f5e5f5e5f6e5f5e7f8e4f6e3f7e4f7
CSIX,1505026444,024353490001,-62,6,128,4330040017f517f314f213f212f212f210f20ef00cf00ced0aee0aed0aed09eb0bea0cea0ce90deb0cec0ded0eee0eef0fef0ef00ff20000000000000000000000000000000000000000000010f012f113f215f114f217f317f417f419f51af41df31df31df51df31cf61ef51cf51af51bf51bf51af41bf419f51bf31bf21bf3
CSIX,1505053093,024353490001,-62,6,128,4330040011131212130f110e120e120d120b130a1208140714061405150516051806180618071708160816091409130a130b120b100c00000000000000000000000000000000000000000000120b120d110e12101111111211131014111511161218121911191218101812191017101612171116111512161115121714171317
CSIX,1505084764,024353490001,-62,6,128,43300400e6fee704eb03ec05ea07ee07ed07ed09f108ee0cef09f30aee0aef0eee0cef11ee10eb0fef0fed0cef0aee0aed08ed07ed0500000000000000000000000000000000000000000000ed04ec02ea01e9ffea00e6ffe600e8ffe6fde5fee2fce2fde2fde3fbe5fde2fde7fbe6fde4fee5fee702e5fee6ffe2ffe2fee402
CSIX,1505113597,024353490001,-62,6,128,433004000eed0cec0aec09ed08ed07ed06ee04ed03ed03ec01ed01ec01ebffeaffe900e800e801e901ea02ea03eb05ec06eb06ed07ee0000000000000000000000000000000000000000000008ee0aee0bee0ced0cee0eed0ded0eed0fed11ec13eb13ec13ec13eb12ed14eb12ed11ed12ec10ec10eb10eb0fec11eb11ea10ea
CSIX,1505172924,024353490001,-62,6,128,43300400ecefebf0ebf3ecf3ebf4eaf4ecf7ebf8ecf8e9fae9fbeafde8fce8fde6fce6fce7fbe6fae8fae8f8eaf8ebf7ebf6ecf6eef500000000000000000000000000000000000000000000ecf6edf4edf3ecf1edf1ecefeceeedeeecececebebe9ebe9ece8ebe9ede9ebe7ede9edebece9eceaecebeceaececebebe9ebebec
CSIX,1505234132,024353490001,-63,6,128,433004000b150c160e130d120e110f100f0e100d100c130c130b130a150b140a160b170d160d160d140d140e120e110f10100f0f0d10000000000000000000000000000000000000000000000c100c110b120b140b130a160b170a170a180b190a1c0a1d091c0a1d081b081d081b0819091b091a0a190b1a0a170a1a0c1a0c19
CSIX,1505268439,024353490001,-62,6,128,4330040013061507140410021204130514ff15fd12fd16fc15fc12f917f814f316fb18fb14f918f913fa15ff13fe14001303130013020000000000000000000000000000000000000000000013ff1301170113001402160417031507160619051806170a1908180b170c1c0b1a07140b12071d0917051a0b15091604170c1a04
CSIX,1505295529,024353490001,-62,6,128,43300400f6edeeedf0eff2f7f0efeef2f2f6f3f8f0f8ebf7eeffecf7ecfcecfde8f9e6f9eaf8ebf9ecf7ebf6ecf6edf6ecf3eff4f3f300000000000000000000000000000000000000000000f3f0f5f0f5eff5eff3edf4eef6ecf5ecf6ebf3e7f8e6f4eaf7e9f3e7f8e7f6e6f9e7f6eaf4e9f5ebf4ecf3e9f4e7f2e7f4ebf4e7
CSIX,1505322944,024353490001,-63,6,128,433004000c020e020cfe0c010cfd0e010ffe0cfc0ffb0dfa0bfa0cfb0ef90ff90ff810fa0ff80efb10fa0ffd0ffe0dfd0ffd0cff0d00000000000000000000000000000000000000000000000b000c020d030d010f000d050e030c040e0411041205110711080f070e0812050c06120510080e070d06100610070f0811030f03
CSIX,1505382843,024353490001,-63,6,128,43300400eff2edf2eef5eef5eef6ecf7eef8edf9edfaecfbecfcecfdeafdeafde8fde8fce9fbe9fbeafaebf9ebf8edf8edf6eef7eff600000000000000000000000000000000000000000000f1f6f1f4f1f3f0f2f0f2f0f0f0f0f1f0f0eeefedefebeeeaf0ebefebf1ebf0eaf1ebf1eef0ecf0edf0eeefedf0f0efeeedeeefef
CSIX,1505415495,024353490001,-63,6,128,43300400e7fce7fde900e900e901e802eb02eb04ec05eb07ec08ec09e909eb0ae90ae80ae709e708e807e806e804e904e802ea02eb0000000000000000000000000000000000000000000000ecffeafdeafce8fbe9fbe8fae7f9e8f9e7f7e6f7e3f5e3f5e5f4e4f5e6f4e4f3e6f4e8f6e6f5e7f7e7f8e6f7e8f9e6f9e4fae5f9
CSIX,1505473079,024353490001,-63,6,128,433004000217031805150516061506160613081208120b130c100c110e120e110f130e140e150d160c140a16091408140814071305130000000000000000000000000000000000000000000004140216011401160116ff18ff18fe19fd1afe1afc1ffc1dfc1efb1cfc1bfb1cfb1cfc19fb1afd19fe19fd1aff18fe1a001b001a
CSIX,1505505099,024353490001,-63,6,128,43300400110f130f120c130c140b140a130814081306150614041503170316021903190419041805160616071507140714091209110a00000000000000000000000000000000000000000000110b110d100e110f100f111111111012111311141218121811181218101711180f170e1510161015111411141012111412151213
CSIX,1505533390,024353490001,-62,6,128,43300400ffeafee9fcebfcecfcecfbecfaeef9eef8eff5eef5eff4f0f4eef3eff2edf3ecf3ecf4ebf6ecf6ecf8ecf9edf9ecfaeefbee00000000000000000000000000000000000000000000fdedffecffebffeaffea01e903e806e904ea03e704e503e408e404e207e506e304e605e805e604e803e803e702e901e702e701e7
CSIX,1505563710,024353490001,-63,6,128,43300400e8fde6fee901e901e902ea03eb03ec05ec05eb07ed08ed09eb0aec0bea0be90ce90be90aea08e908ea07ea05ea04eb03ec0200000000000000000000000000000000000000000000eb01e9ffe9ffe8fee8fee7fce6fce6fbe6fae4f9e2f7e2f6e3f6e2f7e4f6e2f5e4f7e6f8e4f7e4f9e5f9e5f9e7fae5f9e4fae5fa
CSIX,1505592705,024353490001,-63,6,128,4330040015f915f614f514f514f513f512f510f30ff310f00ef10def0fef0ded0fec10ed12ed11ee11ef12f111f212f312f311f512f60000000000000000000000000000000000000000000012f614f814f816f816f818fa19fa19fb1afb1bfc1efd1ffe1eff1efd1dff1eff1cfe19fe1cfe1afe19fd1afd18fc1afc1afb1afa
CSIX,1505623759,024353490001,-63,6,128,433004001602170016ff16ff16ff16ff12fd14fb13f914f912f812f613f613f515f416f416f515f516f616f816f915fa16fc14fc14fe000000000000000000000000000000000000000000001400150116021603170318051805170519061a081b0a1c0a1c0b1b0a1a0b1b0b190a18091909180818071907180618071a061905
CSIX,1505686155,024353490001,-63,6,128,43300400ecfbedfaecfdecfcedfeecffed01ed02ee00eb02ec03ee05eb05eb07ea07ea06e906e905eb04eb03eb03ec01eb00ec00edfe00000000000000000000000000000000000000000000edfbecf7eef7ecf6edf5ebf5e8f4edf6ecf4ebf1e9eeebf0ebefeaefecf0eaeeebf1ebf2edf3eef2edf3ecf2edf4e9f6e7f6ebf7
CSIX,1505715262,024353490001,-63,6,128,43300400f411f512f713f811f812f812fa11fc11fc11fd13fd12ff12ff1400140015ff17ff15fe16fd15fc15fb13fa13f913f912f81100000000000000000000000000000000000000000000f611f410f311f211f210f111f010ef0eed11ed11eb11eb11eb10eb11ec0eeb10ed0fee0fee0eef0ff00fef10f110f011f012f111
CSIX,1505744182,024353490001,-63,6,128,43300400f514f816fb15fb14fb15fc15fd13fe14ff130115021403140316041604180319031801190118ff18fe17fd16fd17fc15fa1400000000000000000000000000000000000000000000f915f715f615f516f515f316f116f115f016ef16ed18ed18ed16ee16ee15ec16ee15f014ef15ef14f114f114f213f215f317f317
CSIX,1505804545,024353490001,-63,6,128,4330040000170118041603150516051606130713071309130a110c110c110d120f130e140e140c140c140b160a150815071606150415000000000000000000000000000000000000000000000116ff16fe17fd18fd18fb18fa1af919f919f81bf61df61cf61bf71bf719f61cf819f918f919fa19fa18fb19fc18fc19fc1bfd1a
CSIX,1505833899,024353490001,-63,6,128,43300400f715fc14fd10fd14fe130013ff13ff120211031305120611051206130715061606160516031503160115021500150014ff1300000000000000000000000000000000000000000000fa13f813f814f615f713f414f314f212f114f215ef16f115ee16f114f015f115f111f214f311f212f514f514f613f513f715f613
CSIX,1505862352,024353490001,-68,6,128,43300400b425be21d62dca24b535bd31cb29d734c829c146c937ca30c13dc335ce47cc60c933c24fc521c71ecb25d225da4bc804d52200000000000000000000000000000000000000000000ed15f503c313df0cd31fc812a41ed336c827aa029627a5fea909b1f7a90f91f39700960b9e029ff4c4feaa05a802b101a21ca312
CSIX,1505892971,024353490001,-63,6,128,4330040014081207110512051304140312031401120013ff12fe12fd13fc14fc16fc16fd16fd16fd15ff16ff1601160115021302130500000000000000000000000000000000000000000000120710081309110c100b120c130c120f120e140f1313131214111311101012120f10110f11100f0e130d110d110a110d110b130b
CSIX,1505923065,024353490001,-63,6,128,43300400fbe9f9e9f8ebf8ebf7ebf6ebf6edf4edf4eef2eef2f0f0f0f0f0eff0eeeeedeeeeedeeecf0edf0ebf2ebf3ebf3eaf4ebf6eb00000000000000000000000000000000000000000000faeafce9fde8fde8fee7ffe600e601e602e502e403e204e204e303e304e504e303e502e702e501e600e700e6ffe8ffe7fde5fee6
CSIX,1505954606,024353490001,-63,6,128,43300400100912081205120513051306110213031101140013ff13fe15fe14fd17fe17fd17fe16ff1600160115021503150314041306000000000000000000000000000000000000000000001006110a1109110d120c110f110e110f120f1310131411120f1310121111111210100f10110f1010100f100e100b110c130d120b
CSIX,1505982798,024353490001,-63,6,128,43300400ef0fef10f211f311f212f312f511f612f711f814f913fa13fa15fb16fa18f919f918f718f717f617f515f414f415f513f31200000000000000000000000000000000000000000000f210f00fef0fee0fed0feb0eea0eea0de90de80de50de60de60ce70de70be50be80be90be80cea0beb0cea0cec0deb0eeb0fed0f
CSIX,1506016323,024353490001,-63,6,128,433004000a110b110d0f0c0e0e0e0e0e0e0c0e0b0e0b100a0f091009110813071308150a1409140a120a120b100b100d100e0e0d0d0f000000000000000000000000000000000000000000000b0f0a100a1209120a1309140815071408160717061a061a05190619041705190516061506160615071508150713081509150914
CSIX,1506042359,024353490001,-63,6,128,433004000d130e1210110f0f0f100f0f0f0e100c100c130b12091208130915081509180a160a160c150c140d130e120e130f110e0f0f000000000000000000000000000000000000000000000e0e0c100d110c120d130b130a1609160a170b180b1a0b1b0a1a0b190818091b081709170a17091709160a170b160c160d170c16
CSIX,1506073774,024353490001,-63,6,128,433004000ef10eef0bef0cef0aed09ed09ee08ee07ed07ec05ed03ec04eb04ec03ea05e905e906e906ea07ea08eb09ec0aec09ed0bef000000000000000000000000000000000000000000000af10cf10df10ff10ef210f111f211f213f213f216f116f115f315f215f416f314f312f314f313f312f212f211f212f112ef11f0
CSIX,1506102397,024353490001,-63,6,128,433004000cef0bed09ed08ec06ec07ed06eb05ec05ec04eb04ec02ed01ec00ea00e900e802e902e803ea04ea04ea06eb07ea07ec09ed000000000000000000000000000000000000000000000af00cf00df00ff00ef010f011f010f111f113f115f015f116f214f114f313f013f111f112f011f110f011f00ff011f010ee10ee
CSIX,1506140425,024353490001,-63,6,128,43300400f0eeeeefeef1eef1eef2edf2eef4edf5edf6ebf7ebf8eaf9e9f8e9fae7f8e6f8e7f8e6f7e8f5e8f5e9f4eaf4eaf3ecf3edf100000000000000000000000000000000000000000000f0f1f1eff1eef1edf2edf2ecf2eaf3eaf3e9f2e8f2e6f2e5f3e6f3e6f4e7f3e5f3e8f3e9f3e7f3e9f2e9f2e9f2ebf2e9f0eaf1ea
CSIX,1506162521,024353490001,-63,6,128,43300400e704e906e908eb08ea09eb0aec09ed0bee0bed0def0def0fef0fef11ee11ec12ed11ec11ec10eb0feb0dea0de90beb0aeb0800000000000000000000000000000000000000000000eb05eb04e903e902e802e701e701e600e5ffe4ffe2fde2fce3fce3fce5fce2fce5fee5fee5fee600e700e601e701e600e401e601
CSIX,1506224751,024353490001,-63,6,128,43300400f6eaf4e9f3ebf4ecf3edf2ecf2eff0eff0efeeefeff2eef2edf2ecf3ebf1eaf0ebf0eaefecefedeeeeeeefedf0ecf1edf3ec00000000000000000000000000000000000000000000f6edf7ebf8eaf8e9f9e9fae8fae7fbe7fbe6fce4fde2fde2fde3fce3fee5fde2fde5fde6fce5fbe6fae6fae6f9e7fae6f8e5f8e6
CSIX,1506252574,024353490001,-63,6,128,43300400fe18ff190217011602170316041504150514061608140814091609150a170a170a1709180817071805170417031802170016000000000000000000000000000000000000000000000115ff16ff16fe17fd17fc19fb18fb18fa19fa1af71cf71df71cf71cf71af61cf61af818f719f919fa19fa1afb17fa1afb1bfc1b
CSIX,1506287195,024353490001,-63,6,128,43300400fee502e602e902e9ffe801e9fceafdeafbebf8eaf9ecf8ecf5eaf3ebf4eaf5e7f4e9f6e8f6e8f7e7f8e9f9e8fbe8fae9fde90000000000000000000000000000000000000000000005ea08ea0ae90ae909ea09ea0bea0ee80dea0de70fe50ee615e60fe70fe90fe60de90de812e40de909e510f00bec08e803e90fe1
CSIX,1506346628,024353490001,-63,6,128,4330040004170617081507150815091409130a120a120d120c110e100f11101011121213111310140f130d140c140a150a160815071500000000000000000000000000000000000000000000061505160417031803180119001a0019001aff1bfd1efd1efd1dfe1dfd1bfd1dfe1bff19ff1bff1a0019001a0018001a021b021a
CSIX,1506373634,024353490001,-63,6,128,43300400140c160c1509140815081507140614031403160215011500160017fe19ff19ff19001900180118021803170417051606150800000000000000000000000000000000000000000000130b130d130e130f130f121112121112121312151317131711171216101512161114111212131212121113121210131215111410
CSIX,1506405347,024353490001,-63,6,128,43300400140016ff14fc14fc14fc13fb12fa12f911f812f711f510f512f411f413f313f414f414f414f515f715f814f915f914fa14fc0000000000000000000000000000000000000000000014fd15ff150016011601170317041704170518051b061a0719071907180719081807160518061605160417041503170318021702
CSIX,1506432701,024353490001,-63,6,128,43300400ff1100120211021103110311040f0510050f0810070f090f0910090f0a110a12091209130812071305120512041304120112000000000000000000000000000000000000000000000112ff13fe13fe13fd12fb15fb15fb14fa15fa15f917f917f816f917f914f816f815fa14fa15fa14fb14fb14fc13fc14fd15fd14
CSIX,1506463265,024353490001,-63,6,128,43300400e808e909ea0beb0aec0bec0cee0bee0dee0def0ff00ff110f012f112f013ef14ef14ef14ef12ed11ed10ec0eeb0eec0cec0a00000000000000000000000000000000000000000000e807e907e706e604e604e503e502e502e402e300e0ffe1ffe1fde2fee4fee1ffe400e501e400e601e603e503e603e503e405e605
CSIX,1506522560,024353490001,-62,6,128,433004000dee0cec0aec09ee08ec08ec07ed05ed05ed05eb03ec02ec01eb01ea01e901e802e802e802e904e904ea06eb07ea07ec09ed000000000000000000000000000000000000000000000aee0cee0ced0eee0eee0fee10ee10ee12ee13ee17ee16ee16ef15ef14f116ee13f012f013ef11f011ee11ee10ef12ee11ed10ee
CSIX,1506583975,024353490001,-63,6,128,43300400efeceeeae502f1ebecf2edf0f4f2edf3eef5ebf5e5ffecf5e9f6eaf8f4fbebf8e8f7e7f4e5ede8f1ebf2ecf3e9f9edf0eef000000000000000000000000000000000000000000000eff1efeef3e8efedf1ebefe9f4ebf6e6f3e9f1eaf0eff0e4efe3efe502e1f7e2f5e6f4eaf6ecf2eaf0e9f1e8e9f0f1e7efe8efe8
CSIX,1506617996,024353490001,-62,6,128,43300400f012ef12f112f510f311f413f612f712f812f913f813fa13fa13fb16fb17fa17fa16f917f916f715f614f513f413f412f31000000000000000000000000000000000000000000000f20ff312f10ded0fee11ed0eed0fee0ced0de90de70ce70de70ae80ce90be90eea0eee0dea0eed10eb10ed10ed0fed0dee0fee10
CSIX,1506644776,024353490001,-62,6,128,43300400e80ae80be90deb0ceb0deb0ded0dee0fef0eee10f010f011f012f213f014ef14ef14ef14ef12ee11ee10ec10eb0eec0deb0b00000000000000000000000000000000000000000000ec0aeb09ea08e908e908e807e707e705e606e504e204e203e303e204e404e203e305e502e406e606e607e507e707e507e408e509
CSIX,1506679600,024353490001,-62,6,128,43300400f6eaece8ebeceee8f6eff1eef5ecede5f0f3f0f4f1edeef3f5e8f0ebede2eae6f6e7f4ecf4e5f6e6f9e8fce9fde6ffe7fee600000000000000000000000000000000000000000000ecf7ecf6edfce9f7e2f6e6f8e8f0effaefe9edf0f4ecf2ebece4ededf1e8f5e6f3e9f4e9eee7f1ebf0e9f1f5fae0e7e5f6e0f0ef
CSIX,1506702532,024353490001,-63,6,128,43300400e717e616e717e913e716e912eb11eb12ef0ef310f50ff910f913fa12fb17fc16fb19fb19fb19fa19f818f818f618f617f51500000000000000000000000000000000000000000000ec05e904e904e802e704e503e404e303df01deffdefbdffae2f9e3fae6fae5fae8feeefeeb02ef03ef07ef08f00eed10ea13ea15
CSIX,1506732599,024353490001,-62,6,128,43300400e9fee8fde801e9ffe902ea00ed04eb03ec02ea06ec06ec07ea07ea07e808e807e707e706e905e804e802ea02e8ffeaffecfe00000000000000000000000000000000000000000000ea02ebffebfdecfcebfcebfaebfbedf9eaf8e8f9e5f8e5f8e8f5eaf7e7f5e8f4eaf8ebf8eaf8e9fae8fce8fbeafde9fbe7fde7fe
CSIX,1506762399,024353490001,-62,6,128,433004000a140b140d120b110c110d110d0f0e0e0e0e110d100c110b120c120c130e130e130d130f120f11110f110f100e110d110b12000000000000000000000000000000000000000000000b110811091309140714061505150516041706180519061a041805180318031a031605160417061607160616091309150a170818
CSIX,1506797574,024353490001,-62,6,128,433004001305170114fe150016ff100014001604160017f912010ffb14f713f615fb17f716f815f814fd12fb16fb17f9150015ff15000000000000000000000000000000000000000000000011fd0f041304150516081303120b140a150b140f1508120a1809170e1709150d160c1908120a150f150614061804150a19091405
CSIX,1506822932,024353490001,-63,6,128,43300400ecf0edf4eaf8edf5f0f5edf7f1f9effaedfce7f9e8ffeaffecfbed01e9fde9ffe8fee8fde8fde9fdeafde8fae8f8eaf8eff600000000000000000000000000000000000000000000eff6f0f4eff3eff1f0f1f0f0eff0f1eff1eef1eeeeebeeecf0ebeeedf2edf0eaf1eef1eef0edefeeefefeeeeeff2edf2eef3eef1
CSIX,1506852639,024353490001,-63,6,128,43300400f010f111f212f210f311f311f511f611f711f713f812fa12f913fa14f915f916f915f815f814f614f613f512f412f410f30f00000000000000000000000000000000000000000000f30ef20df10df00df00def0dee0dee0ced0ceb0ce90de90de90cea0ceb0be90ceb0bed0cec0ced0dee0ded0eef0eed0eee10ee0f
CSIX,1506882404,024353490001,-63,6,128,43300400160115ff16fd15fe10fa18fc11fb13fc11fc12f712f911f812f615f614f915f710f418f613f413f613fa13fa18fc14fc14fe0000000000000000000000000000000000000000000013011300140114021502140417061504170616061709180818081808160919091508160616071505150517051504160318031702
CSIX,1506913144,024353490001,-63,6,128,4330040006150715091208120a120a120a100a100b0f0d100d0d0e0d0f0e0f0d100f100f100f0f110f100e110c110c120b1309120712000000000000000000000000000000000000000000000612051404140415031403150116011600170018001a001aff190019ff18ff190017001601170116031602170315041605180517
CSIX,1506946685,024353490001,-63,6,128,43300400f1ecefecefeef0efeeefeef0eff2edf2eef3ecf4ecf6ebf7eaf6ebf7e8f6e7f6e8f5e8f4e9f4e9f3eaf2ecf2ecf0eef0f0ef00000000000000000000000000000000000000000000f1eef2ecf3ebf3eaf3eaf4e8f4e8f5e8f5e7f5e6f6e3f5e3f6e3f5e4f7e4f6e4f6e6f7e8f6e7f5e8f4e9f4e8f4eaf3e8f1e8f1e8
CSIX,1506972671,024353490001,-62,6,128,43300400e8fde9ffe901eb00ea02ea02ec03ec04ed04ec06ed06ee08ed08ed0aed0aeb0beb0aeb0aec09eb08eb07ea05e904eb03eb0100000000000000000000000000000000000000000000ebffeafee9fce9fce9fbe9fae8fae9f9e8f9e7f6e5f5e5f5e7f5e7f5e8f6e6f5e8f7e8f7e8f7e8f8e9f9e8fae9fae8fae7fbe8fb
CSIX,1507002976,024353490001,-62,6,128,43300400e9f3e7f5e9f7eaf7e8f9e9faeafbe9fceafde8fdeaffea01e801e902e702e603e603e501e701e600e7fee7fde6fbe8fbeaf800000000000000000000000000000000000000000000eaf7eaf5eaf4eaf3eaf2eaf1e9f0eaf0eaefe9eee9ebe8ebe9ebe9ecebeceaeaebedeceeeaeeebefeaf1e9f0eaf2e9f0e7f0e8f2
CSIX,1507033049,024353490001,-63,6,128,4330040010ee0eef0dee0cf10aec0aee0aef09ee07ee07ed05ee04ed04ec03ec03ea03e904ea04eb05ea06ea07eb08ec09ed0aee0aef000000000000000000000000000000000000000000000bee0cf00eee10f00ff00ff112f112f013f014f017f016f013f115f113f117ef13f013f413f212f210f112f010f012f010ee11ef
CSIX,1507063716,024353490001,-63,6,128,43300400091609160b140b120b130c120b100d100c0f0f0f0d0d0f0b100c110c120c130d120e130e110e100f0f0f0e0f0e110d110b11000000000000000000000000000000000000000000000b120a140915081608160617061805180619051a051c051c041c051c031a031c031a041804190419051706180616071908190919
CSIX,1507092756,024353490001,-64,6,128,43300400e802e803ddffeb03ea04ea05f2faed05ef07ee09f710ef09ef0bef0ae70eed0cee0cec0bed05ec09ed08ed08ef08ec06ec0300000000000000000000000000000000000000000000ec07eb06eaffe904ea03e702ef09ea01e600e801f3ffe2ffe4ffe300dc0ce4fee7fee8feed0ce900e600e900da04e800e601e701
CSIX,1507125855,024353490001,-63,6,128,4330040016071706160415041504150313021401120013fe12fd12fb13fb13fa14fa15fa16fa16fb15fc16fd15fe15ff15001400130200000000000000000000000000000000000000000000140315051506150715071509150a150a160b160b170d180d170d170d160d170e150d140c160c150b150a160a1509170918091808
CSIX,1507152979,024353490001,-63,6,128,43300400150f160f160c150c160b150a1409150714061505150415031803170218021a0219031804180318061707160716091509120a00000000000000000000000000000000000000000000140a140d150f1410130f121112111212121313141317131713171316111613181115121312141213131214121211141217121611
CSIX,1507222470,024353490001,-63,6,128,43300400041a061a0718061708160816081409130a120c120d0f0e0f0f101110131113121213111410130f150d140c150b160b1507150000000000000000000000000000000000000000000006150317031802180118ff19ff19fd19fe1afd1cfc1dfb1efb1dfc1dfb1afd1efd1bfe1afe1bff1a0119011a0119021b031c031c
CSIX,1507244903,024353490001,-64,6,128,4330040007160816091309130a130a120a0f0b0d0d110b0f0e0d0e0c0f0d100c120c120e120f110f100f10100f100d110c120b110912000000000000000000000000000000000000000000000811071406140615051504170417031703180219001b011b001a011a0119001a0119021702180217041804180516051806190719
CSIX,1507276450,024353490001,-63,6,128,433004000b150c150d130c110c110d100d0f0d0e0e0e0f0d0f0b100a100a1309140a150b130b140b120c120d110d100e0f100d0f0b10000000000000000000000000000000000000000000000c110a120a130915091508160817071707180619061b051c051b061b0419051c061905180618071708170817081608170a180a16
CSIX,1507302496,024353490001,-63,6,128,4330040017f813f215f714f814f514f612f611f410f410f20ef30df10ef10cef0eee0eed0fee0fee0ff010f010f110f212f310f412f60000000000000000000000000000000000000000000013f614f715f917f916f918fb18fc18fd19fd1afd1cfe1cfe1cff1cfe1aff1cfe19fe18fd1afd19fd19fc19fc17fb19fa1af919f9
CSIX,1507332472,024353490001,-63,6,128,43300400f0ecefeceeeff0efeff0eff1f0f2eff3eff4edf5edf7edf8ecf8ebf9eaf9e9f8e9f8e9f7ebf7ebf5ecf5edf5edf4eef4f1f200000000000000000000000000000000000000000000f0f0f1eef1ecf1ecf2ebf3e9f3e8f4e9f4e8f4e6f4e4f4e4f5e4f4e5f6e6f4e4f4e7f4e8f4e7f4e8f4eaf3e9f3ebf2e9f0e9f1ea
CSIX,1507362641,024353490001,-63,6,128,43300400e800e801ea03eb02eb03eb03ed04ed05ee05ee07f008f009ef09ef0aee0bee0cee0bed0aee09ed09ed07ed07ec06ee05ee0300000000000000000000000000000000000000000000ec04eb02ea01e900e900e9fee8fee9fde8fce6fbe5fbe5fae6fae6fbe8fae5fae7fbe8fce7fce8fce8fde8fde9fee7fee600e7ff
CSIX,1507396492,024353490001,-63,6,128,43300400e505e606e707e906e908ea07ec08ec09ee09ee0cef0cf00df00fef0ff010ee11ee10ee0fee0eed0eed0ced0cec0aed09ed0700000000000000000000000000000000000000000000ea07e905e704e704e702e601e501e5ffe4ffe3ffe2fee1fee2fde2fee3fee1fde4fee4ffe4ffe500e601e401e602e402e303e403
CSIX,1507422431,024353490001,-63,6,128,433004000e120f110f110e0f0f0f100e0e0c0f0b0f0b100a10081007100812071207140a1209130a120a110a100b0f0b0e0b0e0c0b0b000000000000000000000000000000000000000000000e0d0e0d0f100c120b110d130c160c130f130c160c170b190a19091809170b190b160a150c150b140d130d150c140c150d150e13
CSIX,1507452511,024353490001,-63,6,128,43300400e507e607e709e907e909ea09eb0aec0bed0aed0cef0cf00def0eef10ee0fed11ee0fed0fee0eed0ded0cec0bec0aee08ee0700000000000000000000000000000000000000000000eb0aea08e807e706e706e704e504e603e403e302e101e101e200e201e400e001e401e502e402e403e504e404e505e404e206e405
CSIX,1507487074,024353490001,-63,6,128,43300400fce5fbe5f9e7fae8f9e8f8e8f9eaf7eaf7ecf5ebf5edf3eef3edf2eef1ecf1ecf2ecf2ebf4ecf4ebf6ecf6ecf7ecf8ecfaec00000000000000000000000000000000000000000000f9eafbe8fbe7fce6fde6ffe5ffe501e501e500e402e102e102e201e202e402e102e300e501e300e4ffe400e3fee5ffe3fde3fee3
CSIX,1507544257,024353490001,-65,6,128,43300400f854e360004df4480541f643f2470b37fc3e0941094b0a310c3a1a411c4d13542045114f08440f550540034a0a43113af22000000000000000000000000000000000000000000000e82edf3ade2fc22fd61cd33acd2ed933bd2ed62ec835bd39c747c049c63cb642ca27c23dc329c151e23bd629e638df4ff144c448
CSIX,1507573135,024353490001,-62,6,128,4330040015fd16060ff51cf909fb13e70efe01e50df4eeed07eaf3f9fbe6f6f5f1e6f6f6e8eafbfae2f8f9f0ea04ecf3fe0ce4fd01f900000000000000000000000000000000000000000000fff8d803f6eee715e7effc13d8faf705e306f208e61bee0bf51def10fb18f0160114fc15ff13071704180b130e100e0f160c140c
CSIX,1507610638,024353490001,-61,6,128,433004000bf81be41eef02e709fe030e19241e1019090dfcf511e322f32df5180806fdf1e2dfd9efe9eeeaf707fd16f11cd716e7010000000000000000000000000000000000000000000000eb0ae80ce7fff0f4f6f0f9e3f6df01f009f019f62df526fd13fc0d090c1a0222051b0218ef13e609e10fdf0bf508f6edeee1e4e1
CSIX,1507635091,024353490001,-61,6,128,43300400e212edfae4f8ed10f7f0e2e7e70402eae9e9ec0004ecf1ddf5f308ee01dd03ef12f212ed10f211fa180013fe0d09120d0e0700000000000000000000000000000000000000000000f4f0f8e9feea03e506eb10eb0feb11f31af717f41605230610fd0a161e13130a0322111e000ffc190225fe0cee1dfd18ea0fea1f
CSIX,1507664372,024353490001,-62,6,128,43300400e9f4e9f5e9f7ebf8eaf8eaf8ebfaebfcecfcebfdecfeec00eb00eb00e900e901e900e9ffebfeeafeebfcecfcecfbeefbeff900000000000000000000000000000000000000000000ebf9ebf6ebf5ebf4ebf4ebf2ebf2ecf1ecf0ebefeaeee9edebeeeaeeeceeeaedebefecf1ebefebf0ebf1ebf1ebf3eaf2e8f2eaf3
CSIX,1507696438,024353490001,-62,6,128,43300400e9ffe801e903ea02ea03ea04ed04ed05ed05ec07ee08ef08ee09ef0bed0bec0bed0aed09ee08ec07ed06ec05ed05ef03ef0200000000000000000000000000000000000000000000eb00e9ffebfeebfde9fee9fde9fbebfce4fae7f9e4f7e5f7e7f6e5f9e7f7e3fae6fae6fbe7fbe7f9e9fde5fbe9fde7fbe4fce6fc
CSIX,1507725244,024353490001,-63,6,128,433004000e121315ef0b150a13120e093913150910071306f8f7190419031408231717051805150718ff150513091106080513071109000000000000000000000000000000000000000000000e100f130b140d160c120b16121c0c1809170d191c240b1a0c1a0c18f405051b091d0b11f8fe08160e160d161e230c140f171117
CSIX,1507752682,024353490001,-63,6,128,43300400f7e9f6e9f4eaf5ebf4ecf4ebf4eef3eef3eff1f0f0f2f0f3eff2eef3edf1edf1edf1eef0eff0f0f0f1eff2f0f3eff4f0f6f000000000000000000000000000000000000000000000f6ebf8e9f9e8f9e7fae7fbe6fbe6fce6fde6fde4fee2fde2fee3fde3fee5fee2fde4fde5fde5fce6fae6fbe5fae8fae5f9e5f9e6
CSIX,1507783204,024353490001,-63,6,128,43300400f813f317f413f415ff13f5120619fd12fd12fa0dff0d000f01160013fc1d02130015ff150013fd14fd13fc11f617fe0ff61000000000000000000000000000000000000000000000fa15fb13fb11f811f716f710eb1ff511f216f312db06f61aed0ff21bef19f116f00bf41bf11df217f710ee180407ee1dfa13f116
CSIX,1507813887,024353490001,-63,6,128,4330040008e908e905e905eb05ea04ea02ec02ea01eb00eaffebfeebfdeafdebfde9fee8fee8ffe8ffea00e902ea02ec03eb03ec04ed0000000000000000000000000000000000000000000003eb06ea06e908e908ea09e90ae90be90ce90ce90fe80fe70fe80ee80ee910e70ee90dea0de90ce90be90ce80be90ce80be70be8
CSIX,1507842576,024353490001,-63,6,128,43300400e7f5e7f6e6f9e8f9e7f9e7fae9fbe8fde9fde8ffe900e901e802e803e702e602e701e600e800e7ffe8fee9fde9fbeafcedfa00000000000000000000000000000000000000000000e9f9e9f8e9f6e8f5e8f4e8f3e8f2e9f1e8f0e7efe6ede6ede7ede6eee8ede6ece8efe8f0e8efe8f0e7f1e6f0e8f2e7f2e5f2e7f2
CSIX,1507879383,024353490001,-63,6,128,4330040007ec06eb05ec05ec04ec04ec03ed01ed01ee00ecffedfdedfdecfdecfdebfeebfeebffeaffec01ec02ec01ee02ee03ef04ef0000000000000000000000000000000000000000000002ee04ed05ee06ed06ed08ec09ec09ed0aec0aec0bea0cea0ceb0bea0cec0dea0bec0aed0beb0aec09ec0aeb08eb0aeb09e909e9
CSIX,1507904229,024353490001,-63,6,128,433004000e011df70ffe1ef90cfe19fc0dfa15fe0ff716030df314040def14fe10e8160512f0140213f7130214fb0f0210f90c0411ff0000000000000000000000000000000000000000000012f407f613f608f416f80af419fc0df61afd12f720ff13f61e0115f51b0317fa150617f612021bfa10001cfa10001ef7110320f6
CSIX,1507932416,024353490001,-64,6,128,43300400fc16fc1aff16f711fa17f616f915fb15fb14fc13fc12fd14fe18ff120116ff140014fc17fe14fc14fa0ffb13f812f911fc0f00000000000000000000000000000000000000000000fb13ff12fa10fa12fa15f615f815f515f615f415f419f517f316f317f014ef18f215ef15f413f316f412f216f716f616f715ef13
CSIX,1507962436,024353490001,-63,6,128,4330040017fa16fa15f915fa15f715f811f815f812f712f611f40ff60ff311f211f111f211f312f311f312f412f712f713f711f811fa0000000000000000000000000000000000000000000010f911fa12fa13fb14fb14fd15fd13fe15fe19ff19001afe1a0218ff17021dff17fe17fe18ff18fe17fc18fc17fc1bfd1afa1afb
CSIX,1507995941,024353490001,-64,6,128,433004001604170516031603160216011401140013ff14fe13fc12fb14fb13fa16fb16fb16fc15fd15fe14ff140013001401120211030000000000000000000000000000000000000000000010ff11011202130312031404150514061407150617081708160917081609170a1609140716071607160717061605170719061906
CSIX,1508034314,024353490001,-64,6,128,43300400fb19fc1bfe19ff18ff18ff18001501160214031504140613061505150617061706170416031503160114001400140013fe120000000000000000000000000000000000000000000001120014ff14fe16fe15fd17fb17fb17fa18fa19f91bf91cf81bf81bf81af71bf81af818f919fa19fa1afa1bfb19fa1bfb1dfb1c
CSIX,1508052493,024353490001,-64,6,128,43300400e5fbe4fbe6fce7fce7fce8fdeafeeaffeb00ea01eb03eb04ea04ea05e904e804e904e803ea02ea00ea00ecffebfeedfeeefc00000000000000000000000000000000000000000000ec00ebffebfee9fde9fde9fbe9fae9f9e8f9e7f9e4f8e5f7e5f7e4f8e6f6e4f6e6f8e7f8e5f7e6f8e6f9e5f8e6fae4f9e2f9e3f8
CSIX,1508086212,024353490001,-64,6,128,4330040014071a07180617061605170515051401140215ff120012fe14ff15fd16fd16ff17ff1500140113031302120412041104120700000000000000000000000000000000000000000000120413031406160315031506170713061705130919091908180d1808140d170b180c1608170c170b18061b09170c1b0919081909
CSIX,1508119057,024353490001,-64,6,128,4330040000e8ffe8fee9feeafeeafdeafeedfcedfcedfaecf9eef9eef8edf7edf8edf7ebf8ebf9eaf9ecfaebfcedfdedfeecfeee00ef00000000000000000000000000000000000000000000fcefffedffed02ed00ec03ea00eb05eb00eb07e806e505e804e804ea05e805e803e803e803e903e902e902e802ea02e801e702e7
CSIX,1508143306,024353490001,-64,6,128,4330040017f717f616f415f515f514f412f412f211f312f110f20ff110ef10ef12ee13ee12ef13f012f113f212f412f514f612f712f80000000000000000000000000000000000000000000012f613f814f815f916f917fb18fb17fb19fc1afd1bfe1cfe1bff1bfe18fe1cfd19fd19fc19fc18fc18fa19fa18fa1afb1af919f9
CSIX,1508173264,024353490001,-64,6,128,43300400f315f316f516f514f615f616f914fa15f915fb16fc15fd15fd17fe17fd18fc19fc19fb18fb17fa17f915f814f614f713f51100000000000000000000000000000000000000000000f712f513f613f213f213f012ef13ef12ed13ed12ea13ea13eb12ec13ec10eb12ed11ee11ee12ef12f013f013f113f014ef16f115
CSIX,1508203819,024353490001,-64,6,128,4330040009eb07e805eb05ec03ec03ea02ee01ebffecffebfeedfdecfdebfcebfde9fce9fde9feeafeebffeb01eb00ed01ec01ed02ee0000000000000000000000000000000000000000000006ee09ec0bee0deb0de80dec0eef18e80fef0eed0fea11ed11ee0ff00fed11ed0eef0df00eed0df00ef20ceb0aed09e40aea0aea
CSIX,1508279762,024353490001,-64,6,128,433004000018011a051703160416041505130813071209130a110c110d120d120d130d140d150c160a140a15081408140815081305140000000000000000000000000000000000000000000005150317021701190118ff1afd1afc1afb1bfc1cfb1efa1efa1dfa1efa1ef91dfb1bfb1afb1bfc1afd1bfd1bff18fe1b001c001c
CSIX,1508295466,024353490001,-63,6,128,43300400eb00e900eb02ed03ed04ee05ef05ef07ef07ef08f109f109f00bf00cef0cee0cee0cef0cef0bef0aee08ee08ee07ef06ef0400000000000000000000000000000000000000000000eb01ee03ed01ecfdea01e8fdeafceafce8fde7fce7f9e4fae7f8e5f8eafce7f9e9fbeafae8fbe9fee8fde8fdecffe9fee9ffe7fe
CSIX,1508322776,024353490001,-63,6,128,43300400f011f313f20df611f613f612f815fb11f912fc15f713fd10fc12fe12f811fc16fc16fa14fb12f913f912f912f715f812f80f00000000000000000000000000000000000000000000f712f713f00ff411f212f112f310f010ef10ef11ec0fed11ec10ec0fef0eea10ed11ee10ec0def11f011f012f60df111ef12ee13
CSIX,1508382774,024353490001,-63,6,128,43300400ea0dea0eed0eee0eee0eee0ef20ef20ff30ef410f610f611f612f812f614f614f614f514f512f412f310f310f310f40ff20d00000000000000000000000000000000000000000000f011ee0fed0fea0fea0ee80ee80de80ce60be50ce20ce20ce30be30ce40ae30ae50ae70ae50be60be70ce60ce90ce70ce60fe60d
CSIX,1508447908,024353490001,-64,6,128,43300400f115f315f615f613f714f713f911fa13fb12fc13fe11001101120213021402150215021501140115ff13ff14fe14fe13fc1200000000000000000000000000000000000000000000f818f618f318f218f118ef18ee18ee16ec17eb17e918e918e917e917ea15e816eb15ec14ec15ed15ee15ed16ef16ed16ed17ef16
CSIX,1508474075,024353490001,-64,6,128,433004000117021704170414051405150512071207100810090f0a0d0c0d0d0e0e0e0f100f100e100d0f0d100c0f0b100b110a11091100000000000000000000000000000000000000000000061704190319021b011bff1cfe1cfe1bfc1dfb1efa20fa1ff91efa1dfa1cfa1efa1bfb1afc1bfd1afe1afe1afe1afe1cff1cff1b
CSIX,1508502498,024353490001,-64,6,128,43300400170418021600160016ff17ff14fe14fd12fc13f912f911f812f712f613f614f514f514f614f714f714f814f915f913fa14fc0000000000000000000000000000000000000000000017fe190119021b0319041a071a081a091a0a1b0a1d0c1c0c1b0c1c0b1a0c1a0c190a18091a09180919081a0818061a071a071a06
CSIX,1508540968,024353490001,-63,6,128,43300400f511f412f711f711f712f812fa10fa11fb10fc11fd10fe10fe11ff11ff13ff14ff14fe13fe12fd13fc12fc12fb12fb11fa1000000000000000000000000000000000000000000000f911f712f512f412f412f211f112ec15f111f010ee12ee12e912ed12ef0ff011ee10f00ff011f110f111f111f211f012f113f212
CSIX,1508565301,024353490001,-63,6,128,43300400edefecf0edf2edf3edf3edf3eef5edf6eef7ecf8ecfaedfbebfbebfce9fce9fbe9fbeafaeafaeaf9ebf8ecf8ecf8edf8eff600000000000000000000000000000000000000000000edf4edf1eef0eeefeeeeeeedefebf1ebf0ebefeaefe7efe7f0e7efe8f0e8efe7f0eaf1eaf0eaf0ebefebefebefedeeecececedec
CSIX,1508624780,024353490001,-62,6,128,433004000be90be808e708e907e907e705ea04e903ea02e801eaffeaffeafee9fee8fee8ffe7ffe800e900e802ea02ea03ea03eb04ec0000000000000000000000000000000000000000000006e90aea0be90ce90cea0ee90fe910ea11e911e814e714e713e813e713e914e812eb11eb12e910ea10e911e80de910e70fe70fe8
CSIX,1508653158,024353490001,-63,6,128,43300400ebf9ebfbecfcebf9ebfcebfeec00ec01ee00ec01ee01ee02ed03ed04ec04eb04ec03ed03ed03ed02ed01ed00edffefffeffe00000000000000000000000000000000000000000000e9fbebf9ecf4eaf7eaf9eef4eaf5ebf8eef5eaf1e9f0e9f2eeece9f4e3edf2f1eceee7f5eefce8f5ebf8f0f4eaf7e8f4e8f3e9f3
CSIX,1508717394,024353490001,-62,6,128,43300400ecfbebfcecfeedfeecffed00ee00ee01ee01ed03ef04ef05ee05ef06ee06ec06ed06ed04ee04ee03ee02ef03ef02f002f00000000000000000000000000000000000000000000000ecfeebfcebfbeafaebf9ebf7e9f5ebf1ebf3e8f5e8f4e8f4ebf1eaf4ebf3ecf5ebf5ecf6ebf5ebf6ebf7eaf7ecf8ebf8e9f8ebf8
CSIX,1508743987,024353490001,-63,6,128,43300400130f130e140c130b140a1509140814071306150515041503150416031603170416031604140414051306130613061207110800000000000000000000000000000000000000000000160a150d150e15101511141213141314121513171318131811181317111612191115111412151215131413141213131415151413
CSIX,1508774144,024353490001,-63,6,128,43300400fa17fb18fe17fe17ff17ff170015021602150316041405140615061407150715061706160514051503140213021402130012000000000000000000000000000000000000000000000018fd19fb19fa1bf919f71bf61af519f41af41af11cf11cf11af31bf21af11bf319f418f41af518f719f61af718f51af61bf71a
CSIX,1508804861,024353490001,-63,6,128,4330040015fb16fa14f814f913f813f711f710f510f511f40ff40ef30ef30ef10ef00ff00ff10ff20ef30ff40ff40ff610f60ef70ff80000000000000000000000000000000000000000000014f816fa17fa19fb18fc19ff19ff18011a001a021c031c031b031b011a021b01190018001a0019ff19fe19fe18fe1afe1bfd19fd
CSIX,1508834158,024353490001,-62,6,128,4330040013f412f113f110f10ff20ef10ef10df00def0dee0bef09ee09ee0aee0bec0cee0ced0aee0bee0cef0cf10cf20df10cf20df4000000000000000000000000000000000000000000000eef11f012f113f114f215f217f416f418f419f41cf51bf51af71af517f71bf618f716f518f517f517f517f415f417f418f315f4
CSIX,1508862515,024353490001,-62,6,128,43300400051906190817081609170a160a140b140b130d130d110e100e120e110f120f130f120e130d120c120a120a11091208120711000000000000000000000000000000000000000000000a1508180818061a051a031c021c021c001d001eff1fff1ffe1f001eff1cff1e001c011b011d021c031c031c031a031d041e041c
CSIX,1508893326,024353490001,-62,6,128,4330040000f7f7eef9f2f7f1f7f2f7ebfaeff5f0f6f0f5edf5f3f7f4f5f0f3f0f2f1f2f1f4f0f2eff5f2f4f0f6f2f7f1f8f0f7f2f9f100000000000000000000000000000000000000000000fbedfcecfdebfeeafeea01ea02e801eb01e803e903e704e804e901e602e906e907e600e802e304ec06ec06e106f1f7e709e9fde2
CSIX,1508923905,024353490001,-62,6,128,43300400e604e605e807e806e808e808eb08eb0aeb09ea0bec0aec0cec0ced0dec0deb0deb0ceb0ced0bec0aed08ec07eb07ed06ed0500000000000000000000000000000000000000000000e907e805e604e503e502e500e400e5ffe3fee3fee0fce1fce2fbe2fce4fce1fde4fee5ffe4fee4ffe400e3ffe600e3ffe302e402
CSIX,1508956256,024353490001,-63,6,128,43300400ecefe9ee0108e9f3ebf8e7f606eeebf9eafbeafbf0dfed02ebfee900d2ede101e603e9fcd209e403ebf8ed01e318edf6ebf800000000000000000000000000000000000000000000f0eef1edf0eaf2ebf1ebf2e9f1e7f2eaf3e8f2e7f9e4f0e6f1e7f1e8f8e1efe4f0e8f1eafaf2f2ecebedece802e9edefececedec
CSIX,1508988875,024353490001,-63,6,128,43300400ed0bee0def0def0cef0ef00df10df10ff20ef20ff30ff50ff40ff510f511f312f411f30ff30ff20ef20df20cf10bf30af20900000000000000000000000000000000000000000000f20ef00cf00cee0dee0cec0aeb0aeb08ea09ea09e709e709e808e809e907e809ea09ec09ea08e90ae90ae909eb0ae90be90bea0b
CSIX,1509014128,024353490001,-63,6,128,4330040010ee10ed0eed0eee0ded0ded0cee0aed0bed0aeb09ed07ed08ec07ec08ea08eb09eb09ec09ed0aed0bef0aef0bf00bf10cf2000000000000000000000000000000000000000000000bed0dee0eee10ee10ef12f113f013f414ef14f018f117f115f018f314f21af015f014f116f014f014f014ef12f014ee14ee13ed
CSIX,1509049443,024353490001,-66,6,128,43300400134e1e4f1c471e391f4523431d3c2936273d2c40242f24363633333d363a4037364034362c2b33392036253121201940182d00000000000000000000000000000000000000000000142c0734fc48f94f0940fd47f74cfe41f850f650ed5fe45bef54f058f94fe661f44fff46fc4cf65501440150014c085304590154
CSIX,1509102428,024353490001,-64,6,128,43300400e9f8e9f9e9fbeafbe9fceafdebfdecffecfeebffed00ee01ed01ec04ec03ea02eb02eb02ec02ed01ed00edfeedfdeefdeffc00000000000000000000000000000000000000000000eafdeafaeaf9eaf8eaf8ebf6e9f6e6f8eaf6eaf3e9f1eaf1e8eee9efebf4e7f5eaf4e9f5e8f5e8f6e8f6e7f6e9f6e8f3e8f4e8f5
CSIX,1509132525,024353490001,-64,6,128,43300400e416f70beb0ff716f009ef10ef0cee10f50cea0ef610ee03ec13f40ce40bf212ee09ec0cee09ed09f107f103eb0bf003e902000000000000000000000000000000000000000000000715fd15fd17fd15fa17f916f718f814f316f617f113ef19f511eb12f517f011e91af512ed10f213ee13f113ea0df015f40ae014
CSIX,1509163086,024353490001,-64,6,128,43300400fee902e801e9feeaf9f0f8f0fbedfbeffdf0faeef9f0f8f0f7f0f7f0f8edf7eff8eff7f0f9f1f9f0faf0faf0fbf0fcf1fdf100000000000000000000000000000000000000000000faebfdecfdebffebffeb00e8ffea03ebffe803ea04e503e503e502eb07e601e809e908ea00e703ebfee804e7feee01eb02e802e6
CSIX,1509282718,024353490001,-64,6,128,4330040010ee11ec0eec0eed0dec0ded0aee09ed08ed07eb05ec04eb05ea04eb05e805e905e906e906eb07ec08ec08ee09ee08ef0af0000000000000000000000000000000000000000000000ceb0feb11ec12eb12ed14ed15ee16ef17ef16ef19ed18ee19ef18ee18f018ef17ef15ef16ee15ef15ee16ee12ee15ec15eb15eb
CSIX,1509314986,024353490001,-63,6,128,43300400e907e908ec09ec08ec0aee09f009f00bf20af10df30df40df30ef40ef30ff310f310f20ff30ef20df10bf10bf00bf20af10800000000000000000000000000000000000000000000ec0aea09ea07e707e906e705e605e704e604e604e302e303e402e503e502e402e503e702e503e605e705e605e806e706e607e707
CSIX,1509342501,024353490001,-63,6,128,43300400f514f616f814f913fa14fa13fb11fd12fe11ff120011011102120212021402150215011400130014fe12fe11fd12fd11fc1000000000000000000000000000000000000000000000fa15f816f615f516f415f315f315f115f015f016ef17ee17ee16ef17f015ef16f015f215f115f215f316f215f416f216f318f417
CSIX,1509375257,024353490001,-63,6,128,43300400021402150413041205120511060f060f060d080e090c090c0a0d0a0c0b0e0b0e0b0e0b0e0a0e090e080e070d070f060e050e0000000000000000000000000000000000000000000007120514041403160216011600170016ff17ff17fe1afe1afe19fe19fe17fe18fe17ff16ff180017001600180016011801180118
CSIX,1509403427,024353490001,-63,6,128,43300400ed02ecfef004f000f100f2fff2fff1fff201f103f204f305f105f504f104f302f002f0fff0feeefdedfdedfcedfdeffef0fd00000000000000000000000000000000000000000000e6ffe6fee5fde4fde5fce6fbe5fae7f9e4f9e5f7e1f7e3f5e1f4e1f6e4f7dff9e4fae4fde4fbe6fee5fde7fde7ffe5fce4fce5fc
CSIX,1509436805,024353490001,-64,6,128,43300400f0eceeeceeefeff0eef1eff1f0f3eef5eff6edf7eef8edfaecf9ecfaebfaeafaeaf9ebf8ecf8ecf8edf6eef6eef5f0f5f1f400000000000000000000000000000000000000000000ebf1ecefeceeecebedeceeeaeee9efe9efe8efe7efe3efe5efe5efe6f1e7efe5f0e6f0e9efe7efe8efe8efe7efeaeee7ede7eee9
CSIX,1509463333,024353490001,-63,6,128,433004000bef0bef08ee08ef07ef06ee05f003f003f003ee02f000f000efffefffed00ed00ed00ee00ef01ee01ef03f004ef04f105f20000000000000000000000000000000000000000000007ec09ec0aed0bed0ced0ced0cec08eb0ced10ec12ed12ec11ee11ee12ef10ed0fee0fee0fed0eed0ded0fed0dee0fed0fec0eec
CSIX,1509492930,024353490001,-64,6,128,43300400eaf3e9f4eaf7eaf7e9f9eafaebfbebfdecfdebfeec00ec01eb01ec03ea03e903e902e901ea01ea00ebffecffebfeedfdedfb00000000000000000000000000000000000000000000e8f7e8f5e8f4e8f3e8f2e8f0e8f0e9f0e9efe8ede7ebe7ebe8ebe8ece9ece6ece8ede9efe8eee8efe8f0e7f0e9f0e7eee6eee8ef
CSIX,1509523042,024353490001,-64,6,128,433004001310140f130c120c140b150913081008120b1406130312021402140215021502150215041404140413051205130711071008000000000000000000000000000000000000000000001709170b160e160f1610141214131412151315141617151614171616131514171315131315141514151315141412141515161514
CSIX,1509552599,024353490001,-63,6,128,43300400ecf4ebf5ecf7edf8ecf9ecfaedfbedfceffdedfeeeffee00ed01ed02ec02eb02eb02eb01ec01ec00edffedfeedfdeffdeffc00000000000000000000000000000000000000000000eaf8eaf6e9f4e9f3eaf3ebf1eaf1ebf1ebf1eaeeeaede9ecebedeaeeebefe9ecebefebf0eaefeaf0e9f1e9f0ebf1eaf0e9f0eaf1
CSIX,1509582598,024353490001,-62,6,128,43300400f7effaecfae700f0f1edf9f2f7f7f8f9f6f5f9f3fbf7f2f8f1f5eff8eff5f2f8edf0f2f5f5f3eef5f1eff2f3f4eefbfbfcf800000000000000000000000000000000000000000000fdecfbf0fceefeed00edffe7fce9ffe8ffe901e600e600e503e3ffecfde7f9e6f9e502ecfceb02eb05e7ffe8fbec01e8fce600e7
CSIX,1509614496,024353490001,-63,6,128,4330040017f616f514f314f413f412f310f40ff20ff20ef00df10bf00bee0aee0cec0ced0ced0ced0cee0def0cf00df10ef10df20ef40000000000000000000000000000000000000000000016f218f419f51af51af61bf81bf81bf91cf91efa20fb20fa1ffc1ffa1dfb1ffa1dfa1bf91df91cf81cf91df81bf91df81df81cf8
CSIX,1509642396,024353490001,-63,6,128,43300400eb06e908ee0aed09ee0aee0af10af00bf30bf30df40df50ef510f60ef411f510f411f30ff40ef30ff20df40df30df30bf30a00000000000000000000000000000000000000000000ec0ce90bea09e609e908e607e706e606e504e606e306e306e405e406e404e303e405e805e406e605e607e506e907e607e508e607
CSIX,1509672678,024353490001,-63,6,128,4330040010f10fef0def0cf00bee0bef08f008ef06f006ed04ee03ee04ed02ed03eb03ec03eb03ec04ed05ed05ee06ef06ee06ef07f0000000000000000000000000000000000000000000000ded10ee11ee13ee12ef15f014f015f116f116f119f019f118f217f017f217f116f114f116f015f114f016ef13f015ef15ef14ef
CSIX,1509732482,024353490001,-64,6,128,43300400160f0e130e020f05120e120a110712091007170a110c1008160413041a141703160813041a0e120813091307191210090d0d00000000000000000000000000000000000000000000170a1908180f1910150e160f1010151215111415201d1513161a1d13181b14191611101412141314151210141919111010191a11
CSIX,1509762502,024353490001,-64,6,128,43300400f414f516f915f914fa15fa15fb13fe14fe13ff150013021302140214031602160216021601140016ff14fe14fe14fe13fc1200000000000000000000000000000000000000000000f917f618f417f318f317f017f017f016ee17ed17eb19eb19eb17ed18ed16ec18ee17ef16ee17ef17f017ee17f016f017f018f017
CSIX,1509792674,024353490001,-63,6,128,43300400eb08eb09ee0aee0aee0bee0bf00af10cf20cf30ef40df50ef50ff610f511f411f410f310f40ff30ff30df30df20cf30bf20a00000000000000000000000000000000000000000000ed0cea0ae90ae809e908e707e706e805e605e505e305e304e404e406e504e305e605e705e605e606e706e607e807e607e608e707
CSIX,1509826635,024353490001,-63,6,128,43300400f1eef0eeeff0f1f1eff2f0f2f0f4eff5f0f6eef7eef8eef9edfaedfaecfaebf9ecf9ecf9ecf9edf8eef8eef7eff6f1f6f1f500000000000000000000000000000000000000000000efeff0edf2ecf1ebf2ebf3eaf3e9f4e9f4e8f4e6f4e5f4e4f5e5f4e6f5e7f4e6f4e8f4e9f3e8f2e9f2eaf2e9f2eaf2e9f1e9f2ea
CSIX,1509853038,024353490001,-63,6,128,43300400faebfaebf8edf8eef7eef7eff7f0f6f1f6f1f4f1f4f3f3f4f3f3f3f4f2f3f1f2f2f2f2f2f4f2f4f1f5f2f6f2f6f1f7f1f9f100000000000000000000000000000000000000000000f6edf8ebf9eafaeafaeafbe9fce9fde9fde8fde7fee5fee5fee6fee7fee7fde5fee7fee8fde7fce9fce8fce8fce9fbe8fae7fce8
CSIX,1509886018,024353490001,-63,6,128,43300400eafaeafbebfdecfcecfeecfeeeffed01ee00ed02ef02ef04ee04ee05ed05ec05ed04ed04ee03ed03ee02ee00ee00effff0fe00000000000000000000000000000000000000000000ebffeafceafce9faeafaeaf9e9f8eaf7e9f7e9f6e8f4e8f4e9f4e9f4eaf5e8f4e9f6ebf7e9f6eaf6e9f8e9f7eaf9e9f7e8f8e9f9
CSIX,1509912391,024353490001,-63,6,128,433004001307140613041304130313021101110010ff12fe11fe10fd12fd11fc13fb13fc13fc13fd12fd12fe11ff1100110110010f020000000000000000000000000000000000000000000014021505150615071508160a1409110e140a160a160d150d180e180c140d1610150c140b160c140a1509150a1409160b170a150a
CSIX,1509943148,024353490001,-63,6,128,43300400ea01e901ec04ec03ec05ee05ef07eb03ee05ef07f007f009f00af108ee0bf00af00aef0aef09f009ee07f006ef06f005f00300000000000000000000000000000000000000000000ec04ea04ea02e702ea01e7fee8ffe8ffe7fee8ffe5fce5fce6fbe5fde7fde7fbe7fdeafde7fee9ffe800e7fee900e7ffe6fee800
CSIX,1509976486,024353490001,-63,6,128,433004000f0f100e100b0f0b100b0f0a10080e081007110611051104120411031304130413041205110511060f070f0510060e070e0800000000000000000000000000000000000000000000110a110d100e110f0f0f0f110e110e120e130e130f1410150e140f120d140e150e130d100f130e120f120f130e10101111121011
CSIX,1510017325,024353490001,-63,6,128,4330040016f716f714f513f612f512f510f50ff30ef40ff20df20cf10df00cef0dee0eee0eef0eef0ef10ef10ff20ff410f40ff50ff60000000000000000000000000000000000000000000014f416f616f718f717f918f919fa19fa19fb1bfb1dfc1dfc1cfd1cfc1afc1cfb1afc19fb1afb19fa19fa1afa18fa1afa1bf81af8
CSIX,1510036380,024353490001,-63,6,128,43300400f6edf5ecf5f0f4eff3f0f3f0f3f2f2f3f3f4f1f4f1f4f1f7f0f7eff7eff6eef6eef5eff5f0f5f1f4f2f4f2f4f1f3f3f4f5f300000000000000000000000000000000000000000000f3eef4edf6edf5eaf7ebf7eaf6eaf8eaf9e8f8e8f8e7fae6fae6f9e7fae7f9e6f9e8f9eaf8e8f8e9f7eaf7e9f7eaf7e9f5e9f7e9
CSIX,1510066478,024353490001,-63,6,128,43300400edf0ecf2ecf3edf4ecf5edf5eef7edf8eef9ecfaedfcecfdebfcebfdeafde9fdeafceafbebfbebfbecfaedfaedf9eef9f0f700000000000000000000000000000000000000000000ebf4ecf1ecf0ecefedefededededeeeceeeceeebede9ede9eee9eee9efeaeee9eeebefecedebeeecedededeceeeeececebedecee
CSIX,1510123024,024353490001,-63,6,128,43300400fbe9fbe8f9eaf9ebf8ebf7ecf7eef6eef7eff4eef4f0f2f0f1eff2f0f0eff0eff1eef2eef2eff3eef5eff6eff6eef7eef8ee00000000000000000000000000000000000000000000f7e9fae8fbe7fbe5fce6fee4ffe500e500e500e402e201e202e301e301e401e300e400e6ffe5ffe5fee5fee4fee7fee5fde4fde5
CSIX,1510154441,024353490001,-63,6,128,43300400f0eeeeefeff2eff2eff4eef4eff6edf8f1f9ebf9edfbecfceafbebfceafaeafbe9fbeaf9ebf9ebf9edf7edf9edf8eef7eff600000000000000000000000000000000000000000000eef0eeeeefebefebf0ebf1e9f1e8f2e9f3e9f2e6f2e5f1e5f3e7f2e6f3e7f3e6f2e9f3eaf2e8f0eaf1eaf1e9f1ecf0eaeeebf0eb
CSIX,1510182834,024353490001,-63,6,128,4330040028e657e633e13de940d92aeb29fb33dd30e440d62fde31e436dc36e135dd2fd73fdb38e12ee532e531e431ee39eb32f22d090000000000000000000000000000000000000000000028e437ec47ee4ceb43eb44fd4afd3efa4cf447f85003530445f954054e0953003ffa370b36f948034a025de64a1250fd61135be9
CSIX,1510218934,024353490001,-63,6,128,43300400ec0ded0eef10f00ef00ff10ff410f411f30ff512f712f712f714f814f715f615f615f615f613f513f511f411f310f50ff30e00000000000000000000000000000000000000000000ed0feb0eea0de80ce80be70be60be709e509e508e309e308e407e408e607e409e709e809e70ae80be80be80cea0ce80ce70ee80c
CSIX,1510242562,024353490001,-63,6,128,43300400f3ebf2ebf1eef1eff0eff1f0f1f1f0f3eff4edf4edf5ecf7ecf5ecf7eaf5eaf5ebf5ecf4edf4eef3eff3f0f3f0f3f1f3f2f200000000000000000000000000000000000000000000f0edf2eaf2e9f2e8f3e8f5e6f6e6f7e6f7e5f7e5f7e2f7e2f8e4f7e4f8e4f7e4f6e6f7e8f5e6f6e7f4e7f4e7f4e9f3e7f2e7f4e7
CSIX,1510274607,024353490001,-63,6,128,43300400ee11ee11f212f112f412f512f711f80ffb13f915fa13fb13fb15fb16fb16fa17f916f916fb15f916f813f813f612f611f61000000000000000000000000000000000000000000000ef13ee12ec10ea11eb0fe80fe70ee80ee80ee60ee40ee40de50ce60de80ce50de70cea0de90eeb10eb0fea10ec0fe810ea12eb11
CSIX,1510302574,024353490001,-63,6,128,4330040013f713f511f410f410f40ff40ef30df20cf30cf00bf10af00bef0bef0cee0cee0cef0cf00cf00df10df20df30ef30df50df60000000000000000000000000000000000000000000012f314f415f516f616f717f817f917f918fa19fa1bfb1bfb1afc19fa18fb1afa18fa16fa18fa17f917f817f815f817f818f717f7
CSIX,1510332407,024353490001,-62,6,128,43300400f6260020fa2ee810ff1105160c081d1017211d1f19101a0f1b07180a180214e629f737fa1e011e001908fbf10cec2bed23f300000000000000000000000000000000000000000000f4e2f7e2f6dcf8ddf4e1f2ddf1deefdff3deeff4e5efcfdad4dee0e4e8d9eefae5fae309daffde04d810d608e600e109eb12ed13
CSIX,1510362440,024353490001,-63,6,128,43300400eb00e702ed05eb04ec05ed06ee05ee07f007ef09f10af00bee0bf10aee0def0ced0ced0aef0aee0aee07f007ef07f006ef0500000000000000000000000000000000000000000000ea05e703e901e500ea01e6ffe6fee8fce7fbe7fde3fbe4fbe5fbe6fbe6fbe6f9e5fbeaffe6fde7fee8fee6fdeaffe7fee6ffe5ff
CSIX,1510392414,024353490001,-62,6,128,43300400ebf5ebf7ebf9edf7ecfbeaf9effdedfdecfdebfeecffed00ec01ec01eb01e901eb01ea01ec01eb00ecfdecfeebfdedfcf0fb00000000000000000000000000000000000000000000eaf7ebf5eaf2eaf2eaf2ecefebefecefecefedeeebecececedebeeedeeeeecededf0edf0ecefecf1ecf2ecf4edf3ebf0ebf1ecf2
CSIX,1510422487,024353490001,-61,6,128,4330040011f00ff006f007f102f409f105ee03ed06f004ea05f0fef201ebfeefffeefdecfeebfeebfbee00eb01ecfdee01ed01ee01f00000000000000000000000000000000000000000000016f614f819f615f718f916fd11ff18fa1bf50df31cf21b071ef812ff19f419f618f615fc12f01cfd0ef915f811f514f50bef10f4
CSIX,1510452684,024353490001,-63,6,128,43300400e8f6e8f8e8faeafbe9fbe9fceafdeaffeaffe900ea02ea02ea03e904e903e704e803e802e902e901e900eaffeafeebfdecfc00000000000000000000000000000000000000000000e7f9e7f6e7f4e7f3e7f2e8f1e8f0e9f0e9efe8eee8ece7ece8ece8edeaefe8ede9efe9f0e9f0e8f1e8f2e7f1e8f3e7f2e6f2e6f3
CSIX,1510482589,024353490001,-62,6,128,4330040012f312f210f20ff20ff10ef10df10cf00bf00bef09ef08ef09ee09ed0aed0aec0aed0aed0aef0bef0cf00cf00df10cf20df40000000000000000000000000000000000000000000011ef13f114f215f215f316f417f517f618f618f61af71af719f718f617f81af617f716f617f617f515f516f515f416f417f315f4
CSIX,1510514043,024353490001,-62,6,128,433004001308110a130b11080f04110710041001110011050efe100013ff13fd130312fd13011401130012fe0f02100211050e021003000000000000000000000000000000000000000000001209110b110b110d100e100f0f0f0f100e100f120e1210130e13111110100f110f100d0e0d0f130d0f0e120f100e0d0f0f11110f
CSIX,1510551941,024353490001,-62,6,128,43300400f518f617fa18f915fc16fc16fe15ff110314021702150314021604160517031903170218021600160015ff15fe15ff14fd1300000000000000000000000000000000000000000000fa18f718f518f318f419f217f019f118ee17ee18ec19ec18ee17ee19ee16ed19ef17f117f118f118f318f218f218f318f31bf418
CSIX,1510602553,024353490001,-62,6,128,43300400ebf5eaf5ebf8ebf8ebf9ebfaecfbebfcecfdeafeebffeb00ea00eb01e900e900e9ffe9feebfeeafeecfcecfcebfcedfbeef900000000000000000000000000000000000000000000eaf9eaf7eaf5e9f3eaf4eaf1eaf0ebf0ebefeaefe9edeaedeaedeaeeecefeaeeebefecf1eaf0ebf0eaf1eaf0ebf2e9f1e8f2e9f2
CSIX,1510632549,024353490001,-62,6,128,43300400e801e702e903ea03eb04eb06ec05ed07ed07ec09ee09ee0aed0aee0bec0cec0cec0bec0aed09ed09ed08ed07ec06ed05ed0300000000000000000000000000000000000000000000ea03e802e701e6ffe6ffe6fde5fce7fbe5fbe5fbe3f9e3f9e4f9e5fae6f9e4fae6fbe6fce5fbe6fce6fde5fde7fee5fde4fee6fe
CSIX,1510662504,024353490001,-62,6,128,43300400150a16091606140615061504140314021301160014ff14fe15fe15fd16fe17fe17ff16ff15001501140213021403120312050000000000000000000000000000000000000000000016061508160a160b160b160e150e140f14101510161216121512151114101612140f140e160f150f150e160e150c160e180e160d
CSIX,1510694925,024353490001,-62,6,128,43300400e703e704ea06eb06eb07eb07ed08ed09ee09ed0bee0cef0cee0def0dee0eed0fed0dec0dee0ced0bed0aed09ec08ed07ee0500000000000000000000000000000000000000000000e907e804e703e602e602e500e400e6ffe4fee4fee2fde2fde4fce3fde5fce3fce5fee6fee5ffe500e600e500e601e501e401e602
CSIX,1510723524,024353490001,-62,6,128,433004000dec0beb0aeb09ed08eb08eb06ec04ec04ec03ea02eb01ea01ea01e901e901e801e902e903ea04e905eb05ec06ec06ed07ed000000000000000000000000000000000000000000000aea0ceb0eeb0feb0fec12ec12ec12ed14ed14ed16ed16ec15ee15ed13ee15ec13ed11ed12ec12ed11ec12ec10ed11ec11ea10eb
CSIX,1510752760,024353490001,-62,6,128,433004000eed0dec0beb0aed09ec08eb06ec06ec05ec04ea03eb02ec02ea01e901e802e703e803e803ea04e905eb06eb07eb07ed08ee000000000000000000000000000000000000000000000beb0dec10ec10ec11ec13ed14ed13ef14ef16ef18ee18ef17f016ef15f016ed14ef13ee14ed13ee12ee13ed12ed13ed13eb11ec
CSIX,1510782922,024353490001,-62,6,128,43300400ea07ed08ed0ef00bf10eef0ef20cf30df60cf50ff610f60ff60ff812f612f613f612f712f511f410f50ff40df30ef30cf30b00000000000000000000000000000000000000000000ed0bec0aeb0aea08ea07e908ea07e906e907e705e506e506e503e704e905e607e808e907e807e907e908eb07ea0ae806eb0ae907
CSIX,1510813744,024353490001,-62,6,128,43300400130a16091407140615051505140314011301160014ff14fe16fe15fe17fe18ff17ff17001600160114021402140313031205000000000000000000000000000000000000000000001608160a150c160e150e151014111411141214121414151414131512131114121311130f1511140f150f1510140d150f170f160d
CSIX,1510845721,024353490001,-62,6,128,43300400ff150015011401120312031303100713081108110710081008100a110a1109130913081207120613051205120412031101110000000000000000000000000000000000000000000002150016fe16fd17fd16fb17fa18fa17fa17f918f719f819f817f817f917f818fa15fa15fa17fb17fb16fc17fb16fb17fd18fd17
CSIX,1510917010,024353490001,-62,6,128,43300400ec0ded0eef10f00ff10ff110f30ff412f411f513f612f713f614f814f715f616f616f515f514f413f412f310f211f30ff20e00000000000000000000000000000000000000000000ed0fea0ee90de70ce80be60ae609e707e608e507e307e307e506e508e707e509e609e809e80ae80ae80be80bea0be80ce80ce90d
CSIX,1510967444,024353490001,-62,6,128,43300400ec02eb03ed05ed05ed06ee06ef07ef08ef09ef0af00af00bf00bf10cef0def0dee0cef0bf00aef0aef09ef08ee08ef07ef0500000000000000000000000000000000000000000000ea05ea01e901e700e7fee8fde7fdeafce9fbe8fbe5fae7fae8fae7fbe9fbe7fbe9fde9fee8fde9fee9fee9feea00e9fee8ffe900
CSIX,1510996407,024353490001,-62,6,128,4330040011f812f711f510f711f510f40ef50cf50df70ef20df20bf10cf10bf10df00df00df00ef00ef20ef20ff30ff410f40ff50ff70000000000000000000000000000000000000000000012f514f615f817f916f917fa16fb16fd17fd17fd18fd19fd17fe17fd16fe18fc16fd14fc17fb16fb15fb16fb14fa16fa16fa15f9
CSIX,1511022687,024353490001,-62,6,128,433004000015021603150414051405140613081308120a1309110a110a120c110c130c140c140b140a130914081407140615061404130000000000000000000000000000000000000000000003170118ff18fe1afd19fb19fb1afa19f919f919f81bf91af819fa1afa19fa1afa18fb18fb19fc19fd19fc19fd18fd19fe1afe19
CSIX,1511052785,024353490001,-62,6,128,43300400f10ef10ff40ff40ff410f50ff60ff710f810f912f911fb11fa12fc13fa14fa14fa14f914f912f812f711f711f611f710f50f00000000000000000000000000000000000000000000f10ff00fee0eef0eed0beb0de90beb0aed07ec0bea0be90aea0aea0aeb0aea0aec0aed0aec0bec0bed0bed0cee0ced0ded0eee0e
CSIX,1511123321,024353490001,-62,6,128,4330040010f010ef0eee0eef0dee0dee0bef0aed09ed08ec07ec07ec07eb06eb07e907e908e909ea08eb09ea0aec0aed0cec0bee0def000000000000000000000000000000000000000000000fee12ef12f014f014f215f216f315f416f516f418f418f417f417f316f417f315f413f415f214f214f115f112f214f114f014f0
CSIX,1511142751,024353490001,-62,6,128,43300400ed0eed0ef00ff10ef110f210f410f512f411f413f612f712f614f715f716f517f615f515f514f414f412f212f111f210f10f00000000000000000000000000000000000000000000ee10ec0eea0eea0de90be90ae80ae908e809e708e608e608e708e709e908e60ae90aea0be90be90cea0ce90ceb0ce90ce90eeb0d
CSIX,1511177459,024353490001,-62,6,128,43300400130b150a14071308150714061305140413031602140114001600150017001800180117021602160315041504160514051207000000000000000000000000000000000000000000001608150b150c150e140e131112111111111211121214131412131212111212121211110f13101310130f140f130d150f150e150e
CSIX,1511232446,024353490001,-62,6,128,43300400ecf3ecf3ebf6edf7ecf7ebf8ecf9ebfbecfbeafcebfdebfee9fee9ffe8ffe8fee8fee8fee9fde8fde9fceafbe9faeaf9ebf700000000000000000000000000000000000000000000ebf3ebf1ecefeceeeeeeeeedeeecf0ecf0ecefebefe9efe9f0ebeeebf0ebeeeaefedeeeeeeedeeeeedefedededf0edeeebeeedef
CSIX,1511309252,024353490001,-62,6,128,43300400e9fce7feea00ea00ea01ea01ec02eb02ec04eb06ec07ed08ec08ec08ea09ea0aea09ea08eb07ea06ea05ea05e905ea05ea0200000000000000000000000000000000000000000000e8ffe7fce8fbe7f9e8f9e8f7e8f6e9f6e9f5e9f5e7f4e6f5e7f5e7f6e8f5e7f5e7f7e9f7e7f7e8f7e8f8e7f7e9fae7f9e5fae7fa
CSIX,1511324721,024353490001,-62,6,128,4330040002ee01ed00f1feed01e9ffedfcedfdeefcf0fdeef8f1fff3f5eef6f3f6ecf7eefaf0fceaf9f0fceefceafeedfcedfcecfcee0000000000000000000000000000000000000000000000ea01eb04ea04ea05eb06e905ea06ec07e909eb08e807ec08e807ec06ee08e604ea05eb07ea06ec03ea08eb03ef06e706ed09e8
CSIX,1511352595,024353490001,-62,6,128,433004000c120e120e0f0e0f0f0e0f0e0f0c100b0f0b120a1109120813091308140915091409150b130a130a120b110b110d100d0f0e00000000000000000000000000000000000000000000100f0f120e120e140c140c160b160a1509160b170b190b180a180b170a170a190a170a150b170b160c150c160b140c160d170d15
CSIX,1511385531,024353490001,-62,6,128,43300400e6fee6ffe801e801e803e904eb04eb06eb07ea08ec08ed0aeb0aeb0bea0ce90cea0ce90beb0ae90ae908ea08e806e906e80400000000000000000000000000000000000000000000e603e500e5fee3fde5fce4fbe4fae5f9e5f8e5f8e2f6e2f7e3f6e4f8e5f8e2f8e4f8e6fae3f9e4fae4fce4fbe5fde3fce3fce3fc
CSIX,1511416165,024353490001,-62,6,128,43300400f215f116f516f514f615f716f814fa15fb14fb16fd15fe15ff17ff16ff18fe19ff19fe18fe16fd17fc16fb16fb17fa16f81500000000000000000000000000000000000000000000f517f218f016ee17ef15ec15eb15ec13ea14ea14e714e814e913ea15ea12e915eb14ed13eb15ec14ed15ec15ef14ed16ed17ee17
CSIX,1511451596,024353490001,-62,6,128,43300400f3eaf2eaf1edf2edf1eef0eef1f1f0f1f0f2edf2eef4edf5ecf4edf5ecf4ebf4ebf4ecf3edf4edf3eff3eff3eff1eff2f1f100000000000000000000000000000000000000000000edebf2e8f1eaf3e9f4e9f5e7f5e7f6e7f7e7f6e6f7e3f6e3f7e4f6e4f7e5f6e4f6e5f6e7f5e5f5e7f4e7f5e6f5e9f4e6f3e6f3e7
CSIX,1511480044,024353490001,-62,6,128,43300400ebf1e9f2eaf5ebf4eaf6ebf7ebf8ebfaebfae9fbeafceafde9fde9fee8fee8fde8fde8fde9fde9fceafbebfbeaf9ebf9ecf700000000000000000000000000000000000000000000eaf6eaf2eaf1eaefebefebedebededecedecedebebe9ece9ede9edeaedebebeaececededebececedebedebedecefebede9eeeaee
CSIX,1511506496,024353490001,-62,6,128,4330040005ea05e904eb02ed02ec01ec01ecfdecffedfeebfcecfbeffcecfaedfaecfaebfbebfbebfcecfcecfdedfeedffecffed01ed0000000000000000000000000000000000000000000002ea04ea06ea07e907eb0ae909ea0aea0beb0beb0de90de90cea0cea0beb0ce90bea0aeb0be90aea09ea09ea08eb09ea08e908e9
CSIX,1511532557,024353490001,-62,6,128,43300400fd17ff170215ff16001301140411051303110614071107100810081007130913081108140713061106120513051305120112000000000000000000000000000000000000000000000115ff16fd17fc17fa17f917f817f815f816f716f718f619f617f915fa15f718f717f917f817f917f917fa17fc15fa17fc1bfa16
CSIX,1511562522,024353490001,-62,6,128,43300400e704e705e906ea06ea08eb08ed08ed09ee09ee0cef0cf00def0ef00fef10ee10ee0fed0fee0ded0cee0ced0bed0bee0aec0800000000000000000000000000000000000000000000e808e706e605e403e502e401e4ffe5fee4fee4fee1fde1fde2fce3fee4fde2fee3ffe5ffe3ffe4ffe400e400e601e400e302e402
CSIX,1511604173,024353490001,-62,6,128,43300400e7fee6ffe801e901e903e904eb04ec06ec06eb09ed09ee0aec0bed0ceb0ceb0deb0deb0bec0beb0aeb09ec08eb08ec07eb0500000000000000000000000000000000000000000000e602e5ffe4fde3fce4fbe3fae4f8e5f8e4f7e4f7e2f5e2f6e3f5e3f7e5f6e2f6e4f8e5f9e3f9e5f9e5fae4fae6fbe4fbe2fce4fb
CSIX,1511624641,024353490001,-61,6,128,43300400041505150813071208110812090f0b0f0a0e0c0f0c0d0d0c0d0d0e0c0f0e0f0e0f0e0e0f0e0e0d0e0c0e0b0e0c0f0b0f0910000000000000000000000000000000000000000000000a1408170717051905180319021a01190119011a001c001c001b011b001a001b001a0118011a02190218021903170319041a0418
CSIX,1511653376,024353490001,-61,6,128,43300400f5e9f4e9f3ecf4eef1eef1eff1f2f0f2f0f2eef3eef4eef6edf5ecf6ebf5ebf5ebf5ebf5edf5ecf5edf4edf4eef3eff3f0f200000000000000000000000000000000000000000000f0eaf2e7f3e6f3e5f5e5f7e4f7e4f8e4f9e3f8e3fadff9e1fae1f8e2f9e3f9e1f9e3f8e4f8e3f7e5f6e5f6e4f5e7f6e5f5e4f5e5
CSIX,1511683432,024353490001,-62,6,128,4330040011f410f40ff20df30cf20cf209f209f108f208f007f006f007ee05ef06ee07ed06ed07ee06ee07ee08ef07ef09f008ef09f1000000000000000000000000000000000000000000000fef11ef12f015f114f517f514f513f516f618f519f61af518f518f516f517f617f715f616f316f515f415f513f417f617f514f2
CSIX,1511712505,024353490001,-62,6,128,43300400e8fce9fde900eb00eb01eb03ed03ec06ef04ec08f007ef08ec0aef0bee0bee0bed0cec0bef0bed0aed0aed08eb08ed06ec0500000000000000000000000000000000000000000000e502e4ffe4fee2fce4fbe3f9e4f9e5f8e5f7e3f7e2f5e1f4e3f4e3f6e4f6e3f6e4f7e6f8e4f7e4f9e4fae4f9e6fae4f9e3f9e4fa
CSIX,1511754857,024353490001,-62,6,128,43300400eb0aec0bef0cf00cf10df20df40df40ff60ff611f811f811f812f913f914f815f814f814f813f713f612f712f612f611f51000000000000000000000000000000000000000000000ea0fe80ee70ce50be60ae409e408e507e407e407e207e107e306e307e406e207e407e607e408e608e609e609e909e609e60be70a
CSIX,1511776993,024353490001,-62,6,128,43300400f00bf00df30df40cf50df50ef70df80ef90ef910fa0ffb0ffb11fc11fb12fb12fc12fb12fb11fa12fa10f910f911f910f80f00000000000000000000000000000000000000000000f210ef10ed13ed0eeb0bee0ae80ced0ae709ec0ce70ce50ae609e90be90be50cea09eb0aeb09eb0aec0aeb0bed0bec0cec0ded0c
CSIX,1511806692,024353490001,-62,6,128,43300400eef9f0feeefcedf9ee05f3f9e8fae703e801ef09e7fde807eb08ed04ec05ed06ed02ea01ec00e900edfceeffeefeebf7f1fa00000000000000000000000000000000000000000000e609e905e501e600e4fde4fbe4fee5fbe5f8e5f6e6f6e5f7e6f4e4f4ebf2e5f0e3faebefe8efe2eae500f0fee5f2e5f8f0f5e6f2
CSIX,1511833052,024353490001,-62,6,128,43300400edfeedffef01f002f002f004f204f106f205f107f208f309f209f209f20bf10bf10bf10af20af109f108f109f008f108f00600000000000000000000000000000000000000000000e901e8fee8fce7fbe8fae7f8e8f8e9f8e9f7e8f6e7f5e7f5e8f5e8f6eaf6e8f6eaf7eaf8e9f8eaf8ebf9ebf9ebfaeafae9fbebfb
CSIX,1511864344,024353490001,-62,6,128,4330040002eafae6fcf0f9eefaf1f9f0f6f6f5f3f4f3f4f4f2f6f4f3f0f7f1f8f4f5f1f7f0f5f2f4f1f6f1f4f2f5f4f4f4f2f4f4f4f300000000000000000000000000000000000000000000f1ecf5edf5e9f5e8f7e9f9e7fae8fbe7fce7fbe6fae4fae5fbe3fce3fdebfae8ffe8feebfce6fee7ffe9fce9fdecfbeafceaf8ea
CSIX,1511894345,024353490001,-62,6,128,433004000af009e906ec05eb05ec02ed00ee01eb00eaffecfdeefbebfae9fbeffae9f9ecfaeafaebfaedfaecfdebfcedfcebfcedfeec0000000000000000000000000000000000000000000009e80ce70ee910e610ea13e812ea12ea15ea12e816e815e814e815e914ea15ea13eb10ed12e911eb0eea10ed0eec0fea11e80fea
CSIX,1511925952,024353490001,-62,6,128,43300400f1eef0efeff2eff3eef4eef4eff5edf7eef7ebf9ecfaecfbebfbeafce9fce9fbe9fbe9fbeafaeafaebf9ecf8ebf8ecf8edf600000000000000000000000000000000000000000000ecededebeee9efe7efe8f1e6f2e5f3e5f3e5f4e4f3e1f3e2f4e3f3e3f5e5f3e3f4e6f3e7f3e6f3e7f2e8f2e8f2eaf2e8f0e9f1e9
CSIX,1511954938,024353490001,-61,6,128,43300400f20ef50df40ff40ff70ef710fa0ff911fc10fb12fd11fe12fd13ff12ff13fe14fe13fd13fe14fd13fb12fd13fb13fc12f91200000000000000000000000000000000000000000000ef16f011ed0fed10ec10ec12ea0fea0de90ce60be70de60de60be90ce90dea0fec0bec0aed0ee90cec10ec0eed0eed0fea0fef0f
CSIX,1512000584,024353490001,-61,6,128,43300400fae1f7ebf9f4fdf0ffeefbe9faeff8eefdeaf5e8f2eef4f2f7f1fdf1f9ecf5e7f4edf6effbf0fbebfaebf8ecfbeefef002ed00000000000000000000000000000000000000000000eff2f3eef2e9f0e9f3e8f6eaf9e9fbe4f8e3f5e9fde600e2fadff8e3fae8fae9fde602e9fde3fae7fbe5ffe7fce6fbe5fde803e8
CSIX,1512015942,024353490001,-61,6,128,433004000bed0aeb06ec07ee05ed04ec03ed01ec01ed00ebffecfeedfeecfdebfcebfdebfdebfdebfeecfeebffec00ec01eb01ec03ed0000000000000000000000000000000000000000000007e909e90ae90ce90de90fea0fea0feb10eb11ea13ea13ea13eb11ea11ec12e910eb0fec10eb0feb0eeb0fea0deb0feb0fea0eeb
CSIX,1512045050,024353490001,-61,6,128,4330040011f715f710f210f310f310f20df50cf00cf109ef09ee08ef08ed08ef09ed08ed09ed09ed09ed0aef0bee0bef0cee0af00df10000000000000000000000000000000000000000000013f216f617f419f618f91af91bf919f817f918fb1dfb1df81cf81cfc1afa1efb18fa17fb19f81bfb18f717f618f919f819f41bf5
CSIX,1512075786,024353490001,-61,6,128,43300400f5ebf4ecf3eef3f0f1f1f2f1f2f2f0f4f0f4eff4eff6eef7eef7edf8ecf8ecf7ecf7edf7edf7edf6eef6eef6eff5f0f5f1f400000000000000000000000000000000000000000000f1ebf2e9f3e7f4e6f5e6f7e5f7e5f8e5f8e4f9e3fae0fae1fbe2f9e2fae5f9e2f8e5f8e5f8e5f7e6f6e7f6e6f6e8f6e6f5e5f6e7
CSIX,1512106770,024353490001,-61,6,128,4330040008ea07e904eb03eb02eb02eb00edfeecfeedfdecfcedfaeefaedf9edf9ebf9ebf9ebf9ebfaecfaecfcecfcedfcecfcecfeed0000000000000000000000000000000000000000000003e707e608e70ae50be70ce60de70fe80fe80fe811e611e610e710e710e910e70fe80dea0ee80de90ce80de80aea0ce70be70be6
CSIX,1512132472,024353490001,-61,6,128,43300400f20fed0df712f60ff80df30dfc11fc0ffb100013fb120010ff13ff12fc12fe12fe11ff11ff12fd14fd12fc0ffb12fb11fb1000000000000000000000000000000000000000000000f311f110ef11ed11ec10ea10ea0eeb0ee90eeb0ee60de90de60eea0be90cea0ceb0cf00cee0bee0deb0eec0eed0eee0df010eb0e
CSIX,1512163000,024353490001,-61,6,128,43300400f30ff40ff60ff70ff80ff90ffb0ffb10fc0efd10fe0fff10ff110010001200120012ff12ff11fe12fd11fd10fc11fc10fb0f00000000000000000000000000000000000000000000f614f313f213f014f012ed12ed11ed10ec0feb0fe910ea10ea0feb0fec0eeb0fec0fee0eed0fee0ff00fef10f10fef10ef11ef11
CSIX,1512194138,024353490001,-61,6,128,4330040016f515f413f311f411f211f20ef20df10df10cee0af009ee0aee09ec0aec0beb0aec0aec0aed0bee0cee0cef0def0df00df10000000000000000000000000000000000000000000015ee17f119f11af21bf31cf51df61cf81df81ef821f920f91ffa1ff81dfa1ef81cf91bf81cf81bf81af71cf619f71bf71bf51af5
CSIX,1512222985,024353490001,-61,6,128,43300400f4eaf3ebf2edf2eff1eff0f0f1f2f0f2f0f4edf4eef5eef7edf7edf7ebf7eaf7ebf6ebf6ecf6ecf5edf5eef5eef4eff4f0f300000000000000000000000000000000000000000000efebf1e8f2e7f2e5f4e5f6e3f6e3f7e4f8e3f8e2f8dff8e0fae1f8e1f8e3f8e1f8e3f7e5f7e4f6e5f5e6f5e5f5e7f5e5f4e5f4e6
CSIX,1512255988,024353490001,-62,6,128,4330040004170518071507140814091309100b110b0f0d100e0e0e0d0f0e0f0e110f110f100f10100f0f0e100d100d0f0c100c0f0a11000000000000000000000000000000000000000000000b180819061a051c041c031d011d011cff1d001dff1fff20ff1f001eff1cfe1fff1c001b001c001b021b021c0319031b041d041b
CSIX,1512314655,024353490001,-62,6,128,4330040011f111f013e50ff20cef0eef0cef08ee0af30aee10ed06ed06eb06eb0be707e907ea09eb01ee08ee0bed08ef05f40aee0bf0000000000000000000000000000000000000000000000eeb12ec0ded16ec13ee16ee16ed16f018f118f21ff518f119f21af124ef1bef19f115f314f616f415ef17f30cf016ef16ee15f0
CSIX,1512342989,024353490001,-62,6,128,4330040006ea05e903ea03eb02eb01eb00ecfeebfeecfcebfbedfaecfaecf9ecf9ebf9eafaeafaebfbebfbebfcebfdecfdebfeecffed0000000000000000000000000000000000000000000003e705e706e608e609e60be60ce60de80de70ee710e610e610e80fe70ee80fe60de80de90de80ce80ae90be70ae90be60ae60ae7
CSIX,1512372523,024353490001,-62,6,128,43300400fa16fb17fe15fe1400150115021303130412051406130712071308130915091609150815081407140514041304140314021400000000000000000000000000000000000000000000fe19fc1afa1af81bf81af61af51af519f419f419f11bf11bf11af31af219f21bf319f517f519f619f719f619f818f61af71bf81a
CSIX,1512415501,024353490001,-62,6,128,4330040012f011ef0eee0df00dee0ced0aee09ed08ed09eb06ec05ec06eb05ea06e907e906e907e906eb07eb08ec09ec0bed0aee0bef000000000000000000000000000000000000000000000eea11ec13ed15ed15ee17ef17ef17f017f019f01cf11bf01bf21af219f31bf118f217f217f117f115f016f014f116f017ef15ef
CSIX,1512463295,024353490001,-62,6,128,4330040011f111f00eef0df00cef0cef0aef09ee08ee07ec06ed05ec05eb05eb05e906ea06ea07ea07ec08ec09ed09ee09ee09ef0af0000000000000000000000000000000000000000000000fec12ec13ed15ed15ee17f017f117f218f219f21bf11bf11bf31af119f31af218f316f217f216f215f117f114f216f117ee15f0
CSIX,1512522427,024353490001,-62,6,128,43300400ea04ec05eb08ee06ed06ef07f009f20bef0eef0bf00af00cf309f00df40aef10ef0dfa0df40ff20aeb07ea02ef07ed08f30c00000000000000000000000000000000000000000000eb0aeb08e807e906e706e903e704e803e703e502e500e5ffe5ffe6ffe800e401e901e701e801e803e904e804e804e702e703e903
CSIX,1512552911,024353490001,-62,6,128,433004000217031705140414071406130711091109100a110b0f0b0f0c100d100d100e110d110c110c100b120a1109110811081106110000000000000000000000000000000000000000000007180519031a021b011aff1bfe1bfe1afd1afd1cfc1dfc1dfc1cfe1cfc1bfc1dfd1bfe1aff1bff1a001aff1b0019001b011d011b
CSIX,1512594296,024353490001,-62,6,128,4330040003ecffeb00ecfeecfeecfeedfcedfbedfcf0faeef9f0f8f0f7f0f8f0f7eff6eff7eff7eff8eff8f0faeffaf0faf0fbf0fcf000000000000000000000000000000000000000000000fde8ffea00e900e602e902e904e706e907e708e809e408e508e506e509e50ae707ea07ea06e806e902e705e903e804e803e802e8
CSIX,1512612516,024353490001,-62,6,128,4330040007e906e804e903ea02ea01ea00ecffebffecfeebfcedfcedfbecfbedfaebfaebfaecfaebfbedfbecfcedfdedfdedfeee00ed0000000000000000000000000000000000000000000000e705e707e609e609e60be60ce60be70de70de710e50fe510e70ee50ee70fe60de70ce80ce70be70ae70be609e80be60be50ae6
CSIX,1512672965,024353490001,-62,6,128,4330040004e803e701e901ea00eaffeafeecfdecfdecfaecfaedf9eef9edf8eef8edf8ecf8edf9ecf9edf9edfbeefbeefbedfbeefdee00000000000000000000000000000000000000000000fee601e503e505e406e507e408e509e60ae60ae50be30be30be40ae40be60be309e608e608e508e608e608e506e607e506e307e4
CSIX,1512702824,024353490001,-62,6,128,43300400eeeeedefedf2eef3edf3edf4eef6edf7eef7ebf8edfaedfaecfaecfbeafbebfaebfaebfaecfaecf9edf9eef9eef8eff8f0f600000000000000000000000000000000000000000000e9f3eaf0ebefeaececececeaedeaeeeaefe9eee9ede6ede7efe7eee8efe9eee7eee9efeaedeaeeeaedebedeaeeececeaebeaeceb
CSIX,1512732993,024353490001,-62,6,128,43300400e909ea0aec0cee0bee0cee0cf00cf10ef20df20ff40ef40ff310f510f411f412f411f411f410f30ff30ef30ef20df30df20b00000000000000000000000000000000000000000000eb0fe90ce80ce70be70ae609e509e507e508e307e107e206e305e307e405e207e507e607e407e508e608e509e709e509e40ae50a
CSIX,1512764978,024353490001,-62,6,128,4330040015f614f513f311f510f310f30ef30df20cf10df00bf00af00af00aef0aee0bee0aee0aef0af00af00bf10bf10cf10bf20cf40000000000000000000000000000000000000000000013f015f217f318f418f51af61af619f71af81bf81df91ef91df91cf91af91df81af919f81af719f719f61af618f61af71bf61af6
CSIX,1512795593,024353490001,-62,6,128,43300400ed0fee10f110f10ff211f310f50ff610f610f712f811fa11fa12fa12fa13fa13fa13fa12fa11f912f910f80ff810f90ff70e00000000000000000000000000000000000000000000f113ee12ec11ea11eb10e80fe80ee80de80de70de40ee40de50ce70de70ce60ee80eea0de80ee90eea0ee90feb0fe910e911e910
CSIX,1512856054,024353490001,-62,6,128,4330040015f415f413f212f310f210f20ef20df10cf10bef0aef08ef09ef08ee09ed0aed09ed09ee09ef09ef0af00af10bf10af20bf30000000000000000000000000000000000000000000012ef15f016f118f118f31af41af519f61bf61cf71ef71df71cf81cf71af81df61af618f61af519f518f419f417f41af31af21af3
CSIX,1512871118,024353490001,-62,6,128,43300400fc18fd18ff16ff15011502140313041304120612061107100811091109120912091109120810071106100610061105100410000000000000000000000000000000000000000000000219001afe1bfd1cfb1bfa1bf81bf81af71bf71bf51df51df61bf61bf61af71cf81af91af91bf91afb1bfa1bfb1afb1cfb1cfa1c
CSIX,1512897096,024353490001,-62,6,128,43300400fe1bff1c02190217031703170414061405130814081209110a120a110b120c120b120b130b110a120812081207120612051200000000000000000000000000000000000000000000061a031c011d001eff1dfd1efc1efb1dfa1ef91ef820f720f81ff91ff91df920fb1efb1cfc1efd1dfe1dfe1efe1cfd1ffe20fd1e
CSIX,1512922991,024353490001,-61,6,128,43300400150316ff15ff15fe15fd15f90ef812fb13f811fd0ffa08f410f713fb0cf412f40ff20df60ef70ff90efa0dfb0efb10fe0dfc0000000000000000000000000000000000000000000014f614f815f817f916fb19fd19fe16fe15001c001a011d031afd14011502190115021501190217ff18001a0113fd170222fd1dff
CSIX,1512973989,024353490001,-62,6,128,43300400ec10ed12f111f10ff211f211f40ff611f610f812f911fb11fa12fb11fb13fb13fb13fa13fb12fa12fa11fa10f911f910f80f00000000000000000000000000000000000000000000f416f215f014ef14ee13eb13ea12ea11ea10e911e713e712e711e912e810e713e911eb11e912e912eb12ea12ec12ea13ea14e914
CSIX,1513003131,024353490001,-62,6,128,433004000b120c120d100b0f0c0e0c0d0b0c0d0b0c0b0d0a0e080e070e070f070e0810070f070e080e070e080d070d070d080c080b0900000000000000000000000000000000000000000000110d0f100f110e120f120d140b160b140b140a160a190b1a09180c190a170b180a150c140b150c160c150c160c140d160f160c17
CSIX,1513033098,024353490001,-62,6,128,4330040018fe19fd17fc16fc15fa13fa12f911f810f811f60ff60ef50ff40ef40ff30ff30ff30ff40ef40ef50ef50ef60ef60ef70ef80000000000000000000000000000000000000000000016f718f919fa1bfb1afd1bfe1bff1a001b001c001e011e011d021d011c021e011c011a001dff1cff1bfe1cff1afe1dff1efe1dff
CSIX,1513062442,024353490001,-62,6,128,43300400f007f008f109f307f308f307f608f509f509f70af809f90af90af90bf80bf80cf90bf80cf80bf80bf70af70af70af809f70800000000000000000000000000000000000000000000f20cf10bf00aef0bef0aef08ee07ed06eb06eb07eb05ea06eb05ec06ed04eb06ed05ec07ed06ed06ee08ee07ed08ec07eb09ef07
CSIX,1513095268,024353490001,-62,6,128,4330040019f817f715f614f613f512f510f40ff30ef40ef10cf20cf20bf10bf00bf00cef0bef0bef0bf10bf10bf10cf20df20bf30cf40000000000000000000000000000000000000000000015f217f419f519f61af61af81bf91af91bfa1cf91efb1efa1dfb1dfa1bfb1efa1bfa1bf91cf91bf91af81cf81af81cf81df71cf7
CSIX,1513124600,024353490001,-62,6,128,4330040009160a160b140b120c110c110c0f0d0e0c0d0e0d0e0b0e0a0f0a1009100a110a110a100a0f090f0a0e090e0a0e0b0d0b0c0c0000000000000000000000000000000000000000000010130e150e160d180c170b190a1a0819091a081b081d081d071c081c081b091d091b09190a1b091a0a1a0a1b0a190a1b0b1c0a1a
CSIX,1513185131,024353490001,-62,6,128,43300400ffe6fee7fde9fdebfceafbecfaedf9edf8eef6edf6f0f5f1f4f0f4f0f3eff3eff3f0f4eff4f0f5f0f5f0f6f0f6f0f7f0f8ef00000000000000000000000000000000000000000000f9e7fce5fde4ffe300e402e303e403e404e404e305e205e105e304e304e404e203e402e501e302e401e401e300e501e300e101e2
CSIX,1513214008,024353490001,-62,6,128,433004000fec0feb0cec0bee0aed09ed07ee06ed05ed05ec03ed02ed02ec01ec01eb01eb01eb01eb01ec02ec03ed03ed04ed04ed05ef000000000000000000000000000000000000000000000be80de90fe911e911ea13ea14eb13ec15ec15ec18ec18eb17ed16ec16ee16eb14ec13ec14ec13ec12eb13ea11eb13ea13e914ea
CSIX,1513242674,024353490001,-62,6,128,433004000fec0feb0ceb0bed0aec0aec08ee06ed05ed04ec02ed01ee01ec00ed00eb00eb00ea00eb01ec02ec02ed02ed03ed03ee04ee000000000000000000000000000000000000000000000be80ee810e911e812ea14eb15eb15ed16ec16ed18eb18ec17ed16eb15ed17eb15ec13ec14eb14ec13eb14ea12eb14ea14e814ea
CSIX,1513277968,024353490001,-62,6,128,43300400130a140a1307120712061205110411031002120010ff11ff12ff11fe12fe13fe13fe12ff12ff110011001001110110020f0300000000000000000000000000000000000000000000160417071708170a160b150d150e140e140f15101611161115101610140f1510150f140d150e140d150d160e140c160d170e160d
CSIX,1513302623,024353490001,-62,6,128,43300400f2eaf1eaf0edf1edf0eff0f0f0f1eff3f0f3eef4eff5eef6edf6edf7ebf6ecf6ecf6ecf6edf6edf5eff5eff5eff4f0f4f2f300000000000000000000000000000000000000000000eceeeeebeeeaefe8f0e9f1e6f2e6f3e6f3e6f3e4f4e2f4e2f5e4f4e4f5e5f3e3f3e6f3e7f2e5f2e7f1e7f2e6f2e8f1e5f0e5f1e6
CSIX,1513363201,024353490001,-62,6,128,4330040016f416f413f312f311f210f20ef20ef10df00def0bef0aef0aee09ee0aed0aed0aed0aee0aef0bef0bef0bf00cf10cf10df30000000000000000000000000000000000000000000014ef16f117f118f318f319f51af61af61bf71bf71ef71df71cf81bf71af71cf61af719f61af51af619f51bf418f41af41bf31af4
CSIX,1513422929,024353490001,-62,6,128,4330040015031404130114ff120013ff11fe11fd10fd12fa11fb0ff911fa0ff90ff911fa11f810f80ffa0ffa10fc0ffb10fc0ffc0ffd0000000000000000000000000000000000000000000015ff1601160217031604170517061507160716071808180918081808160717081807160517071806170419061704190419061806
CSIX,1513459087,024353490001,-62,6,128,43300400eafde6ffe8ffe900e901e901eb01ed08eb06ec03ed03ef09ee05ef0bed09ec08ed09ee08ef09ee08ef07ee07ee06ef05ef0400000000000000000000000000000000000000000000e8fee7fce7fbe7f9e7f9e6f8e6f6e7f6e8f6e5f5e5f4e6f2e6f4e7f6e6f6e4f9eaf7ebfae5f3e3fee3fae2fae9fee7f9def8e3f7
CSIX,1513482671,024353490001,-62,6,128,4330040005e904e802ea02ea01ea00eb00ecfeecfdedfcebfbedfaeefaedfaedfaecf9ecf9ebfaecfbedfbedfdedfceefdedfdeeffee0000000000000000000000000000000000000000000000e803e704e705e606e807e608e708e809e809e70be50ae40ae60ae60ae70ae509e608e709e508e607e608e506e708e507e407e5
CSIX,1513513510,024353490001,-62,6,128,4330040000e8ffe7fee9fde9fceafcebfbedfaecfaeef9ecf7eef7eef7eef7eef6edf6edf6ecf7ecf8eef8edfaeefaeffbedfbeffdee00000000000000000000000000000000000000000000fae9fce7fee7fee5ffe702e601e706e702e504e504e403e301e304e603e303e503e502e702e502e601e502e500e602e401e302e4
CSIX,1513550434,024353490001,-62,6,128,43300400e807e909eb0aec09ec0aed0bef0aef0cef0cef0df10df10df10ef10ef10ff00ff10ef10ef20df10cf10bf10af00af109f10800000000000000000000000000000000000000000000ec0cea0be90ae809e808e707e706e706e606e505e305e305e404e405e605e206e505e606e505e606e607e507e707e407e407e507
CSIX,1513574813,024353490001,-62,6,128,433004000ae909e806e906ea05e905ea03ec02eb02ec01ea00ecffecffeaffecffeaffebffebffebffed00ec01ed01ee02ed01ee04ef0000000000000000000000000000000000000000000004e806e808e80ae70ae90ce80ce90ce90ee90de90fe70fe70fe80fe70ee80fe70ee80de90ee70ce80be70de70ae80ce70de50ce6
CSIX,1513602714,024353490001,-62,6,128,43300400e7fae6fbe8fde9fde9fee9ffeb00eb01ec01ea03ec04eb05eb05ec05eb05eb05ec05eb04ed03ec03ed02ed02ed02ee01ee0000000000000000000000000000000000000000000000e7ffe6fde6fce5f9e7fae6f7e6f7e7f6e6f6e6f5e4f4e5f5e5f4e5f5e6f5e5f5e5f6e7f7e5f6e6f7e5f7e4f7e6f9e4f8e3f8e3f8
CSIX,1513632527,024353490001,-62,6,128,43300400eeeceeedeeefeff0eef0eff1eff3eef4eff5ecf5edf7edf9edf8edf9ecf8ebf8ecf8ecf7eef7eef7eff7eff7eff6f0f6f2f500000000000000000000000000000000000000000000ebf1edeeedeceeebefebf0eaf0e9f2e9f2e9f1e8f0e5f0e6f1e7f0e8f1e8efe6f0e9f0eaefe8efe9efeaeee9eeebede9ece8ede9
CSIX,1513666377,024353490001,-62,6,128,43300400160515031703140115001200130214fc0f010ffc12fb10fa13fd12f912f913fa14fa11fb11fc14fd11fd0efe11fe0e001102000000000000000000000000000000000000000000001400130317031703160615061807150916091709180b170a160a1709150918091607160716071708160617061707180818061907
CSIX,1513693608,024353490001,-62,6,128,4330040004190619071606150815091508120a1309120b120b110c0f0d110d100e110e110d110c110c100b110a110911081108110511000000000000000000000000000000000000000000000a1608180619061a0519031b031b021a011b011b001d001d001c021c011b011e021b031a031c041b051b041c051a041d051e041c
CSIX,1513722870,024353490001,-62,6,128,43300400ee14ef14f214f313f414f414f613f814f814f815fa14fb14fb14fc15fb16fa17fb15fa15fb14fa14f913f812f812f811f71000000000000000000000000000000000000000000000f215f014ef14ed14ed13eb12ea12ea11ea11e911e611e712e810e911ea10e813eb11ec12eb13ec13ec14eb15ec14ea14ea16ec14
CSIX,1513755467,024353490001,-61,6,128,4330040011ef0fee0eef0cf00cee0aee09ef08ee08ef08ee06ee05ee05ed05ed05ec06eb06ed06ed06ee06ee07ef08ef08f008f109f2000000000000000000000000000000000000000000000bec0eed0fee10ec10ee12ef12f013f014f213f016f018ee15f214f112ef12f012ed11ef12ee0eee13ee13f011f114ee17ea11ee
CSIX,1513788024,024353490001,-61,6,128,433004000ce70be609e708e907e807e806ea04ea04ea02e801ea00ea00eaffe9ffe8ffe800e801e901e902ea02eb03eb04ea04ec05ed0000000000000000000000000000000000000000000005e707e709e60ae60be60de70ee70fe80fe710e712e512e612e710e610e811e40fe70ee70fe50fe60ee50fe40de50fe40fe30fe4
CSIX,1513812685,024353490001,-61,6,128,433004000eec0deb0aeb0aec09ec08ec07ed05ec05ec04ea03ec01ec02eb02eb02ea02ea02ea03eb03ec03ec04ed05ed06ee05ee07ef0000000000000000000000000000000000000000000009ea0bea0deb0eea0feb11eb11ec11ed11ed12ec15ec14ec13ed13ec11ed13eb11ec10ec12ea10eb0fea11ea0feb11ea13e811e9
CSIX,1513850835,024353490001,-61,6,128,43300400fa18fb19fe17fe15ff160016011402140214041504130513051407140615061605150515041403140313021301130112ff11000000000000000000000000000000000000000000000019ff19fd19fb1afb19f919f81af719f71af61af51cf41cf51af61bf719f61cf71af819f81af81af91bf81cf91af81bf81df81b
CSIX,1513875085,024353490001,-61,6,128,43300400e706e707e909eb08eb0aec0aed0aee0cee0bee0def0df00ef00ef00fef0fee0fef0ef00ff00def0cef0bef0bee09f009f00700000000000000000000000000000000000000000000ea0be809e708e608e506e505e404e503e403e303e102e102e201e203e402e104e403e404e304e305e406e305e406e205e106e305
CSIX,1513904384,024353490001,-60,6,128,43300400e901eb03ea04ec05ee05ee05ed07ee08ef08ee0af009f00bf00af10df00cef0df00bf00bf008ef09ef09f007ef08f006f00500000000000000000000000000000000000000000000ea07e906e904e703e802e700e500e6ffe7ffe5fee1fde4fce5fbe5fce8ffe4fde501e601e5ffe500e701e502e700e500e602e6ff
CSIX,1513933152,024353490001,-61,6,128,43300400001801190416031505150415051307130712091309110a100a120b100b120b120b110a12091108110711071007110610041000000000000000000000000000000000000000000000071605180318031a0119001bff1bfe1afd1bfe1bfd1dfd1efd1cfe1dfd1bfd1efe1cff1aff1dff1b001bff1d001b001d001eff1d
CSIX,1513963122,024353490001,-61,6,128,43300400001b011c031903180418041705150715071309150a120b120a130a120b140b140b1409140912081306120611061206110412000000000000000000000000000000000000000000000918061a051a041d031b011e001dff1cfe1dff1dfe21fe21fe20ff1ffe1ffd20fe1fff1dff20ff1f001fff1f001eff2000210020
CSIX,1513992814,024353490001,-61,6,128,433004000fed0feb0ced0aed0aed0aec08ee06ed05ec06ec06ee02ed03ec02ec03ec04ec04ec03ed03ee04ee04ef05f005f004f106f1000000000000000000000000000000000000000000000beb0deb0cec10ec0eee10ed11ed10ed15f111ea17ec15eb11ed14ea15ec18eb12ed15ed11ea12ec12eb13eb13eb13e913eb15ea
CSIX,1514054145,024353490001,-62,6,128,43300400f9eaf7e9f7edf7edf5eef5eef4f0f4eff6f0f2f0f3f2f2f3f1f3f3f4f1f3f1f3f1f4f2f3f3f5f3f4f4f4f5f4f5f3f5f3f7f300000000000000000000000000000000000000000000f4ecf6eaf7eaf7e8f8e9f9e7fae7fae7fbe6fbe6fce4fbe4fce5fbe5fbe6fbe4fae5fae7f9e5f9e6f8e7f9e5f9e8f9e5f8e4f9e5
CSIX,1514082485,024353490001,-62,6,128,43300400e503e603e906ea05e906ea06ec07eb08ed08ed0aee0bef0bee0bef0aed0aee0cef0bee0af009ef09ef08f008f008f107f10600000000000000000000000000000000000000000000e80ae707e506e405e405e302e401e301e3ffe201e101e001e100e101e200e000e200e401e201e301e202e100e303e202e003e201
CSIX,1514112725,024353490001,-61,6,128,43300400f6e7f4e7f4eaf4ebf3ebf3ecf4eef2eff2eff0eff1f1f0f2f0f2eff2eff2eff1eff1f0f1f1f2f1f1f3f2f3f2f4f2f5f2f6f200000000000000000000000000000000000000000000f0ecf2e9f2e8f3e6f4e7f6e5f6e4f8e5f8e4f7e3f8e0f9e0f9e2f8e2f8e3f7e1f7e3f7e4f6e2f6e4f5e4f6e3f6e4f6e2f5e1f6e3
CSIX,1514145331,024353490001,-61,6,128,4330040010141114121210111110110f100d110c100b120b120a11081209130813081409130912091109110a100a0f0a0f0a0d0a0d0b00000000000000000000000000000000000000000000160f1511121013131312111510160f1510171018101a101a0f1910190f18111a10181016111811181117121811171219131a1218
CSIX,1514202873,024353490001,-61,6,128,43300400e2fbeb03ed0bec09e8fdea09f1f7ec06ee05e60ae907eb08f108ed0bf913eb07ef0ced08ef03ef07ee07ef07e50cf206ec0500000000000000000000000000000000000000000000e605ea06e906e704e5ffe504e7f4e5ffe7fce3fcf0f4ddfbe8fadff9e2f7ddfce606e3f6e3f6e5fbe001e8fdd706e7f8dbffe8fc
CSIX,1514233201,024353490001,-62,6,128,433004000def0df00dee0ef00bed0af10af107f007f007ef05f004f004ef03f006ee01ec04ee07eb06ef04ef07ef07f006f106f107f20000000000000000000000000000000000000000000008ee0bef0ded0ded0dee10f010f010f011f112f014ef14ef12f112ef11f113ee13ef0fef12ef12ef11ed13ec10ef13ef13ec12ef
CSIX,1514294514,024353490001,-62,6,128,4330040005e803e702e902e900ea00eaffebfdebfeecfbeafbecfaedfaebf8ecf8eaf9ebf9eafaebfaecfbebfcecfdedfeecffed00ed00000000000000000000000000000000000000000000ffe902e803e803e704e806e707e708e808e709e70ae40ae50ae609e509e609e408e507e608e408e507e508e408e608e408e308e4
CSIX,1514323026,024353490001,-62,6,128,43300400f012f013f313f412f413f513f712f813f812f914fb13fb12fb15fd14fc15fb16fb15fa15fa13fa14f912f812f812f810f71000000000000000000000000000000000000000000000f613f413f213f113f112ef12ee11ef10ed11ed12eb13eb13eb12ec14ec12ea14ec13ed12eb14ec13ed14ec14ed13ec14eb15ec14
CSIX,1514383058,024353490001,-62,6,128,43300400fee5fde5fae7fae8f9e8f9e8f8eaf7eaf7ebf4eaf4ecf3edf2ecf2ecf2ebf2ebf2ebf2eaf4ecf5ebf6ebf7ecf7ebf8ecfaec00000000000000000000000000000000000000000000f9e8fbe7fce6fde5fee6ffe400e401e501e401e402e101e101e101e101e301e001e100e300e100e2ffe1ffe0ffe2ffe0ffe000e0
CSIX,1514442768,024353490001,-62,6,128,4330040005170616081407130813091309110a100a100c100c0f0c0d0d0e0d0e0e0f0f100e0f0d100c0f0b110a10090f0910090f080f000000000000000000000000000000000000000000000912081408140716061604170417031603180417031a041a041a051a0419031b031a0519051a031a0519041b0519041b051c041a
CSIX,1514502614,024353490001,-62,6,128,433004000fea0eea0ce90beb0bea0aea09ec07ea06eb05e904eb03eb03ea01e902e902e803e804e903ea04ea05eb06ec06ec06ed08ee0000000000000000000000000000000000000000000009ea0bea0dea0eea0eeb10eb10eb11ed12ec13eb14eb15ea15ea13ea13eb15e813e912e913e812e912e913e812e914e814e714e9
CSIX,1514564346,024353490001,-62,6,128,43300400e804e805ea08eb08ea0beb0bed0ded0dee0ced0df010f20ef111f111ee14ef13f112ef11f110f010f00df10eee10ef0cee0900000000000000000000000000000000000000000000ea07e707e804e401e800e702e608e403e1ffe4fee5fbe301e300e201e200e100e202e302e103e0ffe400e502e90ae107df06df04
CSIX,1514601001,024353490001,-62,6,128,43300400ebefebf0ebf3ecf3eaf4eaf4ebf7ebf8ebf8e8f9eafbe9fce9fbe8fce8fce6fbe8fce8faeafaeaf9ebf9ebf9ecf7edf8eff700000000000000000000000000000000000000000000ebf4ecf2ebf0ebf0eceeecededeceeeceeebeceaece8ece8ede8ece9eeeaebe8ecebecebebeaebebebebeaeaebece9eae8eaeaeb
CSIX,1514625770,024353490001,-62,6,128,43300400f3e9f2e8f1ebf2ecf0ecf0edf1efefeff0f0eeefeef1eef2edf2edf3ecf2ecf1ecf1edf1eef2eff1f0f2f1f1f1f0f3f0f4f000000000000000000000000000000000000000000000f0eef1ecf2eaf2e9f3e9f4e8f5e7f6e7f6e6f6e5f7e3f7e2f7e3f6e4f6e5f6e3f5e5f5e6f4e4f4e6f3e6f3e4f4e6f4e4f3e3f4e4
CSIX,1514652824,024353490001,-62,6,128,433004000d170e160f130e1210111011100f100e100d120d110c120b130b130b140b150c140b140c120b120c110d110d100e0f0e0d0f0000000000000000000000000000000000000000000010100f110e130e140e150c160c170b160b180c180c1b0c1a0b1a0d1a0b180c1c0c190d170d190e190f190e1a0e180e1a0f1b0e1a
CSIX,1514684535,024353490001,-62,6,128,4330040013ed12ec10eb0fed0eeb0eeb0cec0ceb0aeb0ae908ea07ea08ea06e807e809e708e909e909ea0aea0beb0bec0cec0cee0cf0000000000000000000000000000000000000000000000cec0eed10ec11ed12ee13ef14ef14f115f017ef18ee18ef18f017ee16f018ed16ee15ee16ed15ed15ed16ec15ed17ec17eb17ec
CSIX,1514718234,024353490001,-62,6,128,433004000219041a0516061407150714071209150a100b130a100c0f0d110b100c110d110d110c110b100b1009110910091108110611000000000000000000000000000000000000000000000812071406140516041503170217021701170218021a021a021a031a021a021b031a0318031b041a051a031b041a041c051e041c
CSIX,1514748286,024353490001,-62,6,128,43300400fd1bfe1c011a0118031804180415051606160716071408130915091409150a150a150a15091308150714061405140414021400000000000000000000000000000000000000000000051603180218011a0019fe1afe1afe1afd1afd1bfb1dfb1dfb1cfc1dfc1cfc1efc1dfe1cfe1efe1d001eff1ffe1efc20fd21fd20
CSIX,1514772691,024353490001,-62,6,128,433004000b120c130c0f0c0e0d0d0d0d0d0c0e0b0d0a0f0a0e080f0810080f0810091009110810080f080f090d0a0d090d0a0c0a0b0a000000000000000000000000000000000000000000000e0b0d0d0d0e0c100b100c110b1009130c110b120b150c130d130e130a150c170b150b130d150c140e140d150d130d150f160d16
CSIX,1514803344,024353490001,-62,6,128,433004001a001aff19fd18fc18fc17fc15fb15f914f815f713f612f514f513f414f415f415f514f513f613f714f813f914f912fa13fc0000000000000000000000000000000000000000000016f917fb18fc19fd19fe1b001b011a021b021c021e031e041e041d021c031e031c021c021f011e021e021e021d01200220011f02
CSIX,1514833838,024353490001,-62,6,128,433004000b180c180e150d140e140e130e100f100f0f110f110d110c110d120c130c130d130d120d110d110e100d0f0d0f0f0d0e0c0e000000000000000000000000000000000000000000000e120d130d150c160c160b180a190919091a091b091d091e081d0a1c081b0a1d091b0a1a0b1c0b1c0b1b0c1c0b1a0c1d0c1e0b1c
CSIX,1514864924,024353490001,-62,6,128,43300400ea00ea01eb02ec02ec04ed04ee04f105f106ee07f008f008f008f009ef09ee09ef09f008f108f007f006f005f004f004f10300000000000000000000000000000000000000000000ee05ed03eb02eb02eb01ea00e9ffeaffe9ffe8fee7fde7fde7fde7fee7fde6fee8ffe8ffe7ffe8ffe700e700e700e6ffe4ffe6ff
CSIX,1514893474,024353490001,-62,6,128,433004000114f61b01160611031200110816050f00120914081004110607000c060e07130513050e0a0b0615060d040c0311020eff1200000000000000000000000000000000000000000000061001150211ff150115fd16fc19fa15ff12ff15fa19fd17fc19ff14f917fe1afc1bf914001afd12fb18fb1bfb18ff1af81bff0f
CSIX,1514924837,024353490001,-62,6,128,43300400e9f2e8f3eaf5eaf6eaf7eaf8ecf9ecfaedfcecfcecfcecfeebfeecffebfeebffebfeebfdedfeedfdedfceefdeefceffbeffa00000000000000000000000000000000000000000000ebfbebf8eaf7eaf6eaf6eaf3e9f2ebf1ebf1eaf2e9efe9eee9ede7f0eaf0e8eee9f0eaf1e8efe9f1e6f2e7efe9f1e7efe5efe8ef
CSIX,1514954174,024353490001,-62,6,128,43300400f815f915fb15fb13fc14fd13fe1300110011ff12010f011002110210031102120311021103100011000f000fff0ffe0ffd0e000000000000000000000000000000000000000000000112ff13fd14fc14fc15fb14f916f814fa15f815f616f819f519f817f714f616f617f718f918f816f718f819f917f717f718f81a
CSIX,1514989247,024353490001,-63,6,128,43300400fce7fae8f9eafaebf8ebf8ecf7eef6eef7eef5eef5f0f4f1f3f1f2f1f3f1f2f0f3f1f3f1f3f1f4f1f5f1f6f1f6f0f7f1f9f100000000000000000000000000000000000000000000f7edf9ecfaebfaeafaeafce8fde602e4fee8fee6fde4fee3fee6fbe4fce4fde2fde5fce5fce4fce4fce5fce3fce5fde3fce2fde4
CSIX,1515016717,024353490001,-62,6,128,433004000c180d190e140d140e130e130e100f100e0e100e100c100c110c100b110d110c110d100d0f0c0f0c0d0d0d0c0d0c0c0c0a0d00000000000000000000000000000000000000000000100d10100f1110140e130e160d160d160c170d170e1a0e1a0d1a0e1a0d1a0d1c0d1b0c190e1b0e1a0f190e1b0e180e1c101d0f1c
CSIX,1515047247,024353490001,-62,6,128,43300400fee7fde6fbe9fbeafaebfaeafaecf8ecf9eef6edf6eff6f0f5eff5f0f4eef5eff5eff5eff6f0f7f0f7f0f8f1f9f0f9f1fbf000000000000000000000000000000000000000000000f7edf8ebf9eafae8fbeafce7fde7fee7fee6fee6ffe3ffe300e3ffe400e5ffe3ffe4ffe6fee3fee5fee4fee3fee5fee3fee2ffe2
CSIX,1515072888,024353490001,-62,6,128,43300400fae7f9e7f8eaf8eaf6ebf7ebf6edf5edf5eef4eef4f0f3f1f3f1f2f1f2f0f2f0f2f1f3f0f3f2f4f1f5f1f6f2f6f1f6f2f8f100000000000000000000000000000000000000000000f6edf7ebf8eaf9e8f9e8fbe7fbe6fce7fde6fde5fee2fee3fee3fde3fee5fde2fde5fde6fce3fce4fae4fae3fae5fbe3fae2fbe3
CSIX,1515102889,024353490001,-62,6,128,43300400ececebecebefecf1ecf1ebf2edf4ecf5ecf6ecf6ecf8edf9ecf9ecfaebfaeafaebfaecfaedfaecf9edf9eef9eef8f0f8f1f700000000000000000000000000000000000000000000eaf5ebf3eaf1eaefebeeebecebebecebeceaece9ece6ece6ede6ece7eee8ebe6ece8ece9ebe8ebe9eaeae9e8eaeaeae7e9e7eae8
CSIX,1515132642,024353490001,-62,6,128,4330040012ef11ef0fee0ef00dee0cef0bef0aee0aef09ee07ef06ef06ee06ee06ed07ed06ee06ee05ef06ee07f007f108f107f209f30000000000000000000000000000000000000000000009ed0ced0ded0fed10ed12ee12ef12ef13ef14ef16ee17ee16ef16ef15ef17ee15ef14ef15ee15ee13ed15ed13ee16ee17ed16ed
CSIX,1515162894,024353490001,-62,6,128,433004000ae909e807ea06eb05eb05eb03ed02ec01ee00ebffedfeeefdecfeeefdebfdedfdecfeecfeeefeed00efffef00ef00ef01f00000000000000000000000000000000000000000000001ea04e905e807e707e809e80ae80be90be90be80de60de60de70ce60ce70de60ce70be80ce60be70ae60be60ae70ce50ce40ce5
CSIX,1515201169,024353490001,-62,6,128,43300400f5e9f5e9f4ebf4ecf3edf3eef4f0f2f0f2f1f1f1f1f3f1f3f0f3f0f4eff3eff3f0f3f0f3f1f4f2f4f2f3f3f4f3f3f4f4f5f300000000000000000000000000000000000000000000f1eff2edf3ecf2eaf4eaf5e9f5e8f6e8f6e7f6e7f7e4f7e4f7e5f6e5f8e5f6e4f6e6f6e6f5e6f5e6f4e6f4e5f4e7f4e5f4e3f5e4
CSIX,1515228580,024353490001,-62,6,128,4330040000e7fce6ffe9fbebf9eafde9fcecf9eafaeef7ecf7eff6eef6eff7ebf7ecf6edf6eff5eef8eff6eff7f0f8effbeff7f0faf100000000000000000000000000000000000000000000f9ebfbe9fce9fce6fde7ffe701e701e702e501e503e203e103e403e302e404e202e402e502e301e400e301e300e400e202e102e2
CSIX,1515254239,024353490001,-62,6,128,43300400f7e8f6e8f4eaf5ecf4edf4edf3eff2f0f3f0f1eff1f1f1f2f1f2f1f2f0f2f0f1f0f2f1f2f2f3f2f3f3f2f3f3f4f2f4f2f6f300000000000000000000000000000000000000000000f2eef3ecf4ebf4e9f5e9f7e7f7e7f8e7f8e7f8e5f9e3f8e3fae3f8e3fae5f8e2f8e4f8e6f7e4f7e5f6e5f7e4f6e6f7e4f6e2f7e3
CSIX,1515291299,024353490001,-62,6,128,4330040019fe1afe18fb16fc18fa16fa15f914f813f814f611f611f511f511f413f512f411f512f510f710f610f810f810f80ff80ffa0000000000000000000000000000000000000000000015f916fb18fc19fd19fd1aff1a001a001a021c021e011d021d031d011c021e011d021b011d001d011dff1d001cff1e001fff1e00
CSIX,1515315957,024353490001,-62,6,128,4330040013f212f111f010f20ff10ef10df10cf00cf00bef0bf009f00aef09ef0aef0aef0aef0af009f009f10af20af30af30af40af5000000000000000000000000000000000000000000000cf00df00ff010f011f112f213f213f313f215f317f217f216f316f216f317f215f215f216f115f114f116f115f117f118f016f1
CSIX,1515344241,024353490001,-62,6,128,433004001a051a04190118011800170016ff15fe14fd16fd14fb13fa14fb13fa14fa15fa14fa14fb12fb12fb11fc10fd11fd10fe10fe0000000000000000000000000000000000000000000016fd1600170118021802190519051806190619071b081c081b081b071b071c081b071b071d051c061c051e061b051e061e061e07
CSIX,1515374818,024353490001,-62,6,128,433004000e141012100f0e0e0f0e0e0d0d0c100b0e0a100b0f0810080f0810091008110810080f090e070d080c080c080c080a080a09000000000000000000000000000000000000000000001009100c100b0e0f0f100d1110130f100e1210130c150d150b170d160d130d140d120f1310160f1410130f150f1210150f181015
CSIX,1515411597,024353490001,-62,6,128,43300400feeafae9fbeafbebfaedfbecfbedf8edfaeff7eef7f0f6f0f6f1f5f1f5f0f6eff6eff7f0f8f0f7f0f9f1f9f1faf1faf3fbf100000000000000000000000000000000000000000000f6f0f7edf9ebfaeafcebfbe8fde8fcebfee9fde500e5fde6ffe4fee6ffe6fde3fbe7fee8fde5fde7fee7fce6fce6fde3fce2fde4
CSIX,1515434788,024353490001,-62,6,128,43300400130d140b1009120b130a1207110612060f05130412041102120311021203130312031103100411040f040e040f050d050c060000000000000000000000000000000000000000000013031205120712081209120a120a110c120b130d140d120e160d150c120d150e110f130b1510160f130c160f140d160f160f150e
CSIX,1515463870,024353490001,-62,6,128,4330040017f717f615f414f413f414f311f310f30ff20ff00ef00def0eef0def0eee0fef0eef0ff00ef10ff20ff30ff30ff40df50ef60000000000000000000000000000000000000000000010f312f513f515f514f616f716f816f917f918f81af81bf81af91bf81af91cf81af919f81bf71af81af71bf719f71bf71cf51bf7
CSIX,1515492843,024353490001,-62,6,128,43300400f9e6f8e7f7e8f8eaf7eaf6ebf6edf5edf5edf3edf3eff3f0f2eff1eff1eef1eef2eff2eef4eff4eef5eff6eff7eff8eff9f000000000000000000000000000000000000000000000f5eef6ecf6ebf6eaf7e9f8e9f9e8fae8fae7fbe5fbe4fbe3fce4fae4fbe5fae2fae4fae5f9e4f9e4f8e4f9e3fae4fae2fae2fae3
CSIX,1515523116,024353490001,-62,6,128,4330040016f417f313f213f213f112f110f10ff00ef10fee0dee0dee0eee0dee0fed0fed0eee0fee0ef00ef10ff30ef30ff30df40df6000000000000000000000000000000000000000000000ef110f211f213f213f315f415f416f516f517f51af51af41af519f41af61bf51af517f51af419f518f41af417f31af41af21af3
CSIX,1515552992,024353490001,-62,6,128,433004001af91af918f618f718f517f614f614f413f413f211f210f212f111f012f013f112f112f211f311f411f510f510f50ff710f80000000000000000000000000000000000000000000014f415f617f618f718f81afa1afa1afb1bfc1cfb1efb1efc1efd1efb1dfd1ffb1dfc1cfc1efb1dfb1efa1efb1cfa1ffb20f91efa
CSIX,1515584374,024353490001,-62,6,128,433004000e14101410101010110f11100f0d150d150b140b1309140915091408150a150b140a130a110a110a100b0f0b0f0b0f0b0e0c00000000000000000000000000000000000000000000120e11111111111410140f150f170e160e170f180e1b0e1b0e1a0e1a0d190e1b0d1a0d170f190e190f170f190e170f1a101a1019
CSIX,1515619102,024353490001,-62,6,128,43300400150717061603150315011501140014fe13fe15fc14fc13fb14fb15fa16fb16fb16fc16fb14fd14fd14fe13fe14ff13ff12010000000000000000000000000000000000000000000015001603160317051705180717091609170a170b190d190c190d190c170c190d180c170a180b180b180a190b1709190b190a180a
CSIX,1515642847,024353490001,-62,6,128,43300400110b130b1208120713071306120413031303140213011300150014ff16001601160115011401140213021203130412041205000000000000000000000000000000000000000000001507130b150a140b130d140e140f130f13101311141414131414141312131313131212111312131113101411130f131114111310
CSIX,1515703442,024353490001,-61,6,128,433004000316091810160c1209130c160d130b110a140f1610110e0f0c130c15101611150d140b150a170b160914061506170515031400000000000000000000000000000000000000000000100e0e0e0c0f0b130d140b140a150615091709170719061b071b09190516041a06190a1808160517071b0b1a0a130317041e0a1c
CSIX,1515735152,024353490001,-61,6,128,43300400eef4ebf5edf7ecf7ecf7ecf6edf9ebfaeefceafcecfdebfee9fcecfde9fceafde9fceafaecfaecf9eef9eff9eef9eff9f0f800000000000000000000000000000000000000000000f0f8eff6f1f5eff3f1f4eff1f1f0f2f0f2eff0f0efeeefeef0efefeff1eef0eef0eff1f1efeff0f0eff1eff0eff3ecf2ecf2ecf1
CSIX,1515762817,024353490001,-61,6,128,4330040019031a0219001801190019ff17ff17fe16fd18fb16fb16fa17fb17fa18fa19fb18fc17fd16fd16fe15ff14001400130012020000000000000000000000000000000000000000000014ff15001601170317031705170716071708180919091a0a190a190917091a09180818071907190719061a0719061b061c061b06
CSIX,1515793355,024353490001,-60,6,128,43300400f2eaf2ebf0ecefedf0eeedeef2eeeef1eef1eef3eff5eff3ebf4eaf3e9f8eaf1ecf2ecf1edf1eef0f0f2f0f0f3f4f0f0f6f000000000000000000000000000000000000000000000f1ecf5eef7eef7eaf4ebfae6f1edf8e8f8e8f9e6fbe7f9e3fae4f7e4f9e5f6e3f9e7f5e8f4e6f5e9f4e7f5e7f3e8f6e5f3e6f3e6
CSIX,1515822662,024353490001,-61,6,128,4330040000160215031603150414051505140613061408140712081208130913091508160815071506140514041303120213021201110000000000000000000000000000000000000000000002120013fe14fd15fc15fc17f917f913fb17f816f817f716f616f716f815f817f815fa13f916fc15fd15fc17fc15fc16fc17fc17
CSIX,1515883100,024353490001,-60,6,128,433004000d150e1410130e12101210111010110f110e130e120d120d120d140d140d140f120f120f110e0f0f0e0f0d0f0c0f0b0f090f000000000000000000000000000000000000000000000d100c120b130b150a1509160817071607170618061a061a061906190617071907170816091709160a160b170a150b170d180c17
CSIX,1515912576,024353490001,-60,6,128,43300400ebfaeafaebfcecfcebfeebfeecffeb00eb00ea01eb01ec01eb02eb03ea03ea02eb02ea01ec00ec00edffeefeeefdeffdf0fc00000000000000000000000000000000000000000000edfbedfaecf8ecf7ecf7ecf5ecf5edf5edf4ecf2ecf1ecf1edf1ecf2edf2ebf2ecf4ecf5ecf4ecf6ebf6ebf5ebf7ebf5e9f6eaf7
CSIX,1515945065,024353490001,-60,6,128,43300400f010f00ff20ff411f110f212f30ef512f50ff413f412f611f711f713f412f811f511f80ff510f60ef10ef50ef40cf409f50b00000000000000000000000000000000000000000000f50ff40ef30ff20fef10ed0cee0df00bed0eef0de90dec0eec0eee0ced0cea0eed0ef00ded0dee0df00fef0eee10ed0ded10ee11
CSIX,1515973842,024353490001,-61,6,128,43300400e60ce50de80ee80de90fe90eeb0dec0fed0fec11ed11ee11ee11ee11ed11ec10ed10ed0fee0ded0dee0bee0aee0aef09ef0700000000000000000000000000000000000000000000ee0eeb0cea0ce80ce90be60ae609e608e608e508e208e208e207e308e407e208e408e608e309e50ae50ae40ae60be30be30de40c
CSIX,1516002475,024353490001,-62,6,128,43300400edf1ecefeaf3ecf3ecf3ecf2edf3ecf4eef5eaf4ebf5ecf6ebf5ebf6eaf5ebf5ecf4ecf4eef4eff3f0f3f1f4f2f2f2f3f4f200000000000000000000000000000000000000000000f0f6f0f5f0f3eff2f0f1f2eef0eef2eff3eff4edf0ebf1eaf2eaf2edf0ebf0ecf3edf2eef0edf0f0efedeeeceff0f0ebeeececee
CSIX,1516033106,024353490001,-64,6,128,4330040002e501e4ffe500e5ffe5fee4fee7fde6fce7fbe4fbe7fae7fae5fbe6fbe4fce4fce5fde6fee8ffe700e900ea01ea01eb03ec0000000000000000000000000000000000000000000000ed02ec03ec04ea04eb05ea06ea07eb07ea08e909e709e609e708e709e809e608e707e807e606e705e606e605e705e505e304e4
CSIX,1516062798,024353490001,-63,6,128,43300400def8e6fcf301f50df614f11cec1aec15f30dfe1007140b1a0a1f031e001b0113090e0d0c130d13110f130b100a0a0c050f03000000000000000000000000000000000000000000001c060a020bfa02f808f80aeb11ea10ec11ef0cf305eeffe9fce2fbda04db09e402e9fcf9eff2e9f2e2eae8e2f3e9f4f4ed01e407
CSIX,1516093040,024353490001,-63,6,128,433004000c160e170f140e130f140f130e111011100f1311110e120e130f120e12101311121011100f0f0e100c100c0f0b0f0a0f090e000000000000000000000000000000000000000000000a0e090f0910091109120913091407140815091609180919081809180818081a091908180a190a180b180b190b170b1a0c1a0c19
CSIX,1516134959,024353490001,-63,6,128,43300400f6ebf5e9f5ecf6ebf4edf4edf6eef2eef2f0f1f0f1f1f0f1f1eff1f1eeeff0eff1eef1eff4eff5eff6f0f7f0f6f0f7f1f8f000000000000000000000000000000000000000000000f7f2f7eff8eff8ecf9ecfaebfbecfaeafbe9fae8fae7fae7fce8fbe8fce8fde6fbe7fbe9fce7fae9fae7f9e7f9e9f9e7f8e6f9e7
CSIX,1516178847,024353490001,-64,6,128,4330040007e800eb02eb01effeebfcecfdeafdec01ebfbe8fde9f8eff6e9f7eef8e9f1e7f7e503e706ebfceaffe603eafdec04ecfdeb0000000000000000000000000000000000000000000005eb08ec09eb09ea0bea0dea0feb0eed0fed0eeb0fe911e60eeb0feb10ea0fe90eeb0eeb0ce708e80cea08ec0dea0be909e609e9
CSIX,1516218485,024353490001,-65,6,128,433004000b0d0d0c0d0b0f0b100b10090f0810061008130612041204130513051506150615071307130812081008100810090f090d0a000000000000000000000000000000000000000000000e120d130c150b150a170919081a061807190619061b061b061a061905170619061605150717061608150915081309140b130a11
CSIX,1516247171,024353490001,-65,6,128,43300400ff100012031203110412051106100710080f09110a0f0a0e0a100b100b110b120b120a13091109110711061006110610041000000000000000000000000000000000000000000000fb17f817f818f518f517f318f217f215f216f115ee17ef17ef15f016f114f115f314f413f414f613f614f714f812f814f914fa13
CSIX,1516274515,024353490001,-64,6,128,43300400f8eaf6eaf6edf6edf4eef4eef4f0f3f0f2f1f0f2f1f3f0f4eff2eff3eff2eef2eff2f0f1f2f2f3f1f5f2f5f2f5f2f6f3f8f200000000000000000000000000000000000000000000f4eaf6e8f7e7f8e6f9e6fae3fbe4fce4fde4fde4fde1fde1fde1fce1fde3fde1fde4fce5fce2fce4fae5fce4fae7fbe4f9e5fae6
CSIX,1516302563,024353490001,-64,6,128,43300400e8fee800e901eb01ea03ea03ec03ec06ec05ec06ed07ed08ec08ed09ec08eb08ec08ec07ed05ed04ee03ee02ef02f001f10000000000000000000000000000000000000000000000e900e9fee7fce7fce7fce7f9e6f9e7f8e6f8e5f7e4f7e4f6e5f6e4f7e6f6e2f7e6f8e5fae5f8e4fae5f9e4f9e6fae4f9e5fae6fb
CSIX,1516336055,024353490001,-65,6,128,43300400f7ecf4ecf3eef3eff2eff1eff1f1f0f0f0f1eef1eef1eef2edf1eef1edefedefeeefefeff0f1f2eff4eff5f0f5eff6f0f8f000000000000000000000000000000000000000000000f5eaf7e9f8e7fae7fbe7fce7fce7fee8fde7fce6fee5fce4fde5fbe5fde7fce4fbe6fbe8fbe6fae7f8e8fae7fae8f9e7f8e7f9e8
CSIX,1516366804,024353490001,-65,6,128,43300400eff3eef3edf5edf6ecf7ebf8ecf8ebfaecfae9fbeafce9fde9fce8fde8fce7fce8fbe8f9e9faeaf8ecf8ecf7edf6eef7f0f500000000000000000000000000000000000000000000eff0f1eef1ecf2ebf2ebf4eaf4e9f6e9f5e9f5e9f5e6f4e7f4e7f4e9f5e9f3e7f3eaf3ebf2ebf3ebf2ecf2ecf2eef1edf0edf0ef
CSIX,1516395128,024353490001,-64,6,128,4330040012f412f311f211f210f20ff10ef20df00df00eef0def0cee0cef0cee0cee0ded0def0def0df00ef10ef30ef40ef50df60ef80000000000000000000000000000000000000000000012f513f711f414f614f816f916f915fa16fa17fa19fb19fb19fb18fb17fb18fb16fa14fa16fa15f815f815f714f715f716f516f6
CSIX,1516424002,024353490001,-63,6,128,43300400e7f7e7f8e7fae9fae8fbe8fbeafceafeeafde8feeaffea00e900ea01e900e900e9ffeafeebfeecfdedfdeefceefbf0fbf0fa00000000000000000000000000000000000000000000ebfcebfaeaf9e8f8e9f6e8f4e9f4eaf3eaf3e9f2e8efe8efe8efe8f0eaf0e8f0eaf2eaf3e8f2e9f4e9f4e8f4e9f6e7f4e6f5e6f5
CSIX,1516452613,024353490001,-64,6,128,43300400f316f318f617f616f717f717f915f917fb16fc17fc17fd16fd17fd17fc17fc18fc16fb17fb15fa15f813f912f812f811f81000000000000000000000000000000000000000000000f815f615f415f316f215f015ef14ef13ee13ee14ec15ec15ec14ec16ed14eb16ed14ef14ef15ef15f015f016f116f017ef19f018
CSIX,1516482963,024353490001,-64,6,128,43300400f4ebf3ebf1eef2eef1eef0eef1f0eff1eff1ecf1eef2edf3edf1ecf2ecf2ecf0edf1eef0eff1f0f0f1f0f2f0f3eff4f0f6f000000000000000000000000000000000000000000000f1edf3ebf4e9f4e8f5e8f7e6f7e6f8e6f8e5f9e4f9e2fae3fae3f9e3f9e5f9e3f9e6f9e7f8e6f7e7f6e7f7e6f6e8f7e6f4e6f6e7
CSIX,1516542483,024353490001,-64,6,128,4330040013081307130512031202120111ff11fd11fc12fb10fa10fa11f912f812f814f813f913f912f913fb12fb12fc12fe10fe10ff0000000000000000000000000000000000000000000016061608170a170a170c160d180e160f161017111813181317131812151218131510160f150f160f160d170e160d170d170d160d
CSIX,1516572819,024353490001,-64,6,128,43300400ee0aef0bf10df20cf30cf40cf50ff70df90df812f911f911f812fa12fa12f813f812f615f511f810f40ef60df50df60cf60b00000000000000000000000000000000000000000000f00eee0ded0ceb0ceb0ce90ae809e908e809e709e409e409e508e50ae608e409e709e809e709e809e80ae80aea0ae90be90ceb0b
CSIX,1516603120,024353490001,-63,6,128,433004000ae908e906e906ea05ea04ea03ec01ec01ec01e9ffebffebfeebfdeafeebffeaffea00ea00eb01ec02ee03ee05ee04f005f10000000000000000000000000000000000000000000004ea07ea08e909e90ae90ce90ce80deb0de90ee912e812e811e910e810ea10e60ee90ee90fe80ee80de90de70de80ee80ee70de7
CSIX,1516634462,024353490001,-64,6,128,43300400f505f4f6ea06f1f0f2f6f1f7f5efe5f3f0f7eef5e901e2fce1fde2f8daf7e4fde4fee3fcecfce8f9ecf9ecfaecfceff9f4f800000000000000000000000000000000000000000000ef0aea0bed0ae60ae906e605e100e404e202e202d7ffdffbdc02ddfde505d5fedb09db00e505d808e00add0ae112e40ce508ee05
CSIX,1516693965,024353490001,-64,6,128,43300400ebf2e9f3eaf4ebf5eaf6eaf5ebf7ebf8ebf9e9f9eafaebfbeafaeafbeafae9f9ebf9ebf8ecf8eef7eff7f0f7f1f7f2f6f4f600000000000000000000000000000000000000000000eff6eef4eff3eef1eff1efefefeff0eff0eeefefeeeceeeceeecedeceeeeedeceeeeefefecefedefebf0ebefedf1ebefeaefebf0
CSIX,1516723113,024353490001,-65,6,128,43300400e801e903e904e902e903eb04ec05ec07ec06ea07ea08e907e909eb09e908e90aeb06eb07ed05ec03ed03ef02ed02ef01f00000000000000000000000000000000000000000000000e901e900e8fee7fde8fce7fbe7fbe8f8e8f8e7f9e5f7e4f7e5f7e6f8e8f8e4f8e7fae6fae5f9e8fae7fce5fbe8fae5f9e8fce6fe
CSIX,1516752869,024353490001,-65,6,128,43300400f60ff710fa11fa11fb11fc11fc10fe11fd11ff13ff12ff12ff130014ff13fe15fe14fe14fd12fd11fc10fb10fc10fb0efa0d00000000000000000000000000000000000000000000f511f310f111f010f010ef10ee0fee0eed0eec0eea0fea0feb0eeb0fed0deb0fed0dee0eee0eef0ef00ff00ff10ff00ff010f20f
CSIX,1516791727,024353490001,-65,6,128,43300400f10cf30df60ff60ef70ef810f90ffa10fa11fb12fc11fc12fc12fc13fc13fb14fb12fa13fa11f911f90ff80ff80ef90df80c00000000000000000000000000000000000000000000f210f00fee10ed0fec0feb0dea0dea0ce90ce80de60ce60de70be80ce80be60ce90bea0cea0bea0ceb0dea0dec0ceb0ceb0dee0c
CSIX,1516844854,024353490001,-64,6,128,43300400e803ea05ed09ee06ee08ef0af20af20af10bf20bf30cf30bf20bf40cf20ff30ef30df20df40bf20bf309f408f408f508f40600000000000000000000000000000000000000000000eb08ea06e805e705e904e703e703e7ffe700e504e4fee1fee2fee301e601e200e601e602e601e502e603e502e702e604e504e701
CSIX,1516872745,024353490001,-64,6,128,433004000fee0fee0cee0bef0aee0aed07ef07ee06ef04ed03ee03ee03ed03ed03ed03ed03ee04ed04ef05ef05f005f105f104f205f3000000000000000000000000000000000000000000000bec0eec0eec10eb10ec12ec13ed13ee14ee14ed17ec16ec16ed15ec15ee17ec14ed13ed14ec13ed13ec14ec12ec14ed14eb13ed
CSIX,1516903201,024353490001,-64,6,128,433004000016fe140213ff1300140211020f0311040f0611070f060f0611060f061106110611051104100310030f020e020f010d000d000000000000000000000000000000000000000000000312011301140015ff15fd16fc16fc16fb16fb17fb19fb19fa18fb19fa17fa19fa18fb15fc18fc17fc17fb1afc16fb17fc18fb18
CSIX,1516932495,024353490001,-64,6,128,43300400f514f216f714f814f916f816fb15f916fd15fb16fd17fe16fc18fe16fb18fc17fc17fa17fb14fa14f712f912f812f911f70f00000000000000000000000000000000000000000000f812f612f411f312f412f112f011f011ef11ef13ef15ef16ef14ee16ee13eb14ed12f112ef14ef13f016ee16f214f215ee18ee16
CSIX,1516992506,024353490001,-64,6,128,43300400f1f0f1f1f0f3f0f4eff3eef4eff5eef5edf6ebf7ecf8ebf8ebf7ebf6e9f5e8f6ebf5ecf3eef3eff3f0f2f0f3f1f2f2f3f4f200000000000000000000000000000000000000000000f5f5f6f3f7eff5ecf7eff7edf8ecf9ecf9ecf7ebf7eaf6eaf7eaf6ebf8ecf6e9f6ecf7edf5ecf6edf5edf4ecf3eef3edf1edf2ee
CSIX,1517058012,024353490001,-63,6,128,43300400170b190b18081808180719061705170417041a03190118011a0219021a031a041a0418051706160713071307110811081009000000000000000000000000000000000000000000001408140a140b160c140d141014101310131014111512161215121611151117121611160f1711180f180f1910170e18101a0f190f
CSIX,1517082471,024353490001,-63,6,128,433004000f111011110f100f110e110e100c120c110c130c120b120b120b120b130c130d110d100d0f0d0e0e0c0d0b0d0a0e090c070c000000000000000000000000000000000000000000000e0b0d0d0d0f0d0f0c100c120b121211091308140b160b150f190d150b140b130c140c130d130e140d140f140d130f150f150f14
CSIX,1517116797,024353490001,-62,6,128,43300400e7ffe500e701e701e702e703e903e904ea04e706e906ea07e807ea06e906e905e905ea04eb03eb02ec01ed00ed00ef00f0fe00000000000000000000000000000000000000000000ed01ecffebfeeafdebfee9fce9fbeafae9fae8fae6f9e6f9e6f9e5fae7f9e5f9e6fae7fbe5fbe6fbe5fce5fce7fde4fce3fce5fc
CSIX,1517145678,024353490001,-60,6,128,43300400f9011bd3ffff09ce0105f6d806f8f0eefaf5edebeff4f2edef00ecf3f60ce4f7f704e401f200ec07f102f307f1fcf50bf00200000000000000000000000000000000000000000000f905ec10f408ef17f409f313fa0ff7120013f814011205210a070f2405fd181ef9ff210efe0d23fd10071c0c13ed1ff91af82dfc
CSIX,1517174839,024353490001,-64,6,128,43300400170917081705160616051604150416021601170116ff16ff170017ff18001801180217031503140513051205120610050f0600000000000000000000000000000000000000000000150615081409160a150a150c140d130d140e140e160f1610150f160e150e160f160e150c170d160c170b180c170c190d190d180c
CSIX,1517202847,024353490001,-64,6,128,43300400f815f917fc14fb16fd14fc13ff15fe15ff14ff1700150015fe17011400170016ff17fd17fc15fc13fd11fc10fa10fa0ffa0f00000000000000000000000000000000000000000000fb12f814f713f515f611f314f611f60ef40ff113f214f314f614f413f217f113f215f612f315f515f514f617f713f516f418f417
CSIX,1517232675,024353490001,-63,6,128,4330040015f4f1ea06dc0bfadef1f5dcf705d9fcf2f5ed1ade0afd09f824f1100814031b041010100f100f0a120412020efe0ff710fa0000000000000000000000000000000000000000000012f811f010f20aeb09eb00edfce3feecefefefeaf2f9ddfdebf2ef10d90df105f723ee13060c0b23ff17130a191309091ef52306
CSIX,1517264907,024353490001,-63,6,128,43300400edf0ecf1ebf3ecf3eaf3eaf3ebf4eaf6eaf4e8f4eaf5e9f6e9f5e9f5e9f5e9f4eaf4ebf3edf3eef2f0f3f1f2f2f1f3f2f5f200000000000000000000000000000000000000000000f2f3f2f2f3f2f2f0f2f0f3eff3eef4eff3eef3ecf2ebf1eaf2eaf0ebf2ecf0eaf0ecf1edf0ecf0ecefedefecefedeeebeeeceeed
CSIX,1517292853,024353490001,-63,6,128,43300400e9f9e8fae8fce8fde8fde7fee9fee7fee9ffe600e800e700e700e8ffe7ffe7ffe7fee8fdeafdeafcecfaecfbecfaeefaeff900000000000000000000000000000000000000000000eefaeef9eef8ecf7eef7ecf6edf5edf5edf4ecf5eaf3e9f3eaf2e9f3eaf3eaf1eaf3ebf4e9f3eaf4eaf5e9f4eaf6e9f5e8f6e8f6
CSIX,1517329288,024353490001,-62,6,128,4330040009140b160c130c130d130e120d110e110d0f1011100f0f0e1011100f10110f110f110e110c100b100a10090f090f080f060f000000000000000000000000000000000000000000000a0f0a11081109130813081406150515061605150519061a061907190619061a061907170719071907190719071608190a1a0918
CSIX,1517352783,024353490001,-62,6,128,4330040000160116031503150415041505130614061307150714071307140714071505140514041303130312051704130111000fff0e0000000000000000000000000000000000000000000003100112011200140013fe14fd14fd14fd15fd15fc18fc18fc18fc18fc17fb18fc17fd16fc18fd17fe17fd18fe17fd18fe19ff18
CSIX,1517387447,024353490001,-62,6,128,43300400edf1ecf1ebf3ecf4ebf4ebf5ebf6ebf7ecf6e9f7ebf8ebf8eaf7eaf7ebf7eaf6ecf5ecf5eff6eff5f1f5f2f5f2f4f4f4f5f400000000000000000000000000000000000000000000f1f6f1f5f2f4f0f3f1f3f1f1f1f1f2f1f1f0f1eff0ecf0edf0edf0edf1eeefecf0eef1efefeeefefeef0eeefeff0eeeeecefecef
CSIX,1517425255,024353490001,-61,6,128,43300400e3fee3ffe401e500e501e502e702e604e704e506e706e706e505e706e505e504e703e702e901e900eaffebffebfeedfeeefd00000000000000000000000000000000000000000000ea01e9ffe8fee7fde8fee7fbe6fae7fae6fae6f9e3f8e3f8e3f8e3f9e4f8e2f8e3f9e4fae2fae3fae3fbe2fbe4fce1fbe0fce1fb
CSIX,1517445560,024353490001,-61,6,128,4330040014f215f013f012f011f011ef10f00fee0eef0fed0eed0dee0eed0ded0eec10ed0fee0fef0ef10ef20ef30ff40ff40ef50ef7000000000000000000000000000000000000000000000ff311f412f414f413f415f616f615f716f716f719f619f719f718f617f619f517f617f519f418f417f418f416f418f419f219f3
CSIX,1517472755,024353490001,-61,6,128,43300400e7f5e6f6e7f9e8f9e7fbe7fbe9fce8fee9fee600e800e701e6ffe701e600e6ffe7fee7fdeafceafcebfbecfbebfbeefaeff900000000000000000000000000000000000000000000e8fbe9f8e8f7e7f6e8f6e8f3e8f3e9f1e9f1e8f1e6efe6efe7efe7f1e8f0e5efe6f1e8f2e6f1e7f1e6f2e5f2e7f3e5f2e4f2e5f2
CSIX,1517502568,024353490001,-62,6,128,43300400ea0beb0aec0cee0cef0cef0ef00df10def12f211f310f310f210f211f311f011f210f00ef20df00cf10bf00af00af108f20700000000000000000000000000000000000000000000ef0eed0bec0cec0beb0bea0ae90ae908e909e608e508e508e508e609e707e509e708e809e709e80ae809e809e90ae60ae60ae809
CSIX,1517532604,024353490001,-63,6,128,43300400fb18fc19ff18001500160116021404150414061606150714061507150716061705150415041303130212011201120111ff10000000000000000000000000000000000000000000000217ff18ff19fe1afd1afb1afa1cf91af91bf81cf71ef71ff61df81ef71bf61ff81cf91cf81df81cf91cf91df91cf91df91ef91c
CSIX,1517564883,024353490001,-63,6,128,43300400e90be90cec0eed0ced0cee0df00cf00ef20df10ff20ef30ff20ff310f30ff30ff30ff30ef40cf40cf40bf50af40bf50af50800000000000000000000000000000000000000000000ee0fec0eeb0de90de90ce70be60be609e50ae40ae20ae209e208e30ae308e209e409e609e409e509e60ae50ae70ae40ae50de50b
CSIX,1517594797,024353490001,-62,6,128,433004001700160016fe15fe15fe15fe13fd13fc12fc14fb11fb11fb11fb11fb12fb13fb11fc10fc0ffd0ffd0efe0efe0eff0cff0b000000000000000000000000000000000000000000000013fc13fe15fe15ff1600160117021602170318031a051a051905190517051a051704170418041703170218031702180219021802
CSIX,1517626151,024353490001,-61,6,128,433004000f16101711141014111411141111111111101311120f110e120f110f110f111010100f0f0e0d0d0e0b0d0b0d0a0d090d080d000000000000000000000000000000000000000000000e110e130d140d160d160c180b190b180a1a0a1b0a1e0a1d091d0a1d091b091d091a09190b1a0b190c180d190c170e190f1a0f19
CSIX,1517654577,024353490001,-61,6,128,43300400081c0a1b0c1a0b190b190b190b170c170c160e170d160e150d160d150d160d160c150a150913081307120612061205110310000000000000000000000000000000000000000000000915081608180719061a051b051c031c031d021e012001210020021f001e0121011d021c021d031d041c041d051c061d071f061d
CSIX,1517683085,024353490001,-61,6,128,43300400e8fde7fde900e9ffe901e901eb01ea03eb03e904eb05eb05ea04eb04ea03ea03eb03eb02ed01ed01eeffef00effff0fff0fd00000000000000000000000000000000000000000000ec00ebfeebfde9fceafce8fae9f9e9f9e8f7e7f8e5f6e6f6e7f6e7f6e8f6e7f5e8f7eaf8e7f7e9f9e8fae8f9e9fbe7fae5fbe6fc
CSIX,1517715316,024353490001,-60,6,128,4330040000e4fee4fde6fde7fbe6fbe6fae8f9e8fae9f8e7f8e9f7e9f8e8f8e9f8e8f9e8f9e9fbe9fbebfcebfdecfdedfeecffee00ee00000000000000000000000000000000000000000000fceafde8fee8fee6ffe701e501e502e503e403e305e106e106e205e105e306e105e304e403e203e301e302e201e402e201e101e1
CSIX,1517749246,024353490001,-59,6,128,43300400f303f305f608f505f508f408f706f609f708f609f807f80af609f608f608f608f708f607f707f606f705f705f705f804f80300000000000000000000000000000000000000000000f508f407f407f206f306f206f205f105f105f104ef05ee05f103f004f104ee05f205f104f204ef06ef06f307ef05f407ed08f008
CSIX,1517777189,024353490001,-59,6,128,4330040018f217f115ef14f113f013f011f010ef0ff010ed0fee0eee0eee0eee0eee0fed0eef0ef00df10ef20df30df40ef40cf60df70000000000000000000000000000000000000000000013f015f217f218f219f31af51af61af71bf71cf81ff71ef81df91df71bf91ef71bf71af61af61af519f41af418f41af41bf21af3
CSIX,1517804521,024353490001,-59,6,128,43300400e80be80cea0eeb0ceb0eec0eee0dee0eef0eef11f110f210f110f111f011f011f110f00ff10ef10df10bf10bf10af109f10800000000000000000000000000000000000000000000ea0ee80ce60ce50be40ae309e208e306e306e105df05e005e104e205e404e105e305e506e406e507e508e508e609e509e40ae50a
CSIX,1517834485,024353490001,-60,6,128,43300400110f130f140c130c140b140a1308140713061506140514051505150416041605150515051305130511061106100710070e080000000000000000000000000000000000000000000014101412131314161216121811190f180f1a0f1a0e1d0f1c0e1b0e1a0d190e1a0e180e160f170f16101410151013111512151213
CSIX,1517870285,024353490001,-59,6,128,43300400faebf9ebf8eef8eef6eef6eef5f0f4f0f4f1f3f0f2f1f3f2f2f1f2f2f2f2f2f1f3f2f3f2f4f3f4f3f6f3f6f3f7f3f7f4f9f400000000000000000000000000000000000000000000f8ecfceafbe7ffe6fde6ffe5fce5ffe5ffe601e502e203e102e401e502e902e302e8ffe600e6fce6fee7fee7ffe8fde8fce6fde7
CSIX,1517894680,024353490001,-59,6,128,433004000eed0ded0bed0aed09ed09ed07ed07ed06ed06eb05ec05ed05ec05ec05ec06ec05ed05ee05ef05f005f105f206f206f306f3000000000000000000000000000000000000000000000aec0ced0dec0fec0fec11ed12ed12ee13ef14ee16ee16ee16ef15ee14ef16ee13ef12ef13ee12ee11ed12ed10ee12ed12ec11ec
CSIX,1517924589,024353490001,-59,6,128,4330040011f911f810f80ff80ef80ef80df80df70cf70df60cf60bf70cf60cf70cf70cf70cf80cf80bf90bf90afa09fb0afb09fb09fc000000000000000000000000000000000000000000000bf70df70ef80ff80ff910f911fa0ef911fb12fb13fb14fb11fb12fb12fb15fb12fb11fb12fa12fa11f913fa11fa13fa13f913f9
CSIX,1517958822,024353490001,-59,6,128,4330040010140f1210120f100d110f0e0f100e0b0e0b130c100a1009100c0f0a0f0d100a0f0b0e0b0c0a0c0a090b090b090c0a0a0709000000000000000000000000000000000000000000000d0c0d0b0d0e0f0f100f0e110c120e110b100c130c160a130a150c120d140d140a120a140e140b120d0e11160f0e0c1511150f12
CSIX,1517982518,024353490001,-59,6,128,433004001119121813171115121512151112121213111411130f130e120f130f13101311111010110f0f0e100c0f0c0f0c0f0a0e090e0000000000000000000000000000000000000000000010110e120f140e150e160d170c180b180b190c1a0c1b0c1b0c1a0d1a0b190d1d0d190d190e1a0e1a0f190f1b1019111b121c111a
CSIX,1518012674,024353490001,-59,6,128,43300400fae7f9e6f8e7f9e8f8e8f8e9f7eaf6ebf7ebf5eaf5ecf6ecf5ebf5ecf5ecf6ebf7ecf8ecf9eef9eefaeffbeffceffcf0fdf000000000000000000000000000000000000000000000f8ecfaeafae9fbe8fce8fde7fee7ffe8ffe700e601e401e501e500e600e6ffe4fee6fee7fde6fde6fce6fce5fce6fde4fce3fce4
CSIX,1518046761,024353490001,-59,6,128,43300400eaeaecece1f8ecfde003dcf7e7ebe8faee00e504ea00e503e602ec03eb08ea07ea06ea08ec06ea07ec03f105f207ee08ee0600000000000000000000000000000000000000000000f6e9f8e5f9e7f8e4fae4fae2fee6fae6f8e5f6e2f9d8ffe3fde4f1e6f6e5efdcf3e0f6e9efe4edf5e3ece8e3eedff3e7edf0eaf5
CSIX,1518073161,024353490001,-59,6,128,433004000f12111311101010110f110f110d110d100b120c120a110a120b110a120b110b110b100b0f0a0e0a0d0b0c0a0c0b0b0a0a0b00000000000000000000000000000000000000000000100d100f0f1010120e120f150d140d150c160c150d180d180c180d170c170d170c170c140e160e150f140f150e120f1511161115
CSIX,1518102511,024353490001,-59,6,128,43300400e4f5e4f7e4f9e6f8e5fae6f9e7fae6fce7fde5fee7ffe800e7ffe8ffe7fee7fee8fee9fdebfdebfdedfbedfcedfbeefbeffa00000000000000000000000000000000000000000000e7fee7fbe6fae5f8e5f7e4f5e5f3e6f3e6f2e4f2e2f0e2f0e4f0e3f1e6f1e2efe5f1e5f2e4f1e5f2e4f2e4f2e5f4e3f3e1f4e3f4
CSIX,1518133867,024353490001,-59,6,128,4330040010ed10ec0eec0dec0dec0dec0bed0bec0aed09eb08ec07ec08eb08ec08eb08ec09ec09ed08ef09ef09f008f109f109f20af3000000000000000000000000000000000000000000000aee0cee0dee0fed0fee11ee12ee13f014ef14ef17ee17ee16ef16ee16f017ee16ef14ef15ee14ef14ee15ee12ef14ed14eb14ec
CSIX,1518162885,024353490001,-59,6,128,43300400ebefe9efe9f2e9f2e9f3e9f3eaf5e9f6eaf6e7f7e9f8e9f9e8f8e8f9e7f8e8f7e9f8eaf7ecf7ecf7eef7eef7eef6f0f6f0f500000000000000000000000000000000000000000000ecf5ecf2ecf1ebefecefecececebedebedeaede9ece7ece7ede7ece8eee8ece7ede8edeaece9eceaecebebeaecedebeae9ebeaec
CSIX,1518192675,024353490001,-60,6,128,4330040011ee11ed0fec0eed0dec0dec0ced0bec0aec0aea08eb08eb08ea08eb09ea0aea0aea0aeb0aed0aee0aef0af00bf00af10bf2000000000000000000000000000000000000000000000ced0fed10ed12ed12ee15ee16ef16f017f017f01af01af019f119f018f21af018f116f118f017f116f017f014f116f016ee15ee
CSIX,1518222505,024353490001,-60,6,128,43300400101512151211121113111311120e130d120c150c140a140a150b140a150b150b140c130c110b110c0f0b0f0b0f0b0d0b0c0d00000000000000000000000000000000000000000000120e1110111212141114101710180e180e1a0f190f1d0f1d0f1c101c0d1c0e1d0e1b0d190f1c0f1a0f190e1b0f171019111a1018
CSIX,1518254749,024353490001,-62,6,128,43300400e7caf7bddecfd6c1e5b5dcc2e9b7eacaf0d7ead8e1dfe2edd4cfd3d6cbc8c4cad2cadfd1d3dbd0d6e2d4e1f2ede7cee2d6e60000000000000000000000000000000000000000000001d2fdc617b620b613c114c51dc817cf15c70bba1fb027a520a61faf24b525b524bc11cc0db80fb800c201af05b601a606aa0eab
CSIX,1518282750,024353490001,-60,6,128,43300400150a160916071507150615061304140213021501140013ff140014001500150015001301120112011002100210020f030e0400000000000000000000000000000000000000000000150515071608170a160a160d160e150f151015101712171216121711151117121610150f16101710160f160f150d170f180e170e
CSIX,1518317995,024353490001,-60,6,128,433004000eeb0deb0be90aec09eb09ea07ec06eb05eb05ea03ec02eb02eb02ea02eb03ea03eb04ec02ed04ed05ef04ef04ee05f006f10000000000000000000000000000000000000000000007ea09eb0ce90ce90ee90fea12ea12ec13eb13ea15ea15ea14ea14ea13ec16e913eb13eb13e913ea11ea13ea11ea12ea12e911ea
CSIX,1518343045,024353490001,-60,6,128,4330040007e806e704e804e903e802e901eb00eaffebfee9fdeafcebfceafcebfceafceafdebfdebfeedfeedffeeffeeffee00ef02ef0000000000000000000000000000000000000000000001e903e804e705e507e609e50ae60be70ce60de60ee40ee40ee50de40de70ee30de50ce60ce50ce50be50ce50ae70ce50be40be5
CSIX,1518373976,024353490001,-60,6,128,43300400e7f9e6f9e8fce8fce9fde9feebffea00eb01e902eb03eb04ea04eb03e904ea03eb03eb02ed02ed02ee01ee01ee01ef00efff00000000000000000000000000000000000000000000e900e7fee7fde5fbe5fae4f8e4f7e6f6e5f5e4f5e2f3e2f3e3f2e3f3e4f3e2f2e4f3e5f4e4f4e5f4e5f6e4f4e5f6e4f5e3f6e4f7
CSIX,1518404293,024353490001,-59,6,128,4330040017f417f314f213f213f212f110f10ff00ef00fee0cef0cee0cee0cef0dee0dee0def0def0bf00cf10cf20bf30cf20bf30cf40000000000000000000000000000000000000000000011f013f114f217f217f319f319f519f61bf61bf61ef61ef61df61df51cf71ef71cf71bf61cf51bf61af51cf519f51bf51cf41bf3
CSIX,1518436906,024353490001,-59,6,128,43300400100f120f120d110d1109120b1109110810081108110711061307120613061207110611060f060f060e060d060d070d070c08000000000000000000000000000000000000000000001109120b110c120e100e1010111211111012101310151015101611150f1510160e1410130f151114121312150f11101412141011
CSIX,1518478208,024353490001,-59,6,128,43300400ec07ec09ee0aef09ef0af00af20af20bf30bf30cf40cf40cf40df40cf40df40df50df40cf60bf50af50af609f509f508f50800000000000000000000000000000000000000000000f10bef0aed0aec0aec09ea08ea08ea07e906e806e606e606e705e706e805e605e705e906e706e806e907e807ea07e807e708e908
CSIX,1518522546,024353490001,-58,6,128,4330040005ea04e802eb02ec02ea02eb00ecffecffeefdecfdedfcedfcecfdeefdecfdeefdeefeeffef0fef0fef1fef2fef1fef200f200000000000000000000000000000000000000000000ffed02ec00e704e904ea08e707e808ea09e907e90ae80be706e609e70ae80adf09e709e90ee50ae808e908e607e907e707e607e7
CSIX,1518561164,024353490001,-57,6,128,433004000ceb0fe70be405e60ce406f2e2e7fae004eaeef5fdf2f5ebf9fce7f5e2e2edf2ebfdebf6effbe802ecf7f500f014e7feeffc00000000000000000000000000000000000000000000f914fd15f813f619fe140618012ffb1c04120e1d032e06150f14111b1216181013121809180b2713100c17f43af0260b16f816e5
CSIX,1518615594,024353490001,-58,6,128,43300400ee0ded0ef00ff00ef00ff10ff30ef30ff30ef310f50ff50ff50ff50ff50ff50ff50ef50df60cf60cf50af60af60af609f60800000000000000000000000000000000000000000000f50df30df20df10df10def0def0dee0cee0ced0cea0dea0dea0cea0deb0ce90dea0dec0cea0deb0dec0deb0ded0eeb0eea0feb0f
CSIX,1518642807,024353490001,-58,6,128,4330040019f21bf117f017f117f117f114f114f012f013ee11ef10ef12ef11f012ef12f112f111f310f410f40ff50ef60ff60ef70ef8000000000000000000000000000000000000000000000ef010f012f114f013f116f117f317f318f419f31cf21cf21cf21cf21cf41ef31cf31bf31df31df41cf31ef31af31df11df01df1
CSIX,1518702836,024353490001,-58,6,128,433004000619081a09180817091709170815091409140b140a130b120a130a120b120a130912081207100610050f050e050f040d030e000000000000000000000000000000000000000000000a10091109120914081407160617051705180519051b051c051b061b041a051c051b051a051c051b061b061c061a061c071d061c
CSIX,1518732919,024353490001,-58,6,128,43300400e302e202e405e504e504e605e805e807e907e709e909ea09e909ea09e909e908ea08eb07ed06ec05ee04ee04ee04f003f00200000000000000000000000000000000000000000000eb06e905e904e604e703e502e401e5ffe4ffe3ffe0ffe0fee1fee1ffe2fedfffe1ffe200e0ffe1ffe100e100e300df00df01df01
CSIX,1518790402,024353490001,-58,6,128,43300400f7e3f6e3f4e5f6e6f4e6f4e6f5e8f3e9f4e9f2e8f2eaf1ebf2ebf1ebf1ebf1e9f3eaf3ebf5ecf5ecf7edf8edf8edf9eefbee00000000000000000000000000000000000000000000f5edf7ebf7eaf7e8f8e8f9e6fae5fbe6fbe5fbe3fde1fce1fde1fce1fde3fbe0fbe2fbe3fae1fae2f9e2f9e1f9e3fae0f9e0f9e1
CSIX,1518805522,024353490001,-58,6,128,43300400f916f817fc16fa14fb16fc15fd14fd14fe12fe1500130014ff14ff12fe15fe14fe13fe13fe11fe11fd10fd0ffc0ffd0efb0e00000000000000000000000000000000000000000000fe11fd10fb11fa13fa13f814f814f812f512f714f616f517f514f616f616f517f415f414f516f614f515f717f815f616f619f617
CSIX,1518852634,024353490001,-58,6,128,433004000519061808170716071608160814091309130a130a120b120b130b120b120b130a120912081108120611061005110410030f000000000000000000000000000000000000000000000711061306140515051503160316021702170118011b001b001a011a0119011b01190218021a03190319031a0319031b041b041a
CSIX,1518888636,024353490001,-59,6,128,43300400ffd90ce710e911f50be30ae701df05ef05e900f106e901ebffe600e401ea04e703e903ea02ea05ec04ed05ed06ed05ef06f10000000000000000000000000000000000000000000005eb05eb09eb09ea09e90dec0bea0eec0cea0fe813e80fea18ef0cea09e818ea0def14e80af413e20be60cd810ea0ae616ee10da
CSIX,1518942644,024353490001,-60,6,128,43300400071809170a150a140a140b140b110c120c110d110d100d0f0d0f0e0f0e100e100e100d100c0f0b0f0a0e090e090f080e070e000000000000000000000000000000000000000000000a120914081508170717061805190418041a041a031d031d031c041b031b031d041b0419041b051a061a061b0619061c071c061a
CSIX,1518974295,024353490001,-60,6,128,4330040019f418f316f115f315f214f212f211f011f112ef10f00ff010ef0fef10ee10ef0fef10f00ff10ff20ff30ff40ff50ef50ff70000000000000000000000000000000000000000000012f114f215f216f217f319f419f419f61af61bf61ef71ff71df81df71cf81ff61cf71bf61cf61cf61bf51cf51af61cf61df41cf5
CSIX,1519007019,024353490001,-60,6,128,43300400ff16011b0114ff1601140515031b021504130715061206120613071209140715061505130512061302120210030f03110110000000000000000000000000000000000000000000000215ff16ff17fe18fd18fa19fa16fa17fa1af618f617f91cf81bf71af919f91afa1bf819fa1afb16ff1afa1ef41af917fd1cfd1f
CSIX,1519032636,024353490001,-60,6,128,43300400140b160e0f2616061b0f130d07f5130b1506170624fe1607190614081c14140717091408080f140a100911050eed120b120b0000000000000000000000000000000000000000000018061908eeee200d110f17133311180d1513161016f71e12190f171039271c141c111215350d110b1f1115171a23140e18111812
CSIX,1519063536,024353490001,-60,6,128,433004000cee0cec0cee0aed0bed0aed08ef08ee09ed07ec07ef06ed05ee05ed05ec06ec06ee07ec07ee07f007f108f108f108f20af40000000000000000000000000000000000000000000009ef09ef0cee0def0def0ef110f10df211f011f012f111f015f214f011f213ef12f010f011ef10f011ef11ef0ef012ed10ee0fec
CSIX,1519092864,024353490001,-60,6,128,4330040013f013ee11ee11ef10ee10ee0fef0dee0dee0deb0bec0aec0bec0bec0ceb0cec0cec0dee0cef0df00df10cf20df10cf30df4000000000000000000000000000000000000000000000def0ff010f012f012f114f115f315f415f415f318f218f217f317f216f317f216f215f217f116f216f116f114f115f016ee16ef
CSIX,1519123817,024353490001,-60,6,128,433004000de60de50ae50be709e709e608e806e707e706e505e804e804e704e704e704e605e705e805ea06ea06eb07ec08ec07ed08ee0000000000000000000000000000000000000000000008ea09ea0bea0ce90de90fea10ea10eb11eb12ea14e914e814ea12e812ea13e712e911e911e710e90fe710e70fe811e711e411e5
CSIX,1519153384,024353490001,-60,6,128,43300400ff1900190218011702170317031605150415061606150614061507160715061705150416041502140214001300130012fe11000000000000000000000000000000000000000000000414031401160017ff17fd17fd17fc17fc17fb19fa1afa1afa19fb19fa18fa1bfb18fc19fc19fc18fd19fd1afe18fd1afe1bfe1a
CSIX,1519182542,024353490001,-60,6,128,433004001708180818061706170617051604160316021803150215011601160017011702170216021403140412041205120611050f060000000000000000000000000000000000000000000014031405150715081508150a150b130c140c150d160f160f150f150d140e160e150c150c160c160c160b170b160a180c180b180b
CSIX,1519246128,024353490001,-60,6,128,43300400f516f517f717f716f816f917fa15fb16fa15fb17fc16fd16fc17fe16fd18fc18fb17fb16fb14fa14fa13f912f812f810f70f00000000000000000000000000000000000000000000f813f613f513f314f313f113f013f011f013ee12ed13ec14ed13ee14ee13ed14ef13f013f014f114f214f216f214f115f117f216
CSIX,1519272827,024353490001,-60,6,128,43300400170818051a02180517021802180217ff180018ff19fe16fd16ff17fe18fe18fe17ff170015001502130213031204120410060000000000000000000000000000000000000000000013041405150616071507140a160a140a150a160b170e170d170f150b150d180e170c160b170a150b1808170a1608180b19091a09
CSIX,1519305344,024353490001,-60,6,128,43300400fa1dfb1aff18ff16fd180117fe1402160017011c0414041503140314031603190318011700160015fe14fe14fd14fd12fc1100000000000000000000000000000000000000000000fc13fb14fa15f915f915f815f715f514f515f416f317f317f51af518f516f419f517f515f513f817f716f51ff61af719fb17f71d
CSIX,1519332731,024353490001,-60,6,128,43300400ec10ed11ef12ef11f013f012f212f313f213f215f414f414f415f415f315f216f214f113f211f111f20ff10ff10df10cf10a00000000000000000000000000000000000000000000f10df00cee0ded0ded0ceb0beb0beb0aeb0ae90ae70be70be80ae80be90ae70ce90bea0ce90cea0ceb0dea0eec0eea0ee910ea10
CSIX,1519365382,024353490001,-60,6,128,433004000ffd10fd0ffc0ffb0ffb0ffa0ef90efa0dfa0ef70ef80df80ef80ef90ff60ff90ff80ffa0dfa0dfa0dfc0dfc0dfd0cfd0cff000000000000000000000000000000000000000000000cff0cfe0dff0eff0d000e010e010e010e030f011002100210031002100211020f010f0110010f000f0010ff0fff100011fe11fe
CSIX,1519430398,024353490001,-60,6,128,43300400ffedffedfef0feeffeeefeedfef0faeefbeffbedfbeffaf0faeefbeefbedfbeefdeefcedfeefffeffef000f100f000f202f20000000000000000000000000000000000000000000000f201f202f102f002f104f104f004f105f005f006ef06ee07ef06ee06f006ee05ef04f105ee04ef01ef03ef02f003ee02ee02ed
CSIX,1519461028,024353490001,-60,6,128,43300400f00deb0de911ee11f112ef0fed0ded13f215f211ee10ee15f015f312ed11eb12ed13ef11f00fef0ded0bed0eef0cf008ed0700000000000000000000000000000000000000000000ef0ef00cf109ec09ec0aeb0aeb0bed09eb07e709e70be908e706e60aea0aea08e807e708e80bed0bec0ae709e80eeb0eeb0be70c
CSIX,1519482634,024353490001,-60,6,128,43300400e4ffe3ffe402e501e502e403e603e504e604e406e506e607e406e506e306e405e404e503e702e701e800e9ffe8feebfeeafc00000000000000000000000000000000000000000000ea00e9fee8fde7fce8fce7fae7f9e7f9e7f8e6f8e4f7e4f7e5f7e4f7e6f8e4f7e6f8e7f9e5f9e5fae5fbe4fae6fce4fbe2fce2fc
CSIX,1519516001,024353490001,-60,6,128,43300400e908e90aea0beb0bea0cea0cec0bed0cec0eec10ed0fee0fec0eec0feb0feb0feb0eeb0cec0bec0aec08ec08eb07ee07ed0500000000000000000000000000000000000000000000ee08ec07eb06ea05ea04e903e803e902e902e802e602e602e602e703e702e601e704ea01ea06e903e904e805ea06e806e708e708
CSIX,1519551302,024353490001,-60,6,128,43300400fa18fb19fc17fe16fe18fd1800170017001601180117021601180218011a0019ff19fd18fe16fd15fb14fc13fc14fc13fa1100000000000000000000000000000000000000000000fc13fa13f814f815f814f615f618f614f415f316ef19f017f116f116f315f015f116f413f416f515f616f616f816f617f719f818
CSIX,1519574412,024353490001,-60,6,128,43300400f516f517f816f916f917f917fb16fb16fc16fc18fe17fd17fd18fd17fc19fc19fb18fb18fb15fb15f914f913f812f812f71100000000000000000000000000000000000000000000f913f613f513f414f313f113f113f112f012f013ee14ee14ee13ef14ef12ee13ef12f112f014f214f214f215f414f216f318f317
CSIX,1519602925,024353490001,-60,6,128,4330040007e706e704e703e802e702e701e900e800e8ffe6fee8fde7fee6fde7fee6ffe500e600e700e802e902ea03eb04ea04ec06ed0000000000000000000000000000000000000000000004eb06eb07eb09ea09ea0bea0bea0ceb0cea0dea10e90fe90fea0ee90eeb0ee90cea0bea0ce90ae90ae80ae809e90ae70ae609e6
CSIX,1519633518,024353490001,-60,6,128,43300400ef12ef14f214f213f315f315f514f516f515f517f716f717f718f717f618f518f517f417f415f414f312f312f211f210f20e00000000000000000000000000000000000000000000f311f210f010ee11ef0fec0fec0fec0eeb0eeb0fe80ee90fe90ee90fea0de80feb0eec0eeb10ec10ed10ec11ee10ec12ec14ed14
CSIX,1519662638,024353490001,-60,6,128,4330040008150a17f52609110b150a120c1a09140a110b1203080c120c150a11ff140914091508140b140714031305110c0202140113000000000000000000000000000000000000000000000a0e0e11e7fe0e1206120b16f920071705160612e90c091503140315e42f061b061705110100031308150615051c061408160817
CSIX,1519692617,024353490001,-60,6,128,433004000eeb0ee90cea0beb0aea0ae909ea07e808e907e706e805e806e706e707e608e608e808e809ea09eb0aeb0aed0bed0bee0cf0000000000000000000000000000000000000000000000aed0ced0ded0fed0fed11ee11ef11f013ef13ef15ee15ee15ef14ee14ef15ed13ef11ef12ed11ee11ed12ec10ed11eb12ea11ea
CSIX,1519723318,024353490001,-60,6,128,43300400fb15fc16fe15fe15fe16ff1500140015001401150114021402150114011601160015ff15ff13fe13fd11fd11fc12fc10fb0f00000000000000000000000000000000000000000000ff11fd12fd12fc13fb13f913f913f813f813f814f615f615f615f615f614f515f714f813f814f914f915f915fa14f916f918fa17
CSIX,1519752641,024353490001,-61,6,128,43300400e8fae7fae8fce9fce9fde8fdeaffe900ea00e900e901ea01ea01e901e800e800eaffe9ffecffebfeedfdedfdedfceefceffa00000000000000000000000000000000000000000000ecffebfdebfceafbeafaeaf8e9f8eaf8eaf7e9f6e7f3e8f4e9f4e8f4eaf5e8f4eaf6e9f7e9f6e9f7e8f8e8f8e8f9e7f7e6f8e6f8
CSIX,1519782922,024353490001,-61,6,128,43300400111312131210110f130f130f130d130d130c140c130b140a140b130b140c140c130c130c110b110c0f0c0f0b0e0c0d0c0c0d00000000000000000000000000000000000000000000100b100d0f0e0f100f100f120e130d120e140e140f160f160e160f160e160f170f150e140f150f14101410161014101513161215
CSIX,1519813188,024353490001,-61,6,128,43300400f414f515f714f713f814f814f913fa13fa13fb15fc14fd13fc15fc14fb14fb15fb14fa13fb12fa12f911f910f910f90ff80e00000000000000000000000000000000000000000000fb12f912f712f613f612f412f312f311f211f212f114f114f013f113f112ef13f112f211f213f212f313f314f413f314f316f316
CSIX,1519847948,024353490001,-61,6,128,43300400eb10ec11ef12ef11ef13f012f112f213f212f214f313f414f314f414f315f315f314f313f411f311f30ff30ff20ef30df20c00000000000000000000000000000000000000000000f20fef0eee0eed0eec0deb0deb0dea0bea0ce90ce70ce60ce70ce80de80ce60de80de90de80ee90eea0fe910eb0fe910e712e811
CSIX,1519872980,024353490001,-61,6,128,43300400f316f418f717f717f818f818fa16fa17fb16fb19fc17fc17fc17fc17fb18fb18fb17fb17fb14fb14fa13fa12f913f911f81000000000000000000000000000000000000000000000f914f714f614f415f414f215f115f214f114f015ee16ee16ee15ee16ef14ee16ef15f114f016f116f217f117f316f118f119f119
CSIX,1519902628,024353490001,-60,6,128,43300400f919f91bfc19fb19fc19fc18fe17fe18ff160018011701170019011600180017ff17ff16ff14ff15fd14fd13fd13fd12fb1200000000000000000000000000000000000000000000ff16fd17fb16fa17fa16f817f817f716f618f617f51af51af519f51af419f41af419f717f61af619f719f71af819f71bf81df81d
CSIX,1519933880,024353490001,-61,6,128,4330040005e504e502e502e701e600e600e8ffe700e8fee6fde8fde8fde7fde8fde7fee7fee8ffe9feeaffea00eb01ec02eb02ec03ed00000000000000000000000000000000000000000000ffea01e902e903e703e805e805e706e807e708e609e509e40ae509e508e609e408e608e608e506e506e607e406e607e407e207e3
CSIX,1519962534,024353490001,-60,6,128,4330040018fd18fd16fb15fb16fb15fb15fa15f914f815f713f612f614f614f714f715f714f815fa12fa13fa12fb12fb12fc11fd11fe0000000000000000000000000000000000000000000011f913fa14fb15fb16fd16ff17001600180117001a001afe180019ff17011a011801170019ff180019ff19ff17fd1afd1cfd1afc
CSIX,1519992515,024353490001,-60,6,128,43300400fee4fde4fbe5fbe7fae7fae6f9e8f8e8f8e8f6e7f6e9f6eaf6e8f5e8f6e8f6e7f7e8f8e9f9eaf9eafbeafbeafceafcebfeec00000000000000000000000000000000000000000000faeafceafde8fee8fee700e700e701e702e602e503e302e303e302e303e502e201e401e401e401e400e400e3ffe400e2ffe1ffe2
CSIX,1520035275,024353490001,-60,6,128,43300400eaf1eaf0ecf4edf3ecf4ebf3edf4eaf6ecf4ecf7ecf9eaf6ebf9e8f8eaf9e8f7ecf7ebf6ecf6edf6eef5eff5eef3f1f4f1f400000000000000000000000000000000000000000000eef5eff3f0f1edf1eef1f0eff0eef0eef1eef0eaf1e8f0ebf0eaf0ebf2ecefebf0eeefeeeeedf0edefeeecedeef0f0efeeececed
CSIX,1520068987,024353490001,-60,6,128,43300400edecebedebf0ecf0e9f1eaf1ebf2eaf3eaf3e7f3e9f5e8f6e8f5e8f5e7f4e8f4e9f4eaf3ecf4ebf3edf3eef3eef3eff3f1f200000000000000000000000000000000000000000000eef3eff0eff0eeeef0eef0ecf0ecf1ebf1ebefe9efe8efe8f0e8eee8f0e8eee7efe8f0eaeee8eeeaedeaede9edecedeaebe9ecea
CSIX,1520113006,024353490001,-60,6,128,4330040019f71af518f317f517f217f315f315f114f216f014f113f114f114f014f015f014f214f213f313f413f513f614f713f813f90000000000000000000000000000000000000000000011f513f614f615f615f716f817f817f918f919f91bfa1cfa1bfb1cf91afa1df91bf91af91bf91af81af71cf71af71df81ef61df7
CSIX,1520150324,024353490001,-60,6,128,43300400edebebeaecedededebedebeeecefebf0ecf1e9f0ebf2ebf3eaf1ebf2eaf1eaf1ebf1ecf1edf1eef1eff1f0f2f0f0f1f1f3f000000000000000000000000000000000000000000000eef4eff2eff1eeeff0efefedefecf1ecf0ecf0ebefe9efe8efe9eee8f0e9efe7efe9f0eaefe8efeaeee9eee9eeebece9ebe8ece8
CSIX,1520173080,024353490001,-60,6,128,433004001b031c021b0019001aff1aff18fe19fe18fd19fc18fc18fb18fb18fb19fb19fc18fd17fd16fd16fe15ff15001501140113030000000000000000000000000000000000000000000014fd15ff150017011601170317031703180519041a061b061b071b061a061c071a0619051b061a051a041c051a031c051e041d04
CSIX,1520202699,024353490001,-60,6,128,43300400ea00e900eb02eb02ea03eb02ed03ec04ed03eb05ed05ed05ed05ed06ec06eb05ec05ec04ed04ed03ee02ee02ed01ef00efff00000000000000000000000000000000000000000000ef04ee01ed00ed00edffecfeebfeedfdecfdebfde9fbe9fceafbe9fcebfbe9fce9fcebfde9fceafdeafde9feebfee9fde8fee8ff
CSIX,1520233208,024353490001,-60,6,128,433004000eeb0dea0beb0bed09eb0aea08eb08ea07ec07e905ea05ea05e905ea06e906e906e907ea07ec07eb08ed08ed09ed08ef0af00000000000000000000000000000000000000000000009ee0aee0aee0bef0def0eef0ff10ff00ff00fef12ef11ef12ef11ee11ef12eb10ee12ee0fed0feb10ee11ed0fec0fec11e910ea
CSIX,1520262877,024353490001,-60,6,128,43300400ebf2eaf2eaf5eaf4eaf5eaf6ebf8eaf7ebf8e8f9eafaeafae9fae9fae9f9e9faeaf9eaf7ecf8ecf7edf6eef7eef6eff6f0f500000000000000000000000000000000000000000000eef9eef7eff6edf4eef4eef3eff2edf3eef1edf1edf0ebf0ecefecf0edefeceeedefeef1ecefedf0ecf1ebf0ecf3ebf1e8f0e9f1
CSIX,1520294769,024353490001,-60,6,128,43300400e8f7e7f8e8fbe9fae9fce9fce9fde9feeafee8feeaffe900e900e901e800e800e800e8ffeaffeafeebfdecfcebfbeefbedfa00000000000000000000000000000000000000000000edfdedfbecfaebfaecf9ebf8ebf7ebf7ebf6eaf6e9f3e9f4e9f3e9f5eaf4e8f3e9f4eaf5e9f4e8f5e8f6e8f5e9f7e7f5e6f5e7f6
CSIX,1520323806,024353490001,-60,6,128,43300400efeeeeefedf1eef1eef1edf2eef3edf5edf4ebf4edf5ecf6ecf5ebf7eaf5eaf5ebf5ecf4edf4eef4eff4f0f3f0f2f1f3f3f200000000000000000000000000000000000000000000f0f5f0f3f1f2f1f1f1f1f1eff1eef2eef2eef2ecf1eaf1eaf2ebf1ebf2ebf0eaf1ebf1ecf0ebf0ecf0edefebf1edf0ebeeebefec
CSIX,1520352548,024353490001,-60,6,128,43300400efedeeeeeef0eef1edf2edf2eef3ecf4edf5ecf3edf5ecf5ecf5ebf5ebf5ebf4ecf5ecf4edf5eef4eff3eff3f0f2f1f3f3f200000000000000000000000000000000000000000000f3f4f3f2f1f1f0f2f0eef3eff1edf2eef2edf1ecf2e9f2eaf2eaf2eaf3eaf0e8f2eaf3ebf1ecf0ebefedf0ebf0edf0eaefeaefeb
CSIX,1520382889,024353490001,-60,6,128,4330040002e501e2fee6ffe6fee6fde5fde6fce7ffe9fbe6f9e7f8e8f8e6f9e8f9e5fae7fae6fbe7fce9fce8fee8fdebfeeafeea00ea00000000000000000000000000000000000000000000fcebffea00e901e601e803e603e804e705e704e605e305e305e505e306e406e206e205e505e305e404e305e303e603e202e004e1
CSIX,1520442614,024353490001,-60,6,128,4330040014f716f614f312f414f313f311f310f210f211f00ff00ef00ff010ef10f011ef11f111f110f210f310f410f511f410f610f70000000000000000000000000000000000000000000011f511f710f713fa11f814fa14fa12f917f71afa18f91bfa16f714fb18fc18fb18fa15fb1afa17fa18f915fa14f818fa19f51bfa
CSIX,1520503998,024353490001,-61,6,128,43300400ef10ef11f111f211f212f312f511f513f513f515f714f714f614f615f515f415f514f413f412f312f310f310f30ff30ef20c00000000000000000000000000000000000000000000f50ff30ef00ef00eef0eee0dee0cee0ced0cec0deb0deb0dec0dec0fec0ceb0eec0ded0dec0fed0fee0fed0fee0fec10ec11ed11
CSIX,1520534218,024353490001,-61,6,128,43300400150a180515011304170614051602130013ff160114ff150117fe190015021602170316041304130515070f0416080f0910060000000000000000000000000000000000000000000013ff130015ff130311041305170413041202160612091807170817071509170815071508170817081709140c170314071b0e1d08
CSIX,1520569937,024353490001,-61,6,128,43300400e70ae70ae90cea0dea0ceb0eec0cee0ded0dec0fee10ef10ee10ee11ed11ec11ed10ed10ee0eee0eee0cee0ced0bef0aed0900000000000000000000000000000000000000000000ed0aeb09ea08e807e906e805e706e904e704e604e304e305e404e504e504e304e505e605e506e507e607e507e707e408e309e409
CSIX,1520592978,024353490001,-61,6,128,43300400e502e504e606e805e806e807e907ea09ea09e909ea0aec0aea0bea0cea0be90beb0bea0aec09eb09ec07eb06eb05ed05ed0300000000000000000000000000000000000000000000ea06e904e703e702e701e7ffe6ffe7ffe6fee5fee3fde3fde4fde4fee5fee2fee4ffe4ffe400e400e501e401e501e300e202e302
CSIX,1520622997,024353490001,-61,6,128,43300400e506e506e708e807e808e809eb09ea0aeb0aea0ceb0cec0ceb0dec0ceb0ceb0ceb0beb0aec0aec09ec07ed07ec07ee06ed0500000000000000000000000000000000000000000000eb09ea07e906e705e804e703e602e702e701e602e401e302e401e302e502e201e402e502e402e503e504e303e604e304e205e305
CSIX,1520656236,024353490001,-60,6,128,433004000116ff120b2007160719001905150311fe1605140a1608100716071702170717091a001805130a140013021003150211020f00000000000000000000000000000000000000000000071503180417fd15051b051aff1dfe19fc19fa13f71cfa1cfd1efe1b0416fc1aff1ff415fc1bfe13f318011402220219fa210026
CSIX,1520687894,024353490001,-61,6,128,433004000c160d170f150d140e140e130e110f110f101110100e100e100f110e110e1210110f10100f0f0e0f0d0f0c0f0b100b0f0910000000000000000000000000000000000000000000000f100e120d130c140c150a160a17091709170918091b091b091a0a1a09190a1b09190a180a190b190b180b180b170c1a0d1a0c19
CSIX,1520714040,024353490001,-61,6,128,43300400f417f518f817f816f916f916fa15fc16fc15fc17fd16fe15fd16fe16fe17fd18fd17fd16fd15fc15fb13fa12f912f911f81100000000000000000000000000000000000000000000fb15f915f716f616f515f416f416f315f316f116ef16ef17f016f117f115ef18f117f216f117f217f317f317f316f217f119f318
CSIX,1520746016,024353490001,-61,6,128,4330040007e607e504e704e903e803e802e900e800e9ffe8feeafde9fee9fde9fee8fee8fee9ffe800ea00ea02eb02eb03eb03ec05ed0000000000000000000000000000000000000000000000ea02e903e905e806e907e807e808e909e908e80ae60ae50ae709e60ae70be40ae609e70ae509e609e609e507e609e509e308e4
CSIX,1520779316,024353490001,-61,6,128,43300400f418f519f819f817f817f817f915fb16fb16fc18fd16fe16fd17fe17fe17fd18fd17fc17fc15fb15fb14fa13f914f913f71100000000000000000000000000000000000000000000fc15fa15f915f816f715f615f415f414f415f316f218f218f217f318f217f11af318f318f218f218f318f219f418f319f21bf31b
CSIX,1520804414,024353490001,-61,6,128,43300400f317f319f618f617f717f817f915fa16fa15fb17fc16fd16fc17fd16fc18fc18fc18fa16fb15fa15f914f913f813f812f61100000000000000000000000000000000000000000000fb14f915f815f616f614f415f315f414f314f315f117f017f117f218f117f018f117f217f118f218f218f119f318f119f21bf11a
CSIX,1520834434,024353490001,-61,6,128,43300400ecedebecebefebf0ebf1ebf1edf3ebf4ebf5e9f5eaf7eaf8e9f6eaf7e8f6e9f6eaf6ebf5ecf5ecf4edf4eef4eef3eff4f1f200000000000000000000000000000000000000000000edf6edf4edf2edf0eef0eeeeefeeefeeefedeeededebecebedecececedebece9ecebedebebeaecebebecebeaebedeaebe9eaeaea
CSIX,1520864397,024353490001,-61,6,128,43300400fe19fe190116ff160016011402140215031304140613061207140714061506160615041404130314021302120213011200110000000000000000000000000000000000000000000002110013ff16ff17fc17fb17fa17fb14fc16fa17f618f918fb17fb19fc17f91bfb19f918fc1afc18fc1afc19ff17fc19fc1cfc19
CSIX,1520892959,024353490001,-61,6,128,433004001804180317011601160016ff15fe14fd14fd15fc14fc13fc14fb14fa15fa15fb15fb15fb14fc14fd13fd13ff130012011102000000000000000000000000000000000000000000001200140114031504140315061506140715071508170a170a1609170816081908170716061807180617051905170519071b071a06
CSIX,1520922522,024353490001,-61,6,128,43300400fb18fa1afa17fd13fd170117021601120112ff17021602160513021505160216001601160213ff13ff12ff13fd13fe11fc11000000000000000000000000000000000000000000000012ff13fe15fe14fe16fb15fa15fa16f814f916f819f719f816f919f515f619fb15f819f718f51afa17f518f714fc1bfa19fc1a
CSIX,1520953155,024353490001,-60,6,128,43300400ec0eec10ef10f00ff010f110f30ff311f310f312f411f511f512f513f413f413f412f412f510f310f40ef30ef20df30cf20b00000000000000000000000000000000000000000000f30ff10ef00eef0eee0ded0dec0dec0bec0ceb0ce90ce90ce90be90dea0be80dea0deb0dea0deb0eec0eeb0fec0ee90fe910ea0f
CSIX,1520983377,024353490001,-60,6,128,433004000ae60ae507e607e806e705e704e903e802e802e700e800e800e701e800e601e701e702e802e903e904eb04ec05ec05ec07ed0000000000000000000000000000000000000000000003ea05ea06ea08e809ea0ae90ae90be90ce90be80ee70de70de70de60de70ee50de60ce70de50ce60be50ce50be60ce40de30de3
CSIX,1521013472,024353490001,-60,6,128,43300400f90ff90ffc0efc0efc0efd0eff0dfd0dff0dff0e000d000d000e000eff0fff0e000eff0f000dff0dfd0dfe0dfd0cfd0afb0b00000000000000000000000000000000000000000000fc0cfb0cfb0cfa0cfa0cf90cf80cf80cf80cf80df70df70df70df80ef70df60ef70df80df80ef80df80ff80ffa0ef90ff910f80f
CSIX,1521043181,024353490001,-61,6,128,433004001afc1cfb19fa18fa18fa18f916f916f714f716f414f514f415f414f417f516f516f516f715f815f814fa14fa15fa13fb13fd0000000000000000000000000000000000000000000014f915fa15fb17fc16fc18fe18fe18ff180019ff1bff1cff1b001cff1bff1d001c001aff1cff1cff1bfe1cff1afd1dfd1efc1efd
CSIX,1521072630,024353490001,-61,6,128,43300400e504e405e707e706e808e808ea08ea09eb09ea0beb0bec0cea0cec0cea0dea0cea0cea0beb09eb09eb07ec07eb06ec05ec0400000000000000000000000000000000000000000000ec06ea05e904e803e903e702e701e800e700e600e4ffe300e4ffe400e500e300e300e601e301e402e402e302e503e201e104e203
CSIX,1521132620,024353490001,-60,6,128,433004001bf91bf919f819f818f619f516f516f514f616f214f313f215f114f216f217f216f216f315f515f615f714f815f914f913fc0000000000000000000000000000000000000000000014f615f816f917fa17fa18fb17fd1aff1afe1afc1bfe1cfe1cfc1dfb1afd1dfb1bfc1afc1dfc1cfc1dfb1dfb1bfa1efa1ef91efb
CSIX,1521162861,024353490001,-60,6,128,4330040015ed15ec13ec12ed12ec11ec10ed0eec0dec0de90cea0aea0ce90cea0de90ee90ee90eea0eec0eed0fee0fef10ef0ff010f2000000000000000000000000000000000000000000000ded0fee10ee12ee12ef14f014f014f115f115f017ef17ef17ef17ee17f019ee18ef16ef18ee17ee17ee18ee16ee18ed19eb18ec
CSIX,1521194921,024353490001,-60,6,128,43300400ebf6e1f4e5faeaeee0f7eafdecefe1fceffae3eee3fef0f9e3f4e7fcebf2e4f6e9f9e9f3ebf4ebf3edf1eff2edeeeff2f5ee00000000000000000000000000000000000000000000ec05e809eb06e302e805eafee400e700e7fbe3ffe8fbe1f9e700e9f6e0fae4fde3f4e1fbe7f8e4f5e1fae6f7e4f8e4f7e0f6e5f7
CSIX,1521229801,024353490001,-61,6,128,43300400101410120f1210140d100c0f10110f0e0d0d100f0f0c100c100e110d110d110f100e100e0f0e0e0f0d0e0c0f0c100a0f090f000000000000000000000000000000000000000000000d0e0c100c110b130b130a13091508140815081608190818081708170916081a09180b160c170c160b120e190c1608150d1a0815
CSIX,1521254885,024353490001,-60,6,128,433004001dff1afb1af917fa19f918fa17f915f516f616f813f814f414f614f516f616f616f616f715f814f915fb14fa15fa14fd14fe0000000000000000000000000000000000000000000012f414f515f617f617f718fa18fa18fb19fc19fb1bfc1cfc1cfd1bfc1cfe1cfc1bfc1bfb1dfd1efb1cfe1b0221fc1df717fc19f8
CSIX,1521283392,024353490001,-60,6,128,433004000d140e1410110e110e110f0f0e0e0f0c0e0c110c100b100a110b120a130a130c120b110b100b100c0f0c0e0c0e0e0d0d0b0d000000000000000000000000000000000000000000000e0e0d100d110d120c120b130b1409140a150a1609180a1809170b180a160b180a160c150c160c160d150c160c140d170e170c16
CSIX,1521316233,024353490001,-60,6,128,43300400ed14ed15ef16f013f214f214f314f515f414f516f715f715f716f816f817f717f716f715f714f614f513f512f412f411f30f00000000000000000000000000000000000000000000f413f213f112f013ef12ee12ed12ed11ec12eb12e812e813e912e912ea11e814ea13ea13ea13ea13eb14eb15eb14e914e916ea15
CSIX,1521403107,024353490001,-60,6,128,43300400061b071c091808180917091609140a140a130c140b110c110d110d110e110e110e110d110d100c110b110a110a1209110711000000000000000000000000000000000000000000000c130a150916091808170719061906180519051a051d051d051c061d051b051e051c061a061d061c081c071d071b071d071f081e
CSIX,1521433842,024353490001,-60,6,128,43300400f51af71bf819f819f919fa18fb16fb17fd15fe18ff1600150016001501160017011600160014ff15fe14fe13fe14fe13fc1200000000000000000000000000000000000000000000fd17fa17f917f818f817f518f517f516f417f418f21af31af21af41af319f21bf31af419f31bf41af51af41bf51af41cf51ef51d
CSIX,1521462602,024353490001,-61,6,128,433004000ef40bf60df40af60cf50bf309f509f509f508f307f407f407f406f306f207f206f307f406f407f407f408f509f508f609f7000000000000000000000000000000000000000000000af40af60cf60cf60df60df80df70df80ef70ff810f80ff80ff810f80ff810f50ff70ff70ff70ff70df60ff50ef70ff70ff510f6
CSIX,1521492870,024353490001,-60,6,128,4330040002e702e600e801e9ffe9ffe9feebfdebfdecfcebfaecfaedf9ecfaedf9ecf9ecf9ecfaecfbedfbedfcedfcedfdedfdeeffee00000000000000000000000000000000000000000000fce9ffe800e801e602e803e604e704e805e705e707e506e406e505e506e607e406e505e706e505e604e605e504e705e504e304e4
CSIX,1521523428,024353490001,-60,6,128,43300400f61af61bf91af919f919fa18fb16fc17fd15fe17ff150015ff1600150015ff160015ff150013ff14fe12fe12fd13fd12fc11000000000000000000000000000000000000000000000018fd18fc18fa1afa18f819f719f618f619f619f31bf41cf41bf51bf41af31cf41bf51af41cf51bf61bf51cf61af41cf51ef51e
CSIX,1521559129,024353490001,-61,6,128,43300400130d140d140b130a130a1309120812071206140612051204130513041304140513041304110512051105110510060f060e080000000000000000000000000000000000000000000013071309130b130c120c120e120f110f111011101212131211111211111113121111110f1210120f130f1310130e14101510140f
CSIX,1521584687,024353490001,-61,6,128,43300400f20bf10cf30af40bf50cf40cf60af70cf60af50cf80df80cf70ef70cf70cf80df80cf80df80bf90df70bf70af70af709f50800000000000000000000000000000000000000000000f50ef410f30af20af509f209f20cf109f20aef0aee0aee0bf00aef0bf009ec09ee0bf007ef0af109f00bf20af20bef0bf00cf10c
CSIX,1521613579,024353490001,-61,6,128,4330040019f218f117f016f215f114f112f212f010f110ef0eef0dee0eee0dee0ded0eed0dee0dee0cef0def0df00df10ef10df20ff30000000000000000000000000000000000000000000012ef15f116f117f217f318f419f518f61af61bf61df61df51cf71cf51bf61df41bf41af41cf31af41af31cf21af31df21ef11cf2
CSIX,1521642883,024353490001,-61,6,128,43300400f011f012f312f311f311f311f610f611f710f712f911f911f912fa11f912f912f912f911f910f810f80ff80ff70ff80ef70d00000000000000000000000000000000000000000000f712f511f311f212f211f010ef10ef0eef0fee0fec10ec10ec0fed11ed0fec11ee10ef0fee11ef11ef11ee11f011ee12ee14ed13
CSIX,1521704838,024353490001,-61,6,128,433004000ce70ce509e709e809e708e707e906e805e904e703e902e902e802e902e803e803e902e902eb03ea05eb04ec05ec05ec06ed0000000000000000000000000000000000000000000004eb07eb08ea0ae90aea0cea0cea0deb0eeb0eea10e810e810e90fe80fe911e70fe80ee90fe70ee80de70ee60ce80ee50ee40ee4
CSIX,1521734178,024353490001,-60,6,128,43300400f114f215f414f513f514f514f713f814f913f915fb14fb14fb14fa14fa15fa16fb15f914fa13f913f812f811f711f810f70f00000000000000000000000000000000000000000000f912f711f612f412f411f211f112ed0eef11ee13ed14ee14ec10ef13ee12ee10ef11ef11ef13f012f113f014f213f014f017f016
CSIX,1521764044,024353490001,-61,6,128,43300400e6ffe702e901effaeb04ec02f104f30aed02ea03f107eb09f206f003eb04ea03ec02ef06ee04ee01ec04f002eb00ee02f00000000000000000000000000000000000000000000000ef07ed05ee02ec02ec03eb02eb01ecffea00e900e9fee7ffe9fdecfde6fce602e6fbeb02eb02ebfde403edffe4fce500ebffe600
CSIX,1521792649,024353490001,-61,6,128,43300400170e180d180a160a170a1709160816071506180516041603170417031804170517051605140515061306130713071107100900000000000000000000000000000000000000000000140515071509150a150a150c150d140e140f15101612161215121711151117121511150f17101610170e170f170e18101a101910
CSIX,1521826771,024353490001,-60,6,128,4330040003e503e301e501e600e6ffe6fee8fde7fde8fce7fbe8fae9fae7fbe9fbe7fbe7fbe8fce8fceafdeafeeafeebffeaffeb01ec00000000000000000000000000000000000000000000fdea00e901e802e703e803e704e705e707e706e607e407e407e506e407e508e406e506e606e406e504e405e303e504e304e104e1
CSIX,1521855434,024353490001,-60,6,128,433004001bf91bf919f818f818f717f716f715f515f615f414f413f314f313f214f315f314f314f413f513f513f713f814f913f913fb0000000000000000000000000000000000000000000014f615f716f817f917f918fb19fb19fd19fc1afd1dfe1cfe1cff1cfd1bfe1dfd1bfd1afd1bfc1bfb1bfb1cfb1bfb1dfc1efa1dfb
CSIX,1521882627,024353490001,-60,6,128,4330040012f011ef0fee0eef0eee0dee0cef0aed0bee0aec09ed08ed08ec08eb08ec09eb08ec09eb09ed09ed09ee0bef0cef0bf00cf2000000000000000000000000000000000000000000000df00ff010f011f111f212f214f213f315f215f418f518f417f616f415f516f314f413f214f213f213f114f112f115f016ef15ef
CSIX,1521913627,024353490001,-61,6,128,4330040019fa1af917f717f817f716f714f713f513f513f312f211f113f211f113f114f113f113f213f413f314f513f614f613f713f90000000000000000000000000000000000000000000014f516f717f818f918fa1afb19fc19fd1afd1bfe1dfe1dfe1cff1cfd1bfe1dfe1bfe19fd1bfd1afd1bfc1cfc19fb1cfb1dfa1dfa
CSIX,1521943421,024353490001,-61,6,128,433004001afa1af918f716f816f716f614f614f412f414f212f211f213f112f113f114f113f114f213f313f313f513f514f613f714f90000000000000000000000000000000000000000000015f616f817f918fa19fb19fb19fd19fd1afe1afe1dfe1dff1cff1cfe1bff1dfe1afe1afd1bfd1bfd1afb1bfb19fb1cfb1cfa1cfa
CSIX,1521983611,024353490001,-61,6,128,43300400f7e9f7e9f6ebf6ecf6ecf5ecf5eef3eff4eef1eef2eff1f0f1eff0eff0eff0edf1eef1eef2eef3eef4eef5eef6edf6eef9ed00000000000000000000000000000000000000000000f8edfaecfaebfbeafbeafce9fde9feeafee9ffe9ffe6ffe7ffe7fee7ffe9fde7fde8fde9fde8fce9fbe9fbe8fae9fbe7f9e7f9e8
CSIX,1522002717,024353490001,-61,6,128,4330040019fc1bfc18fa18fa18fa18f916f916f814f716f515f514f516f515f517f516f617f616f715f715f815fa14fa15fb14fb14fe0000000000000000000000000000000000000000000014f915fc15fd17fe16fe17ff17001700170118011a021a011a021a0019021a011a0117001a00190019ff1aff18fe1bfe1cfd1dfd
CSIX,1522034950,024353490001,-61,6,128,43300400f413f414f714f613f714f714f913fa14fa13fa15fb14fc14fb15fb14fa16fa15fa14f914f913f913f811f811f611f710f60f00000000000000000000000000000000000000000000fa12f811f711f512f511f411f411f411f211f211ef12f113f112f112f110ef12f111f311f212f212f413f213f413f314f216f315
CSIX,1522062571,024353490001,-61,6,128,4330040010ed10ec0ded0ded0ced0cec0aed0aed08ed08ea07ec06eb07eb07ec08eb08eb08eb09eb08ed09ed0aef0aef0aef0af10af2000000000000000000000000000000000000000000000aef0cf00df00ef00ef110f110f211f211f211f113f013f013f112f012f214f012f111f112f011f010ef12ef10ef11ed11ec11ed
CSIX,1522092930,024353490001,-61,6,128,43300400f71af81cfb1afa19fb1afb19fd17fe18fe1700190118011700190118011900190019ff19ff17fe17fd16fd15fc16fc14fa1300000000000000000000000000000000000000000000fd14fb15fa15f915f915f715f615f614f515f516f418f318f417f418f417f319f518f617f519f618f719f61af818f61bf71df61d
CSIX,1522123330,024353490001,-61,6,128,43300400110f120f130d120c130c130b120a13081309150813081307150715071507160815081408130813091209110a100b0f0b0e0b00000000000000000000000000000000000000000000100a0f0c0f0d0f0e0e0e0e100e100d100d110d120e140e140d130e130d120f140e120e100f120f11101011111010111213121311
CSIX,1522154143,024353490001,-61,6,128,43300400f2e8f1e7f1eaf1ebf0ebf0ecf0edf0eef0efeeeeeef0eef0edefeef0edeeedefedefeeeef0eff0eff1eef2eff3eef4eef5ee00000000000000000000000000000000000000000000f1eff2edf4edf3eaf4ecf5e9f5e9f6e9f7e9f6e8f6e6f6e5f7e6f6e6f7e6f6e5f6e6f6e8f5e6f4e7f4e7f4e6f4e9f3e6f1e5f2e5
CSIX,1522182925,024353490001,-61,6,128,43300400f618f719f918f917fa18fa18fb16fc17fc17fd19fd17ff17fe18ff18ff19fe19fe18fd18fd16fc17fb15fa14f914f913f81200000000000000000000000000000000000000000000fd15fb15f915f816f816f616f516f515f416f316f018f118f117f218f216f118f217f317f318f318f418f418f517f319f41bf41a
CSIX,1522214500,024353490001,-61,6,128,43300400081809190a160a150b150b150b130d130c120f130e110f110f130f110f130f130e130d130c120b120a120912091308120612000000000000000000000000000000000000000000000b11091308140715071606170517041704180418041b041b041a051b031a041b04190418051905190618071a0718071a081b081b
CSIX,1522242540,024353490001,-61,6,128,433004000c150d160f130d120f120f120f1010101010120f110e110e120f120e130f120f121011100f0f0f100d0f0d100c110b100a10000000000000000000000000000000000000000000000f0f0e100d110d130c120b150a15091509160a170a19091909180a1808170a1909170a160a180b170c160c170b160c180e180d18
CSIX,1522274424,024353490001,-61,6,128,4330040009eb09eb08ea06eb06eb06ec04ec03eb04ec02e901eb00ea01ea01ea02e902e903e904ea03ec04ea05ec05ee06ed06ee07ef0000000000000000000000000000000000000000000003ed06ec06ed08ec08ed0aec0bed0bed0ced0ced0eec0eec0eec0eeb0eed0eec0ded0ced0dec0cec0ceb0cec0aec0beb0cea0ce9
CSIX,1522302630,024353490001,-61,6,128,43300400f3e8f2e8f1ebf1ecf0ecf0ecf0eeefeff0efeeeeeef0eef1edefedf0edefedefeeefefefeff0f0eff1eff3f0f3eef4eff6ee00000000000000000000000000000000000000000000f1f0f2eef3edf3ecf4ecf5eaf5eaf6eaf6e9f6e8f6e6f6e5f6e6f5e6f6e7f5e5f5e7f5e8f5e6f5e8f3e8f3e7f4e9f3e6f2e5f2e6
CSIX,1522332682,024353490001,-61,6,128,433004001101170c190422041e031b0019fc12011302130617051a0a19071b082005190511080f0910100d0b0c110913061a0513071400000000000000000000000000000000000000000000fcec00f005e80fe911ec12e713dd05e20be807ed01f110f218f91af718f01ff719f015ed16fd14fa19041b002b072aff24f51cf4
CSIX,1522362972,024353490001,-61,6,128,43300400e402e403e604e804e805e805ea06ea07ea08e909eb09eb09eb09eb0aea0ae90aea09ea08eb08eb07ec05ec05ec04ed03ed0200000000000000000000000000000000000000000000eb06ea04ea04e902e802e801e701e800e700e600e3fee3ffe4fee3fee5fee2fee5fee6ffe4ffe400e501e301e502e201e102e201
CSIX,1522393393,024353490001,-61,6,128,4330040013ed12ed10ec0fed0fec0fec0ded0cec0bec0bea09eb08eb09eb09eb09ea0aea0aeb0aeb0aed0bed0cef0bef0cef0bf00cf2000000000000000000000000000000000000000000000bee0def0eef0fef10ef11f012f112f113f114f015ef16ef16ef15ee15f017ef15f014f015ef15f013ef15ee12ee15ec15eb15ec
CSIX,1522423144,024353490001,-61,6,128,43300400ea09eb0bed0bee0bee0cee0cf00bf00df10df10ff20ef30ff20ff210f210f111f110f00ff10ef00df00bf10bf00bf10af10800000000000000000000000000000000000000000000f00bef09ed09ed09ed08eb07eb06eb06ea06e906e706e706e805e807e805e606e806e907e807e907e908e908ea08e809e70ae80a
CSIX,1522452677,024353490001,-61,6,128,43300400160d170c1709150916081608150616051504170416021602170216011802180217021703150315041405130513061206100700000000000000000000000000000000000000000000140614081309140b140b140d130e130e140f140f1511161115111611141116121411140f16101510160e160f150d170f190f190f
CSIX,1522482673,024353490001,-61,6,128,43300400160d160d160a140a1609150814071505140516041503150216031602170218031703160415041505130513051307120710080000000000000000000000000000000000000000000014061409140a140b140c140d140e130f140f1410151216121513161213121513141114101511141115101610150e16101810170f
CSIX,1522513334,024353490001,-61,6,128,43300400fd19fd19ff18ff1600160017021403150415051605140615061507150716061706160516041504150214021401150013ff1300000000000000000000000000000000000000000000031500160017fe18fe17fd18fb18fb18fa19fa19f91cf91cf81bf91bf919f81cf81af919f91afa19fb1afa1afb1afb1bfb1dfb1c
CSIX,1522547578,024353490001,-61,6,128,43300400fee7fce5fbe8fae9f9eaf8e9f7ecf6ebf6ecf5ebf4ecf4edf3ecf4edf3ebf3ebf3ebf3ebf5ecf5ecf7ecf7edf8ecf9edfbec00000000000000000000000000000000000000000000faebfbe9fce8fde7fee800e600e601e701e601e503e302e302e402e303e403e302e401e601e400e5ffe600e5fee7ffe4fee3fee3
CSIX,1522574838,024353490001,-61,6,128,4330040016f516f414f313f412f212f110f20ff00df10fee0def0cee0eed0dee0eec0eed0eed0eed0eef0eef0ff00ef20ff10ef30ff40000000000000000000000000000000000000000000011f313f514f616f615f717f718f917f819f919f81bf91bf81bfa1bf91af91cf91afa18f91af818f818f719f716f619f61af51af5
CSIX,1522604813,024353490001,-61,6,128,43300400f010f011f311f310f411f512f611f611f711f814f912fa13f913fa13f915f914f914f814f812f812f711f711f611f610f50e00000000000000000000000000000000000000000000f510f310f10ff00ff00fef0eee0eee0ded0eec0eea0eea0fea0eeb0eec0dea0eec0eed0dec0fed0fee0fed0fef0fee10ed12ee11
CSIX,1522632671,024353490001,-61,6,128,433004000ae909e707e807e906e805e804ea02e902e901e800e900ea00e8ffe900e800e700e801e802ea02e903ea03eb04eb04ec06ed0000000000000000000000000000000000000000000004eb07eb08ea09ea09ea0bea0ceb0ceb0dea0eea10e810e810e90fe80fea10e80ee90dea0ee90de90ce80de80be90ce70de60ce6
CSIX,1522662570,024353490001,-61,6,128,433004001503160016fe140015fe15fd14fd14fb14fb14fa12f913f914f914f815f815f814f815f813f913fa12fb13fc13fd11fd11ff0000000000000000000000000000000000000000000013ff14011200140414051503160513081406160917091809160b1608150916091706160615051504160516081705170517031704
CSIX,1522693070,024353490001,-61,6,128,433004000be80be708e808e907e906e805e904e804e903e702e901e801e701e801e602e702e703e803e904e905ea05ec07ec06ed08ee0000000000000000000000000000000000000000000005ec07eb08ec09eb0aeb0beb0ceb0ceb0deb0eeb10ea10e910ea0fe90fea10e80fea0eea0ee90eea0de80ee80ce90ee80ee50ee7
CSIX,1522730637,024353490001,-61,6,128,43300400ea07e908eb0aec09ec09ec08ed0aed0bee0aed0dee0eef0cee0def0eed0fed0fee0eed0cef0bee0bee09ee09ef08ef07ef0500000000000000000000000000000000000000000000ee0aef07ec07ec06ec02e905e901eafee803e800e603e402e500e801e8fee701e703ea04e805e605eb03e703eb09e604e304e706
CSIX,1522783553,024353490001,-60,6,128,4330040009e908e806e806ea04e905ea02eb02e802ea00e8ffe9feeaffe800e900e700e800e801e802e902ea04eb04ec04eb05ed06ee0000000000000000000000000000000000000000000004ed06ec07ed08eb09ec0aec0bed0bec0ded0cec0eea0eea0eeb0dea0deb0eea0deb0cec0cea0ceb0aea0ce909ea0ae80ae70be7
CSIX,1522815517,024353490001,-60,6,128,43300400e609e50be80ce80ce90de90eec0deb0fed0eeb10ed10ed11ec11ed10ec11ec11ec10ec10ed0fec0eec0cec0ceb0bec0aec0800000000000000000000000000000000000000000000ee0aec0aeb09ea09ea08e807e807e806e706e706e406e407e406e406e405e305e406e606e407e607e608e408e709e409e30be40b
CSIX,1522844233,024353490001,-60,6,128,4330040009190a1a0b170b170b170c170c150d140d140f150f120f1210141013101410150f150e150e140d150a150a14091507150615000000000000000000000000000000000000000000000b110a1309130915081507170617061705180519051b051c051b061c041a051c051b0619061b061a071a071b0819081b091d091c
CSIX,1522873049,024353490001,-60,6,128,43300400ef11ef12f112f211f212f312f412f513f612f515f714f814f715f815f616f616f616f515f513f413f412f311f211f30ff20e00000000000000000000000000000000000000000000f510f310f20ff00ff00fee0fee0eef0cec0eed0ee90fea0feb0deb10ea0deb0eeb0eed0eeb0fec0eed0fec10ee10ec10ec12ec12
CSIX,1522902556,024353490001,-60,6,128,4330040009180a1a0c160c170d160d150e130e120e1110131011101112121111131312121213121210120f130d120c120b140a130814000000000000000000000000000000000000000000000a11091308130816081507180717061706180519041c041c041c041c051b051d051c0519071c071a081a081b0718071c091c091c
CSIX,1522933078,024353490001,-60,6,128,43300400f9e5f8e6f7e7f7e8f6e9f6e9f5ebf3ebf3ebf2ebf1ecf1edf1ecf0edf0ecf0ebf1ebf1ebf2ecf3ebf4ecf5ecf6ebf7ecf9ec00000000000000000000000000000000000000000000f8edf9ecfaebfae9fbe9fce8fce8fde8fde7fde5fee3fee3fee3fee3ffe4fee1fee4fee5fde3fde4fce4fce3fbe5fce3fae2fbe3
CSIX,1522963100,024353490001,-61,6,128,43300400fde7fce7f8e9fceaf9eaf9eafaebf8ecf8edf5ebf6ecf4edf5ecf4edf3ebf4ebf5ebf6eaf7ecf6ebf8ecf9ecfaecfbedfdec00000000000000000000000000000000000000000000fbeffeedfeebfcecfeec00e900eb00ecffe900e701e502e602e903e702e503e602e803e803e6ffe602e601e600e701e500e4ffe4
CSIX,1522992624,024353490001,-60,6,128,4330040014111510160e150e160d150c150b150a15091708160716061707170618071908180817091609150a140b130b130c110c0f0d000000000000000000000000000000000000000000001109110b110b110d110d110f11101010111112121314141512151415121514161315121413151314131414141312151516141514
CSIX,1523022652,024353490001,-60,6,128,43300400170518041802160217021701150016fe15ff17fd16fc15fc16fc17fb17fb18fc18fc17fd16fe16ff15001501150213031204000000000000000000000000000000000000000000001200120213031304140414061506140715071609180a180a170a180a160b190b170916091809170917081808170719081a081907
CSIX,1523052612,024353490001,-60,6,128,43300400e80fe910eb11eb10eb11ec11ef0ff210ed14ee13f114f114f014f116f016ee16ef14ef13ef12ee11ee10ed0eec0dee0ced0a00000000000000000000000000000000000000000000f00def0cee0ced0cec0cec0beb0cea09ea0be70be50be50be50be50be60ae20ce50be70be40ce40be60ce50de60de50de50ee60e
CSIX,1523085129,024353490001,-60,6,128,43300400ff1b001c021a0219031a031a04180518061807190817091708180a180919091a08190719061805190417021701180116fe160000000000000000000000000000000000000000000002130014ff15fe16fe16fd17fd17fc17fb18fb19fa1cfa1cf91bfa1cfa1bf91efa1bfb1bfa1cfb1bfc1bfb1cfd1bfc1dfd1efd1d
CSIX,1523113703,024353490001,-60,6,128,4330040009ea08e706e905ea04e904e903ea01e901ea00e8ffe9fee9fee7ffe8ffe6ffe600e601e701e902e904e904ea05e905ec07ed0000000000000000000000000000000000000000000005ee07ee08ee09ed09ee0bed0aef06ee0ceb0bed0eeb0eeb0eea0fe810eb10ea0eea0dec0eea0deb0cea0dea0beb0cea0ce80be8
CSIX,1523155066,024353490001,-61,6,128,43300400e605e507e808e808e809e809eb09ea0beb0cea0eec0eec0eea0feb0fea0fe910e90fe80eea0ce90be909ea09e808ea07ea0400000000000000000000000000000000000000000000ec05eb04ea03e902ea02e801e800e801e700e701e300e300e4ffe400e5ffe2ffe4ffe600e400e500e502e501e702e403e404e405
CSIX,1523173900,024353490001,-61,6,128,4330040005150717081407140814081509120b120b110d120c0f0d100e110d110f130e130e140d140b130b140913081408150713041400000000000000000000000000000000000000000000051103120212021401130115ff15ff15ff150016ff19ff19fe18ff18ff18fe19ff17ff15ff170016011700160214031604190418
CSIX,1523203318,024353490001,-61,6,128,433004000ce70ce609e608e808e708e706e804e703e702e501e700e601e500e401e302e301e303e303e505e406e507e708e708e90aea0000000000000000000000000000000000000000000008eb0bec0ceb0deb0deb0feb10ec10ec11ec12ea14e914e914ea13e913eb15e813ea12eb12ea11ea10e911e90fea10e810e60fe6
CSIX,1523233132,024353490001,-61,6,128,43300400f2ebf1ebf1ecf3edf0eff1eff1f0edf3f1f3eef3eef3eef4edf3ecf4ecf3ebf3ecf3ecf2edf2edf1eff1f0f0f0eff2f0f3ef00000000000000000000000000000000000000000000f4f1f4f0f4edf4eaf5eef7ebf6ebf6ebf5e8f5eaf8e8f7e5f5e5f5e5f8e8f6e5f7e6f5e8f5e8f8e7f4eaf5e8f7ebf3e9f3e8f6e7
CSIX,1523264425,024353490001,-61,6,128,4330040006e905e803e904ea05e902ea02eb01eb01eaffeaffebfeebfeeafdeafee9fee9fee9ffe9ffea01ea02eb03eb04eb04ec06ed0000000000000000000000000000000000000000000000ed04ea05ea05ea06ea06ea0aea0aea0bea0cea0de90ce70dea0be90ae90ce409e609e90ae80ae90be907e709eb0be507e60ae6
CSIX,1523322887,024353490001,-62,6,128,43300400e9f9e9f8e9fbeafceafbeafbebfdecfeebffea00eb01eb02ea02ea02ea01e901ea01ea00ebffebffecfdedfeecfdedfceefa00000000000000000000000000000000000000000000edfdecfaecfaeafbecfaecf7eaf5eef6ecf4e9f3e8f4eaf3e9f4e9f6e9f5e9f0e9f5edf6e7f2eaf4e9f8e7f3ebf8e7f7e8f8e8f7
CSIX,1523352721,024353490001,-62,6,128,4330040004ef03ef01f001f000f001f000f1fff1fef1fef0fdf1fdf1fdf0fcf1fdf0fdf0fdf0fef1fef1fff1fff100f200f101f301f30000000000000000000000000000000000000000000001f302f303f203f204f105f106f106f106f107f107f009ef09ef08f008f008ef08f007f107f006f006f006f005f205f005ef05ef
CSIX,1523383145,024353490001,-62,6,128,43300400e8fde8fee900ebffea00ea01eb01eb02ec03ea04ec04eb05eb05eb05ea05ea05eb04eb03ec03eb02ec01ec00ecffeeffeefd00000000000000000000000000000000000000000000ee01edffecfeebfeebfdeafceafbebfbeafae9f9e7f8e7f8e7f7e7f8e9f8e6f7e8f9e9f9e8f9e8f9e8fae8f9e9fbe7fae6fbe7fb
CSIX,1523415750,024353490001,-62,6,128,43300400eff0eff0eef2eff2eff2eef3f0f4eef6eff6edf7edf8edf8ecf8ecf9ebf8ebf8ebf7ecf7edf7eef6eff6f0f6f0f5f1f5f3f400000000000000000000000000000000000000000000f2f4f3f2f2f1f2f0f3f0f3eef3edf4eef4edf3ecf3eaf3e9f3e9f2eaf3eaf2e9f3ebf2ecf2ebf2ecf2ecf1ecf2eef1ecefecf0ec
CSIX,1523443038,024353490001,-62,6,128,43300400ec0bed0cee0def0cef0df00ef10df20ef20ef210f40ff410f410f512f412f212f311f210f20ff20ef20df10cf10df10bf10900000000000000000000000000000000000000000000f20af00aef09ed0aee09ec08eb08ec07eb07e907e808e707e707e808e907e608e908e908e808e909e909e909ea0ae809e90ae90a
CSIX,1523473731,024353490001,-62,6,128,43300400f7ebf6ebf5edf5edf4eef4eef4eff3f0f3f0f1f0f1f2f1f2f0f2f0f2f0f0f0f0f0f0f1f0f2f0f2eff2f1f4f0f5eff6f0f8ef00000000000000000000000000000000000000000000f6f0f7eff8eef8ecf9edf9ecf9ebfbebfbeafaeafae7fae7fbe8fae7fbe8fae6fae8fae9f9e8f9e9f8e9f9e8f8eaf8e8f7e8f7e8
CSIX,1523502740,024353490001,-62,6,128,43300400eb0eeb10ee11ee10f010ef11f210f212f311f213f413f514f414f514f415f316f314f214f312f212f111f110f00ff10ef00c00000000000000000000000000000000000000000000f10eef0eee0ded0eed0deb0cea0cea0bea0be80be50ce60be60be70ce70be50ce80ce90de70de80de90ee70eea0de70ee70fe80f
CSIX,1523533472,024353490001,-61,6,128,433004001010120a110d130e140c10071001170315061304160314021604150317ff1800150316021302160313051304120712051009000000000000000000000000000000000000000000000e0b0d0e0d0f0e0f0e0f0e110d110c120d120d130d160a150b160c131112111809160d1511170a14100f10150c0d0e10100f1014
CSIX,1523562855,024353490001,-61,6,128,4330040005e904e802e902ea01ea01e900ebfeebfeebfdeafcecfaecfbeafaebfbe9fbe9fbeafce9fcebfeebffebffec01eb01ed02ee0000000000000000000000000000000000000000000001ed03ec03ec05ea05eb08e908eb0dea08ea0aea0be70be80eea0ae60be90ce70ae809e909e809e807e808e707e808e708e608e7
CSIX,1523622682,024353490001,-61,6,128,43300400f615f717fa16fa14fa15fb15fd13fe14fe13001500130113011502140116011601160016ff14fe14fd14fc13fc13fb12fa1100000000000000000000000000000000000000000000fc13fb13f913f814f814f615f515f514f415f315f217f217f116f316f215f117f216f416f217f316f416f417f416f317f418f418
CSIX,1523652681,024353490001,-61,6,128,43300400f1ecf0ecf0eef1efeff0eff0f0f3eff3eff5edf5edf6edf7ecf6ecf6ebf6ebf6ecf5ecf4eef5eef4eff4f0f4f0f3f1f3f3f200000000000000000000000000000000000000000000f0f2f1f0f1eff1edf2edf2ecf2ebf4ebf4eaf3e9f3e7f2e7f3e7f2e7f4e8f3e6f3e8f4e9f3e8f3e9f2eaf2e9f2eaf1e8f0e8f0e9
CSIX,1523686300,024353490001,-61,6,128,43300400eb09ea08ee09ed09f008ef0cf10cf410f00cf60ff310f70df50ef40ef40ff40ef310f30df10ef00ef40bf40cf10ef209f20800000000000000000000000000000000000000000000f00bef0beb08e908eb09ea05ed08ea05ea04ea03e602e606e703e705e805e506e804e805e804e506e705eb05e907eb06eb06ea08
CSIX,1523713930,024353490001,-61,6,128,4330040017f817f715f615f714f513f511f510f310f410f10ef20ef10ef00ef00eef0eef0fef0fef0ef10ff10ff10ff411f310f410f70000000000000000000000000000000000000000000013f615f716f717f818f919fa19fb19fc1afc1bfd1dfe1eff1dff1cfe1bfe1dfd1bfc1afc1cfc1afb1bfa1bfa19fa1bfb1cfa1bf9
CSIX,1523742661,024353490001,-60,6,128,43300400edececedecf0edf0ecf1ecf1edf4ecf4ecf5eaf6ebf7ebf8eaf8eaf8e9f8e9f8eaf8eaf7ebf7ebf6edf6edf6edf4eff4f1f300000000000000000000000000000000000000000000ebf3ecf1ecefecedecededebede9efe9efe8efe7eee4eee5efe5eee6f0e7efe4f0e7efe8eee7eee8eee9eee8eeebede8ece9ede9
CSIX,1523785012,024353490001,-60,6,128,433004000b160d160e120e120f120f110e0f0f0e0f0d110d110c110b120b120b130c130c130c120c110c100c0f0c0e0d0e0e0d0d0b0e000000000000000000000000000000000000000000000e100e130d140d160c160b190a190919081a081a081d081d071c081c071b071c081a0818091b09190b190a1a0a170b1a0c1a0c19
CSIX,1523806886,024353490001,-60,6,128,433004001410130f150d130c140b140b1309140714071506140514051405160316031705150515041405140613061207120811080f0900000000000000000000000000000000000000000000150a140c150e140f15101312141412141315121711191119101912170f1613181014121412141214131314131212131415141412
CSIX,1523869214,024353490001,-60,6,128,43300400f5e8f4e9f3ebf4ecf2edf2edf2eff2f0f2f0f0f1f0f2f0f4eff3eef4eef4edf3eef4eef3eff4eff3f0f3f1f2f1f1f2f2f4f100000000000000000000000000000000000000000000f2ebf4eaf5e8f5e6f6e6f7e4f8e4f9e4fae3fae2fbe0fbe0fce1fbe2fbe4fae0fbe4fae4f9e3f9e4f8e5f8e5f8e6f8e4f6e4f6e5
CSIX,1523892742,024353490001,-60,6,128,4330040008e808e605e805e904e903ea02eb01eb01ecffeafeecfdecfdebfcecfcebfcebfceafdebfdecfdebfeecffed00ec01ed03ed0000000000000000000000000000000000000000000002e805e706e608e509e60be50ce60ee70fe70fe711e511e511e710e60fe710e60ee70de80fe60de80ce70ce70be80ce70ce60be6
CSIX,1523926065,024353490001,-60,6,128,43300400140e140d150b140a140a1509130714061305150414031302140214011501150115011401130113021303130413051105100700000000000000000000000000000000000000000000150b150d150f15101511141314151214131513161318131812181317111613171114121312141213141214131311141216121511
CSIX,1523953531,024353490001,-60,6,128,4330040013111410140d130c140c130b130a130813071507140513041405140415041604150414051304130511071305120811080f0900000000000000000000000000000000000000000000140c130e1310131212121215111510160f171017101910190f1810170e1610180f160f1510151014111312141212131315131413
CSIX,1523984327,024353490001,-60,6,128,4330040015111611160e150f150e150d140b150a14091608150715061606150616061606160715071407140813081309130a110a100b00000000000000000000000000000000000000000000130d130f131013121211121411151015101610161118111811181217101612181115111412151214131414141312151417151614
CSIX,1524017649,024353490001,-61,6,128,43300400f4e5f2e5f2e7f3e8f2e8f2e9f3ebf1ebf1ecefecefedeeefeeeeeeeeedeeedeeeeedeeecefedf1ecf1ecf3ecf4ebf5ebf7eb00000000000000000000000000000000000000000000f3ecf5eaf5e9f6e8f6e7f8e6f9e6fae5fae5fae4fbe1fae2fbe3f9e3fae4f9e2f9e4f9e5f8e4f7e5f6e5f7e4f6e6f5e4f4e3f4e3
CSIX,1524042744,024353490001,-62,6,128,43300400ec0ceb0eed0dee0cee0ef00df10df00ef10ff110f30ff30ff211f311f211f112f211f110f10ff00ff00def0cee0bef0aee0800000000000000000000000000000000000000000000f20bef0cee0aef0aeb09ed09ec0aef06ea06eb07ea07e908ea09eb05ea06e907e808ec07e909eb0aec0aea0beb0ae90be90dea0d
CSIX,1524074901,024353490001,-62,6,128,4330040015fd16fb16f814fa15fa16fa14f913f813f815f613f513f812f614f314f515f415f314f314f614f614f814f914fb13fb12fe000000000000000000000000000000000000000000000ffd10fe110014000f0113011303120212021404160617021504130415051805170214ff130015ff130017011500190018fd18ff
CSIX,1524102727,024353490001,-62,6,128,433004000be70ae509e709e708e608e705e804e803e903e601e701e701e601e702e503e503e504e505e805e706e907e908e908eb0aec0000000000000000000000000000000000000000000007ee09ee0aee0bed0aee0ced0ded0dee0eee0eed10eb10eb10ec0feb0fec10ea0eeb0dec0eea0cea0ce90de80be90de80ce60ce5
CSIX,1524133225,024353490001,-62,6,128,4330040011eb11ea0eea0feb0eeb0deb0cec0aeb0aeb09e908ea07ea08ea07e908e808e809e80ae90aeb0aeb0bec0ced0ded0cef0ef10000000000000000000000000000000000000000000009ee0bef0cef0eee0eef10ee11ef11f011f012ef14ee14ee14ee13ee14ef15ed13ed12ee13ed13ed12ed13ec11ec13ec13e913ea
CSIX,1524163024,024353490001,-62,6,128,433004001aff1bff19fd18fe18fd18fd16fd15fb14fa15f914f914f815f814f715f715f715f815f914f914fa14fb14fc14fd13ff13000000000000000000000000000000000000000000000013fc14fd15fd16fe15ff170017001701170218021b031a031b031b031a031c031a0219011b021a021a011b0219011b011d011c01
CSIX,1524203132,024353490001,-62,6,128,43300400e808e908ea09ec09eb09ec09ee0aee0aef0aee0aef0bf00bf00bf10df00def0df00cf00cf10bef0af009ef08ee07f006f00400000000000000000000000000000000000000000000f009ef08ed07ec07ec07eb06ea06eb05eb06e905e604e704e703e704e804e505e705e806e706e807e807e707e807e606e607e707
CSIX,1524235126,024353490001,-61,6,128,43300400120f130f130d120d120d120c110a120811081308120612061306130514051406140713071207110811081008100a0f0a0d0b00000000000000000000000000000000000000000000100a100b100c100d100d0f100f110e110f110f121014101410141113101311141013101111131112111212131011121213121212
CSIX,1524256899,024353490001,-62,6,128,43300400170417041702150116011500140014fe14fd14fc13fc13fb13fb14fa14fa16fb14fb15fb14fc14fd13fe13ff130012001102000000000000000000000000000000000000000000001300130214031503150415061506150716081708180a1909180a190916081a0a180818081808180819071908180719081a071806
CSIX,1524282644,024353490001,-61,6,128,4330040000e4ffe3fde5fee6fce7fce7fce9fae9faeaf8e9f6eaf6ebf6e9f5ebf5e9f5e9f6e9f7e9f8eaf8e9faeafbeafbeafceafeea00000000000000000000000000000000000000000000fbebfde9fde9fee7ffe700e502e502e503e403e405e105e105e204e105e305e005e203e403e204e303e304e202e403e202e002e1
CSIX,1524313379,024353490001,-61,6,128,4330040017f917f915f714f814f613f612f611f410f511f30ff20ff30ff20ef110f00ef011f10ff211f310f20ff411f612f610f512f90000000000000000000000000000000000000000000010f712f813f815f815f917fb17fb17fc18fd19fc1cfe1bfd1afe1afd19fe1cfd1afd18fc1afd19fd19fc1afc18fb1afb1bfa19fa
CSIX,1524344875,024353490001,-61,6,128,433004000ceb0cea0aea09ec08ec08eb07ed05eb06ec04ea03eb02ec03eb02eb02e903e903e904ea04eb05eb05ec06ed07ed07ee08ef0000000000000000000000000000000000000000000005ed07ed09ec0aeb0aec0deb0eec0fed10ec10ed13eb12eb12ec12eb11ed12eb11ec0fed11ec10ed10ec10eb0eec0feb0fea0fea
CSIX,1524403820,024353490001,-61,6,128,4330040013ec12eb10ea0fec0feb0eeb0cec0beb0aeb0ae908ea07ea08e907e908e808e808e809e909ea0aea0bec0bed0ced0bee0df0000000000000000000000000000000000000000000000aed0ded0dec10ec10ed12ed13ee14ef15ee15ee18ed18ed18ef17ed17ee19ed17ee15ee17ed16ee15ed17ec14ed16ec16ea16ea
CSIX,1524432887,024353490001,-62,6,128,433004000ff4fdea05e30ceefbf2f5e7fde8fbf3eff4f1ecf8f5efffe6f7eff7efffe403e9f8f403f10aea03f400f50be709f00cf30800000000000000000000000000000000000000000000fb16f70f0111021cfc1600110815071b01150d0f111b09170f0c1a0f1416110a1b011c09140a13fc1ef61e010ef919ec20f511f8
CSIX,1524496525,024353490001,-62,6,128,43300400f815fa16fb15fb14fd15fe13fe13fe15000f031304120411041206120513051506130414031302130212011101120011fe1000000000000000000000000000000000000000000000fd15fb15fa16f917f916f718f518f516f517f317f119f11af219f319f316f21bf417f418f418f419f518f518f517f419f51af518
CSIX,1524524355,024353490001,-62,6,128,433004000fee0eee0eef0bef0aef09ee08ee03ef03ef05ee03ee03ef03ed01ed02eb03eb03ec03ec03ed04ed03ed06f007ef07f107f1000000000000000000000000000000000000000000000bed0ded0ded0fec0fec12ee12ee12ef14ee14f019f017ee17ef19f015ef16eb15ef12f116ef13ec14ef14e813ee16ee15ee15ef
CSIX,1524583528,024353490001,-62,6,128,433004000e100f100f0e0f0d0f0c0f0c0f0a0f090f0911071107120412061205110714071309150811070e0b120a10070c0e0a090e06000000000000000000000000000000000000000000001209110c120e120f1210111211130f140f140f1610180f170f170f170c160e160e150e170e160e140f140f150e140f150f150f14
CSIX,1524619507,024353490001,-62,6,128,433004000b130d130d100d100e0f0f0f0e0d0f0c0f0c110b110a1109120a120a140a130b120b110c100c100c0f0c0d0c0e0d0c0d0a0d000000000000000000000000000000000000000000000d0e0e120c130d140b140b170a17091708180919081b081a071a09190719081a09180816091809170a170a180a150a170b170b16
CSIX,1524645707,024353490001,-62,6,128,43300400110d110c2d160e0d130b120b1b1f160e0d08100a0c1c130615090f080313120c140c120d03050d0d0e0c0e0c0b020e0f0c0e00000000000000000000000000000000000000000000130215060ef81a0a1208140d1cfd140b1410130d0218170d140e130dfe07101213120f111b2815130f0f14100826110d12101211
CSIX,1524707330,024353490001,-62,6,128,43300400fb17fd18ff17ff16ff17ff17011502160215031604150415041604150417041604160316021401150113ff13ff14fe12fd12000000000000000000000000000000000000000000000013fd14fc15fb16fb16f916f817f716f616f616f518f518f518f618f617f519f618f717f618f717f818f718f917f818f91af919
CSIX,1524735643,024353490001,-62,6,128,433004001a071b061a0219041a021903180218ff180019fe18ff18fd19fe18fc19fd1afe19fe17ff16ff1600150015011502140213040000000000000000000000000000000000000000000016021705170618071808180a180b160c180d180e1a0f190f190f1a0e180e1a0e190c190d1a0d1b0c1a0b1b0c1a0b1a0b1c0b1b0a
CSIX,1524827900,024353490001,-63,6,128,43300400e6f9e5f9e7fde7fde7fde7fde9ffe8ffeaffe800e901ea02e902ea02e902e903ea02ea01eb01eb00ecffedffecfeeefdeefc00000000000000000000000000000000000000000000e9ffe8fee7fce6fbe6fae6f8e6f7e7f6e7f5e6f5e5f3e4f3e5f3e5f4e6f4e3f3e6f5e6f5e5f5e5f6e5f6e4f6e5f7e4f6e4f7e4f7
CSIX,1524859195,024353490001,-63,6,128,433004000d1310120f0e0d0d100e0f0c0f0a120d110f110a0f0a10080f0710081108100810080f080e080d080c090c080c080c070a0900000000000000000000000000000000000000000000110b0d0d0b0f0c100e120b120d150a140c140b170b140c160d150e140d160c150b150b180c180d160b140e140c130f140f130d15
CSIX,1524882873,024353490001,-63,6,128,43300400fbe7fbe6f8e9f9eaf8eaf7eaf7ecf6ecf6edf5ecf5edf5eff5eef5eef5eff5eef6eff6eff7f0f7f0f8f1f8f1f8f0f9f1faf100000000000000000000000000000000000000000000f7edf8ebf9e9fae8fae8fce6fce6fde6fee5fee5ffe2ffe2ffe3ffe3ffe4ffe2ffe4ffe5fee4fee5fce4fee3fce6fde5fce3fce4
CSIX,1524928734,024353490001,-63,6,128,43300400eafbe9fceaffebfeebfeecffedffee00ef01ed02ee02ef03ef02ef04ef03ef03ef03f002f103f102f102f002f102f201f20000000000000000000000000000000000000000000000ee00edfeebffeafde9fce8fae9f8eaf8eaf6e9f8e8f6e7f6e8f6e7f7e9f6e7f6e9f7e9f8e8f8e9f7e8f9e8f8eafae8f9e7fae8f9
CSIX,1524945295,024353490001,-63,6,128,43300400f4e7f3e7f2e9f2ebf1ebf1ebf2eef1eff1efefeff1f1f0f2f0f2f0f3f0f3f0f2f1f3f1f4f1f5f2f4f2f5f3f5f3f4f4f5f6f400000000000000000000000000000000000000000000f1edf2ebf3e8f3e7f4e7f5e5f6e4f7e4f8e3f8e2f9e0f8dff9e0f8e1f9e3f8e0f8e2f8e4f7e2f7e4f6e4f6e3f5e5f6e3f4e3f4e4
CSIX,1524972690,024353490001,-64,6,128,4330040008170a160d150b140a150a130b120e1209130d0f0c0f0c0e0c0e0f0d0e0d0f0d0d0d0c0d0b0b0b0c0a0a0b0b0b0c0a0c070b000000000000000000000000000000000000000000000d130b140b160b180b19081b071d041c041c031e04200320031f041e021b061e051d061c051c051d061c071c071b071d081d071b
CSIX,1525032647,024353490001,-64,6,128,43300400e9f1e9f2e9f4ebf5eaf5eaf5ecf7ecf8ecf8ebf9edfbeefceefcedfceefdeefdeefeeffbf1fdf1fdf1fcf2fdf2fdf3fdf4fc00000000000000000000000000000000000000000000e9f8e9f5e8f4e8f2e8f1e8efe8ede9edeaebe9ebe8e8e8e9e9e9e8eaeaeae8e8eaebeaeceaebeaeceaede9edeaefe9ede7eee8ee
CSIX,1525127951,024353490001,-63,6,128,4330040009190a1a0b160a160b160a160a130b130a110c110c0f0c0f0c100c0e0c0f0c0e0c0e090e090c090d070c080b070b060b050b000000000000000000000000000000000000000000000e120c140b160c190b19091c071c061c051d061c061f0620061f071e051e0520061e061b071e051c081c081d081a091d0a1e0a1d
CSIX,1525153021,024353490001,-63,6,128,43300400f013f114f314f413f414f513f711f712f711f812f911fa11fa11fa10fa11fa11fb10fb10fb0efb0efa0bfb0dfa0dfa0bfa0a00000000000000000000000000000000000000000000f612f412f212f113f013ee13ed12ed11ec11eb11e812e811e810ea11eb11e813ec12ec12ec12ed13ee13ed13ee13ec14ec15ed14
CSIX,1525182711,024353490001,-63,6,128,4330040011ed11ed0eec0eee0ced0ced0bee0aed09ee09ed08ef07ee07ef06ef07ee07ee06ef06f005f106f106f207f307f306f407f4000000000000000000000000000000000000000000000aee0bee0dee0fed0fee12ed12ee13ef14ef15f018ef17ef17f016ef15f017ee15ef14ef15ee14ef13ed14ed13ee15ee15ec14ec
CSIX,1525216905,024353490001,-64,6,128,43300400ed12ec14f014f013f113f213f412f413f511f514f712f812f713f912f813f812f912f811f910f80ff80ef80ef70ef80df70c00000000000000000000000000000000000000000000f513f513f314f015f013ed15eb14ec13ea13ea13e714e714e713e814e813e713e812ea12e914ea14eb14ea14ec14e915e916e915
CSIX,1525242736,024353490001,-64,6,128,43300400f314f111f312f30cf614f713f30ff416fb0ff515f912f911fb10fb11fc12f911fb10fd0ffd0dfe0dfb0cf90dfa10f70dfc0e00000000000000000000000000000000000000000000f513f510f312f212f211ef12ed12ee11ed11ea14ec13e814e80fe612e60ee810ea0eed0cef13f110ef16ee1aef11ed12ea13ea12
CSIX,1525273234,024353490001,-64,6,128,43300400140c150b1408120813071206110512031203130310010e001000110013040fff120313fe11001303100211040fff0d020d06000000000000000000000000000000000000000000001205130713081409130a140c140d130d140e150f1511161115101610151016111510140e1510150e150e160f140c170f170f160e
CSIX,1525302758,024353490001,-64,6,128,43300400e706e706e908ea07eb08ec08ee08ee09f008ef0af10af20af10bf30bf30cf20cf30cf30cf40bf30bf30af309f209f309f30700000000000000000000000000000000000000000000ee0bec09ea09e809e808e606e606e605e505e404e203e204e302e203e403e103e403e504e404e504e406e405e605e304e205e405
CSIX,1525333272,024353490001,-64,6,128,433004001a011c0019fe18fe18fd17fc15fc14fa12fa14f912f810f611f710f711f612f510f610f60ff610f610f80ff811f70ff90ffa0000000000000000000000000000000000000000000016fa18fb19fd1bfe1bff1d011d031c031c041d0420051f0520061f041e0620061e051c041f041e031d031e031b021f0320031e02
CSIX,1525392898,024353490001,-64,6,128,43300400140d150e0f0a140a13091407140a13051103130315001201120212001000140113001301110213010f02110110010f030e0400000000000000000000000000000000000000000000130713091c0a150e130d131113071210131214121c12141615151613110b1314131314111c0e150f17111512100a171117121612
CSIX,1525422825,024353490001,-63,6,128,43300400ebf4ebf4ebf7ecf7ecf7ecf7eefaecfbeefbecfdecfeed00eefdedffecfeeb00ecfeecfeeefdeefdf0fbeffcf0fbf1fbf2fb00000000000000000000000000000000000000000000edfbecf9eaf8eaf7ebf6eaf2ecf5eef2ecf2ecf1ebeee8eee9efeaeeebefe9efeaf0ebf1e7eeeaeee8f2ebeeecf1e8eee7f1ebf1
CSIX,1525453825,024353490001,-63,6,128,43300400160816061505140414041403130213011300130012ff12fe12fe12fd13fd13fd12fe12fe11fe11ff11ff100010010f020e020000000000000000000000000000000000000000000012011303140314041505150816091509150a160b170d170d160d170c150c180d150c150a170b170a170a180a160a180c180b170a
CSIX,1525483141,024353490001,-62,6,128,4330040005e403e301e501e700e600e6ffe9fee9fee9fbe8fbeafaebfbeaf9eaf9eaf9eafaeafaeafbebfcebfdecfdedfeecfeee00ee00000000000000000000000000000000000000000000feeaffe901e801e702e604e506e507e507e508e40ae20ae10ae209e209e40ae109e308e309e208e306e208e107e407e207e107e2
CSIX,1525512766,024353490001,-62,6,128,433004000a140c130c120b110b110c100b0e0a100c0d0d0d0d0c0d0a0d0a0e0a0e0a0e0a0d0a0d0a0c090c090a090a090b0b0a0a080b000000000000000000000000000000000000000000000c0c0b0e0c0f0c110b110a130a1408130915081509180918081809180818091809170915081709170a16091709150a170b170a17
CSIX,1525542646,024353490001,-62,6,128,43300400160815081506130614051404120312021202120210001000110011ff11ff11ff11ff100010ff0f000f000e010e010d020d03000000000000000000000000000000000000000000001100120213021404140415061507140815091509170c170b160c170b160b170c160a1609170a160b170a170a150a170b180b1709
CSIX,1525573792,024353490001,-61,6,128,43300400f118f119f418f416f517f616f814f815f815f915fb14fb14fc14fc14fc15fb15fc14fc13fc12fb12fa11fa11f910f90ff90e00000000000000000000000000000000000000000000fc14fa15f816f817f617f417f318f316f217f118ef1aef1aef19f019ef17ed1aef19f018ef19ef19f119f01af119ef1aef1cf01a
CSIX,1525604979,024353490001,-61,6,128,43300400e608e609e90ae909e909ea0aec09ed0bee0aed0cef0cf00cef0df00df00def0df10df00cf10bf10af109f109f109f208f10600000000000000000000000000000000000000000000ee0aed0aec09ea09ea09e808e806e805e706e606e306e306e305e306e404e206e506e506e406e406e507e406e607e407e308e408
CSIX,1525663024,024353490001,-61,6,128,4330040018f619f517f316f415f315f413f412f211f312f110f10ff010f00ff010ef10ef10f00ff10ff10ff20ff310f411f50ff610f70000000000000000000000000000000000000000000012f414f515f617f617f719f819f819fa1afa1afa1dfb1dfb1dfb1dfa1cfb1efa1cfa1af91df91bf91bf81cf819f81cf81df71cf7
CSIX,1525692681,024353490001,-62,6,128,43300400e717f314e711f90cf810f710010bf601f90afa0aee0bed02eb02effde6f8e906e706e504ee08e802ea05e704e509e903ed0400000000000000000000000000000000000000000000fb10f510f613f014f212ed11ea11eb13ea12e913e613e812e810e90fe80ee80be60bea08e50ee407e30be208dc0bde0de110e314
CSIX,1525727501,024353490001,-62,6,128,4330040002ed0fef0dec0ce407e806ea00f40ef70ef814f60def0ee70aee0aee03f30cfd13fe13fd14fa110213ff140618071409130600000000000000000000000000000000000000000000ec03e801e900e501e4ffebfdf4f9f5eaeeeaece2e5d8eae2ebebeeebf8e6f5eafbe3f9e0f7eaf7e7fff201ec16ef13e108da01db
CSIX,1525757861,024353490001,-63,6,128,4330040016f50ef20ff511f510f610f30ff40bf409f20ff20af10cf40aef0bf307f308f30cf20af30bf30bf70af40cf40df70bf50af9000000000000000000000000000000000000000000000df00ef10ff310f40ff310f610f216f717f614f31ef717f117f817f617fb18f515f815f614f916f512f918f411f713f51bf613f3
CSIX,1525782643,024353490001,-62,6,128,43300400ff160017011502140315031403120412051106120710070f0810080f0911091109100911080f08100611060f05110410021000000000000000000000000000000000000000000000031501180017ff18fe18fc19fc19fb18fa19fa19f91cf81bf91bf91bf919f81afa1bfa19fa1afb1afc19fc19fc18fb1afc1afe19
CSIX,1525814878,024353490001,-63,6,128,433004001702170218ff16ff16fe16fe15fc14fb14fb15f913fa12f814f913f814f815f813f814f812f912f912fa13fa14fd11fd11ff0000000000000000000000000000000000000000000018ff19021a031a041b051b071b081a081b081b0a1c0c1d0c1c0c1c0b190a1c0b1a091a071b091b081a081c071a051b071a061a06
CSIX,1525848218,024353490001,-63,6,128,4330040011ef10ee0ded0eee0ded0ced0bee0aed09ee09ec07ec06ec07ec06ec07eb07eb07ec07ec06ed07ed08ee08ef09ef09f00af1000000000000000000000000000000000000000000000eed10ed12ee13ed13ee16f016f116f117f217f119f01af119f119f017f11af117f115f117f016f115f016f014f015f015ee14ee
CSIX,1525876371,024353490001,-63,6,128,43300400ea06ea09ec0aee09ed0aee0af00af00bf10bf00cf20cf20df20df30ef20ff10ef20ef10df30cf20cf20bf10af00af208f20800000000000000000000000000000000000000000000ec09ea07e906e706e804e603e503e701e701e601e300e400e4ffe501e601e202e600e800e603e504e705e703e803e603e704e803
CSIX,1525904068,024353490001,-63,6,128,43300400f4ebf3ebf1ecf3eef1eef1eef2f0f0f0f0f1eef1f0f2eff3eff3eef3eef3edf2eef2eef2f0f3f0f2f1f2f2f2f2f1f4f1f6f100000000000000000000000000000000000000000000f3ecf4ebf5e9f5e8f6e8f8e6f8e5f9e6fae5fae4fae2fae2fbe3f9e3fbe5f9e2fae5f9e5f9e5f9e6f8e7f8e6f8e7f7e6f6e6f7e7
CSIX,1525936495,024353490001,-63,6,128,43300400e8ffe701e802e903e804e905eb04eb07eb07ea07ed08ed08ec09ec0bec0aeb0aec0aed09ed09ec08ed08ed06eb05ec04ed0200000000000000000000000000000000000000000000e802e700e5fee4fde5fde4fbe3fae5f8e4f9e3f6e1f4e2f5e3f4e2f5e4f6e2f6e4f7e4f8e3f7e5f9e4f9e5fae7fae5f9e4f9e6fb
CSIX,1525969103,024353490001,-64,6,128,43300400ed0fee11f112f110f112f112f411f412f411f614f613f813f714f914f815f815f715f714f813f613f511f510f411f510f30e00000000000000000000000000000000000000000000f112ee12ed11eb11eb10e810e70fe70de70ee60de30ee30ee40ce40de50de30de50de70de50ee60ce70ee70ee90ee70ee70fe80f
CSIX,1525992753,024353490001,-63,6,128,43300400ecf4ebf5ebf7ebf7ebf8ebf8ecf9ecfbecfbeafdecfeecffebfeeb00eaffeaffebfeebfeecfeecfdedfcedfcedfbeefbf0f900000000000000000000000000000000000000000000eef9ecf5eaf4eaf2ebf2ebefeceeedeeedeeececebeaecebecebebecedecebebecededeeebeeeceeeceeebeeecf1ecefeaf0ebf0
CSIX,1526087518,024353490001,-60,6,128,4330040016fb1ff9060110f711fa13ff03fc15050d01110508f917001402100401f209080d0f0d0f0afc0512091207110a140512000e00000000000000000000000000000000000000000000f4f6efeef5f9f0f1f6f1f6e707cdeee702eaf6efe71e01ef0ce30de1fdff16e312f009f8fceb14eb0cea10e9ec0716fa1df01dec
CSIX,1526112611,024353490001,-62,6,128,4330040014f112f112ee10f110ef0eee0def0cee0dee0ded0bee0aee0aee09eb09ec0bea0aed09ec09ed09ee0aef0cf10df10cf30cf5000000000000000000000000000000000000000000000ff210f313f213f314f215f417f316f517f31af61cf81cf71cf81af718f61cf418f519f418f418f217f218f118f319f41af318f3
CSIX,1526204827,024353490001,-62,6,128,4330040010eb0eeb0be90beb0aea09ea07eb06ea06e905e804e903ea03e903e903e804e704e804e904ea05ea07eb07ec08ec08ee09f00000000000000000000000000000000000000000000009ec0aec0cea0dea0eeb11eb11eb12ec13ec14eb16ea17ea16eb16ea15ec17e914eb14eb15ea14eb13ea14ea13eb14ea14e913e9
CSIX,1526238300,024353490001,-62,6,128,433004001408160715021304170214011302150115ff14fc13fe15fd14fc13fc15fb16fc15fe14ff14fe14ff120012011202120111040000000000000000000000000000000000000000000013ff150214031604150416071708160a160a160a180c190c180c190c170b180c180c150b180c160b180a190c1608190b1a091709
CSIX,1526264650,024353490001,-62,6,128,43300400e90ce90dec0fec0fed10ee10ef10f011f110f112f212f312f212f314f214f114f214f113f211f111f10ff00eef0df10cf00b00000000000000000000000000000000000000000000f10eef0fed0eeb0eeb0ee80de70ce80be70be60ae20ae20ae309e30ae409e20ae409e50ae40ae50be60ce50be60be40be40ce50c
CSIX,1526292603,024353490001,-61,6,128,43300400e0f2f4eff2e7f2eae6ffebeaf017e7f5ecfddcecdaf4ddf7f3ffe3ff0cf8de00effbe5ffe505e8ffebfae9fde5f0edfeeaf800000000000000000000000000000000000000000000f1eeeff4eff2f0f0edeaf3eee7e6f4e9eee8f2e5eeeeede0f1e8e8e2e9e5e8e5f9e7e6ece9eee6f0f2e1e9f1ead3f0f7e7e5f6f3
CSIX,1526324606,024353490001,-62,6,128,43300400e8fee7ffe901ea01ea03ea03ec04ec05ed05eb07ed07ed08ec09ed09eb09eb09ec08ec08ed07ed06ed05ed04ed03ee02ee0100000000000000000000000000000000000000000000ed03eb01ea00e9ffe9ffe7fde7fce7fce7fbe6fae4f9e4f9e5f8e4f9e6f9e4f8e6f9e7fae5fae6fbe6fce5fbe7fce5fbe4fce5fc
CSIX,1526352978,024353490001,-62,6,128,4330040007e705e603e602e902e801e800eafee9feeafce8fbeafaebfaeaf8e9f9e9fae7fae8fbe9fceafce9feeafeebffebffec01ec0000000000000000000000000000000000000000000001ea03ea04e806e707e709e609e60ae80be70ce60de40ee30ee50de50de60ee20ce50be60ce40ce50ae50be409e50be40be30ae5
CSIX,1526382890,024353490001,-62,6,128,4330040018f718f716f515f515f414f412f411f310f211f00ff00ef00fef0fee10ed10ee11ee11ef10f011f110f210f412f410f510f70000000000000000000000000000000000000000000012f514f715f716f717f819f91afa19fb1afa1cfb1efc1ffc1dfd1dfb1cfd1ffb1dfb1cfb1dfb1cfa1cfa1dfa1bfa1dfa1df91cf9
CSIX,1526473129,024353490001,-63,6,128,43300400f314f415f715f714f915fa15fb14fc15fd15fd16fe15ff15ff150116011700180017ff17ff16fe16fd15fb14fa14fa13f81100000000000000000000000000000000000000000000f713f613f414f315f314f015ef15f013ef14ed14ea15eb15eb14ec15ec14eb17ed15ed15ec16ee16ef16ee16ef15ed16ed16ef16
CSIX,1526502976,024353490001,-63,6,128,43300400f012f012f313f311f513f613f812f914f913fa15fb13fb14fb15fc15fc16fb17fb16fa16fa15f915f813f713f612f611f51000000000000000000000000000000000000000000000f512f313f212f113f013ed12ec12ed11ec12ea12e812e812e811e912ea11e712ea12ea12ea12ea12eb13ea13eb12ea12ea13ec12
CSIX,1526533253,024353490001,-63,6,128,43300400110f130e120a130a130913091306120613061403150215021602140217031701170117041503150413061305130512061008000000000000000000000000000000000000000000001209120d120d130f110f1212101311130f1412141315141514151415121612171217121313151214131412161211131315131412
CSIX,1526567618,024353490001,-63,6,128,43300400f7ecf9eaf8ebf8f0f5edf5eff3eff4f0f3f3f0f0f1f3f0f4eff1f1f3f1f2f0f1eff0f3f2f2f1f3f0f4f0f4f1f4f0f6f0f7f000000000000000000000000000000000000000000000f8eefaecfbebfbeafbe9fdeafee9ffe900e8fee800e500e4fee502e7fee500e4fee6fbe8fde5fde6fce8fce4fde6fae7fce3fde5
CSIX,1526593933,024353490001,-62,6,128,433004000afb0afa08f908f908f808f907f807f806f806f705f705f706f605f606f507f507f507f607f607f707f807f808f807f907fa0000000000000000000000000000000000000000000009fa0bfa09f90af90cf90cf90dfc0cfb0efc0cfc0efc0ffc0ffc0efc0efc0efc0dfc0cfb0dfb0dfc0cfb0efb0cfc0dfb0efb0dfb
CSIX,1526625882,024353490001,-63,6,128,43300400ef0eef0df10ef40ef30ff410f610f610f711f712f912f913f913fa13f915f815f914f814f813f612f611f610f510f60ff40d00000000000000000000000000000000000000000000f20eef0eef0eed0ded0deb0cea0ceb0be90be90ce70ce70ce70ce80ce80be70be80cea0be80de90cea0de90eeb0dea0ce90fe90e
CSIX,1526661189,024353490001,-63,6,128,4330040013f213f111f010f10ef00eef0cef0ced0bee0aeb08ec08ec08eb08ea08ea09e909ea0aea0aeb0bec0bed0cee0def0df00ef20000000000000000000000000000000000000000000011f013f114f116f216f218f318f418f519f519f41cf41cf41cf51cf31af51df41af519f41af31af419f31af318f319f31af218f3
CSIX,1526683292,024353490001,-63,6,128,43300400ea09ea0bed0dee0cef0eef0ef10ef110f310f212f412f512f413f514f414f315f314f213f312f212f010f110f010f10ef00c00000000000000000000000000000000000000000000ec0ceb0be90be80be70ae609e508e607e507e408e307e208e308e308e407e107e307e408e408e408e409e409e609e509e40be609
CSIX,1526714376,024353490001,-63,6,128,4330040013fd13fc12fa11f911f810f70ef70ef50ff60ff40ef40df40df30df20ff10ff10ff20ff30ff30ff410f510f611f710f910fb0000000000000000000000000000000000000000000012fb14fc14fd16fd15fe16ff1600150017001701180219021802190118011a0118001700190018ff18ff19ff16ff1801180017ff
CSIX,1526744214,024353490001,-63,6,128,43300400f112f212f514f613f714f714f914fa14fb15fb16fc15fd15fd15fe17fe18fd1afd19fd19fc18fb17f916f815f715f613f51100000000000000000000000000000000000000000000f312f112f012ef12ee12ed11eb11ec10eb11ea11e812e812e811e912ea11e713ea12eb13e913eb14eb14ea13ec12ea12eb14ec12
CSIX,1526802742,024353490001,-63,6,128,4330040001ebffe807e8f4f902030eff06fa0de304f7ffed05ed04ee03ee07ee07ed00e60aeefef008ef05ed08ef04ef07ee0cf30bef0000000000000000000000000000000000000000000001f007ef08f30ef106f30be808f30ef310f012ef13ef15ee0ff109f317fc0cf710f11aef1aef0eed14fa11f00bf30ffb12e918f3
CSIX,1526838754,024353490001,-63,6,128,4330040015031502150014ff15fe15fe13fd13fb13fb14fa13f912f813f713f614f616f615f816f815f815fa15fb15fc16fd14fe140100000000000000000000000000000000000000000000150315051606170716071709170a150a160b170b180c180d170c180c170b190b180a1709180a1809180918081708180918081708
CSIX,1526862820,024353490001,-63,6,128,43300400eff0eef2eef3eef3edf5ecf5edf7ecf8ecf8eaf8ebfaebfbeafbe9fbe8fbe7fae7fae8f9eaf8eaf7ebf7ecf6ecf4eef4f0f300000000000000000000000000000000000000000000eff0f0eef0edf0ecf1ecf2ebf2eaf4eaf2eaf3e9f2e6f2e6f2e7f1e8f2e9f0e7f0e9f1eaf0e8f0e9f0ebf0eaf1ecf0e9efeaf0ec
CSIX,1526893103,024353490001,-63,6,128,4330040017fd17fc15f915fa15f914f713f713f613f513f312f311f212f213f114f015f115f215f215f315f415f615f716f914fa14fd0000000000000000000000000000000000000000000017fd17fe18ff1900190119021a03190419041a041c061c061c061c041b051d051a041a031b031b031a011c0219021b031b021901
CSIX,1526923936,024353490001,-62,6,128,4330040011ee10ee13ee0cee0dec0beb0eeb0aea09ec09e908e606eb07e906e806e408e508e70ae708e70be80ceb0deb0feb0dee0ef0000000000000000000000000000000000000000000000fee11ee10f014ee15f017f014f316f216f118f11ced1af01af11af018ef1af018f018f01aee17f017ef17f115ec17f017ee15ef
CSIX,1526974542,024353490001,-62,6,128,43300400eff6eb05e9f4eefeedf8f404f500ed00f0f9f0fceefeef01ee07ea01eefef101ea00ec06ed01ed03ebffecfdeffdf0fdf0fc00000000000000000000000000000000000000000000eef8eef5eef8ecf3ecfaecf3f1f5eff3f1f0eff2eff2eef4e9eeeceff1f0f0f2eff0eaf5efedebf9eaf0e8f2e7fae7f7f7f6e0f1
CSIX,1526989709,024353490001,-62,6,128,4330040013041b001b0415ff16020e0011fb18f714f40ef40afb0efa10f912f514f511f710f415f512f815f911fa12fd13fd12fd12ff000000000000000000000000000000000000000000001301140613061607130615071609130915081609160b1609150b150b1406150a14080f0617081307130719021207190419011606
CSIX,1527022219,024353490001,-62,6,128,43300400120814071204120313021301120013ff12fe14fd13fc13fb15fb14fb17fa17fa17fb17fc16fd17fe160015001602140214040000000000000000000000000000000000000000000015071509140a160c140c150e140e140e140f140f1511161015111610151015111510140e1510140e140c160e140b150d160c150b
CSIX,1527043157,024353490001,-61,6,128,43300400f3f00309f61ae410ee08fd0508110117040e0810080b0d041704160a120c0e0215f917fa18fb14fe0efa0df313f111f50cf500000000000000000000000000000000000000000000130e10140c0b130616051709140514fe19fe14fc11f315e919ee0ff402ef05e40fe106eefaf0f7e8f6e9f7eaf1f5eeebf6eef4ff
CSIX,1527076122,024353490001,-61,6,128,43300400f517010fff11fc1a0118051d06170213080e0e170b0e0910090f0f1609150b160a160915091507150614031504150314001300000000000000000000000000000000000000000000f714f615f414f315f216ee13f111f014f315f012ef17f016f013f017ef13ed19f212ea14f914f018fa0df808f421f518f211f416
CSIX,1527102756,024353490001,-62,6,128,43300400eb05ea07ed08ee08ee0aef0bf10bf10df20df10ef20ff210f211f211f012ef12ef12ef11f010ef0fef0eee0ced0cee0aed0800000000000000000000000000000000000000000000ea06e905e804e603e703e601e601e701e600e600e3ffe3ffe4ffe300e500e4ffe500e601e401e501e602e602e803e502e503e604
CSIX,1527132700,024353490001,-62,6,128,43300400eef2edf2edf5eef6edf7edf7edf9ecfaedfbeafcebfdebfee9feeafee8ffe7fee8fde8fceafce9fbeaf9ebfaeaf8ecf7edf600000000000000000000000000000000000000000000edf2eef0eeefeeedefeeefecefecf1ecf0ebf0ebefe9eee8efe9eee9f0eaeee8efeaf0ebefeaefecefecefebeeedeeececedeeee
CSIX,1527170525,024353490001,-63,6,128,43300400ef12ec0cf110f411f411f510f710f611f710f712f713f913f716f713f915f717f717f617f714f513f312f313f111f210f10e00000000000000000000000000000000000000000000f312f111f010ee11ee10ed0fed11eb0fea10ec0fe812ea11e90cea13e710e80fe510ee11e50dec0ee612e714ec09ea0eee18f112
CSIX,1527193029,024353490001,-62,6,128,43300400f4eaf4ebf2eef3eef2eff2eff2f1f0f2f0f3eef3eff4eef5ecf4ecf5ebf4ebf4ebf3ecf2edf3edf2eff2eff1efeff1f0f3ef00000000000000000000000000000000000000000000f5ecf6ebf6e9f7e8f7e9f9e7f8e8fae6f9e6fae5fae4fae3fbe4f9e4fae5f9e3f9e5f9e6f8e5f8e6f7e7f7e6f8e8f7e7f5e6f6e7
CSIX,1527240574,024353490001,-62,6,128,43300400e803e704e906ea05ea05ea07ec07ec08ee08ed0cee0cee0ded0dee0ded0eeb0eec0eeb0cec0beb0beb09eb08ea08ec06eb0400000000000000000000000000000000000000000000ea05e803e801e601e700e6ffe6fde7fce6fce5fde3fde3fde4fde3fee4fde2fde4fee5fee3fee5fee4fee4fee600e5ffe300e501
CSIX,1527255833,024353490001,-62,6,128,43300400ee12f012f213f311f413f413f612f713f813f915fa13fa14fa15fb15fa17f918fa17f917f915f715f714f613f413f411f30f00000000000000000000000000000000000000000000f212f011ee10ed10ed10eb0feb0feb0eeb0eea0fe80fe810e80fe810e90fe710ea0feb0fe910eb10ec11eb11ed11ea11eb12ec13
CSIX,1527284246,024353490001,-62,6,128,43300400edf4ebf4edf7edf7ecf8ecf8edfaecfbeefbebfdecfeecffebfeecffeaffeafee9fee9fdebfdeafbecfbecfaebf9edf8eff700000000000000000000000000000000000000000000edf6edf4eef3edf2eef2eef0eff0f0f0f0efefefedeeededeeeeedeeeeeeedededefeef0edefedefedf1edf0edf2ecf0ebf1ecf1
CSIX,1527319767,024353490001,-62,6,128,433004000215021606140412051506120612071308110a110b100b100b100c110c120c140c1309140a120913081407130514041203130000000000000000000000000000000000000000000004130215011400160016ff16fe16fe15fd17fe17fd19fc18fe18fe1afe17fd1afd18ff16ff18ff180015001801160018001b011b
CSIX,1527346503,024353490001,-62,6,128,43300400fde6fbe6f9e8fae9f8e9f8e9f9ecf8edf5e9f4ebf3edf3eef2edf1edf1ebf1eaf2eaf2eaf4ebf4ebf6eaf8ebf9e9faeafceb00000000000000000000000000000000000000000000fbeafce9fee8fee7fee700e601e601e701e701e503e302e303e401e302e402e300e401e601e400e5ffe5ffe4ffe5ffe4fde2fee4
CSIX,1527374045,024353490001,-62,6,128,43300400f214f316f614f615f716f716f914f915fb14fc16fd15fe16fd17fe16fd19fd18fd19fb18fb17fa16f915f814f715f713f51200000000000000000000000000000000000000000000f613f413f312f114f112ef13ee12ef11ee11ee11ec14ed15ec13ed14ec13ec14ed14ef13ed15ee13ef14ef14f113ef15ef16f017
CSIX,1527435374,024353490001,-62,6,128,433004000bea0ae908ea08eb07ea06e905eb04ea03eb03e902ea01ea01e801e901e802e703e803e703e905e906ea06eb08ea08ec0aed0000000000000000000000000000000000000000000008ec09ed0bec0bec0bed0dec0ded0ded0fed0fec11eb10eb10ec10eb0fec11ea10eb0eec0fea0fec0dea0eea0ceb0eea0ee80de9
CSIX,1527465701,024353490001,-62,6,128,43300400ebf0eaf0eaf3eaf3e9f4eaf5ebf6e9f7eaf8e8f9e8fbe8fbe7fae7fbe6f9e5f9e6f9e6f7e8f7e8f6e9f6eaf5eaf4ecf4eef200000000000000000000000000000000000000000000edf3eef1eef0edefefefeeecefecf0ecf0ecefeceeeaede9eeeaedeaeeebede9edebeeecedebedececedececedeeebede9edeaed
CSIX,1527494164,024353490001,-63,6,128,4330040017f618f515f314f414f314f212f312f111f011ee0fee0fee10ee10ec12ec12ec13ed13ee13f014f013f214f315f414f514f80000000000000000000000000000000000000000000013f515f715f816f816f918fa18fa17fc18fb19fb1bfb1bfb1afc1bfa1afb1cfa1afa19fa1bfa1afa19f91af918f81af81bf61af6
CSIX,1527525762,024353490001,-63,6,128,43300400f3e9f2e9f1ecf2eef0edefeef0efeff1eff0ecf0ecf2ebf3ebf1eaf2eaf0eaf0ebefebeeedefedeeefeef0edf0edf2edf4ec00000000000000000000000000000000000000000000f5edf7ebf7eaf7eaf8e9f9e8f9e8fae8fbe8f9e7f9e5f9e5f9e5f8e5f9e6f8e3f8e6f9e7f8e5f8e6f6e7f7e6f6e8f6e6f4e6f4e7
CSIX,1527556869,024353490001,-63,6,128,43300400eafce8fdeaffebffeb00eb00ec01eb03ec03ea04ec05eb07e906ea06e906e806e805e804e902e902ea00ea00eaffebfeecfc00000000000000000000000000000000000000000000ecfdecfbecf9ebf8ecf9ecf7ecf7e6f3edf6edf4e9f4e9f4ecf9eaf7eaf5e6f6e9f6eaf7e9f7eaf7eaf8eaf8eaf9eaf8e7f9e9fa
CSIX,1527583824,024353490001,-63,6,128,4330040008e807e806e804e904e902e903e902eaffe6fee8fde9fce9fde8fce6fde6fee4fee5fee500e501e602e704e805e705ea08eb0000000000000000000000000000000000000000000009eb0aed0bec0cec0dec0dec0fed0fee0eec10ec12ea11eb10ec10ea0fed11e90fec0eeb0eea0eea0dea0de90de90dea0ce80ce9
CSIX,1527612819,024353490001,-63,6,128,43300400f514f615f816f915f916fa15fc15fd16fd15ff170016001600180118011aff1afe1afd1afd18fb18fa17f916f817f815f61300000000000000000000000000000000000000000000f713f513f513f314f312f113f113f111f012f013ee15ee15ee14ef15f013ee16ef15f114f015f014f114f015f214f115f216f216
CSIX,1527672776,024353490001,-63,6,128,4330040008e907e904e904ea04ea03e902eb00eaffeafee8fdeafce9fce9fbe8fce7fde5fde6fee6ffe700e701e803e804e804ea06ec0000000000000000000000000000000000000000000006ed08ed09ec0aec0aec0ced0cec0ced0ded0eeb0fea0fea0feb0ee90eeb0ee80dea0dea0ee90dea0ce90ce90bea0de90ce80ce9
CSIX,1527703759,024353490001,-63,6,128,4330040018fc18fb16f915f916f715f713f713f512f514f312f311f213f113f014f016f016f016f115f316f416f616f717f915f915fb0000000000000000000000000000000000000000000014fb15fc15fd16fd17fd17ff18ff1700180119011b021b011b021b001a011d011b0119001b001a001afe1bff19fe1bff1cfe1bfd
CSIX,1527732828,024353490001,-62,6,128,43300400140914091406140614051503130314011401160015ff14fe16fe16fc18fd19fe19ff18ff17001601160216031605140512070000000000000000000000000000000000000000000010081009110a110b110b110c110d100e110e110f131112111211131012101410130f130e140f140f140d140e140d140e160e150d
CSIX,1527762678,024353490001,-62,6,128,43300400170b180b18091707170618061504170217021801170018ff18ff19fe1bfe1c001c001b011a011a03180318051807160814090000000000000000000000000000000000000000000013071309140a140b140b140d150e140e150e15101613161216121711161119121711171018111810170f190f170f18111a11190f
CSIX,1527822697,024353490001,-63,6,128,43300400e8f7e7f9e8fbe8fce8fce8fdeafee901e900e702e903e904e704e605e505e405e404e403e603e501e6ffe6fee6fce8fce9f900000000000000000000000000000000000000000000ecf9ebf7eaf7eaf6ebf6eaf4eaf4ebf4ebf3e9f2e8f1e8f1e8f0e8f1e9f2e6f0e8f2e8f3e7f2e7f3e7f4e7f3e8f4e6f3e5f3e6f4
CSIX,1527855384,024353490001,-63,6,128,43300400f613f714fa14fa13fb14fb14fd12fd13fd12ff14ff13001400150115011700180017ff18ff16fd17fc15fa15f815f813f71200000000000000000000000000000000000000000000fa10f811f711f611f610f511f411f310f410f310f112f111f212f212f211f114f313f412f212f313f413f213f513f313f314f613
CSIX,1527887272,024353490001,-64,6,128,4330040001e701e7ffe8feeafde9fbe9fbebf9eaf9eaf7e9f6ebf5ebf5eaf3eaf4e8f3e7f4e7f4e7f5e8f7e6f9e6fae7fce6fce7ffe70000000000000000000000000000000000000000000000ea02e903e904e805e807e807e807e907e908e809e608e608e608e508e607e306e607e507e506e505e506e404e606e405e405e6
CSIX,1527917975,024353490001,-63,6,128,4330040015f312f110f312f210f10ef00eef0def0bef0ced09ee09ed09ec0aeb0ae90be90bea0ce90cea0dea0eeb10ed11ed11ef11f10000000000000000000000000000000000000000000010f511f613f614f714f715f815f815f916f916fa18fa18f918f917f916f919f716f717f717f616f616f617f515f418f619f616f5
CSIX,1527942981,024353490001,-62,6,128,4330040016fe17fe16fc16fc15fb15fa14fa14f912f814f612f612f513f513f414f416f316f516f515f616f616f816f917fa15fb15fd0000000000000000000000000000000000000000000012fc13fe14fe15ff150015011503140315031603180319031803180217031a03180317021903180318021903170119011a001900
CSIX,1527977271,024353490001,-62,6,128,43300400fd14fe160015ff14001501140214031403130415051406130615071507170617051705170416031601180214ff16fe14fc1400000000000000000000000000000000000000000000fd0ffd10fc10fb11fb11f911f811f811f912f812f713f714f713f715f714f715f715f914f815f915f915f916fa15f816f917fa16
CSIX,1528003756,024353490001,-63,6,128,4330040011fb13f912f810f812f613f50ef50ff310f511f010f20ff011ee0fef12f011ee13ef13f012f212f213f313f415f614f814f9000000000000000000000000000000000000000000000efd12f50cfa14fb15fb14fe14fe11f915fe13fe13fd17ff18fc18fc16fd18fc18fc15fb17fc17fc19fd16fb16fb19fa16fb19f9
CSIX,1528034815,024353490001,-63,6,128,433004001602160015fe15fd15fc15fb14fb14f913f815f614f514f416f415f418f418f418f419f617f719f818f918fa19fb17fc17ff000000000000000000000000000000000000000000001201130313031504140515061407140714071507170917081709180717081908180717061806190718061907170519061a061905
CSIX,1528065319,024353490001,-64,6,128,43300400f1eef0eeeff0f0f1eef2edf2eef4ecf5ecf5e9f6eaf7e8f8e8f7e7f7e7f6e4f5e6f4e6f3e8f3e8f1eaf1eaf1eaefedefefed00000000000000000000000000000000000000000000f4f0f5eff5edf5ecf5ecf6ebf7eaf8eaf7eaf6eaf6e8f5e8f6e8f4e9f5e9f4e6f4e9f4e9f4e8f4e8f3e9f3e8f3eaf3e8f1e9f3e9
CSIX,1528094492,024353490001,-64,6,128,43300400120713061203120213021301120013ff12fd15fc13fb14fa16fa16f917fa19fa19fb19fd18fd18ff1700170118021603150400000000000000000000000000000000000000000000100610081009110a100a100c100c0f0c100d110d110e120e120d140d120c130e120d120c130d130d130c140d120b140c150c140b
CSIX,1528122795,024353490001,-64,6,128,4330040011091107120611051204130312021301140016ff14fd15fd17fe18fe18fe19ff1aff18ff1801170217031603160515061407000000000000000000000000000000000000000000000f090e0b0e0b0f0c0e0d0d0e0d0f0c0f0d0f0d100e110f110e110f110f1010120f100f0f1010100f100f110f100e100f110f100d
CSIX,1528153210,024353490001,-65,6,128,43300400edfaecfbedffedffed00ec01ee03ed04ed04ec06ed07ec08eb09eb09e90ae80ae809e708e807e706e805e803e702e901e9ff00000000000000000000000000000000000000000000edf9ecf7ecf6ebf5edf4ecf3edf3edf2eef2edf2ecf0ebf0ecf1ebf2ebf2eaf1eaf2ecf4eaf2ebf4ebf5ebf5ebf6eaf5eaf4ebf5
CSIX,1528184332,024353490001,-64,6,128,43300400f6eef5edf4f1f3f1f2f1f2f2f2f3f1f4f0f5eef5edf7edf7ecf6ebf7e9f6e9f5e9f5eaf3ebf3ebf1ecf1edf1eef0eff0f1ee00000000000000000000000000000000000000000000f5eef7ecf7ebf8e9f9eafae8fbe8fce8fce8fce8fbe6fae6fbe6fae6fbe7fae6fae7fae9fae6f9e8f8eaf9e8f9eaf8e8f8e8f8e9
CSIX,1528220055,024353490001,-64,6,128,4330040013fd12fd12fb11fb10f910f80ff90ff70ef60ff30ef40df20ff10eef10f011ef10f012f111f112f312f313f414f613f714f90000000000000000000000000000000000000000000013fd14ff15ff14011401160216031403160416051702190416071904150719041803150216031503160017021600160417011501
CSIX,1528256960,024353490001,-65,6,128,433004000cee0bee09ed07ed07ec05ec04ec02ec01eb00e9feeafee9fee8fce7fce5fde3fee4ffe4ffe501e403e504e505e505e607e8000000000000000000000000000000000000000000000eee10f012ef13f014f015f115f115f215f216f118f118ef17f017ef17f119ee16f016ef16ef15f014ef15ef13f014ef14ee12ef
CSIX,1528302636,024353490001,-66,6,128,43300400f70ef90efb0ffc0ffe10ff10000f01110310041205110711071408130916081708180719071706180318021901190018fe1700000000000000000000000000000000000000000000f30ff20fef0ff509ec04f30fed0eed0ced0dec0deb0eeb0eeb0eec0fed0eeb0feb0cec0eed0fee0eee0fee0fef0fef0df00ff10e
CSIX,1528332908,024353490001,-66,6,128,43300400f200f102f304f305f407f307f509f50af50bf40ef60ff610f511f513f413f314f214f114f213f112f012ef11ed11ed10ec0d00000000000000000000000000000000000000000000eefaeafaebf9ebf9ecf7ecf6ecf6edf6ecf6ecf5ebf5eaf5ebf5eaf6ebf6eaf7ebf7ecf8eaf7ebf8ebf8ebf9ecf9ecf9ecfaeffb
CSIX,1528363229,024353490001,-66,6,128,433004000f000ffe0ffb0ffa0ef80ff70cf60df30df20df00cf00cee0ded0deb0eeb11e911e911ea10eb12ec13ec14ef15ed15f016f200000000000000000000000000000000000000000000150314051506150816081509150b140a150b150b170c170b160b180a150a180b160a170817091708170817071507150814071306
CSIX,1528400952,024353490001,-67,6,128,43300400e7eee6ebe0fce3eae3f2d9f8deffdcfed9ffd300d70adb04d008d507ce04c504cd01ca04caffd0f8cbfccef0c1eeccecd2e900000000000000000000000000000000000000000000dae7dde7e7dddbe2cadce9dbd5d7cbf3ebe1d1c8ded8e0ddc8badff4cae6cca2cddbe2f1e5bee4e4f3d2c9e3f2def0e2e9ddf3eb
CSIX,1528426905,024353490001,-66,6,128,43300400f1f3f0f7f2f9f1f9effcedfbedfaecfeebfce7fee900e802eb03e803e804e204e403e5fde6fde4fce5fae8f9e5fde6fbe8f600000000000000000000000000000000000000000000f1f1f5f2efedf4eef5edf6ecf5ecf5eaf6ebf5eaf5e9f5eaf6e8f3e9f6e9f4e7f6e9f5ebf2ecf3edf5eef2eaf6eff4edf2eff3f0
CSIX,1528462321,024353490001,-65,6,128,43300400f51bf912fd16fc160311fe130014041204140618071209130a150c130b170a1a0919071c0719061c041a031b001c011afe1900000000000000000000000000000000000000000000fa14f714f515f516f415f212f212f114f014ef14ef14f015eb11ee14ef12f017f215ed14ed10f414f213ea10f20ff315ec18fe14
CSIX,1528484677,024353490001,-65,6,128,43300400f206f109f50bf40af40cf50cf80cf50bf70af70ff90ff910f913fa12f816f815f716f715f713f514f513f311f211f210f10f00000000000000000000000000000000000000000000f007ed06ee06ec06ec06eb04eb05ec03ea03ea02e802e702e902e903ea02e803e903eb03e904ec05eb05ec03eb07e903eb04ed06
CSIX,1528512772,024353490001,-64,6,128,4330040014fe14fc13fa13fa13f812f711f710f510f410f10ff10eef10ee10ed11ed13ec13ed14ed14ef15f014f015f217f216f416f60000000000000000000000000000000000000000000014ff1401150117021702170418051606180618071a0719081907190717061a061805180419051905180419031603190419021702
CSIX,1528563024,024353490001,-64,6,128,43300400c708ec29cf1af0ffe51ae214fa1f000ffd1ee43cea400116f440e424fe3bf93cf52dee3cee2def29f236ee2aea2fea2de62a00000000000000000000000000000000000000000000e616e217dd18e11ae113ce1ad601e20ed50cd50fd222d7f2cf07da20c70dcd1cc519e314d222e02ec425c02cf826d106c048c931
CSIX,1528578296,024353490001,-64,6,128,4330040015071506140314021401130012ff12fd12fd13fb12fa12f914f814f816f717f717f817f816fa17fb17fc17fd18fe16001501000000000000000000000000000000000000000000001101120312041304130514061407140714081508160a170a160a1709160a180a1609150918091809170818091608180a19091809
CSIX,1528604704,024353490001,-64,6,128,4330040009160a160b130b110d110d100e0e0f0d0f0c120c120a1209140a1509160a170b170c170c150c150e140e130f131011100f11000000000000000000000000000000000000000000000a10091109120914091408150816071607170718061b071b061b081a071a071c071a081a081b081a0919091b0919091b0a1c091a
CSIX,1528633703,024353490001,-63,6,128,43300400eef2edf3edf5edf7edf8edf9eefbedfcedfdebfeecffeb01e901ea01e801e701e700e600e800e7ffe8fde8fde8fbeafbebf900000000000000000000000000000000000000000000f0f7f0f5f0f3eff2f0f2f0f0f0eff1eff0eeefeeefeceeebefeceeecefeceeebeeecefeeedeceeededeeedededefededecededee
CSIX,1528662817,024353490001,-63,6,128,433004001601160015fe14fe13fd14fc12fb11f911f812f611f511f512f412f313f115f215f214f314f415f515f615f716f815f915fb0000000000000000000000000000000000000000000011fe120013011501150215041605150516061706190719071808190718071a07180617061906180617051906170419051a041804
CSIX,1528694615,024353490001,-62,6,128,43300400fcebfaebe7f9f5f7eff8f7edf8f1eeede906e2eaf9f7e805eaf5eef8ebe9e2fee5f1e7fafbf8f3f7eafbf3f7ebf7f7f2f4ef00000000000000000000000000000000000000000000f7f3f5f4fbf1f5f0f6effdebf5e7f9effaebffe5f5e9f4e7fbeaf3e805ebf3eaf6ea02e3f4f2fee4faeef9e6eff1f1f3f5f2f7f2
CSIX,1528723627,024353490001,-63,6,128,4330040017001900160016ff16fe16fe14fa15fc17f813f514f512f614f715f616f517f617f616f717f716f817fa15fa16fb15fc15fe0000000000000000000000000000000000000000000010fc12fe13ff15001401150315051505160417051906190619061a0418071a06180517051c05180619051705160419051b061903
CSIX,1528754306,024353490001,-62,6,128,43300400e907ea08ec09ec08ed0aed0aef0af00cf00bf10df20df20ef10ff210f111f011f110f00ff10ff010ef0eef0dee0cef0bef0900000000000000000000000000000000000000000000f209f008ef07ee07ed08ec06eb06eb06ea05e805e704e604e604e605e704e404e604e704e604e705e705e605e705e605e506e606
CSIX,1528784031,024353490001,-62,6,128,4330040014fc15fa15f912fa12fb10f910f910f80ef90ff50ef50df40df40ff210f210f210f310f20ff410f510f610f711f70ff810f9000000000000000000000000000000000000000000000ef80ff910fa12fa12fa13fb14fc13fd15fd16fe18ff18fe18ff17ff17ff19ff18ff17fd18fe18ff17ff19ff16fd18fe1afe19fe
CSIX,1528812632,024353490001,-62,6,128,43300400eaf9ecf9e9fbeafbecfbebfdeffeef00eefeec02ee03ee03ed03ed04eb08eb03ea02e702ea05e9fef2fde9faec01f4fdf00000000000000000000000000000000000000000000000ef02ef01ee00ecffecffebfde9fcecfbeafbeafae8f8e8f8e8f7e9f8eaf6e8f6e8f8e9f8e7f7e8f7e9f8e8f7ebf9e7f6e8f8e8f9
CSIX,1528842746,024353490001,-62,6,128,4330040008e807e702eb03e904e802ea00ebffebfeebfde8fceafbebfbe9fae9f9e8fbe6fbe7fce7fce6fde9ffe900ea02e701eb03ec00000000000000000000000000000000000000000000ffef02ee07ec04eb05ea05ea06eb08ec08ea0aec0de70ce80ce609e80ae70be809e80bea0bea0ce708e70ae705e80de70be50be6
CSIX,1528873309,024353490001,-62,6,128,4330040017ff18fe17fc16fd16fb16fb14fa14f913f914f713f612f514f514f415f416f416f516f615f715f715f915fa15fb14fc13fe000000000000000000000000000000000000000000000ffb10fc11fc13fd13fe15001500150016021702190319031904190318041a0418031703190318031802190218011a021b011a01
CSIX,1528902619,024353490001,-62,6,128,43300400f1edf0edf0eff0f0f0f1eff0f0f2eff3eff3ecf4edf6ecf7ebf6ebf7eaf5eaf5eaf4ebf4edf3edf2eef3eff2eff1f0f2f3f000000000000000000000000000000000000000000000f3f6f2f5f3f3f3f2f5f0f2eff3eef3eef4ecf3ecf3e9f3e9f4ebf2e8f4eaf3e8f4e9f4eaf3e9f3eaf3eaf3e9f3ecf2eaf1eaf2ea
CSIX,1528934199,024353490001,-63,6,128,43300400170c180b17091608170817061506160415031702160016ff18ff17ff19ff1aff1900190118011802160316031604140513070000000000000000000000000000000000000000000011041206120713081409140a140c140c150e150f171117121712181216131714151215111612151116101611150e17101910170f
CSIX,1528963382,024353490001,-62,6,128,4330040012ec11eb0eea0eeb0dea0cea0aeb0aea08eb08e906ea05ea04e903e804e705e605e705e705e906e807ea08eb09eb08ec0aed000000000000000000000000000000000000000000000af00bef0def0eee0fee11ee12ed13ee14ee16ed19ed1aed19ee19ee18ef1bed18ee17ee18ee17ee16ed17ed15ee16ed16eb15ec
CSIX,1529025596,024353490001,-62,6,128,433004000fec0eed0aec07ee06ed07ee06ed05ed04ee02ed02ed01ee00ecfeedfeedffec00edffedffee01ee01ee01ee02ee02f003f10000000000000000000000000000000000000000000006f107f108ef09ef0aee0aed0bee0bed0eed10ed13e911ed0eeb0ded12ed0dea0fec0cec0cea0eeb0be913ef10ed14e70ee812ec
CSIX,1529055915,024353490001,-62,6,128,4330040016f816f713f613f713f612f413f60ef80ff60ff40ef30df20df10cf10df00df00df00ef20cf20df30ef40df40ef50df60ef7000000000000000000000000000000000000000000000cf50df60ff611f611f713f813f814f815f817f919f91af919fa19f919fb1afa18fa19fa18fa18fa18f818f917f919fa1bf819f9
CSIX,1529083198,024353490001,-62,6,128,433004000a180c190d160c150d140e140e110e110e101110100e110d110e110d130e130f130f120f100e100f0f0f0e0f0d100c0f0a0f000000000000000000000000000000000000000000000d0c0c0e0c0f0d110c110c140c150b150b160b180a1b0b1c0a1b0b1b091b0a1d091c091a0a1c0a1b0b1a0b1b0a1a0a1b0c1d0b1c
CSIX,1529112842,024353490001,-62,6,128,433004000fee0fed0ced0cef0bed0bed0aef08ee08ee07ec05ed04ed04ec04ec05eb05eb05eb06eb06ec06ed07ed08ee09ef08ef09f10000000000000000000000000000000000000000000004f106f107f008ef09f00aef0def0bef0fef0eee11ed13ee14ef14e912f114ec13ee12ef13ee12ee11ed12ee11ed12ed13eb13ec
CSIX,1529143457,024353490001,-62,6,128,433004001707190816051604160316031402150013ff15fe14fd14fc16fb14fb17fb16fb16fb17fd15fd15fe15ff14ff1500140013020000000000000000000000000000000000000000000010ff12011101130212021504140514061507160719081909190a1a09190b1a0b190b160a190c180a1909190a170819091c0a1b0a
CSIX,1529176196,024353490001,-63,6,128,43300400fdecf9d300f0f8f105eff6e4faf9faebfdfef6efeff1fbedf1f5f4ecf8f2f5f2f2eff1f0f5eff4f1f6ecf9f1f9eef8eefaed00000000000000000000000000000000000000000000faf0faecfbf3fbeef4edfaeafcf0f9f2ffecfeedf3e104ebfee7f3f1fee7fcddf4de0cec09e9ffe600f806e8fde1e9e908e706e6
CSIX,1529207755,024353490001,-64,6,128,43300400e701e703e904ea03ec05ed06ef06ef07f008f00af10af20cf20df20ef10ff010f10ff00ff10eef0ef00cef0cee0cef0aee0900000000000000000000000000000000000000000000ee07ec05eb05ea04ea04e902e802e801e701e601e400e400e400e400e500e2ffe400e501e400e401e402e301e502e301e201e401
CSIX,1529245254,024353490001,-65,6,128,43300400e903e903ec06ed05ee06ef07f008f209f309f30bf40cf60cf40ef510f411f312f211f111f210f110f10ef00eef0ef00cef0b00000000000000000000000000000000000000000000ec07eb05ea05e904e803e802e701e901e801e700e500e401e500e502e500e201e501e602e501e400e502e402e602e302e303e502
CSIX,1529326484,024353490001,-66,6,128,4330040015fc15fb13fa11fa11f810f60df60df40cf30cf10bf00bf00bef0bec0cec0dec0deb0eeb0eed0fed10ef11f012f110f212f40000000000000000000000000000000000000000000015fa16fc17fd17fe17ff18ff18011701180118001a021a011b011b0119001c001a0019ff1a001aff19fe1aff18ff1bff1afe19fe
CSIX,1529352761,024353490001,-66,6,128,4330040010f20ef30af008f009f10af106f003f102ef02ed00ecfeefffecfdedffebffe8ffe900e903ea02e804e903ec05ea05ed08ed000000000000000000000000000000000000000000000deb0cf211f410f50ef210f40ff414f613f212f714f112f117f014f017f614f014f412f110f113f810ef11f310f115f115ef12ed
CSIX,1529386415,024353490001,-66,6,128,43300400f60ff810f912fc11fc11fd10fd0ffe11001002110010040f071107120612071506150516051404160215011400160015fe1500000000000000000000000000000000000000000000f813f713f512f612f512f310f212f211f312f012f114ef15ef13f015f113ef15f113f013f013f212f214f115f315f314f513f214
CSIX,1529414751,024353490001,-66,6,128,43300400120010fd10fa0ef90ff90ff90df90df509f60cf40bf20bf20cf00bf00def0ef00eef0eee0ef00ef10ff110f311f30ff311f60000000000000000000000000000000000000000000015fd18fe17f91afd16fe16fb15ff1b00160219fd1bff18fd1d001a001c0219fe1bff19fe18041a0318021b0119fe160417ff15fe
CSIX,1529447819,024353490001,-65,6,128,43300400f108f30bf40bf210f50df40ef70bf90ffb0efb0efc0ffd0efe11fe12fe15fc12fc14fd14fc13fa12f811f911f911fa10f71000000000000000000000000000000000000000000000ef0ff10fef0fe90fec0ce90bea0aea09e90aea0be70be50be60be60ee908e30eeb09ea0ce90aec0aea08ec0bec0aec09eb0cea0a
CSIX,1529473152,024353490001,-64,6,128,4330040001e801e8fee9fdebfbebfbebfaedf8eef8eff5edf5eff4f0f2eff1eff0edf0edf1eef1ecf2edf2ecf4edf5ecf5eaf7ebf8ec00000000000000000000000000000000000000000000fee400e301e303e104e206e106e107e308e308e20be00bdf0be109e10ae20ae009e208e409e305e306e507e306e506e407e305e5
CSIX,1529502867,024353490001,-64,6,128,433004000815050d090b09100b0a090a0b090c090e070f080e080e05110513061106140514081304100412071108110710090f080e0900000000000000000000000000000000000000000000081407140715061705160517041a031503170217031a0418031a021a0216041c0319051706190515091707130513051508170715
CSIX,1529544054,024353490001,-64,6,128,43300400ea02eb04ed06ed05ef07ef08f008f109f109f10bf30bf30df30ef30ff210f011f110f010f00ef00dee0dee0eee0bee09ee0800000000000000000000000000000000000000000000ea06e904e803e702e702e600e600e7fee6ffe6fee3fde3fde4fce4fde5fde3fde5fee6fee5fee6ffe700e6ffe800e7ffe600e801
CSIX,1529571785,024353490001,-65,6,128,43300400f2edf0f0f3f0f2f2f3f4f0f5f2f6f0f8f1f7eefaf0faeffaecfbecfbebfbeafaeafaebf9ecf9ebf8edf6edf7eef5eff6f1f400000000000000000000000000000000000000000000f0eff1edf3ecf7edf6eef2ebf4e8f6e8f2e8f0e8f3e7f6e5f3e8f6e9f9e5f6e7f4e7f7eaf7e8f3e9f7eaf6e7f3ecf3ebf4ebf5e9
CSIX,1529592746,024353490001,-65,6,128,43300400fd13fe130012021101110210030e050e050e070e080d090d0a0f0b0f0c100b110b110a110a11091208120611061205110311000000000000000000000000000000000000000000000013ff14fe14fd15fd15fb15fa16fa15f916fa16f818f819f818f918f817f718f817f916f817f916fa16fa16fb15fa16fb17fa16
CSIX,1529625765,024353490001,-66,6,128,43300400fcecfbecfaeefaeff8f0f8f0f8f2f6f3f5f5f4f4f2f6f1f7eff6f0f6eef5edf4eef5edf3eff4eff3f1f2f2f1f1f1f3f2f4f000000000000000000000000000000000000000000000fbecfdebfdebfee9ffeaffe800e801e901e700e803e503e402e304e5fee101e4feef06e309ed02e901e502e500e9ffe6fee7fee8
CSIX,1529682858,024353490001,-66,6,128,43300400011202120310040e050f060e060c070b08090a090b070c060d080e0710061008100910090f090f0a0e0a0e0b0d0c0c0c0b0c000000000000000000000000000000000000000000000512031403140215011501160017ff16ff17ff18ff1aff1aff1aff1afd19fd1bfe19ff17ff18ff17001700180116011701180017
CSIX,1529715482,024353490001,-66,6,128,43300400160317031400130012ff11ff10fd0ffc0dfc0df90bf80af70bf50af40cf20df20ef10ef10ff30ff310f410f411f510f610f80000000000000000000000000000000000000000000016fd17ff1700190018021a021a041a041b051b051e061e081e081d061c081d081c071a071c071b061a051b0619041b051c051a04
CSIX,1529774720,024353490001,-65,6,128,433004000ff40eec09f20cef0af00af306f203f004f400f101f3fff0ffeffff1ffeefdf1fdedfdefffee00eeffee00ef01ef01ef04ef0000000000000000000000000000000000000000000008ed09ed09f009ed0bf20bef10ed0ceb15f00ee70fe915e716e912ea13eb10ed14ed10ee11ee12ee0fee12f111f013f10cf012ed
CSIX,1529804180,024353490001,-65,6,128,433004001705180416021502140114ff11fe11fe0ffd0ffa0ef90df70ef60ef60ff510f410f310f40ff411f511f612f613f712f812fa0000000000000000000000000000000000000000000017ff180118021a031a041a061b061a071b081c081e0a1e0a1e0b1d0a1c0c1d0c1b0b1a0a1c0a1a091a081b0818071a081c071b07
CSIX,1529847382,024353490001,-64,6,128,43300400feebfbe9fbe9fbeff9f1f7f1f7f0f6f3f9f7f9f4f5f6f3f9f3f7f2f8f1f7eff5eff5eef5f0f5f0f3f1f4f1f3f2f1f3f2f4f100000000000000000000000000000000000000000000f9ebfbeafbe9fce8fce900e700e4fde901e502e704e304e3ffe405e503e703e4fee301e907e301e801df03eaffe900e6fee600e9
CSIX,1529863089,024353490001,-65,6,128,43300400f311f411f611f70ff810f910fa0ffb0ffc0efe0eff0d010e020f030f04110512051205130412031302120113ff13ff12fd1100000000000000000000000000000000000000000000f613f412f313f213f114ef12ef13ef11ee13ec13e913e913ea11eb12eb10e912ec10ed11ec10ed10ee11ee11ef10ee10ee11f011
CSIX,1529892797,024353490001,-65,6,128,4330040013f413f311f20ff30ff30df30cf309f208f207f105f103f003ee02ed02ec02eb03ea02ea02ea03ea04eb06eb07ea08ec09ed0000000000000000000000000000000000000000000013f115f216f218f317f319f51af51af61bf61cf61ff71ff71ef81ef71df81ff81cf81af71cf71af719f619f617f619f619f518f4
CSIX,1529924547,024353490001,-65,6,128,43300400021602160415041305120511060e070d070d090c0a090b080c090e08110812091209120b110a110c100c100d0f0e0f0e0c0e00000000000000000000000000000000000000000000041703170218011a0119ff1afe1bfd1bfd1bfc1dfb1ffb1ffb1efc1efb1cfb1ffb1cfc1bfc1bfc1afd1afe1bfe19fe1bff1bff19
CSIX,1529984850,024353490001,-65,6,128,43300400eef5eff6eff8f0f8f0faf1fbf2fbf2fdf3fef2fff301f302f203f205f106f006ef06ef06f005ef05ee04ee03ed03ee01ee0000000000000000000000000000000000000000000000edf8eef7edf6ecf5edf5edf3ecf3edf2edf1ecf0ebedebedecedecededeeebedeeefeeefedefedf1eef1edf1eef2edf1ecf1eef3
CSIX,1530012712,024353490001,-64,6,128,43300400fe16fd100f10fc121103091409fe100e01fb1808040012f70c0310f114030bef0ffc04f713f708fc11f60bfe08f510fc0afa00000000000000000000000000000000000000000000f50af411ef07f70ee80bed0cf113ee0df212ee0ff60cef19f010f715ec19f810f61af90afd18f2140112f91a040c0716fb11080f
CSIX,1530102762,024353490001,-65,6,128,4330040000edffecfeedfdeefceffbeffbf1f9f2f9f3f7f3f6f5f5f5f4f5f3f6f2f5f1f5f0f5f0f4f1f4f1f4f2f3f3f4f2f2f4f2f5f100000000000000000000000000000000000000000000feeb00e900e901e802e804e705e704e706e705e607e407e308e507e408e607e508e706e806e605e704e805e803ea04e803e803e9
CSIX,1530133622,024353490001,-65,6,128,433004000def0eef0aee0aef08ef08f006f004ef03f002ee00f0fef0feeefbeefbedfcebfbebfbebfdecfdeafeebffeb00eb00ec02ec000000000000000000000000000000000000000000000bea0deb0feb0fea10eb13eb13ec13ec14ec15eb19ec19ec18ee18ec17ee19ec16ee15ed15ed14ed13ed14ec13ee14ee14ed13ee
CSIX,1530163468,024353490001,-65,6,128,4330040002ec00edffedffeefef0fdf2fdf1fbf1faf3f9f1f8f3f7f3f6f4f5f4f3f3f3f2f3f0f3eff4f1f4f0f5eff7f0f7f0f8eff9ee00000000000000000000000000000000000000000000fbecfdebfdeafee9fee801e701e808ec03e503e704e406e506e304e607e804e505e706e805e504e804e704e703e905e803e802ea
CSIX,1530193945,024353490001,-66,6,128,433004000df00cf009ef09f108f106f005f003f102f100f0fff0fdf0fceffbeefaedfbebfbebfbeafceafdeafeeb00eb01ea01eb03eb000000000000000000000000000000000000000000000bed0ded0fed0fed10ee11ee13ee13ee14ee15ee17ed17ee16ee17ed16ef18ee16ef14ef15ef14f013ee14ef12ef13ef13ee12ef
CSIX,1530226408,024353490001,-65,6,128,43300400120e130c130a110812081206110412031102120012fe12fc13fc14fa16fa17f917fa18fb17fb18fc17fe18ff18001502160300000000000000000000000000000000000000000000160a150b160d160e160f151216131513151515161618161915181518131715191316141513161314141315131312141315131413
CSIX,1530254877,024353490001,-65,6,128,43300400f610f712fb10fa10fc11fc10ff0d020f010e040f040e060e0710070f0811081209120713071206130413031102130312001100000000000000000000000000000000000000000000fa12f712f612f514f613f313f213f113f012f112ef15ef15ef14ef15ef13ee14ee13f111f013f212f212f212f412f312f215f414
CSIX,1530282777,024353490001,-65,6,128,43300400160017fe15fc13fc13fa12f911f810f710f710f40ff30ef20ff110f010ef12ef12f012f013f213f213f313f514f712f814f90000000000000000000000000000000000000000000016fb17fc18fe19fe19ff1a011b021a031b021c041e051f061d071d061c061e061c061b041c051b031b031c031a031c041c031a02
CSIX,1530313135,024353490001,-65,6,128,4330040014fa15fa12f811f811f610f60ef50ef40df40ef20cf20bf10cef0cef0dee0eef0eee0eef0ef00ff10ff210f310f410f510f70000000000000000000000000000000000000000000013f814f915fa16fb16fb17fc17fd18fd18fe19fd1cff1cff1b001bff1a001cff1aff18fe1afe18fe18fd19fd17fd19fd1afb18fc
CSIX,1530343481,024353490001,-64,6,128,433004000d120f130f0f0e0e0f0e100e0f0c0f0b0f0a110a10081107120712071307140814081308110812091009100a0f0b0e0b0d0c00000000000000000000000000000000000000000000100d0f0f0f100f110e110f140e140e140d160e160e190e190d190d190c180c190c180c160c180d160d150e160d140d160f170e16
CSIX,1530376151,024353490001,-64,6,128,43300400eef0edf1eef4eff3eef4eef5f0f7eef7f0f9eff9effaeffcedfceefdedfcedfdedfdedfceefceefceefaeffbeffaf0f9f1f800000000000000000000000000000000000000000000eef7edf5eef4edf3eef3edf1edf1eeefeeeeeeeeedebedebeeebedeceeeceeeaeeecf0eeeeeceeeeeeeeeeedeef0edeeecedecee
CSIX,1530402759,024353490001,-64,6,128,43300400ecf2ebf3ebf6edf6ecf7ecf7eef9edfaeefbecfcedfdeeffecffecffeb00e900eaffebffecfeecfeecfdecfcecfbeffaf0f900000000000000000000000000000000000000000000ecf7ecf5ecf4eaf3ebf2ebf0ebefecefebeeececebeaeaeaecebebebececebeaececededecedeceeebf0ebefecf0eaeee9eeebee
CSIX,1530493591,024353490001,-65,6,128,4330040014f915f813f612f712f611f60ff60ff50ef50ef20df30df20df10df10ff00ff110f10ff20ff30ff410f50ff610f70ff80ffa0000000000000000000000000000000000000000000013f514f715f816f815f917fa18fb17fc18fc19fc1bfd1bfd1afd1afc18fe1afd19fd17fc18fc18fc17fb18fb16fa18fa18fa18f9
CSIX,1530522819,024353490001,-65,6,128,43300400edf2ecf3ecf5edf6ecf7ebf8ecf8ebfaecfaeafbeafceafde8fde8fde7fbe7fae8f9e8f9eaf9ebf8ecf7edf7edf6eff7f0f500000000000000000000000000000000000000000000edf3eef1eff0eeefeeeeefedefebf1ebf0ecefebeee9efeaefeaeeeaf0eaefe9f0ebf1ecefedefedefedeeedeeefeceeeceeecef
CSIX,1530555993,024353490001,-66,6,128,4330040008eb08ea06ea06ec04ec04eb03ec01eb02eaffe9fdeafdeafde8fee8fee6ffe600e700e702e802e804e904e905e906eb07ec0000000000000000000000000000000000000000000008ec0aec0bec0ceb0dec0eed0fed10ee11ed11ed13ec13ec12ee12ed11ef12ed10ee0eee0fee0eed0dec0eec0bec0deb0dea0cea
CSIX,1530584369,024353490001,-65,6,128,43300400fb15fd160017001501140315031202110a1008140613071207130a150815081708170717081504170315031601150114ff1300000000000000000000000000000000000000000000fc15fa15fa16fa16f815f516f716f514f516f316f317f218f216f217f617f317f516f615f617f717f816f817f816f816f819f917
CSIX,1530619741,024353490001,-66,6,128,433004000e140e130f100f10110f100e100c110b110a1309130713071506160618061907190818081708170a160b150c150d130e110f000000000000000000000000000000000000000000000e110e130d140d150d150c170b170b180b19091a091d091d091b0a1b091a0a1c0a190a180c1a0c190d170d190c170d190e1a0e18
CSIX,1530654996,024353490001,-66,6,128,43300400100912050f0113fe14001401100312fb11fb16fa11fa11f615f814f615f716f517f817f817f918fb18fa17fb16fc17fe1700000000000000000000000000000000000000000000000e080d0a0d09100a0f0a0e0d0e0e0e0d100d0f0d1111100e100e100f110f120e100e0e0e130a0e0c110c140d130c110b150c0f0b
CSIX,1530677690,024353490001,-66,6,128,43300400ecffec00ed01ec02ed03ec04ed04ec06ed07eb08ec09ec0ae90aea0ae80be609e709e708e808e906e704e804e602e801e8ff00000000000000000000000000000000000000000000f1fdf1fcf0fceffaf0faeff9eef8eff8eff7eef7edf5ecf5edf5ecf6eef6ecf6edf6edf8ecf7edf8edfaecf9edfaecfaebfaecfc
CSIX,1530702646,024353490001,-67,6,128,43300400edfbecfdecffedffec01ec02ec02eb05eb04e906ea07ea08e808e80ae609e509e508e508e607e405e504e502e301e500e6fd00000000000000000000000000000000000000000000f3f8f3f7f2f6f1f6f2f5f2f3f2f3f2f2f2f2f2f1f1f0f0f0f1f1f0f1f1f1eff0f0f2f0f4eff4eff4eef5edf5eef5edf4edf6eef6
CSIX,1530763936,024353490001,-68,6,128,4330040008f306f204f202f102f000ef00effeeefdeffaecf9edf8edf9eaf6eaf7e8f7e7f8e5f8e6f9e6f9e5fbe4fce5fde4fde500e5000000000000000000000000000000000000000000000af50bf50cf50df40cf40ef40ff310f510f412f413f313f214f413f214f315f214f313f312f412f311f311f30ff410f310f20ff3
CSIX,1530793437,024353490001,-68,6,128,43300400f209f40cf80cf90dfa0ffa10fd0ffd11fd11001301130214021603160218021a031a021a0219011aff1afe1bfc1bfc1bf91a00000000000000000000000000000000000000000000f408f309f109f009f008ee09ec09ed08ec07eb09e809e809e807e809e908e609e808ea07e907ea08ea08ea08ec09eb08ec09ee09
CSIX,1530824450,024353490001,-67,6,128,433004000d090c080f070e051103110211020dfc12fb13ff12fd12fb13fa14f815fa18fa17fa17fa17fb18fb18fc18fe190018001704000000000000000000000000000000000000000000000c0a0b0b0b0c0b0c0a0d0a0f0c0f0a100c100b120c140b130a150c140c130c150c130c130c130c130d110d120b110c110d100c0f
CSIX,1530854746,024353490001,-66,6,128,433004000b100d0f0e0f100d100d110c110c110912091509140714071607170719071908190a180a1609170b160b160d160e140e121000000000000000000000000000000000000000000000090e090f0910091209120813081407130815071606190619061906190618061a0518061607180716081608160815081609160915
CSIX,1530885238,024353490001,-65,6,128,4330040010f411f20ef10df10def0def0cef0bef0af00bed09ee08ed09ed09ed0aeb0beb0bec0bec0aed0bed0cef0cef0eef0ef00ff20000000000000000000000000000000000000000000009f40bf30cf30df30df40ff511f20df413f612f314f414f216f214f016f617f415f513f515f415f513f415f412f415f414f313f3
CSIX,1530912935,024353490001,-65,6,128,43300400fde7fce6fae8fae8f8e9f7e9f7eaf6eaf7ebf4eaf4ecf3ebf2eaf2ecf1e9f1e9f2e9f2e9f4eaf3e9f6e9f6eaf7e8f8e8fae800000000000000000000000000000000000000000000faeefbecfcecfdeafdeafee8fee8ffe900e7ffe700e4ffe400e400e400e401e101e300e401e301e3ffe401e2ffe500e300e200e3
CSIX,1530973355,024353490001,-64,6,128,433004001114130b1007150a0b100f040f121e04100510111d07090c170010ff130218051405140b1507130c160d0f0c100915110d1000000000000000000000000000000000000000000000120510ff12fd1e0616fc0d0c140a130b13060e081c05170a12091707130c151617141204080908070a000a1004090f0b1c181006
CSIX,1531004830,024353490001,-65,6,128,43300400f1eff0eeeff2f0f2eef4eef5eff6eef7eef8ecf9edfbecfce9fbebfce8fbe9fbe8fae8fae9fae9faeaf8eaf8e9f7eaf6ecf400000000000000000000000000000000000000000000f1f4f0f2f1f2f0eff1f0f1edf1edf2edf2ebf1ebf1e9f1e8f1e8f0e9f1e8f1e7f1e8f2eaf0e8f1e9f0eaf0e9f2ebf1e9efe8f1ea
CSIX,1531036645,024353490001,-65,6,128,43300400041206120810080f0a0f0a0f0a0d0c0c0c0c0e0b0e0a1009100a110a120b130c120d110d110d100d0f0e0f0e0e0f0e0f0c1000000000000000000000000000000000000000000000090e081008110912071205150314051603140215041803160517041b061805190419051703180417041703190316031804180416
CSIX,1531066080,024353490001,-65,6,128,433004001406150514031302140014ff13fe13fc12fc15f913f813f815f614f617f618f518f617f617f817f917f917fa18fc17fc17fe0000000000000000000000000000000000000000000011021204130414061506150815091409150b160c170d180d170e180d170d180d170d170b180c170c170c180c160b170c180d170b
CSIX,1531123687,024353490001,-65,6,128,43300400f912fa13fd11fd10ff1000110110021003100511060f070f071108100812081308140713071206130513041205130312021300000000000000000000000000000000000000000000fe10fc11fb0ffa11fb10f912f912f812f814f814f616f516f516f616f516f417f516f615f516f616f516f516f615f516f516f516
CSIX,1531153645,024353490001,-65,6,128,43300400ef09ef0af30bf40af50cf60df80df90ef90efa10fb0ffc10fc11fc12fc13fc14fb13fa14fb13fa13f912f911f711f811f61000000000000000000000000000000000000000000000f50bf40bf30af20bf10bf00bf00cef0bef0bed0dea0cea0deb0cea0ceb0ce80ce90ceb0bea0bea0cea0ce90ceb0ce90be80beb0b
CSIX,1531183446,024353490001,-65,6,128,433004000c120d110d0f0e0d0f0c0f0b0f0a10080f08120612041204140414031604170417051706160516061507140714091309120a000000000000000000000000000000000000000000000d0b0c0d0c0e0d100d0f0c110c120c120d140d140e170d170d170e170d170e190d180e160e190e180e180e190e160d180e190c18
CSIX,1531213671,024353490001,-64,6,128,43300400f50df80cfe12ff0efb13fc0ffe110011ff110011000f02100012051203130115021400130113ff14fe13fd13fd14fc11fa1100000000000000000000000000000000000000000000000dfe0e000efd10fc10fb10f814fa10f813f714f713f217f911f711f316f216fa18f419f319f118f511ef10ef17f615f50dfc14
CSIX,1531243500,024353490001,-65,6,128,43300400ff17001702160315041505150613081409110b130b120d120d130d120e150d160e160d160c150b16091609150916081606160000000000000000000000000000000000000000000003100212021201140114ff15fe15fe16fe16fe17fd1afd1afc1afd1bfc1bfb1dfc1bfc1afc1cfb1bfd1afc1bfd19fc1bfd1cfd1b
CSIX,1531275913,024353490001,-65,6,128,43300400f2eff2f0f2f3f1f3f1f4f0f4f0f6eff7f0f8eef8eefaedfaebfaecfaebf9e9f8eaf9eaf7ecf8ebf7eff6eef6ecf5eef5eff300000000000000000000000000000000000000000000f4f7f4f6f4f5f3f4f4f3f3f2f3f1f4f1f4f0f2f0f3edf2edf2edf1edf3edf2ebf2ebf3edf2ebf3ebf2ecf2ebf3edf2ebf1ebf2ec
CSIX,1531302888,024353490001,-66,6,128,43300400f2eaf1eaf1eef1eff0f1eff1f0f3eef4eef5ebf6ecf7ebf8e9f8e9f9e7f7e6f7e6f7e6f6e8f6e8f5e9f4e9f4e9f2ebf3ecf100000000000000000000000000000000000000000000f2f3f2f1f3f1f2eff3eff3edf4ecf3edf4ebf2eaf2e8f1e8f2e8f1e7f1e7f1e4f1e6f2e7f1e5f2e5f0e6f2e5f2e7f2e6f0e5f1e6
CSIX,1531371937,024353490001,-66,6,128,4330040012f712f510f40ff40ff30df20cf30af20af109ef07f007ee07ed06ec07ea08e909e90ae90aeb0aeb0beb0dec0eeb0eea10f0000000000000000000000000000000000000000000000df70ef80ef70ff710f711f711f812f812f814f715f616f717f716f616f718f617f716f617f718f717f617f616f617f618f617f6
CSIX,1531424939,024353490001,-65,6,128,43300400e908eb09ef0af20ce90bf30dee0df40ff10ff512f111f313f614f414f315f516f516f312f414ef16f211f212ee0fec12f01000000000000000000000000000000000000000000000ef05ec04ec02ee04eb03e903eb06eb00eb02e905e705e604e703e704e701e407e606e703ec02eb05ec05e40ce808e905e409e603
CSIX,1531453753,024353490001,-64,6,128,4330040016fe15fd15fb13fb13f913f811f811f612f512f411f311f212f112f013f015ef15f015f015f216f216f417f517f617f717f90000000000000000000000000000000000000000000011fc11fe12fe12ff13ff13011401140115011602180318031803180316031a03180217021802170118011802180019021a021801
CSIX,1531482992,024353490001,-64,6,128,43300400f20ef30ff60ff60ff710f811fa10fb11fb11fc13fd12fe13fe14ff15ff17fd18fd18fc18fc16fa17fa16f815f716f714f51300000000000000000000000000000000000000000000f50cf40bf30bf20bf20bf00bf00bf00af00aef0aec0bed0cec0bed0cee0bec0ded0cee0ced0dee0def0def0df00dee0dee0eef0e
CSIX,1531514004,024353490001,-64,6,128,43300400ef10ef12f212f311f313f413f612f613f813f916f915fb16fa18fa17fa19fa1bf91af81af719f619f517f417f316f315f11300000000000000000000000000000000000000000000f40ff30ff10ef00ef00eee0eed0eed0dec0dec0eea0fe90fe90ee90fe90de80fe90eeb0dea0fea0eeb0fea0fed0feb10eb12eb11
CSIX,1531573311,024353490001,-63,6,128,433004001112131219031111120c140e0102120a130a180a38fa140b180a140a1125180d190d170d1d10160e1310110df313130f0f11000000000000000000000000000000000000000000001106130af5fd160b0f0c101020ef120b1112100ef6fc16151513151221ff111412150f1300180e1513111017feef141615151313
CSIX,1531603174,024353490001,-63,6,128,43300400ebf0eaf2eaf4ecf5eaf5eaf7ecf8eafaeafae8fbe9fde9fee8fde7fee6fde4fde6fde5fce7fbe7fae8f9e8f9e8f7eaf7ecf500000000000000000000000000000000000000000000eef7eef5eef4eef3edf3edf1edf0eef0eeefeceeececebebecebebebedecebeaecececedebecececebedebecebefeaede9edeaee
CSIX,1531632833,024353490001,-63,6,128,433004000514061508120712091109110a0f0b0f0b0e0d0e0d0d0e0d0f0d100d100e110f100f0f100e0f0e110c100c100b120a11081200000000000000000000000000000000000000000000070f06100511051205120413031403140315031602190219021902190118011a0218021702180218031703180316041805190417
CSIX,1531664486,024353490001,-63,6,128,4330040014041403140013ff1300130012ff13fd110012fa11fa10f912fa12f713f815f814f915fa14fa14fc13fc14fd14fe13fe1200000000000000000000000000000000000000000000000fff10011001120212031304140512061406150817091609160a1609150b17091508160815091509140916081407170716061507
CSIX,1531693873,024353490001,-63,6,128,43300400fb14fb15fe14fd14fd14ff13ff1200120112031304110511041305120514051505150414031402140113001301140013fd1200000000000000000000000000000000000000000000000eff10fe10fe12fd11fc13fa14fa13f914f915f717f717f716f617f515f517f616f714f615f715f714f715f914f916f817f816
CSIX,1531726179,024353490001,-63,6,128,43300400e703e805ea07ea06ea07ea08ec09ed0aed09ed0cef0cef0eee0eef0fee0fed10ed0fed0fee0eec0dec0cec0beb0aec0aec0700000000000000000000000000000000000000000000f006ef05ee05ec04eb04ea03e902e902e701e601e400e300e4fee300e5fee2fee5fee600e5ffe600e501e500e701e501e403e503
CSIX,1531757997,024353490001,-63,6,128,433004001803190117ff17ff16fe16fd14fc15fa14fa15f813f712f713f613f515f516f415f516f515f615f715f815f916fa15fb14fd0000000000000000000000000000000000000000000011fc12fe13ff15001500160217021703170419051b061b071b081b071a081c08190719061a071a061a051b0519041b051c051a04
CSIX,1531789763,024353490001,-63,6,128,43300400f20ff410f511f60ff610f810f80ffb0efb0cfb10fc10fd10fd11fe12fe12fe14fe12fd13fd13fb13fb12fb11fa11fa10f80f00000000000000000000000000000000000000000000fa0df90df70df70ef60ff40ff30ff20ef10ef00fef10ee11ef0fef10ef0ded10ef0fef0fee0fef0ff00fef10f110f010f010f010
CSIX,1531812937,024353490001,-63,6,128,433004000219031a06170517061607150714081309120c120c110c100d110e1010120f120f120f120d120d130b130b120a140a1307140000000000000000000000000000000000000000000008100712061305160515041803190218021a011a011d011eff1d001dff1cff1e001d001b001d011d011c011e021b001e011e011d
CSIX,1531844736,024353490001,-63,6,128,433004000b1609160b1207110a130b11090f0b0f0b0e0c0c0c0d0e0b0e0c0e0c0f0d0e0e0f0d0e0d0e0c0d0d0d0d0c0d0c0f0a0e090f000000000000000000000000000000000000000000000d0a0c0c0c0e0c100c100c120b120a140a15091408180a170917081909170818081708150a190817091609180a150816081a0b18
CSIX,1531872774,024353490001,-62,6,128,43300400edf0ecf2ecf4edf4ecf5ecf6edf7edf9edf9ebfaecfbecfdecfcebfdebfee9feeafeeafcebfcebfbecfbecfaecfaedf9eef800000000000000000000000000000000000000000000eff8eff6f1f3ebf4eaf5ecf2eff1eff0efefeeeeedecedebeeecedebefececebeeedeeededecedededeeececedeeedecebedecee
CSIX,1531902857,024353490001,-62,6,128,43300400e606e606e908e907ea08ea08ec09ed0aee0aed0cef0cf00def0ef00eef0fee0fee0eed0eef0dee0cee0bee0aed0aee09ed0700000000000000000000000000000000000000000000f009ee08ee08eb08eb08ea06e905e905e804e704e404e404e403e403e503e303e403e604e304e504e404e404e604e404e305e405
CSIX,1531934540,024353490001,-62,6,128,4330040015111610160c140c160b160b1509160815071705160416021703170219021903190219041704170516061606170715081409000000000000000000000000000000000000000000001207120a120b130c130d130f13101211121213121415151414151514131414161314151515141514151316141412171418141713
CSIX,1531962678,024353490001,-63,6,128,4330040015fa16f914f714f813f613f611f610f410f410f30ff30ef20ff10ef010ef10f011f010f010f111f111f311f413f412f612f8000000000000000000000000000000000000000000000ff810f912f913fa13fa15fc14fb15fd16fd17fd19fe19ff19ff19fe18ff19fe18fe17fd19fd18fd18fb19fc17fc1afd1afc19fc
CSIX,1531996103,024353490001,-63,6,128,43300400fbe7fbe8fae9fbecfaebfaeaf9edf6eaf6ecf4eaf4eef2eef1edf1eef1ecf1ecf2ebf3eaf3eaf5e9f5eaf5ecf7eaf8eafbea00000000000000000000000000000000000000000000fbeefceafcebf9e8fde8fce7fae8fdebffe900e902e902e703e502e500e503e1fee3ffe400e6fde6fee7ffe600e901e5ffe3ffe2
CSIX,1532029856,024353490001,-63,6,128,4330040009eb08eb07ec06ec05ec04ec03ec02ec01ec00eafeebfeecfeeafdebfee9fee9fee8ffe800ea00e902ea02eb03ea03eb05ec0000000000000000000000000000000000000000000004f006ef07ef08ee09ee0aed0bee0cef0dee0dee0eed0eed0eed0eed0eed0fec0eed0ced0dec0dec0cec0dec0bec0ceb0ce90cea
CSIX,1532054049,024353490001,-63,6,128,43300400edf2ecf2edf4edf5ecf6ecf6edf8edf8eef9ebfbecfcecfceafdebfde9fce9fde9fce9fbeafbeafaebf9ebf9ebf8ecf8edf600000000000000000000000000000000000000000000f0f7f1f5f1f4f0f3f0f3f1f1f1f0f1f0f2eff1efefedf0edf0ecefedf1edefecf0edf1efefeeefeeeeefeeeeeef0edeeecefedef
CSIX,1532090546,024353490001,-63,6,128,43300400e9fbe8fceafeeafeeaffe9ffeb00eb01ec02eb03eb04ec04ea04eb06e905e905e805e904ea03e902ea01ea01e900ebffebfd00000000000000000000000000000000000000000000eeffedfdecfcebfbecfbeaf8ebf8ecf7ecf7ebf7e9f5e8f5e9f5e9f6eaf5e8f5e9f6eaf7e8f6e9f7e8f8e8f7eaf9e8f8e6f8e7f9
CSIX,1532121700,024353490001,-65,6,128,43300400b1e3a0f3aa02a8fcbf02baf8bf06c006b6f1b616b915be0cbb0eb414bb0fa40fbb049ffac105b804b9feb8fca907ccfec7f300000000000000000000000000000000000000000000df14c301c7efc1dad2d7c8f0c3f5c9ecc8e7beeaafcdc4cfcee1a9cbbddcaae6c8d7d8ccb8c2aeecbef6a8e1b4e7b0d7aaf6a7db
CSIX,1532145101,024353490001,-63,6,128,43300400ebf4eaf5ebf8ecf8ebfaebfaecfbecfcecfcebfdecffec00eb00ea00ea00e900e900e9ffeafeeafdebfdebfcebfbecfaedf800000000000000000000000000000000000000000000eefbeef9edf8ecf7ecf6ecf4ecf3edf2edf2ecf1ebefebefecefebefedf0ebeeecf0ecf1ebf0ecf1ebf2eaf1ebf3eaf1e9f1ebf2
CSIX,1532176074,024353490001,-63,6,128,4330040018031a021900180017ff17fe16fe15fc15fc16fa15fa15f815f815f717f717f718f717f817f917fa17fb16fc17fe16fe16010000000000000000000000000000000000000000000014fe16ff16011801170219041905180619071a071c091b091b091b081a081c091a0819071b081b071b061b071a051b071c061b06
CSIX,1532204674,024353490001,-63,6,128,4330040013f614f411f211f411f20ff20ef20ef10df10df00cf00af00bee0bee0bed0ced0ced0ced0cef0def0df00df10ff10ef30ff5000000000000000000000000000000000000000000000ef310f411f413f413f514f614f615f715f716f819f719f818f918f818f819f717f716f718f717f716f617f615f717f618f517f5
CSIX,1532236527,024353490001,-63,6,128,4330040009e908e906e905ea04e904e903ea02ea01eaffe9feeafdeafee9fce9fce8fde7fde7fee8fee800e901e901ea03ea03ea05ec0000000000000000000000000000000000000000000004eb06eb07ea09ea09ea0bea0cea0dea0dea0eea10e810e810e90fe80fea10e80ee90de90ee80ee90de80ee70cea0ee80de60ce7
CSIX,1532262925,024353490001,-63,6,128,43300400160417062cf20f03180215021feb1afa11ff15fb14f116fd17fc15fb170414fb16fb16fd1b11160316ff15ff1f0e14fc14020000000000000000000000000000000000000000000012fd150012f2180615021806160016061608180417fd1d0b1a09180509f71706190817072a111c0c180519091b0318081a071908
CSIX,1532323030,024353490001,-63,6,128,4330040009e908e806e906ea04ea04ea03eb01ea00ea00e9ffeafeecfeeafde9fde9fde8fee9fee8ffeaffe900ea01eb02ea03eb04ec0000000000000000000000000000000000000000000003eb05eb07ea07e908ea09e90aea0bea0ceb0ce90fe80fe70ee90ee80ee90fe70de90ce90de80de80be80ce70be90de70de60ce7
CSIX,1532353755,024353490001,-63,6,128,43300400f2ecf1ecf0eff1f0f0f1f0f0f0f2eff4eef4eef4eef5edf6edf6ecf6ebf5eaf5ecf5ecf4edf5edf4eff3eff3eff2f0f2f2f100000000000000000000000000000000000000000000f1f1f1f0f2eff2edf2edf3ecf3ebf5ebf4eaf4e9f4e6f4e6f5e7f4e7f5e8f4e6f3e8f5e9f4e8f3e9f2eaf3e8f3eaf2e8f2e8f2e9
CSIX,1532394360,024353490001,-64,6,128,433004000dfa0df809f109f60af10cf208f408f605f305f106ef06f205f208f107f005f008ef07ef07f008f109f109f20af209f30af4000000000000000000000000000000000000000000000bf40cf40df50df50cf50ef40ff810f710f912f611f516f90ff812f916f416f40ef60df20df40cf215f30cf107f712f60bef17f0
CSIX,1532417321,024353490001,-63,6,128,43300400e9f8eaf9e8fbebfaeafceafdecfdee00eaffea00ec01ed02ec01ea04ea03e702ea02e901ea01ea00ec00ebfeeafcecfcedfb00000000000000000000000000000000000000000000ebfdebfaeaf9eaf8e9f8eaf7e9f5ebf4eaf5e9f3e8f2e7f3e8f2e7f2eaf3e6f3e8f3e8f3e8f3e8f4e8f5e7f4e8f4e7f4e6f4e9f4
CSIX,1532442675,024353490001,-63,6,128,43300400e9fae5fbeafee9fee9ffeaffeb01ea02ed02ea03eb05eb06e906ec05e807ea06e806e904eb04e904ea02ec02ea01eb00ebfe00000000000000000000000000000000000000000000eaffe7fceafce6fbe9fae6f8e8f8e8f8e8f6e8f8e5f6e5f6e6f5e5f6e5f5e6f4e5f5e9f8e5f6e7f7e6f8e6f7e8f9e5f9e4f8e5f8
CSIX,1532504966,024353490001,-62,6,128,43300400f014f115f415f413f515f615f814f915f915fa17fc16fc16fc17fd19fd19fc19fb19fa18fa16f917f815f815f615f614f41200000000000000000000000000000000000000000000f414f214f114ef14ef13ed14ec13ec12ec13ea13e814e814e813e913ea12e714eb13ec12eb14ec12ed14ec14ee13ec15ec17ed15
CSIX,1532565994,024353490001,-62,6,128,43300400f115f117f415f414f615f616f815f915f914fb17fc15fd16fd18fe16fd18fd19fd18fc19fc16fb17fa15f915f815f814f61300000000000000000000000000000000000000000000f616f316f216f016f115ee15ed15ed14ec14ec15e915e916ea15ea16eb14ea16eb15ed14eb15ed15ed16ec16ef15ed16ed18ed17
CSIX,1532596980,024353490001,-62,6,128,4330040017fd18fc16f914fa14fa14f913f912f712f712f510f510f411f410f311f212f312f312f411f512f511f611f712f812f912fa0000000000000000000000000000000000000000000014f816fa16fb17fb17fc18fe18ff1800190019001b011b011b021b001a011c001a0019001a0019ff19ff1bfe18fe1bff1bfe1afe
CSIX,1532627333,024353490001,-63,6,128,43300400f913f914f913fb13fd13fc13ff120013ff11ff14011202120211041204140415041403150313021401130013ff14ff13fc1200000000000000000000000000000000000000000000fb14fa14f914f715f614f615f515f514f514f314f116f117f215f315f214f117f215f315f416f417f517f418f515f317f317f517
CSIX,1532656686,024353490001,-63,6,128,43300400101312131310110f130e130d120b130a1309150814071405150616051706190717071707170816081509150a150b130c120d00000000000000000000000000000000000000000000130f11101212121411130f1510150f160f1610171019101a101911190f18111a1118101711181118131612181216121913181216
CSIX,1532685714,024353490001,-63,6,128,43300400ecfdecfdedfdebfdec01ee00ed00ec00ef03ed03ee03f004ed06ee05ec06ec05eb06eb04ec04eb02ec01eb01ea00ecffedfd00000000000000000000000000000000000000000000ec00ebffecfde9fcecfdeafbebfaebf9ebf9ebf9eaf9e8f9e9f8e8f8e8f8e7f8e9f9ebfae8fae9f9eafae7f9eaf9e8fae7fae8fb
CSIX,1532746578,024353490001,-64,6,128,4330040018ff19fe18fb17fc17fa17fa15f916f814f716f514f514f316f315f217f118f218f319f418f519f619f819f81afa18fb18fe0000000000000000000000000000000000000000000015ff1501160217021604170516061606170618061a0819071907190618071a07190618041a0519041a031a0418021a031b031a03
CSIX,1532777556,024353490001,-64,6,128,43300400fbe9fceefbedf9e7f8ebf7eefcedf8eaf5ecf3eff7eef6eaf3e9f4ecf7eaf6e7f5e9f7e9f8e9fbe7fde7fee903ea02e802e800000000000000000000000000000000000000000000f6f0f9edfaedf7ebf9eefded00e8fae8fbeafeeb03e7fee5fbe8fdea00e701e6fde9fded00e700e6fbe8feeb03ec00e5f9e7feed
CSIX,1532805489,024353490001,-64,6,128,4330040003ea02e900ea00eafeeafee9feebfcebfbebf9eaf8eaf7ebf7e9f6e9f6e7f6e5f7e5f9e5f9e6fbe6fce6fde6ffe500e603e70000000000000000000000000000000000000000000004ed05ed06ed07ec07ec09eb0aeb0aec0bea0beb0de90de80ce90ce90cea0ce80bea0aea0be90aea09e90ae908eb09e908e707e9
CSIX,1532832677,024353490001,-64,6,128,43300400f30df20ff70df60ff811f711fb0ffc12fc12fc11fb12fc13fc16fb13fa17fc16fa17fb17fb16f917f715f814f414f413f21200000000000000000000000000000000000000000000f40af10bf209ef0bf10aef0af00bef0cee09f00beb0aec0beb0beb0beb0beb0aea0aef0aec0aee0bef0bee0cf10cee0cee0df00e
CSIX,1532863724,024353490001,-65,6,128,43300400071109100b0f0a0e0d0d0d0d0e0c0f0b0f0b110b110912091409140a160b160b160c150c150b150d130e120f121210120e130000000000000000000000000000000000000000000006100611051205130513041505140314041504160319041803190418031702190217041604170416061605160413041707160715
CSIX,1532892790,024353490001,-65,6,128,43300400fd11fe110010011002100310040f050f060f070f080e090e0a0f0b0f0c110c110c120b120a120a130813071406150514031400000000000000000000000000000000000000000000fd0ffc10fb10fa11fa11f912f911f911f812f712f614f714f614f714f713f615f713f813f713f813f913f913fa13f913fa14fa13
CSIX,1532924705,024353490001,-65,6,128,4330040006ee05e703eb03eb02ee05e9fbea02f100e6f6ec02ebf9e5f8ecfdeafae7fce5fae900e5fee5fde603e803e402ea08e707e600000000000000000000000000000000000000000000f8e9feee00e9fee600e804ea07e401e708e906e303e60ce507e007e60de60be209e709e80be308e509ec0fe103e912e908e006ef
CSIX,1532955503,024353490001,-65,6,128,43300400f210f310f911f50ff511fa14fa0efc10fd12ff13000dfb12001501140114011701160116ff14ff16fe15fb16fb15fb13f81300000000000000000000000000000000000000000000f511f50ff311f310f211ef0ff011f010ed12ec11ea10ea12ea11ea11eb0fe911ec10ec10ec10ed10ee11ed11ee10ec10ec11ee10
CSIX,1532985173,024353490001,-65,6,128,43300400f310f511f712f810f911fa11fc10fd10fe110012011102110213041304140416031503150314031501150015fe16fe15fc1400000000000000000000000000000000000000000000f613f413f313f214f113ef13ef14ee12ed14ec13ea15e915e913ea14ea13e914eb13ec12eb13ec13ed13ec13ee13ec13ed13ee13
CSIX,1533013622,024353490001,-64,6,128,43300400f10df30ef40ef50ef60ef70ef90dfa0efb0efc0ffd0fff0ffe10ff10ff11ff120011ff12ff11fe11fd11fd11fc11fc10fa1000000000000000000000000000000000000000000000f60ff40ff30ff20ff20ff00fef0fee0dee0eed0fea0fe911eb0eea0fea0ee910ec0eec0deb0eec0deb0eec0eed0eec0eed0fed0e
CSIX,1533072790,024353490001,-64,6,128,433004000ff20cf30cef0af00af10af008f103f006ed05ef03ef01f001ef00ed00ed01eb01eb01ec01ed02ed02ec04ed05eb05ed06ee000000000000000000000000000000000000000000000bef0cf00eee0fef10f012f013ef13f214f017f119f119f019f217f117f419f015f216f016f217f114f215f115f217f214f113f2
CSIX,1533102691,024353490001,-64,6,128,43300400ef0aef0cf20df40cf30ef50ef60cf80ef80ef90ffb0efc10fd11fb12fb13fd13fb15fc15fc13fb12fa12f911f813f711f61000000000000000000000000000000000000000000000f310f010ef0fed10ed0eea0eea0fea0cea0ee70ce40de40de50be50ce60ce50be60ce80ce60ce70ce90ce80be90ae90ce70dea0c
CSIX,1533133021,024353490001,-63,6,128,43300400140014fe12fc11fc10fa10fa0ef90ef80df70df50bf40bf30bf30bf10bf00cf00cf00cf00cf00cf10df20df20ff20ff310f40000000000000000000000000000000000000000000015fb16fd17fe18ff19ff1a011b021a021b031c041e061e061d071c071b061d061b0619041b051a0519031b04190319041a041904
CSIX,1533164900,024353490001,-64,6,128,4330040013f512f40ff30ef30ef30cf20af20af108f108ef04ef04ee04ed03ed03eb03eb03eb04ea04eb04ea06eb06eb07eb06ec08ed0000000000000000000000000000000000000000000012ef15f016f018f018f21af21bf41bf41cf51df41ff420f41ff61ef71ef620f71df71af71df71cf71af71cf719f61af61bf518f5
CSIX,1533194451,024353490001,-64,6,128,433004000f0e100d10090f0811071106100410040f0111ff10fe10fc11fc11fb13fb14fa14fa14fb13fa14fb14fc13fc15fc14fd14ff00000000000000000000000000000000000000000000160e1511151215151314131712181117111a1218131b141c131b131a101a101b10190f1612181017111610161013111513151213
CSIX,1533230265,024353490001,-64,6,128,43300400f2f4f2f4f2f7f2f8f1f9f1faf2fbf1fcf2fdf0fff101f101ef03f003ef04ef03ee04ed04ee04ee03ee02ee02ed01ed00eeff00000000000000000000000000000000000000000000edf1eeefefeeeeebf0ecf0eaf1e9f2eaf2e9f2e9f1e6f1e5f2e7f2e8f3e8f3e7f3e9f3ecf2eaf2ebf2ecf2ecf3eef2edf1edf2ee
CSIX,1533262230,024353490001,-64,6,128,43300400ebf6f0feeefdea06ec00fa02fd18f612f40bfd0afc0d030f010f070f0811090f0a0c0d0a0d080e0c0f0911091407110810080000000000000000000000000000000000000000000016f319ef13f11df614f611ec1eda1ce618f40ee90adb16e612e80ae306e608e201ecf8e5f9eafed901e9f6f3dbf4e5e0f1e5faf2
CSIX,1533343778,024353490001,-66,6,128,43300400030f050f070c070a080a090909070a070a050d040d030e030f021001120113021302130213021303130412041306120611080000000000000000000000000000000000000000000007160618041703190219011a011aff1aff1aff1bfe1cfe1dfe1dff1cfe1bfe1cfe1aff1800190018011800180115011602160215
CSIX,1533373237,024353490001,-66,6,128,43300400090f0a0d0b0b0c080c070c060d040d010d010eff0efd0ffb11fb11fa13f915f914f915fa15fa15fb16fc15fd16fd15fe1500000000000000000000000000000000000000000000000e140d150c170b190c190a1a0a1b091a091c0a1d091f091f081e0a1f081c081e081c081a091a09190a190919091709170a180915
CSIX,1533403065,024353490001,-66,6,128,43300400fc10fe11010f020f040e060d070c070d090b0b0c0c0a0f0a100a110a140c140d150e140e140d130f1110110f10110f110d1200000000000000000000000000000000000000000000fa18f719f518f41bf418f21af11af018f019f019ec1bed1bee1aef1bef18ed1aef19f116f118f318f417f317f515f416f517f714
CSIX,1533435814,024353490001,-65,6,128,4330040009f309f107f105f003f002ee01f000effdeffcedfbeef9edf9ebf8ebf8e9f8e8f8e7f9e6fae8fae8fde8fce8fee7ffe901e90000000000000000000000000000000000000000000012f013f115f217f217f318f419f419f51af619f51df51cf51bf61af519f61af618f616f617f516f514f414f412f413f412f311f2
CSIX,1533462699,024353490001,-65,6,128,43300400f10df20ef50ef70ef810f811fa10fb12fd12fe1400150115011601170119011b001afe1bff19fd19fb18fc18fa18fa17f81600000000000000000000000000000000000000000000ec0eea0de80ce70be70be509e409e408e407e308e107e108e207e308e407e107e406e606e507e707e808e808e909e90aea0bec0b
CSIX,1533494783,024353490001,-65,6,128,433004000d090d070f060e050f0410031001100010ff12fd11fc11fb13fb14fa16fa17fa16fb17fc16fc16fe15fe16ff160013011303000000000000000000000000000000000000000000000f0e0e100e120d120e130c150c150b150a160b170a190a1909180a1809160b170a150a130a140b130b120b120b100c110c100c0e
CSIX,1533525859,024353490001,-66,6,128,433004000cf50cf40af209f209f108f007f006ef04ee03ec02ec00ec02ea00e802e703e603e606e705e806e807e908e909e908ea0aec0000000000000000000000000000000000000000000012f414f615f717f717f819fa19fb18fc19fc1afc1cfc1cfb1bfc1afc19fd1bfc17fc16fc17fb17fb15fa15fb14f913f914f812f7
CSIX,1533552838,024353490001,-66,6,128,43300400fb0efb1000100010010f0110020e050f050d090f0a0e0b0f0c120d120c140d140c150b160a1609160715071506160616041500000000000000000000000000000000000000000000f813f812f513f313f413f113f113f012f012ef12ed14ed14ee12ee12ee11ee14ee17f410f112f111f210f311f411f411f512f611
CSIX,1533583121,024353490001,-66,6,128,433004000b0e0c0c0e0b0d090f090f080f06100510041303130214001500170018001b021a021a03190418051806180717081509140a000000000000000000000000000000000000000000000a11081208140815081506160617041605180519031b031b031a04190418041b0418041705170616061607150714071507140812
CSIX,1533612960,024353490001,-65,6,128,43300400100b110912071106130514031302130014ff15fd15fc16fc18fb19f91cf91efb1efc1dfd1cfe1cff1c011b021d031a04190600000000000000000000000000000000000000000000100c0f0e100f0f100f110e130e130d130e140e160e190e190d180e180e160e180e150e150e150c150e130e130e110e120f120f10
CSIX,1533645819,024353490001,-64,6,128,43300400f50cf60ef90ffa0efa0ffb10fd10fe11ff110112021203130315041604180319021901190018ff18fe17fc17fc18fb16f91600000000000000000000000000000000000000000000f30bf20af10aef0bef0aee0aed0aed09ed0aec09ea0aea09ea09eb0aeb08ea0aec09ed09ed09ee09ef0aef0af00bef0af00cf20c
CSIX,1533679023,024353490001,-65,6,128,43300400f710f911fb12fd12fe12ff1300130212031306150615071508170a180a1b091d091d071d071c051d031b021c011eff1cfd1b00000000000000000000000000000000000000000000f20ff00eef0eed0eee0eec0eeb0dec0deb0de90de70ee70ee80de80eea0ce80fea0eec0eec0eed0eee0fed0ff00fef0ff011f20f
CSIX,1533704887,024353490001,-65,6,128,43300400f80ff910fd10fd0ffe10ff11010f0310031006110711081209130a140b160b180a180818081806190519031903190218001800000000000000000000000000000000000000000000f610f510f410f110f210f00ff010f00fef0fef0fed11ee11ed10ee11ee0fec10ee0ff00fef10f00ff110f010f20ff210f311f310
CSIX,1533736860,024353490001,-64,6,128,43300400f018f00cf40ef40cf712f811ff14fb0f0113fc1306130513041406130a170a170b180a190b170a1809170a170b180a17081700000000000000000000000000000000000000000000edfaecf8e9fae8fbedfaeffdeafcecf9ebf7ebfde4f8e6f4d907e0fde1fbeff9ec03e3f7eff0e311ed050a03e612e505fa18e6f8
CSIX,1533764839,024353490001,-64,6,128,4330040003ed02ecffecffedfdedfcedfceef9eff9eef7ecf6eef5eff4eef2eef1edf1ebf1e9f1e9f2e9f3e9f5e9f6e8f7e7f9e8fbe70000000000000000000000000000000000000000000002eb04ea05ea06e906e909e909e90aea0aea0be90de70de80de90ce80cea0de70be90ae90be809e908e909e808ea09e808e908e9
CSIX,1533792757,024353490001,-64,6,128,43300400fdecfcecfaeef9eff8eff7eff7f0f5f1f5f1f3f1f2f3f1f3f0f2eff2eef1edf0edf0edeeeeefefeef0edf2edf2ebf4ecf6eb00000000000000000000000000000000000000000000fbecfcebfde9fee9ffe900e701e701e902e802e704e504e504e603e604e704e504e803e802e701e800e801e800e901e800e800e8
CSIX,1533854837,024353490001,-64,6,128,4330040013fd12fb13f911f912f811f610f60ff50ff40ff20ef20df10df00dee0eed10ec0fed10ec10ee11ee12ef13f114f214f314f50000000000000000000000000000000000000000000015fa15fc16fd17fe17ff170118021702180219031b041a051a051a0418041a0418031802190319011801190117001801190017ff
CSIX,1533913383,024353490001,-64,6,128,4330040005120613091008100a0f0b0e0b0d0c0c0c0b0f0a0f09110812091308150a160b150b150c140c140e120e120e121010100e11000000000000000000000000000000000000000000000813061406140516041603170218011702180219011b011b011b021a0119001b011a0118011a0218031802190317031804180417
CSIX,1533973463,024353490001,-64,6,128,4330040008ef07ef05ee04ef03ee02ee01ef00efffeffeeefdeffceffbeefaedfaecfaebfaebfbebfbebfcebfdebffeb00ea01ec02ec0000000000000000000000000000000000000000000007ed08ed09ed0bec0bed0ded0dee0dee0eee0eed10ed10ec10ed10ec0fee10ec0fed0eed0fed0fed0ded0eed0dee0eed0eed0dee
CSIX,1534003193,024353490001,-64,6,128,43300400ed0bee0cf10df10ef20ff20ff30ff510f510f613f712f813f715f816f717f618f618f517f416f316f314f213f114f112f01000000000000000000000000000000000000000000000ed0bec0aeb09e909ea08e807e907e805e806e607e406e407e506e507e606e307e507e707e607e708e708e808ea08e808e809ea09
CSIX,1534032892,024353490001,-64,6,128,43300400f510f612f814f913f915fa15fb14fc15fd16ff18ff16001800180119001a001cfe1cfd1cfd1bfb1afa19f919f819f817f51500000000000000000000000000000000000000000000f20ff10fef0eee0eed0eec0deb0dec0cec0dea0ce90ee90eea0cea0eeb0de90eec0dec0dec0eed0eee0eee0fef0eee0ff010f110
CSIX,1534062721,024353490001,-64,6,128,43300400eefeee00ed03ee03ee05ed05ee06ee08ee08ed0aee0aee0bed0cec0eeb0de90eea0ce90cea0be90ae909e808e706e905e90200000000000000000000000000000000000000000000edf9eef7edf6edf6eef4edf3edf3eef3eef3edf1edefecf0edf1edf1eff2edf1eef4eef4eef5eef5eef6edf7eef8eef8edf9eefb
CSIX,1534092806,024353490001,-64,6,128,43300400ef09f00bf20df20df20ff310f510f612f612f614f715f815f817f918f81af61bf61bf51bf519f319f218f017ee17ef14ed1200000000000000000000000000000000000000000000e904e803e702e501e600e5fee5fee6fde5fde5fce3fae4fae5fbe5fde6fce5fde7fee800e7fee801e902ea01ea02ea02ea04eb05
CSIX,1534125983,024353490001,-64,6,128,43300400f0ffed02edfff004ef03ed03ee05ef08ef08ee0bee0aef0bed0ded0ced0feb0feb0dea0fe90ce90ce90ae909e708e906e90400000000000000000000000000000000000000000000ebf4ebf9e9f5ebf3eaf2eaeeecf0eff0edf1eeeeecebebecf0eaecebf1f0f0eeefedeef1f1f0eef2eef2ebf4f0f8f1f5ecf6eff8
CSIX,1534184320,024353490001,-64,6,128,433004000cef0aee07ec06ed07ec05eb05ec04eb02ea01e8ffeaffe9ffe7ffe7fee5fee4ffe501e402e602e504e604e706e605e708e90000000000000000000000000000000000000000000010ed12ef14ef15ef16f017f118f218f419f41af31cf31bf31af419f418f51af417f516f516f415f413f414f412f312f211f010f1
CSIX,1534243896,024353490001,-64,6,128,43300400f2f3eff4eff6eef8edf8edf8eefaedfbedfbeafeebffea00e9ffe800e7ffe6ffe6ffe6fee7fce6fbe8fae8fae7f9e9f9eaf600000000000000000000000000000000000000000000eeeef0ecf1ebf1eaf2eaf3e8f4e7f5e7f5e7f5e6f5e5f5e5f6e6f5e6f6e8f5e7f6e9f6eaf5e9f5eaf4ecf4ebf4eef3edf2eef3f0
CSIX,1534276390,024353490001,-64,6,128,43300400eef9edfbedfdedfeecffed00ed01ed03ed04eb05ec06ed08eb08ea09e90ae70ae809e709e808e707e806e805e704e803e70000000000000000000000000000000000000000000000ebf6ebf4eaf2eaf1ebf0ebeeeceeedededededececeaecebedecedecefededebeeeeeef0eef0eef0edf1edf1eef3edf2ecf3edf4
CSIX,1534302740,024353490001,-64,6,128,43300400f0f8effaeffbf0fceffeeffff000ef00ee01ed01ed03ec04ea05eb05e904e905e804e803ea02e802e900e900e7feeafdeafd00000000000000000000000000000000000000000000edf6eef4edf2ebf4edf2eef0edf0efefefefefeeedeceeebefeceeeff0edefecefeef1f0f1eef0f0f1f1eff0f1f3f2f2f0f1f0f5
CSIX,1534574319,024353490001,-63,6,128,4330040010fd0df70efb0df90df50df50ef40cf60bf509f408f206f209ec0bed04e909f00aee0ef00cf00ef00df10ef310f20df410f20000000000000000000000000000000000000000000011fd14fd13fd150016fe1b00140314051b00110218fe190616071a011605170316031303140014ff1301140412fe17fc12ff17ff
CSIX,1534626952,024353490001,-64,6,128,4330040008f209f006ef05f103f004ef02f000ef00eefeeefeeefcedfcedfcecfbe9fce8fceafce9fdeafee9ffea00ea01ea02eb04eb000000000000000000000000000000000000000000000aef0cee0dee0fef0fef11f011f011f112f113f216f116f014f214f114f215f113f212f212f111f110f211f20ff110f20ff10ef0
CSIX,1534642252,024353490001,-64,6,128,43300400fb10fc11fe11fe100011011001100310030f051107100710081109110a130a1409140815081406140514041404150314011400000000000000000000000000000000000000000000fb13f913f814f714f615f414f314f213f213f113ef14ef14f013f114f112f014f213f312f313f313f412f412f511f412f613f712
CSIX,1534722762,024353490001,-65,6,128,433004000df30df20af109f207ef06ef05f004ef02ee01ecffecfeecfdeafce9fde8fde6fee6fee5ffe6ffe602e702e704e604e806e90000000000000000000000000000000000000000000012ef14f015f216f217f319f419f419f51af61bf61df61df51cf61bf41af61cf519f618f519f518f616f517f515f515f515f413f4
CSIX,1534755438,024353490001,-65,6,128,43300400fbeefbf3f9f5f8f3f1f6f2f5f2fbf6f8f3faf0faf0fceffdecfdedfeebffeafeeafde9fdebfde9fcebfcebfbebf9ecf9edf800000000000000000000000000000000000000000000fae9fde8fce7fee6fee701e702e802e703e400e701e303e400e2fde401e804e700e9ffebfee4fee302eafde9ffeefee8fee8fced
CSIX,1534783029,024353490001,-65,6,128,43300400fff2fdf1fbf2fbf3f9f3f9f2f8f5f6f4f5f6f3f6f2f7f1f7eff6eff7edf5edf5edf4edf3eef3eef2f0f1f0f2f0f0f1f1f2f000000000000000000000000000000000000000000000ffeb01e902e903e804e905e706e809ea08e908e809e609e607e607e408ea07e806e906ea07e807ea06ea06eb04ec04ec03ec02ed
CSIX,1534813533,024353490001,-65,6,128,4330040001f1fbf1f8f0fbf3f6f2f8f1f3f5f7f5f5f8f0f4f0f7f0f9f0f6eff9ecf8ecf6ebf6ebf6edf5ecf4edf3eef2eef1eff1f1f000000000000000000000000000000000000000000000ffe8ffe901e804eb04e504e506e805e807ea07e70be906e709e808eb06e906e406ec04ea04ed04e907ed04eb04f005ed02ed02ef
CSIX,1534906278,024353490001,-64,6,128,43300400f10ff310f512f610f712f813f911fb12fb13fd14fe14ff14ff1601170118001a0018ff19fe18fd18fc18fa17f918f916f71500000000000000000000000000000000000000000000ef12ed11ec11ea11ea10e80ee70ee80de70de50de30ce30be50be60ce70be50de70ce90de80de90dea0eea0eeb0deb0deb0eed0d
CSIX,1534935448,024353490001,-63,6,128,43300400f812f916f912fb16fb16fb150012011402120315031304120316051306170517061704170317031801170016ff17fe16fd1600000000000000000000000000000000000000000000f413f513f214f016f112ed13ee10ee12eb12eb11e70fe810eb13ed12eb10e914eb10ed0fea13ef12ee0ff312f212f012f113f112
CSIX,1534965951,024353490001,-63,6,128,43300400ed06ea07ee09ed06ef0bed0bee0af30af20af10ef20cf10ef310f411f111f112f010ef11f00fef0ff00dee0ded0cee0bed0900000000000000000000000000000000000000000000ed07ee06eb05eb04e903e904e703e9ffe901e701e900e7ffeafee800ea00e6ffec00ea00e901e901ea03ea05e801e900e905eb06
CSIX,1534995034,024353490001,-63,6,128,4330040002eb00eaffebfeebfeebfdebfdecfbecfbedf9edf8eef7eef7edf6edf6ecf6ebf6ebf7eaf7ebf8ebfaebfaebfbeafcebfeeb0000000000000000000000000000000000000000000000ed02ec03ec04ea05eb06ea07eb08eb08eb08ea09e909e909e908e909ea08e808e907ea08e907ea06ea07e905ea05e904e804e9
CSIX,1535029176,024353490001,-63,6,128,4330040006ed06ea04ed03ec01ed02ec02ecffecffeeffecfdedfbedfbecfaecfbebfbebfceafce9fceafdeaffeaffeb01ea01eb03ec0000000000000000000000000000000000000000000004ed05ec05ef08eb06ee08ec08ee08ef09ee0aed0dea0de90ceb09ea0cec0bea0aeb09ea0bea0beb0bec0aeb09ed09ea0bea09e8
CSIX,1535053669,024353490001,-63,6,128,43300400ebfbeafdecfeedfeec00ec00ee01ed02ef03ed04ee05ee06ed07ee07ec07ec08ec07eb07ec06eb05ec04ec04eb03ec02ec0000000000000000000000000000000000000000000000eefeedfcedfbecfaecfaecf9ecf9ecf8ecf8ebf7eaf6e9f6eaf6e9f6eaf6e9f5e9f6eaf7e9f7e9f7e9f8e9f7ebf9e9f7e8f8e9f8
CSIX,1535092145,024353490001,-63,6,128,43300400ed10ed11f112f111f112f212f412f513f712f714f914f914f916fa16f918f918f919f818f817f817f716f615f415f514f31300000000000000000000000000000000000000000000f211f011ee10ec10ed0feb10ea0fea0ee90ee90fe60fe611e60fe710e70ee50fe60fe80ee710e70fe80fe70fea10e810e811e910
CSIX,1535112909,024353490001,-64,6,128,4330040014061504140213021401140012ff12fe11fd13fc11fa12f912f912f813f815f814f815f814f914fa14fb14fb15fd14fd13ff0000000000000000000000000000000000000000000014021404140515061507150815091409150a160a180c180b180c180b170c190d170b160b180b170b170a170b1609170a18091609
CSIX,1535145255,024353490001,-64,6,128,4330040000150116041504130614061306120711080f0a110b0e0b0e0c0f0d0f0e100e110f110e110e100d110c110a110a13091207130000000000000000000000000000000000000000000005150316031701180118ff1aff1afe1afd1afe1bfc1efc1efb1efc1efb1cfb1efb1cfc1bfc1dfc1cfd1cfc1cfd1afc1bfe1cfe1a
CSIX,1535175156,024353490001,-64,6,128,4330040013f613f410f310f40ff20ef20cf30cf20af20aef08f007ef08ee07ed08eb08eb09eb09eb09ec0aec0bed0aee0bee0cef0df10000000000000000000000000000000000000000000011f313f414f515f515f517f616f717f818f718f71bf71cf71bf81bf71bf81cf81bf819f81af819f818f819f817f819f719f617f6
CSIX,1535232914,024353490001,-64,6,128,433004000514061408120811091109110a0f0b0e0b0d0f0d0f0c0f0b100c110c120d120e120e110f0f0f0f110e100d100d110b110912000000000000000000000000000000000000000000000713051405150416031602180118011701190119001b011b001b011bff1a001c001a0118011a0119011901190118021903190318
CSIX,1535264125,024353490001,-65,6,128,4330040017fb17fa16f714f816f715f614f613f413f413f211f211f112f012ee13ee15ed14ef15ef15f115f216f416f517f716f815fa0000000000000000000000000000000000000000000013fc13fd15fd16fe17ff17001800170018011a011c021c021b031b011b021e021b021b011b021b011a011b0019001a011bff1aff
CSIX,1535292984,024353490001,-65,6,128,4330040009f009ef07ee07ee06ee06ec05ee04ed03ed02eb02ec00ec01ea00ea00e901e701e802e803e904e905ea07eb08ea08ec0aee000000000000000000000000000000000000000000000bf40cf40df40df40ef40ef510f510f510f411f413f413f413f413f312f414f312f311f312f311f311f311f30ff410f30ff20ef2
CSIX,1535353675,024353490001,-66,6,128,433004000d0d0e0c10091009110812081207120612051504140316021703180219021b041a041a06190619071a08180c160b140c120d00000000000000000000000000000000000000000000080e070e080f08110811061207130613071507150617071806170718051606180515061507150714081307140712081209120a11
CSIX,1535382782,024353490001,-65,6,128,43300400ec07ee08ee0aef0aef0bef0bf00af10cf20cf10df30ef310f311f212f112f013f012ef12ef11ee10ee0eed0dec0ced0bed0800000000000000000000000000000000000000000000f004ef03ee03ed03ec02eb01eb00eb00ea00e9fee7fee7fee8fde7fee9fde7fee9fee9ffe9ffea00ea00ea01eb01eb01ea03ec03
CSIX,1535417119,024353490001,-65,6,128,43300400160418021601160017ff17fe16fd16fc15fc15fa14f815f716f617f619f519f619f61af719f819f919fb18fc1afd18ff17010000000000000000000000000000000000000000000014041405150616081508160a160b160c160d170e1910181018101910181018121710150e160f150e160c160d150a160b180a1708
CSIX,1535448759,024353490001,-65,6,128,43300400f0f5eff6eef8eef8edfaecfaeefbedfcecfdeafdecfeebffeaffe900e800e6ffe6fee7fee8fde8fbe9fbeaf9eaf8ecf7edf600000000000000000000000000000000000000000000f2f2f3f1f2eff3eef3eef3ecf3eaf2edf6edf3e9f5e7f5e7f8e9f7e6f6e9f6e7f6ebf6ebf6ebf6edf5eef4eef5f0f5eff3f0f3f2
CSIX,1535492791,024353490001,-66,6,128,43300400f50ff40ffa0cf413f213f610f812f816fe14fe17fe17fe17fe18fe1cfe1cfc1efc1cfc1cfc1cf819f81bf817f516f615f41500000000000000000000000000000000000000000000ee09ec03ea05e802e902e800ea00ec00ea05e9fbe500e301e801eb06ed00e501ebfff003efffee03f005f003f101ef05f007f109
CSIX,1535507994,024353490001,-66,6,128,43300400eff7ebf9ecf9eafaeafceafceafee9ffeaffe601e702e702e403e502e102e202e001e100e3ffe3fde4fce6fbe5f9e7f8e9f700000000000000000000000000000000000000000000f2f1f2eff3eef2ebf4ecf4e9f4e9f6e9f6e9f5e8f6e5f5e6f6e6f5e7f6e8f6e7f7e9f7ebf6eaf6ecf5edf4eef5f0f4eff2f2f1f3
CSIX,1535564784,024353490001,-64,6,128,4330040015fb15f915f813f813f613f512f610f410f310f00ff10eef0fee0fed10ed12ec12ed13ed12ee13ef13f114f315f313f513f70000000000000000000000000000000000000000000013fa14fc15fd17fd17fe18001901180219021b031d051c051b051c041a051e061a0419041a031903180218021701180118ff17ff
CSIX,1535593533,024353490001,-63,6,128,43300400fbeefdeff9f4feef01eefaecf9f9f5e9faebedeef2f2f4eef8edf1f3efeff1f1f0eef3eef3eff3eefaeef5eff4eff6ecfaec00000000000000000000000000000000000000000000fbee01ed02ec00eb01ed01eb03ec03ea05e904eb03e804eb05e806ed07e904eb05ea05eb05eb07e801eb00ea05eb04ee00edfeec
CSIX,1535623553,024353490001,-64,6,128,4330040008ed07ed05ec04ed02ec02eb00edffedfdecfceafaecf9ebf9e9f8e8f7e7f9e5f9e6fae6fbe6fce5fee7ffe700e700e803e90000000000000000000000000000000000000000000009f00bef0def0fee0ef010ef11ef11ef13ef13ef16ee16ee16ee15ee14f017ed14ef13ef13ef12f011ef11ef0ff010ef0eed0def
CSIX,1535693091,024353490001,-62,6,128,4330040000f1e9fce8eef6f0eeffe6fbedfbee05e806ec04f30ced13e90ff20ff718ef1cef14fa15fc1bf81cf817fd16fe19fe170018000000000000000000000000000000000000000000000fff1c13081607041709131111081809110c120020011e09120217f51ef41dfb14fb0df212e913ee0fef0af0ffed03e20de9fffa
CSIX,1535713270,024353490001,-64,6,128,4330040001ea02e8feeafeeafce9fbe9fbe9f9e9f8e8f6e8f5e9f4e8f4e6f3e6f2e4f4e3f3e3f5e3f7e4f8e3fae3fce4fde4fee501e60000000000000000000000000000000000000000000004ee06ec07ed08eb09eb0beb0beb0bec0cea0deb0fe90fe80fea0ee80fea10e80ee90dea0ee90ceb0bea0bea09eb08eb08e806e9
CSIX,1535742953,024353490001,-64,6,128,43300400f0f1eef2edf4eff6edf5ebf5ebf8e9f8ebf7eaf8e9fae7fee7fce7fde6fbe3fae4f9e6f8e7f8e6f6e8f5e8f4e9f2ebf3eef100000000000000000000000000000000000000000000f6f4f6f3f6f1f6f0f7f0f7eff8eef8edf8edf7ecf7eaf7eaf7eaf6eaf7ebf6e9f6ebf7ebf6ebf6ecf5ecf6edf5eff4edf2eef3f0
CSIX,1535772974,024353490001,-63,6,128,43300400ea01ea03ea05eb04ea06ea07eb07ec09ea0ae90bea0ceb0ce90de90ee70ee60de70ce60be609e70ae708e706e704e703e90100000000000000000000000000000000000000000000f0fff0fdeefceefbeefbedf9ecf9edf8ecf8ebf6eaf6e9f5eaf5e8f6ebf6e8f6eaf6ebf7e9f7ebf9ebf9ebf9ecfbeafbe9fdeafe
CSIX,1535803296,024353490001,-63,6,128,4330040001ebffeafeeafeebfdeafce9fcebfaeaf9ebf9e9f8eaf8eaf7e9f7e8f7e7f8e6f9e7f9e7fbe7fbe7fde8fee800e801ea02eb0000000000000000000000000000000000000000000002f103f105ef05ef06ef08ef08ee08ef09ef09ee0bec0bed0bed0bec0bed0ceb0aed0aee0aed09ed07ed08ed06ee06ed05eb04ec
CSIX,1535832704,024353490001,-63,6,128,433004000bec0bea09e909ea09e808e807e906e805e705e504e604e505e504e405e206e307e208e408e50ae60de50aec0cea0deb0fed000000000000000000000000000000000000000000000af40cf40df40ef30ff410f411f511f512f513f515f415f315f415f414f516f414f412f413f412f411f312f20ff210f110ef0eee
CSIX,1535865519,024353490001,-63,6,128,43300400ecf9ebfbeafceafceafce9fdeafee9ffe9ffe7ffe801e801e601e702e501e401e500e500e6fee6fde7fce8fae8f9eaf8ecf600000000000000000000000000000000000000000000f3f8f3f6f2f5f2f4f2f4f2f3f2f2f3f3f2f2f2f0f2eef1eef1eef1eff1eff0eef1f0f1f1f1f0f1f1f0f3f0f3f0f4eff3eef4eef6
CSIX,1535892772,024353490001,-63,6,128,4330040010ef0fed0dec0eed0deb0cea0beb0ae90ae90ae708e708e809e609e60ae40ae30be50ce50ce60de60ee90fe911ea10ec11ef000000000000000000000000000000000000000000000ef610f711f712f813f814f815f914f916f916f918f919f918f919f918f91af817f916f917f816f815f615f612f514f514f312f2
CSIX,1535922765,024353490001,-62,6,128,433004000f0c120d120a120a14091409140815071506180616051705180618061a071a07190819081808170a160b140b140d120c110e000000000000000000000000000000000000000000000a0d0a0d090e0a100912091207110813061406140916091708150916081608170816071409150a140a130b130a100b120d110d10
CSIX,1535957290,024353490001,-62,6,128,4330040009150a150c150c130e150f140f1211121013121312131212131315131414141614151315111510160e160d170a180917061700000000000000000000000000000000000000000000061205120414041503160216021801170018ff1aff1cff1dfe1cff1cff1afe1dfe1aff19001a0019021802190217021904190517
CSIX,1535995265,024353490001,-63,6,128,4330040013f914f813f613f613f513f412f412f311f312f011f110ef12f011f013ee14ef14f015f114f214f315f514f616f615f815fa000000000000000000000000000000000000000000000ffc11fc11fd13fe12fe14ff14001400150116011802180118021801180219021702160217011601160016ff14fe16fe16fd16fc
CSIX,1536013462,024353490001,-63,6,128,433004000a140c140e130d120f1210120f111110110f140f140e140e150f160e17101611161115121412131311130f130f140e140b1500000000000000000000000000000000000000000000060f051104120414041403150216011601170117001a011a0119021a0019011b011a021802190218031804180416051807180717
CSIX,1536042731,024353490001,-63,6,128,43300400e9f9e8fae9fde9fde9ffe7ffe9ffe802e802e703e805e805e605e706e505e405e505e404e603e502e500e6ffe5fee7fce8fa00000000000000000000000000000000000000000000effbeef8edf8edf6edf6ecf4ecf3edf2ecf2ebf2eaf0eaefeaefe9efebf0e9eeebf0ebf1ebf0ebf1ebf2eaf2ebf4eaf4e8f5e9f6
CSIX,1536103351,024353490001,-63,6,128,4330040008ec07ec06ea05ec04ea03ea02eb01eb00eaffe8feeafce9fde9fce8fce7fde5fde6fee5fee700e701e703e704e705e907ea0000000000000000000000000000000000000000000008ef0aef0bef0dee0eef0fef11ef11f011f013ef15ee15ee14ef14ee13f015ee13ef13ef13f011ef10ef11ef0eef0fee0fee0dee
CSIX,1536141840,024353490001,-64,6,128,43300400eafee9ffeb01eb02eb03ea04eb05eb06eb08ea0aeb0aea0cea0cea0ce80ce70de70ce60be809e608e706e705e604e803e90000000000000000000000000000000000000000000000ecfaecf8ebf7eaf6eaf5eaf3eaf2ecf1ebf1eaf0e9eee9eeeaeee9efebefe9efeaf0ebf1ebf1ebf2ebf3ebf3ecf6ebf6eaf8ebf9
CSIX,1536164840,024353490001,-64,6,128,433004000bf10af20dec07f00bed04ee07eb04f403ed01e907ed02ea05e802e903e805e505e605e907e706e809ea0aea0bea0bed0cf0000000000000000000000000000000000000000000000cf30ff410f412f411f615f612f514f815f718f818f91df318f817f91afc18f81af612fb16f70dfa16f411f913ee10f717f010f3
CSIX,1536193244,024353490001,-63,6,128,4330040012041303110012fe1002130013fc14fb13fa12f912fb14f815f914f917f917f818f815fb14fa17fb14fd13ff150014021303000000000000000000000000000000000000000000000f090f0a0f0c0e0e0e0c0f100e120d110e120e110d140d130f130d120c120e140f110e0d0c13090f0f0812110b0e0f0f0d071009
CSIX,1536252916,024353490001,-64,6,128,433004000ff80ff812f413f411f314f50cf20cf50ff10dee0cef0ef00ced0df013eb0eec14ee13f315ec11f011f713f113f612f612fa0000000000000000000000000000000000000000000011fc12fc12fc14ff16fd1500170015021703170319041a031a03160316041a0215021402120019011601140315fe150215fd14fe
CSIX,1536288752,024353490001,-64,6,128,43300400f612f813fa14fb13fd14fd15ff14001502160418041605170518061a071b061d041c041d031c011cff1afd1afb1afa18f81700000000000000000000000000000000000000000000f211f011ef11ed11ed11eb10ea10e90fe910e80fe50fe511e60ee610e70fe611e80fea10ea10eb10ed10ed11ee10ee0bef11f112
CSIX,1536345847,024353490001,-65,6,128,43300400ef05ef06f108f108f30af30bf40bf50df60df60ff60ff710f611f711f612f513f513f413f411f311f20ff20ff10ef20cf10900000000000000000000000000000000000000000000ec03ea02ea01e800e9ffe8ffe7fee7fde7fde6fde4fce4fce5fce5fde7fde4fce6fde8fde7fee8ffe900e900ea00ea00ea02ec02
CSIX,1536374424,024353490001,-65,6,128,4330040012081306140414021400140014ff14fe13fc15fa14fb14f916f916f818f719f718f919f918fa18fd18fe17ff17011502140400000000000000000000000000000000000000000000160b160e160e1710171116131614141415141515161717181617171615161617161514131515141415121512121113101510130e
CSIX,1536402998,024353490001,-66,6,128,43300400f2f4f0f4f0f7f1f7eff8f0f9effcebfdedfdeffdeefeed00eaffeaffe901edfdeb00eafce9fdeafbecf9ecfaedf9eef8eff700000000000000000000000000000000000000000000eff0f0edf0edf0eaf1ebf2e8f3e9f3e9f4e8f3e8f3e6f2e6f3e6f2e6f3e7f3e5f3e7f4e9f3e8f4eaf3ebf3ebf4eef3ecf3ecf3ef
CSIX,1536432717,024353490001,-65,6,128,43300400090f090e0b0c0c0c0b0b0d0a0c0b0e090d0810090f070f0710081107120812091109110910090f0a0e0b0d0b0c0c0b0b0a0d000000000000000000000000000000000000000000000b100a12091309140814071507150615061606170618071907190718051806190618051606170615061506160613061407140713
CSIX,1536463544,024353490001,-65,6,128,43300400fcecfbedf7eaf5edf8edf9ecf7f2f5f1f4eff2f1f4f1f2f2f3f1f3f3f2f1f0f1f2f1f2eff1f0f3eef5eff7f1f7f0f7f0f9ef00000000000000000000000000000000000000000000f7ecfdecf8ecfde9f9e9f9edffe5fee6fbeafbe6ffe3fce500e4ffe4fee8ffe4fde601e600e3fde6fde8ffe5feeb00e500e6fce9
CSIX,1536493114,024353490001,-64,6,128,4330040015ff14fe13fc12fb13fb12f911fa10f80ff811f510f50ef410f50ff210f411f311f311f410f511f610f611f711f810f910fb0000000000000000000000000000000000000000000013fc14fd15fe15fe16ff17001802160218021a021c021c021b031c031b031d041a041a031b041a041a031a0318021a031a031802
CSIX,1536524335,024353490001,-64,6,128,4330040008eb06e904ea04ec02eb01eb00edffecfeedfdebfbedfbedfaedfaedf9ebf9ebfaebfaebfbecfcecfdecfdedfeecffee01ee0000000000000000000000000000000000000000000004eb05eb06ea07e808e909e80ae80be80ce80be70ee40ee40ee50ee40ee610e40fe50de70ee60ee60de60de60be70de60de60ce8
CSIX,1536556789,024353490001,-64,6,128,4330040014061505140312021200120011fe11fd10fd11fc10fb0ff90ff910f811f811f811f811f810f910f910fa10fc11fc0ffd0efe0000000000000000000000000000000000000000000014021504160517051806180818081809180a1a0b1b0d1c0d1b0e1a0c190d1c0e1a0d190c190c190b190a190b180a190c190c170a
CSIX,1536587033,024353490001,-65,6,128,4330040002110312040f050f070d070d070c080c080b0b0a090a0b090c080c0a0c080e090d090c0a0b090b0a0a0a090a090a090a070b0000000000000000000000000000000000000000000007120514041404160416021602180118011a0019001bff1bff1b001bff1afe1cfe1bff19001bff19011800190017ff1800190016
CSIX,1536622598,024353490001,-66,6,128,43300400f5f0f3f0f2f2f3f4f2f4f1f4f1f6f1f7f1f7eff8f0f9f0faf0faeffaeefbeefaeefaeefaeffaf0f9f0f8f1f8f1f8f2f7f4f600000000000000000000000000000000000000000000f1f2f1f0f1eff1edf2edf1ebf2eaf3eaf3e9f3e8f2e5f2e5f3e5f2e6f4e6f3e5f3e6f4e8f4e7f4e7f3e9f4e7f5eaf5e9f4e9f5eb
CSIX,1536644088,024353490001,-66,6,128,43300400100812071004100412021102110110000fff11fe0ffd10fc10fc0ffb11fb11fb11fb11fc10fc11fd10fd10fe10ff0e000e00000000000000000000000000000000000000000000001305140715081609150a150c150d150d150f160e1810191018111911171118131611141016111510150f1510140d140f150e140d
CSIX,1536711420,024353490001,-65,6,128,4330040001effcebfdecfeeefaeff8effcf0f9f2f8eefaeffaf1f6f1f7f0f5f1f3f1f4eff3f0f6eff6f1f7eff7f1f9f0f9f0faf1fbf00000000000000000000000000000000000000000000001ef03ec01ea05ee04e909ea0aec06eb07ea08e609e70ce80ee60beb0cec0ee50ae808ea08e706e807ec05e704ea07ec05e908eb
CSIX,1536732797,024353490001,-65,6,128,43300400ec07ec06f109f006ee08f00af20af20af20bf10cf50ef50cf40ef30ef40ef510f311f30ef40ef40df40bf20bf109f309f30600000000000000000000000000000000000000000000f009ec08ed08eb07ea06e805e704e704e602e604e403e403e401e303e501e402e501e701e502e702e902e702e903e802e903eb03
CSIX,1536763027,024353490001,-64,6,128,43300400051507150912081109120a110a0f0b0f0a0d0c0e0c0c0d0c0d0d0d0c0f0c0e0c0e0c0e0c0d0b0c0c0b0c0a0c0a0c090c080d000000000000000000000000000000000000000000000b110a12091409160816071806190619041a051b041d041e031d041d021d021e021c031a031c031a031a031a03180419041a0419
CSIX,1536793320,024353490001,-64,6,128,4330040016fa15f914f813f812f712f611f60ff50ff50ff40df40bf30cf30cf20cf20ef20cf10cf10bf30cf30cf30cf40df50bf50df70000000000000000000000000000000000000000000014f516f617f719f71af81bfa1cfa1bfb1dfc1dfc20fe21fd20ff21fd1fff21ff1eff1dfe1eff1dfe1cfd1cfe1afe1bfe1cfd1bfd
CSIX,1536823365,024353490001,-64,6,128,433004000b150e150d110d110f100e0f0e0d0f0c0e0b100b0f0910081108100712081207120712081007110810080f0710090e080d0a0000000000000000000000000000000000000000000010110e140e150f180c170c1a0b1c0a1b0a1c0a1c0a1f0b1f0a1f0b1f081e0820081e071b091d091c091b091b09180a1b0b1a0b18
CSIX,1536853372,024353490001,-63,6,128,43300400ec06ec08ed09ef08ef09ef09f008f10af20af20cf30bf40cf30cf40cf40df40ef40df30df40cf30bf30bf30af20af309f20800000000000000000000000000000000000000000000ef0aee09ec08eb09eb08e906e905e904e804e604e504e504e503e604e702e503e703e802e803e803e903e803ea04e804e806e906
CSIX,1536884611,024353490001,-63,6,128,43300400eb05eb07ec08ed07ed08ed08ef08ef09f009ef0bf00bf20bf10cf10cf00df00df10df00cf10bf00bf00aef09ef08f007ef0500000000000000000000000000000000000000000000ee07ed05eb05ea04eb04e903e902e901e801e701e500e500e6ffe600e7ffe5ffe700e901e800e901e902e802ea02e902e804e904
CSIX,1536913403,024353490001,-63,6,128,433004000eed0dec0ceb0bed0bec0aeb09ed08ec08ec07eb06ec05ec05eb04ea04ea06e905ea05ea06eb07eb08ec09ed0aed09ee0bf0000000000000000000000000000000000000000000000aed0cee0dee0eed0eee11ee12ee12ef12ef14ef16ee17ee17ef16ee15f016ee14ef13f014ef13ef12ef12ef11ef12ee13ed11ed
CSIX,1536950434,024353490001,-64,6,128,43300400fbe7fae7f8e8f9eaf7eaf7eaf7ecf5ecf5edf4ecf3eef2eff2eef2eef1eef1edf2edf2ecf3edf3edf5ecf5edf6ecf8ecfaec00000000000000000000000000000000000000000000f9eafbe9fbe7fce6fde6fee4ffe400e501e401e302e002e002e101e202e403e002e301e401e301e5ffe500e4ffe6ffe4fee3fde5
CSIX,1536984814,024353490001,-64,6,128,43300400edf9ebf9ebf9edfbebfdecfbedfdedfeeeffed01ed01ed02ec02ed03eb02ec02eb02ea01ec01ecffedffedffecfdeefdeffc00000000000000000000000000000000000000000000ecfaecf8ebf7ebf6ebf5ebf3ebf1ecf2ecf1ecf0eaefeaf0eaefeaf0ecefeaefecf0edf2ecf1ecf1ecf2ecf2ecf4ecf3eaf4ecf4
CSIX,1537006915,024353490001,-63,6,128,43300400f4f1f3f0f0f2f0f0f0f0f1f8f4f6f5f5f0f8eeeeeef7eaf5ebf6e8fae3faeef6f2e7edf5f8fdfef5fbefe9fdfce4eaf4f5ee00000000000000000000000000000000000000000000f1f4f2f0f0f0f0eff2edf2ecf3ecf4ecf4eaf4eaf4e8f4e8f6e8f5e8f6e8f4e8f6ebf4eaf4ebf5ebf4ecf4eaf6edf5edf4ebf5ed
CSIX,1537033949,024353490001,-64,6,128,433004000216041705160514061507140712081309120b130b110c110d110c110e120e130d140d140b120b130912081207130713041200000000000000000000000000000000000000000000041601170018ff19fe18fd19fc1bfc19fb19fb1af91df91cf91bfa1cfa1af91cfa1afb18fb1afc19fd19fd19fe17fd19ff1a0019
CSIX,1537073825,024353490001,-63,6,128,433004000aed06eb06ec05ea04ea03eb03ed02ebffecfee9ffebffecfeeafeeafeeaffe9fce900e900ea00ea01eb02ec03eb01ed04ed0000000000000000000000000000000000000000000006ec08eb0aeb0beb0dea0eed0dee0eee0eec0eec10e910eb10ea10ea11ec12ea10ec0eed0fea0eec0dec0eec0bee0cec0de90be9
CSIX,1537094573,024353490001,-63,6,128,43300400100b110c13091008110812071007120510051204120312031302130214031403140414041204120511061105110710070e080000000000000000000000000000000000000000000011090f0c0f0b100e0f0e0f100e100e100e110f120e140f130f130e130e120f160e120f110f120e100e100f100f0f0f1111110f0f
CSIX,1537122949,024353490001,-63,6,128,43300400f514f716f916f914fa15fa15fb14fc15fc14fd16fe14ff15ff150016ff16ff17fe17fe16fd15fc15fb14fa13f913f912f81100000000000000000000000000000000000000000000fa15f815f715f515f516f315f115f214f115f015ee17ed16ee15ee16ee14ed16ef14f014f015f014f214f115f214f115f217f315
CSIX,1537152822,024353490001,-63,6,128,433004000f12101210100f0f110e110e110c120c120b130b12091208130914091509150a1409140a120a120a110b110b100c0e0c0d0d00000000000000000000000000000000000000000000100f0e110f130e140d150d160c170b170b180c190b1b0c1b0b1a0c1a0a190b1b0a180a180b180b170d160d170d150d160e170e15
CSIX,1537183094,024353490001,-63,6,128,4330040012f112f010ef10f00fef0fef0df00cee0cef0ced0aee09ee0aec09ec09eb0aeb0aec0bec0aed0ced0cee0cef0eef0ef10ef20000000000000000000000000000000000000000000010f012f013f115f114f216f317f316f418f518f41bf51bf51af51af519f61af518f516f518f517f516f417f315f417f417f216f2
CSIX,1537218194,024353490001,-63,6,128,43300400feeafee8fceafceafaebfaebfaedf8edf8edf7ecf6eef6eef5eef5eef4ecf4ecf5edf5edf5edf6ecf7ecf9ecf9ecfbecfcec00000000000000000000000000000000000000000000fde9fee900e800e701e703e604e604e705e606e608e408e407e607e507e707e506e705e805e704e802e803e703e803e702e701e7
CSIX,1537247808,024353490001,-64,6,128,43300400ebf5eaf6eaf9eaf8eaf9eafaebfbebfcecfde9feea00eb00ea01ea01e802e701e701e700e900e8ffe9fde9fde9fbebfbecf900000000000000000000000000000000000000000000ebf5eaf3ebf1eaefebefecedececedededececeaece9ece8eee9edebeeebeceaedebeeededecedededf0ecf0edf0ecefebf0ecf2
CSIX,1537332992,024353490001,-64,6,128,4330040010f010ef0fed0eee0fed0eed0dee0bed0bed0aea08eb07ea08ea08e908e70ae60ae70be80ce90dea0eeb0fec0fec0fed10f00000000000000000000000000000000000000000000011f313f414f516f515f617f817f816fa17fa18fa1afa19fa19fa18f817fa18f816f815f816f715f714f615f613f514f413f213f2
CSIX,1537366839,024353490001,-64,6,128,4330040015f215f014f013f012ef12ee11ef10ed10ee11eb0fec0eeb10ea0fea0fe811e811e912ea12ec13ec14ee14ef16f014f215f40000000000000000000000000000000000000000000014f716f716f918fa17fa18fd18fd17fd18fe19fe1bff1afe19ff19fd17fd19fc17fc16fb17fb16fa16f817f815f817f717f616f5
CSIX,1537394825,024353490001,-63,6,128,43300400eaffe800ea02ea01ea02e902eb03eb04ec04ea06eb06eb07e907ea07e807e707e706e805e904e803e901ea01e900ebfeebfd00000000000000000000000000000000000000000000edfeedfcedfaecf9edf9edf7edf7eef6eef6eef6ecf6ecf6edf6ecf7edf7ecf7edf8eef9ecf9edfaecfbecfbedfcebfbeafdeafe
CSIX,1537428148,024353490001,-63,6,128,43300400efedf3edf3f2f3ebf7eef4edf2f1f0edf1efeeefeef2ecf2f1efedeeecf0eeeeefefefebf2edf3ebf4eaf7ecf6ebf7ecfaec00000000000000000000000000000000000000000000f4eff9eef8eefaeffaebfcebfcecfdebfeeafcebfceafceaffeaf9e6fee9fbe8fdeff9e9f8e9fbeef8e8f8eaf3ebf6ebf4eaf7ed
CSIX,1537453224,024353490001,-63,6,128,43300400f6e7f5e5f3e8f4e9f2e9f2e8f2eaf1eaf1ebefeaeeebeeebedebedebede9ede9eee9eee8f0e9f1e8f3e8f4e9f6e8f7e9fae900000000000000000000000000000000000000000000fbebfceafde9fee8ffe800e800e801e902e802e703e602e603e701e601e801e6ffe8ffe8fee7fde8fbe8fce7fbe9fbe7f8e5f8e6
CSIX,1537485365,024353490001,-62,6,128,4330040006e705e703e504e803e703e702e801e701e7ffe6fee7fde7fee7fde6fce5fee3ffe500e501e602e604e704e805e906ea07ec0000000000000000000000000000000000000000000006ed08ee0aec0aee0bed0dee0eee0ef00eef0fef10ed10ed0fee0eed0def0fec0ced0ced0bed0ced0aec0aeb09eb09ea08e808e8
CSIX,1537513462,024353490001,-62,6,128,4330040006e705e504e703e703e603e502e801e700e7ffe5fde7fde7fee5fde6fde4fee4fee400e401e602e604e704e905e805ea07eb0000000000000000000000000000000000000000000005ec07ec08ec0aeb0aec0dec0ded0dee0eee0dec0feb0eeb0eec0deb0eec0eeb0deb0bec0ceb0beb09ea0aea08eb09e808e708e6
CSIX,1537547061,024353490001,-62,6,128,433004001aff1cfe1afc1afd1afb1afb18fb18f917f919f717f617f619f618f61bf61bf71bf81bf919fb19fb18fd18fe18ff170016020000000000000000000000000000000000000000000014fe15001501170316031706170616071607170719081908180818071707190718061705190519051803190317011a021b011b00
CSIX,1537573396,024353490001,-61,6,128,43300400e604e605eb06e806e906e708eb00e907eb08e90ae40bec0aea0bea0cea10e80ce90be809ed0bea08e905eb05ed00eb04ec0100000000000000000000000000000000000000000000ed02ec00eb03eafeeafeeafcedfbebfbeafbe9fbe9fae8fae8fae8fbe9fde8fceafce8fde500e9ffe9ffe7feeeffe601e502e702
CSIX,1537632827,024353490001,-61,6,128,43300400e7fae7fae6fce7fee6fce9fcea03e700e9fee701e802e803e703e702e900e602e401e6fee7fee700e8fbebfcebfdebfaecf900000000000000000000000000000000000000000000eefbeef9edf8ebf7edf5edf4edf6edf4eef2eef4eaf4eaf0edf1ecf4edf2eaf2ecf3edf6ebf4e9f4ebf6eaf7e8f9e8f5e8f7e7f8
CSIX,1537663370,024353490001,-61,6,128,43300400011b021c041b0419041a051a051706180618081a0918091709190919091a091b081b071b061905190318021701180017fe160000000000000000000000000000000000000000000002140015ff16fd17fd16fb17fb18fa16f918fa17f81af81af919fa19f919f91bfa19fb18fb1afc1afd19fd1aff19fe1cff1dff1d
CSIX,1537692958,024353490001,-61,6,128,43300400e401e202e504e603e505e504e705e708e905e809e80ae70ae70ae709e509e609e608e507e706e705e703e803e802e901e9ff00000000000000000000000000000000000000000000eb03ea01ea00e8ffe9ffe8fce9fce8fbe8fae8fbe6fbe5fbe5fbe5fbe5fae5fbe5fce8fce5fce6fde6fee5fde6ffe4ffe301e400
CSIX,1537723670,024353490001,-61,6,128,4330040014121511160f140f160f160e150d160c160c180b160a1609170a1809180a1a0c180c170d150c150d130d120e120f100f0e1000000000000000000000000000000000000000000000100c0f0d0f0f0f100f110e120e130c130d140d150d170d170d160f160d1510170e140f1410141014111311141113121414141313
CSIX,1537756057,024353490001,-62,6,128,43300400efebedeaededeeedecedecededefecf0ecf0e9f0eaf2e9f2e9f1eaf2e9f1e9f1eaf1ebefedf0edefefeef0efefeef1eff3ed00000000000000000000000000000000000000000000f1f1f2eef2eef3ecf3ebf4eaf5eaf6e9f7e9f6e8f5e7f5e6f5e6f4e7f6e7f4e5f4e7f4e9f4e7f3e8f2e8f2e7f2eaf1e8efe8efe8
CSIX,1537791393,024353490001,-62,6,128,43300400eb10ea11ed12ed12ed13ed12ef11f013f112f015f214f215f015f215f116f015f015ef14f012ef12ef0fef0fee0fef0eee0b00000000000000000000000000000000000000000000f10eef0eee0deb0eec0dea0cea0be90ae80ae80ae60be60be60ae60be70ae60be70be90ae70be80be90ce70cea0de80ee810e810
CSIX,1537813663,024353490001,-61,6,128,433004000a170c180d150d150e150e150e130f130f121113101111111212111112131213121310140f130e140c130b120b140a130713000000000000000000000000000000000000000000000911081307140716071605180418041803180319021c031c031b031b031a031b041a0418051b051a0618071a0717071a091b091a
CSIX,1537842924,024353490001,-62,6,128,43300400e6f8e5f9e6fce6fbe6fce6fce7fde7fee7ffe500e701e701e601e602e501e400e500e6ffe7fee8fde9fdeafce9fbebfbecf900000000000000000000000000000000000000000000ecfbebf9ebf8eaf6eaf6eaf3eaf2ecf3ebf2eaf1e8f0e8efe9f0e9f1eaf1e7f0e9f2e9f3e8f1e8f2e8f3e8f4e9f5e6f4e6f5e6f6
CSIX,1537884052,024353490001,-62,6,128,4330040011f111f010ef0ff010ef0fef0ef00cef0cef0cec0bed0aed0bed0bed0cec0ded0ced0dee0cef0df00df10df20ef20df30ef5000000000000000000000000000000000000000000000cf20df30ff411f411f412f513f613f613f614f616f616f616f615f515f717f514f514f615f514f514f414f413f414f314f214f2
CSIX,1537903035,024353490001,-62,6,128,4330040009150a150b150a140b140b130c110c100b120d120c100d100d100e100e110e120d110d110c100b110a1009110711061105110000000000000000000000000000000000000000000007100711061206130513041403150315031502160118001800180019021502190216031604170417041606170416051806180617
CSIX,1537933173,024353490001,-61,6,128,43300400ffd7f1e5e8f3f2ede5e1f2f3eaf5eaf1e7f6e6f7e8fadff7e4f1dffee0fbecf6def8e9f3e1f6e8f3e1f6eef4ecf3e8f3eaf100000000000000000000000000000000000000000000f8edf8e8f7e8faebfce7f4e4f9e7f9e2f8e0f5e7f4e301e0ffe4f4e2f7e4f4ddf0e8f7e4f8e1f7e8eee4f3e7edf0eae4e5dce4e8
CSIX,1537964212,024353490001,-62,6,128,43300400f3ebf3ebf2edf3edf2eef2eef2eff1f0f1f0eff0f0f1eff2eff1f0f1eff0eff0f0f0f1f0f2f1f2f0f4f0f4f1f5eff6f0f7f000000000000000000000000000000000000000000000f5f3f6f2f6f0f6eff7eff8edf8edf9ecf9ecf8ebf9e9f8e9f9e9f8e9f9e9f8e8f8eaf8ebf8e9f8eaf6ebf7eaf7ebf6e9f4eaf5ea
CSIX,1537993193,024353490001,-62,6,128,43300400ea09ea0aec0cec0bec0cec0cee0bee0def0cee0def0df00eee0fef0def0eee0eef0dee0cef0bef0bee09ef09ee08ef07ef0500000000000000000000000000000000000000000000f209f109f008ee08ee08ed07ec06ed06ec05eb06e906e906e905e906e905e806e906ea05e906e906e907e807ea07e907e809e909
CSIX,1538023270,024353490001,-62,6,128,43300400e908e80aeb0beb0beb0bec0bed0ced0dee0ced0eef0def0eee0fef0eee0eed0eee0eee0def0bee0bee09ef09ee08ef07ef0600000000000000000000000000000000000000000000f109f008ee07ed07ed07eb06eb07ef07eb05eb04e804e704e902e803e805e604e705e905e806e805e806e707ea07e707e609e708
CSIX,1538052968,024353490001,-61,6,128,4330040008e508e405e506e505e504e503e702e602e601e400e600e600e6ffe600e501e501e602e602e803e804ea04eb06ea05eb07ec0000000000000000000000000000000000000000000002ec04eb06ea08e908ea0ae80ae90cea0cea0de90fe70fe70fe70ee70ee90fe60ee70ce80de70ce60be60ce60ae70de50be40be4
CSIX,1538085107,024353490001,-61,6,128,43300400e4f7e2f8e4fae5fbe4fbe4fbe6fde6fee6fee4ffe600e601e501e601e501e500e5ffe6ffe8fee8fee9fdeafde9fbebfbecfa00000000000000000000000000000000000000000000ebfceafaeaf9e8f7e9f7e8f5e8f3e9f3e9f3e8f2e7f0e6f0e7f0e7f0e8f1e5f0e7f1e7f3e6f2e6f3e5f5e5f3e6f5e4f4e3f5e3f5
CSIX,1538112811,024353490001,-61,6,128,43300400e406e407e509e608e609e709e909e80aea0be80dea0dea0dea0dea0ce90de80de90ce90aea0aea09ea07eb06ea06ec05ec0300000000000000000000000000000000000000000000ed09eb08ea06e806e805e703e602e701e601e501e200e200e300e300e500e200e400e501e401e401e403e302e503e304e105e306
CSIX,1538148097,024353490001,-62,6,128,43300400f414f417f616f616f717f716f815f916fa16fb17fc16fc16fb18fc17fb18fa18fa17fa17f914f915f814f812f713f712f61000000000000000000000000000000000000000000000f912f612f512f313f312f113f012f011ef11ef12ec13ec13ed12ed13ed11ec13ed12ef11ee13ef13f013ef13f113f014f116f116
CSIX,1538207134,024353490001,-63,6,128,43300400f013f114f314f414f416f415f614f715f715f716f816fa15fa17fa17f918f819f917f817f815f715f613f513f412f511f31000000000000000000000000000000000000000000000f310f010ef10ee0fed0fec0eeb0eeb0deb0dea0de80de80de80ce90dea0de70fea0eeb0eeb0fec0fed10ec10ee0fed10ed12ee12
CSIX,1538233089,024353490001,-63,6,128,43300400eb0ceb0dec0eec0ded0eed0fef0ef00ff00ff012f111f211f112f212f013ef14ef12ef11f010ef0fef0eee0ced0dee0bee0900000000000000000000000000000000000000000000ee0aec09eb08ea07ea07e905e804e803e804e703e503e503e602e604e802e504e804e805e705e805e905e906ea07e907e909e90a
CSIX,1538284500,024353490001,-63,6,128,43300400fe17ff1700180116011603170117021505140415041505150617071606170619061804190417031701160016ff16ff15fd1400000000000000000000000000000000000000000000fa13f913f714f614f514f414f314f312f312f213f013f013f113f213f311f314f412f512f513f713f713f814f914f915f916fa16
CSIX,1538299790,024353490001,-64,6,128,4330040016fe18fd19fa16fc17fd17fc19fb16fb14f817f612fc17f616f617f818f219f519f718f816fa17fc17fc15fd190114fd14000000000000000000000000000000000000000000000013011503140716041405140715041507130a14091408150b140b150a140a140914081306120812051505150316ff130516021702
CSIX,1538325888,024353490001,-63,6,128,43300400f514f516f716f715f716f816f915f916fb15fb18fd16fd16fc18fd17fc19fb19fb19fa18fa17f916f815f714f614f613f51200000000000000000000000000000000000000000000f510f310f20ff110f00fee0eee0eee0ded0ded0dec0dec0eed0dee0eee0ded0fee0ef00eef0ff00ff110f111f310f212f213f314
CSIX,1538352850,024353490001,-63,6,128,433004000bef0ced0bed0aee09ee09ee08ee07ee07ed06ec06ed05ed05ec05eb06ea07e907ea08ea07ec09ec0aee0aee0cef0bf00cf2000000000000000000000000000000000000000000000eeb07f30bf20ced0bf210f710f20ff711f312f816f612f812f511f614f112f512f20ff310f50ff20ef30ff20ef30ff20ff00ef0
CSIX,1538388377,024353490001,-64,6,128,4330040003180518071705160816081609140a140a140d150d130d120e141014101510170e170d170c170b180917081707180618041600000000000000000000000000000000000000000000021501150117ff17ff18fd18fc19fb17fb19fb19f91bf91bfa1bfb1afa19fa1bfb19fc18fd19fc19fe18fe19ff17ff19011a0119
CSIX,1538415768,024353490001,-64,6,128,43300400010b10110b141c1013110e1109170d10150c1b080f0f120e14121711170f1710151114111410111011120f130f140d130a13000000000000000000000000000000000000000000000e0f0d100d120c140c130a140a15081609160918081b091c051908190718041f08190817031e081a0a150b0b0d0d0c160f230808
CSIX,1538446704,024353490001,-64,6,128,433004000b130e140e110e120f120f120f0f100f100e130f120e130d140e140d150f151015101411121010110f120e110e120c110a12000000000000000000000000000000000000000000000a11081307130716061505170517041704170317021903190219041903180319041804160517061607160716071408160a170a15
CSIX,1538472840,024353490001,-64,6,128,43300400ee07ed0aef09ef0bef0bef0bf00bf00df10df00ff10ff210f011f111ef11ee11ef11ee0fef0eee0dee0cee0bed0aee09ee0700000000000000000000000000000000000000000000ea04ea01eb01eb01ec00ecffe8ffeafbebfbecfce9fbeafceafbecfceb00e9fdedfcecfcebffed02ed01eb02ec03ee02eb03ed05
CSIX,1538504874,024353490001,-64,6,128,43300400f3f1f1f1f1f3f1f3f0f4eff4eff5eff6eef6edf6edf7ecf8ebf8ebf7ebf7e9f6ebf6ebf5ecf5edf4eef4eff4eff1f1f2f2f100000000000000000000000000000000000000000000f6eff7edf7ecf8ebf9ebfaeafbeafbebfceafceafde8fce8fce9fbe9fceafbe9fbebfaecfaebfaedf8edf8edf8eff7eef6eef6ef
CSIX,1538563208,024353490001,-64,6,128,4330040001e900e8fee9fee9fde9fde9fdeafbeafbebf9eaf9ebf7ecf7eaf7eaf6e9f7e8f7e8f9e8fae9fbeafceafdebfde9feeaffec0000000000000000000000000000000000000000000000ea03e904e805e806e908e709e70ae90ae80be80de60ce70be80be80be90be70ae908ea09e808e907e907e905ea06e805e704e8
CSIX,1538594558,024353490001,-64,6,128,4330040015f915f814f613f714f514f512f411f310f311f110f00ff010ef0fef11ee12ee12ee12ee12f012f012f213f314f313f514f70000000000000000000000000000000000000000000016fc17fe18fe190019001a021a0319041a051a051c061c061b061b0619051a0519051703190318031801190017ff18ff18fe18fd
CSIX,1538633086,024353490001,-63,6,128,43300400f7edf4edf3eef4eef3eff2eff2f1f1f1f1f1eff2eff3eef4edf4edf4ecf3ebf2ecf3ecf2eef2eef1eff1f0f1f0eff2f0f4ef00000000000000000000000000000000000000000000f9ebfbe9fce8fde7fde7ffe6ffe501e701e602e603e404e403e602e501e702e501e800e9ffe8ffe9fdeafde9fcebfceafaeafaea
CSIX,1538656569,024353490001,-63,6,128,43300400e8fae8fbe8fde9fde8fee8ffea00e901ea01e902ea03ea03e904e905e805e706e804e703e904e902e901ea01eaffebfeeefb00000000000000000000000000000000000000000000ebf8eaf7eaf5e9f4e9f3e9f1eaf1ebf0ebefeaeeeaeceaecebecebeeecefeaeeecf0ecf2ebf2ebf3ebf4eaf4ebf6eaf5e8f5e9f7
CSIX,1538682837,024353490001,-62,6,128,4330040015ef15ed14ec13ee13ed12ed10ee0fed0eed0eeb0dec0ceb0ceb0cea0ce90ee90eea0eea0eec0fed0fef10f011f00ff210f30000000000000000000000000000000000000000000010ef12f014f015f116f118f319f419f51af51bf61ef61ef61cf71cf61af81df519f619f519f518f417f318f316f218f219f017f0
CSIX,1538717581,024353490001,-62,6,128,4330040015ef14ee14ed12ee13ee11ee11ef0fef0cf00eea0ced0bed0cec0cea0ceb0de90dec0eeb0ded0eef0def0df00ff10ff20ff4000000000000000000000000000000000000000000000ff111f213f214f215f217f417f517f619f51af61cf71bf71bf81af719f71bf417f518f619f418f517f317f216f218f218f118f1
CSIX,1538743507,024353490001,-62,6,128,43300400ff1700170117011601160216021403140413051406130612061307130714071506140614041304130212011201120011ff1000000000000000000000000000000000000000000000031201130014ff15fe15fc16fb17fb15fa16f917f718f819f818f918f916f818f916fa16fa16fb17fc16fc17fc16fd17fd19fd18
CSIX,1538778130,024353490001,-62,6,128,43300400f418f41af719f619f718f818f916fa17fb16fd19fe17ff17fe18ff18fe19fe1afd19fd18fc17fb17fb15fa14f915f914f71300000000000000000000000000000000000000000000fa16f816f616f418f417f118f117ef16ee17ee16ec19ec18ed17ee18ed16ed18ee17f016ee18f017f117f017f217f119f11bf21a
CSIX,1538802963,024353490001,-62,6,128,433004000e170f1710160f141113111310111110110f1210120e120d130d130d140e150e130e130e120e110e100e0f0f0e0f0c0f0b10000000000000000000000000000000000000000000000d120c130c150b160c170a180a190918081a081b071e071d071d081d081a081e081a091a0a1b0a1a0c1a0c1a0b180c1b0d1b0d1a
CSIX,1538835778,024353490001,-62,6,128,43300400150d150d160b150a160a150a140815081406150614051404150415041604170515051506140613071207110811080f080e0900000000000000000000000000000000000000000000120612071308140a130b130d140e130e130f13101413151413131412131216131412131014111410140f1511130f15101710160f
CSIX,1538863004,024353490001,-62,6,128,43300400fa1afb1bfd1afd18fe19fe19ff170017011602180316031603170317031803190218021801160116fe15ff14fd14fd12fc12000000000000000000000000000000000000000000000114ff15fe16fe18fd18fa19fa19f919f81af81af61df61df61cf61cf51af41cf51bf61af61bf61af81af71bf81af71bf81df91c
CSIX,1538922993,024353490001,-63,6,128,433004000deb0de80be80be90ae80ae808ea07ea06eb07e805ea04e904e804e905e705e806e806e906eb07eb08ed07ee08ee08ef08f00000000000000000000000000000000000000000000009ec0aec0cec0eeb0eec11ec12ec12ed13ed13ed16ec16ec15ed15ec14ee16ed14ed12ed13ec12ed11ec12ec0fed11eb11e90fe9
CSIX,1538993148,024353490001,-62,6,128,4330040015f915f815f713f812f613f611f513f50df210f40ef40ff40ef30ef30ff210f20ff310f30ef40ff60ff60ef70ef70df80efa0000000000000000000000000000000000000000000013f716f816f918fa19fa19fc1bfd1aff1cff1c001e011e021d021d011b021d011b0119011a011a0019ff19fe16fe18fe1afd18fc
CSIX,1539012920,024353490001,-62,6,128,43300400ed0beb0ef00def0df00ef00df30df30ff70ff511f70ff811f711f810f712f611f612f611f70ff50ff50ef60df50df60cf40c00000000000000000000000000000000000000000000ef0bec09ec0be70ce70ae808e308e308e402e50ae005e106e106e206e403e304e406e605e507e508e806e605ea08e808ea0aec0a
CSIX,1539044100,024353490001,-63,6,128,4330040016fd16fb15f915f914f914f813f812f612f612f510f50ff410f310f311f111f211f211f310f410f510f610f711f70ff80ffa0000000000000000000000000000000000000000000017fc19fe1aff1c001c011c041d051c051d061e081f0a1f0a1d0b1d091b091e091b0819071b06190619051a041803190419021801
CSIX,1539104893,024353490001,-63,6,128,433004001302150114ff14ff14fe15fe13fe13fc13fc14fa12fa12fa13f913f914f815f915f915fa13fb14fc13fd12fe13ff11ff11010000000000000000000000000000000000000000000012041306130715081408150b150c140b140e150e150f1510140f150f130f140f120e110c130d120c120a130a1208130814071406
CSIX,1539136369,024353490001,-62,6,128,433004000215041605150514061506140613081308130a1409130a120a130c130c140b150b150a150914081506130514041404130113000000000000000000000000000000000000000000000113ff14ff14fd15fd15fb17fb18f916f918f718f619f619f618f718f717f619f717f816f817f916fb15fb16fc15fc16fd17ff16
CSIX,1539162813,024353490001,-62,6,128,4330040018fa18f817f716f817f616f615f614f514f515f213f313f213f213f114f016f015f216f215f315f515f615f715f814f914fc0000000000000000000000000000000000000000000014fb15fd17fd17fe18ff1901190119031a021b041c051d051c061b041a051d051a0419031a03190318021901170019001afe18fd
CSIX,1539195470,024353490001,-61,6,128,43300400ea08ea08ec0bed09ec0bec0aef0aed0bec0dee0df00df00ef00eef0fef10ed10ed0fed0eee0ded0bed0aed08ec07ee06ee0400000000000000000000000000000000000000000000ee06ee05eb05eb04ea04e903e802e900e801e7ffe5fee6ffe6fee7ffe8fee6ffe800e900e800e901e902ea02ea03e803e904ea05
CSIX,1539222961,024353490001,-60,6,128,43300400f715f816fa16fa15fc16fc16fd15ff16fe15ff1700160016011702180218011b0019ff19ff18fd18fc17fa16f915f913f71200000000000000000000000000000000000000000000f811f611f412f312f212f112f012f011ef11ed11eb11eb11ec10ec11ee10ec12ef11f011ef11f011f211f212f311f212f314f413
CSIX,1539258622,024353490001,-60,6,128,43300400061607160a1509140a140c140c130d120d120f130f120f111012111212131215111510140f140e150c150a150916081505150000000000000000000000000000000000000000000004140315011601180018fe18fd1afd19fd19fb1af81bf91bf91afb1afb18fb1bfc19fc18fd18fe18ff1700180016001802190318
CSIX,1539282837,024353490001,-60,6,128,43300400eef2edf3ecf5edf5ecf6ecf7ecf8ebf8ecf9eafaebfbeafce9fbe9fce8fbe7fae8fae8f9eaf9e9f8ebf6ebf6ecf5eef5f0f400000000000000000000000000000000000000000000f0f4f0f2f1f1f1f0f1eff2edf2edf3edf3ebf3ebf3e9f3e9f4eaf3eaf3ebf3eaf3ecf3edf3edf2edf2eef1eef1f0f0efefefeff0
CSIX,1539343702,024353490001,-59,6,128,43300400ea02e903ea05eb05ea06ea06ec06eb08ec08eb09ec09ec0aeb0bec0cea0ce90ce90be90aea08e908ea06ea05ea04eb03eb0100000000000000000000000000000000000000000000ed01ecffecfeeafdebfceafbeafaebf9eaf9e9f8e8f7e8f6e9f7e9f8eaf7e8f7e9f9eafaeafaeafbeafceafcebfde9fde8ffe8ff
CSIX,1539373437,024353490001,-59,6,128,43300400f412f413f614f713f714f714f913f914fa14fb16fc15fd15fc16fc16fb18fb18fc18fa17fa16f915f814f713f613f612f51000000000000000000000000000000000000000000000f610f30ff20ff010f00fee0fed0eed0dec0dec0dea0eea0eeb0deb0eec0ceb0ded0dee0dee0eee0eef0eef0ff10ff010f012f112
CSIX,1539402748,024353490001,-59,6,128,43300400ebfae9faeafdebfdeafeeafeebffeb00ec01ea02eb03eb03e904ea04e903e803e803e802e901e900eaffebfeeafdecfdedfb00000000000000000000000000000000000000000000edfaedf9edf7ecf6ecf6ecf3ecf2ebf2eef2ecf0ebefebf0eeefecf1eef1ebf0edf1edf3ecf2edf3ecf5ecf4edf6ebf5eaf7eaf7
CSIX,1539433377,024353490001,-59,6,128,43300400140515041502140214011501130014fe14fe15fd13fd14fc15fc15fb16fb17fc17fd16fe16fe15ff150014011402130312040000000000000000000000000000000000000000000011031205120613081306130b130c100b120b120d140f120f120f110e100d130e120c110b120c120a120b130a1209130a15091408
CSIX,1539463907,024353490001,-59,6,128,43300400160517021901160117ff1700150015fd16fc16fb15fa16fa15fa17f917f819fa18fb18fb16fb17fd16fe16001700150214020000000000000000000000000000000000000000000013031306120614081409140a150b140c140d160e150f140d1410150f140c160d130a1509140a130b16091608140a180717091507
CSIX,1539527510,024353490001,-60,6,128,43300400e503e503e602e905e805e708e907e806ea08e809e90aea0beb0cea0be70be70be90ae80bea09e908e806e806e804e903ea0100000000000000000000000000000000000000000000ec03ea01e9ffe8ffe7ffe7fee6fce8fce6fae7fae4f9e2f9e5f7e3fbe5f9e5f9e6f9e6fae6fbe5fce6fde4fde7ffe4fce500e2ff
CSIX,1539557863,024353490001,-61,6,128,43300400e7fae7fbe7fde9fde8fee8feeaffe900ea01e903ea02ea03e904e904e904e704e903e802e902e901ea00eaffeafdebfdedfb00000000000000000000000000000000000000000000edfeecfcebfbebfaeaf9ebf8eaf7eaf6eaf5e9f4e8f3e7f3e8f3e8f4eaf4e6f3e9f4e9f5e8f5e8f5e8f6e8f6e9f7e7f7e5f7e7f8
CSIX,1539599697,024353490001,-62,6,128,433004000e111011100e110e110f110e110d110c100a130b12091309130a1309140b140a130b130c110b110c0f0c0e0b0e0d0d0c0b0d000000000000000000000000000000000000000000000c0b0c0d0c0e0c100b0f0b110b110a120a130a130b160b160b150c150b150b160b160b130c160c140d140d150d120e140f150f15
CSIX,1539673778,024353490001,-63,6,128,43300400f20aec09f20ff00ef112f10df20ef011f10ef311f310f310f412f410f211f10ef211f20ef10cf10ef10af10bf109f109f00600000000000000000000000000000000000000000000f10cf20bef0cee0bef0aee0aec0aed08eb09eb09eb08e708e806ed09ea04e60be805ee07e90cef0dea0ae709eb0cea0fe70eeb0d
CSIX,1539702840,024353490001,-64,6,128,43300400ec07ed09ee0aef0bee0aef0cf00aed0af20af10ef10ef20ff10ff110f00fef11ef10ef0ef00def0dee09ee0aee08ef07ef0500000000000000000000000000000000000000000000ee04ed04ec03eb02eb02ea01ea00eb01ebffe9ffe8ffe8ffe9fee900e900e800e901ea02ea02eb01ea03ea03ea05e904ea04ea04
CSIX,1539733026,024353490001,-65,6,128,43300400ed0eee10f112f211f112f213f412f314f414f416f616f717f517f617f419f319f319f118f215f115ef12f011ee11ef0fee0d00000000000000000000000000000000000000000000ee0dec0cec0bea0bea0ae90ae809ea09e809e709e508e609e608e609e709e50ae70ae90ae70be90be90ce80ceb0ce80ce90eea0d
CSIX,1539763858,024353490001,-64,6,128,43300400f311f513f813f813f914f914fb13fc15fd14fe16fe150015ff160017ff19ff19fd1afd19fc17fa17fa16f915f815f813f61200000000000000000000000000000000000000000000f413f213f012ef13ef12ed11ec11ec0feb10eb11e912e912ea10eb12eb10ea12eb11ed11ec12ed11ee12ed12ef12ee13ee14f012
CSIX,1539824144,024353490001,-64,6,128,43300400f0f1eff4eff6eff5eef8f1f5f3faeef9f2f8efffeeffebffeb03ed03eaffebfbedfeedffeefbedfbecfbedfaecfbeef9eff600000000000000000000000000000000000000000000f0f3f0f4f0f0f4f0f2f1eeedf4e8f5e9f1ebf2ecf0e9f4ecf1ebefeaf2e8efe9f0eaf2edf0eaf0eaeeeef1ebf1edefebf0ebf0eb
CSIX,1539884922,024353490001,-64,6,128,43300400fdecf9ebf7ecf8edf9eff6ecf8eff9f0f5f0f4eef4eff3eff2eef2f0f4eef2ebf1ecf1edf5eef3edf6ecf8eef9ebf9edfced00000000000000000000000000000000000000000000f9eefbebfeedfeebfeebffe900e901ea01e9ffe900e700e600e8ffe901e704e801eb02e801e501e600e701e8ffeafde7fee7fde7
CSIX,1539913410,024353490001,-64,6,128,43300400e9fde9feea00eb00eb02eb02ed03ec05ed05ec07ec07ed08eb09ec0aea0ae90ae909e808e907e807e905e903e802e901eaff00000000000000000000000000000000000000000000ecfeebfcebfbeafbebfbeaf8eaf9eaf8e9f8e9f8e6f6e7f6e7f6e7f7e8f7e5f6e7f8e8f8e6f7e6f8e7f9e6f9e8f9e7f9e6f9e7fa
CSIX,1539943452,024353490001,-66,6,128,43300400f8ebf5ecf4eef4eff3f0f2f0f1f1eff3f0f4eef3edf5edf7ebf5e9f5e8f5e7f4e8f3e8f1e9f2eaf0ebefeceeedecefecf2ec00000000000000000000000000000000000000000000f9ebfaeafbe9fce8fde8fee8fee8fee8fee7ffe6fee5fee4fee4fde3fce5fce3fce5fbe5fbe3fbe5fae5fae5fae6fce5fae5fbe7
CSIX,1539972863,024353490001,-65,6,128,43300400eb06ec07ee09ef09ef0aef0cf10bf20df20ef210f410f411f312f414f315f115f215f014f012ef12ee10ed10ec0fed0dec0b00000000000000000000000000000000000000000000ee04ed03ed02ea02eb02ea01ea00eb00ea00e9ffe6ffe6ffe6ffe600e6ffe300e600e701e500e601e600e601e802e701e703e903
CSIX,1540032944,024353490001,-66,6,128,43300400f4edf8ecf2edf6f0f1ecf0f1f2efeef2f0f1ebf0edf3ebf1eaf1e9f1e8f1e7efe9eee8edeaeeebebecebeeebeee9f1ebf4e700000000000000000000000000000000000000000000f7eafeeefce9fbedfee7f9e802e9fde500e9ffe5ffe903e2fee703e5fde402e4fee1fee900e3fde700e8fce6feebfae7fdebfbe6
CSIX,1540062891,024353490001,-66,6,128,43300400f50ef912fc11fd15fb12fd14f90ffd1201110216031c0315041506150815051b0518041a0118021bff19fd19fb1bfa16f81700000000000000000000000000000000000000000000f40cf00af00bed0eef0de90bed0cec09ee0cec0ce713eb0beb09ea0cf10be80bed0deb09ef0def09ec0bf00cf10def0ef20cf10f
CSIX,1540093333,024353490001,-64,6,128,43300400fc14fd140014011402140314051306140511081509130a140b150b150b170b180a190919081707180418041803190117ff1600000000000000000000000000000000000000000000fb13f914f813f714f613f514f414f413f314f314f216f316f315f316f315f217f316f515f417f516f616f616f815f616f716f816
CSIX,1540155839,024353490001,-63,6,128,43300400f8eaf7eaf5ecf6ecf4edf3edf3eff1eff1f0f0eff0f0eef1edf0edefedefeceeedeeeeedefedf0edf2ecf3ecf5ebf7ecf9ec00000000000000000000000000000000000000000000faeefaedfbecfcebfcebfeeafeeafeeafee9ffe8ffe6ffe6ffe7fee7fee8fee5fde7fde7fce6fce6fae7fbe6fbe8fbe6fbe5fae6
CSIX,1540186390,024353490001,-63,6,128,43300400f513f614f914f913fa14fb14fc13fd13ff12ff1401130214021502150217011801170018ff16ff16fc15fc14fb15fb13f81200000000000000000000000000000000000000000000f813f613f513f414f313f113f013f012ef12ef12ed14ee14ee13ee14ee12ee14ef13f013ef14f013f114f014f214f115f116f216
CSIX,1540219020,024353490001,-61,6,128,43300400f3e5faedeff8e7f1eceff1f5ebfee9f9eff9eb02e803ea03ec08ec09ea09ed0bed0eed0df00def0ff00cf40df110f10df50b0000000000000000000000000000000000000000000014000cfe12f71bfa13fe0ef715f41af912fc0ff01cf216f90cf113e619ec0ef203e90ae510e907eefce802de06eaf9eaf7deffe1
CSIX,1540242769,024353490001,-61,6,128,43300400031a031b071a0518071907180816081609150b170b150b140c150c150d160d180c170b170a1609160815061505160415031400000000000000000000000000000000000000000000051104120314021502150017ff18ff17fe18ff19fd1bfe1bfd1bfe1afd1afd1dfe1aff1aff1b001b001b001c001b001d011e011d
CSIX,1540273295,024353490001,-63,6,128,433004000ee90ee90be90bea0ae90ae909ea07ea06ea05e803ea02e903e902e803e703e703e704e705e905e806e907ea08ea08eb0aed0000000000000000000000000000000000000000000008ee09ee0aee0ced0ded0eed0fee10ef10ef11ed12ec12eb12ec11eb12ec13ea12eb12eb13ea12eb12ea13e911ea12e813e713e8
CSIX,1540304045,024353490001,-62,6,128,4330040016061705150314031403150213011200130013fd12fd13fc11fc12fc14fc14fc13fd13fd13fd13fe12ff12001201110010020000000000000000000000000000000000000000000011ff1201130214031303140514061306140715071609170816091708160918091709160817081708170718081607180819081808
CSIX,1540333435,024353490001,-61,6,128,43300400180d190c180a170918081807160616041504170215011600170017ff18fe19fe18ff18ff170017011602160316041405130600000000000000000000000000000000000000000000130713091409140b150c140e140f130f15101511161317141614171315121814161217111711181017101811171018111a111811
CSIX,1540363128,024353490001,-62,6,128,433004000a150b160d140c130f130e120e100e0f0f0f110f110d110c130c140c140d150e140e130f130e120f100f0f100f110d110b11000000000000000000000000000000000000000000000b100a110a130915091507160717061706170618061b061c051b061b051a061c061a0619061b0719071908190717081a0a1a0919
CSIX,1540397718,024353490001,-62,6,128,43300400f814f915fb14fc12fb13fc15fd1301120314021503140414031505160416041803170117011600170015fe15fd15fe14fb1200000000000000000000000000000000000000000000f813f612f413f312f213f012f012ef11ef12ed12ec13ed13ed12ed13ef12ed14ef11f012f012f011f212f112f313f313f315f413
CSIX,1540424910,024353490001,-63,6,128,4330040008ea07e905e904ea03e903e902ea00e900eafee9fde9fdeafde8fce8fde6fee5fee6ffe6ffe800e801e903e903ea04eb05ec0000000000000000000000000000000000000000000008e90be90ce90ee80ee911ea11ea12eb12eb13eb15ea15ea15ec14eb13ed14ea12ec11ed11ed10ed0fec0fec0ded0dec0deb0ceb
CSIX,1540487386,024353490001,-63,6,128,43300400e803e704e906e905e906e906ec07eb08ee08ec0aee0bee0bec0cee0cec0ded0cec0cec0cee0aed09ee08ee08ed07ef06ef0500000000000000000000000000000000000000000000e705e602e601e400e5ffe3fde3fce4fbe3fae3fae1f9e1fae2f9e2fae4f9e3f9e4fae6fbe4fae6fbe6fde6fde8ffe6ffe401e501
CSIX,1540513593,024353490001,-63,6,128,4330040017f918f815f516f715f515f513f512f411f412f110f20ff110f010f111f012f011f111f210f311f310f510f511f60ff710f90000000000000000000000000000000000000000000015f716f918fa19fb19fc1afd1afe1afe1b001b001d011d011c021c001b011d011a0019ff1bff1aff18fe1afd17fd19fc1afb19fa
CSIX,1540545769,024353490001,-63,6,128,43300400f3eaf2eaf1ebf2ecf0edf1edf1efeff0f0f0eef0eef2edf3edf2edf2ecf2ecf1edf2eef1eff2f0f1f1f1f2f1f2f0f4f1f6f100000000000000000000000000000000000000000000f4edf5ecf6ebf6e9f7e9f8e8f9e7f9e8fae6f9e6fae3fae3fae3f9e4fbe5fae3fae5fae6f9e5f9e7f8e8f8e7f7e9f6e7f5e6f5e8
CSIX,1540572988,024353490001,-63,6,128,43300400f7e6f7e8f4e7f7eaf6e9f5e9f6ebf4ebf4ebf2ebf2edf2eef2eef0edf1edf0ebf2edf3ecf4ecf5ecf6edf7ecf8ecf9eefbee00000000000000000000000000000000000000000000f6edf8ecf8eaf9eaf9e8fbe8fbe6fde7fde6fee4fee3ffe2fee3fee3ffe5fee1fee5fee4fee5fee5fde6fce5fce6fbe5fae4fae6
CSIX,1540603266,024353490001,-62,6,128,433004000beb0be909ea09ea08ea08ea07ec06eb05ec05ea03eb03eb03e903ea03e904e904ea04ea04eb05eb06ed06ee08ee07ef08f00000000000000000000000000000000000000000000007ee09ed0aee0ced0ced0ded0eed0eee0fee0fee12ed13ed13ed12ed12ee13ed12ee10ee11ed10ee0fee0fed0dee0fec0feb0feb
CSIX,1540634504,024353490001,-62,6,128,4330040017fa17f917f716f816f715f713f713f512f613f412f411f312f311f212f113f112f312f311f412f512f612f712f811f911fb0000000000000000000000000000000000000000000014fa14fc15fc17fd17fe17ff1800170018001a021b031c041b031b0319031c021901190119021901180019ff17ff19ff1afe19fd
CSIX,1540663114,024353490001,-62,6,128,43300400e8fae6fbe7fce8fde8fde8fdeafeea00ea00e901ea02ea03e902e903e802e802e802e901eb00ea00ebffecfeecfdedfdeefb00000000000000000000000000000000000000000000eafeeafbe9fae8f9e9f8e9f6e9f6e9f5e9f5e8f4e7f2e6f2e7f2e7f2e9f2e7f1e8f3eaf4e8f3e9f4eaf5e9f5eaf7e8f6e7f7e7f7
CSIX,1540696849,024353490001,-63,6,128,43300400e401e502e605e603e704e704e904ea06ea07e908eb09eb0aeb0aeb0bea0be90aea0aea09eb08ea07eb06eb05eb04ed03ed0200000000000000000000000000000000000000000000ea04e900e700e7ffe7fee7fce5fce7fae5fbe5f9e3f8e3f9e4f8e4f9e5f8e2f9e4f9e5fbe5fae5fbe5fce5fce6fde4fde3ffe4fe
CSIX,1540722995,024353490001,-63,6,128,4330040019021a0219001800180018ff16fe16fd14fc16fb15fa14f916f915f916f916f917fa16fb15fb15fd15fd13fe14ff120012010000000000000000000000000000000000000000000014fe1400150117031603170516061607170717071a081a091909190818091a0a190817071908180718061906170519051b051a05
CSIX,1540753850,024353490001,-63,6,128,43300400fc18fb19ff18fe17ff18ff17001500150115021702140415041605160417041704170316021501150014ff13fe14fd12fc1100000000000000000000000000000000000000000000ff12fd12fc13fb13fb14f814f915f814f815f715f517f517f416f517f615f518f616f715f717f817f917f917f916f818f919f919
CSIX,1540787360,024353490001,-64,6,128,43300400e600e500e602e701e702e702e903ea04eb04e806ea07ea07e807e908e708e707e807e707e905e804e902ea02ea00ebffedff00000000000000000000000000000000000000000000ed02ecffecffebfeebfdeafceafcebfbeafbe9fae7f8e7f8e8f8e7f8e8f8e7f8e8fae9fae7fae9fbe7fce7fce9fde6fce4fde5fe
CSIX,1540812971,024353490001,-65,6,128,43300400e603e505e506e605e606e606e906e908ea09e80aea0ceb0ce90dea0de90fe70ee80ce80ce80ae709e908e806e706e905ea0200000000000000000000000000000000000000000000ec02ebffebffe9feeafde9fbe9fbe9fae9fae8fae6f9e6f8e7f8e7f9e7f9e5fae8fbe8fbe6fce8fde7fde6fee8ffe6ffe501e601
CSIX,1540845958,024353490001,-66,6,128,4330040008e707e505e705e703e704e603e801e4feeafce6fee7fbe7fce6fce5fce3fce2fde3ffe2fee500e402e403e504e605e706e80000000000000000000000000000000000000000000007eb0aec0bec0cec0ded0eec0fed10ed11ec11ec13eb12eb12ec12eb11ed11ea10eb0eeb0feb0deb0cea0dea0bea0ce80be70ae7
CSIX,1540875241,024353490001,-65,6,128,43300400fc1d340a221e312d3f22360826041b111f200df91c1b2c0c4521201e29043a053d092f062b093016320e270e300e2a142617000000000000000000000000000000000000000000000f1c1226102310260d2a0f25102d0c2b113204250a2c0329013e062b0f2b083010290b28122c0c291b2c2029082a142e090e022f
CSIX,1540910669,024353490001,-67,6,128,43300400f212f113f213f113f313f414f510fb12fb16fc15fc14fe16fc17ff19fe1afb1cfd1cfa1bfa1af71af719f518f418f516f31400000000000000000000000000000000000000000000ef0fed0eec0dea0deb0ce90ce80be808e80ae709e50ae40be509e70be80ae50be90be90be90bea0beb0cea0dec0dec0fed10ed11
CSIX,1540934218,024353490001,-67,6,128,43300400f8eef8ecf8eff7edf6eff5f0f5f0f5f3f3f4f0f4f1f4eff6eef4eef4ebf3ebf1ecf1edefeef1efeff0eef2eef1edf2eff6ec00000000000000000000000000000000000000000000fdecf8ecfaebfeed00e6ffe603e604ec03eb01ec00e101e700e804e604e601ebfce8fdecffe7feebffebfde9fbecfaedfbe9faeb
CSIX,1540963167,024353490001,-67,6,128,4330040007ec07ec05eb05ec04ec03ec01ed00edffedfcecfbebf9ecf9eaf8e9f8e7f8e6f9e5fae6fbe6fde6ffe600e701e601e803e9000000000000000000000000000000000000000000000def0fef10ef12ef12f013f014f214f215f316f318f117f217f316f215f315f313f311f213f211f20ff10ff00df10def0ded0cee
CSIX,1540992889,024353490001,-68,6,128,4330040003ed02ec00ec00edfeedfdedfdeffaeff9eef7eef6eff4eff3edf2edf2ebf2eaf3e9f3e8f5e9f5e8f7e8f9e8fae7fbe9feea0000000000000000000000000000000000000000000008ec0bec0cec0eeb0fec10ed11ed10ef12ee12ed14ed13ed13ef12ee11ef12ee0fef0eef0fee0def0cef0cee09ee0aed08ec07ed
CSIX,1541022887,024353490001,-67,6,128,4330040009ef07ed06ee07ee05ed04ec01ed00ef00eefdecfbebfaecfbe9fbe9fae7fae6fbe4fce5fde8fee601e601e803e803e805e9000000000000000000000000000000000000000000000ff011f012f114f112f316f215f415f516f317f51af418f518f517f416f515f515f413f515f512f311f110f10ef30ff30ef10ef0
CSIX,1541056931,024353490001,-67,6,128,4330040010091209120612051205130413021200130015fc14fc14fc17fb17fb19fa1bfb1bfd1cfe1afe1a0019011903190416041506000000000000000000000000000000000000000000000f100e120e130d150c150b160a170917091709170a19091909180a1709150a1709140a120b130a120c110d100c0e0e0f0f0e100d
CSIX,1541083544,024353490001,-67,6,128,43300400ef0bef0df00df20df20ef210f50ff410f611f714f814f916f719f818f51af61af41af319f318f117f015f014ef14f012ee0f00000000000000000000000000000000000000000000e803e701e7ffe5ffe6fee5fce5fce7fbe6fbe6fae5fae5fae7fae6fbe8fbe8fce9fdebfeeafeeaffea00eb02ed03ec04ec06ec07
CSIX,1541112770,024353490001,-67,6,128,4330040014fb14fa15f912f913f813f712f611f412f211f011ef11ee12ee13ec15ec18eb16ed18ee18f018f219f419f419f618f717fa0000000000000000000000000000000000000000000017071609180a160b170d150e1410121013101411141114111410140e120e140e120b130b120a1309120613071205130415021301
CSIX,1541144825,024353490001,-67,6,128,43300400fc0310f814f31c0301f409ed2df60df007e718e406ef08f10ce207ea0be40ee713ec11ec0de70ee210ef13f511f317f314f20000000000000000000000000000000000000000000013f314f519f817f815f815ff14fd17001a001df917f912fb17fb150419ff220715fb0ffd110115fb11f412fb0603140722f819f4
CSIX,1541176360,024353490001,-67,6,128,433004000bf30af20af008f108f008ef07ef05ee04ed03eb02eb01ea03e902e803e704e505e606e607e808e909ea0aeb0bec0aed0bee0000000000000000000000000000000000000000000013fb14fd14fd14fe14fe15ff15001401140114021602150114021400120014ff11fe10fe11fd10fd0ffc0ffa0dfa0ef80ef70ef6
CSIX,1541233778,024353490001,-66,6,128,4330040012f313f212f011f111ef11ef10ee0fec0feb10e80fe90ee810e710e612e513e513e616e614e915ea16ec17ee17ef16f117f3000000000000000000000000000000000000000000001401140215031404140415061406130614061507160815071507150613051504130312011300120012fe13fe11fb12fb13f813f7
CSIX,1541293558,024353490001,-65,6,128,433004000eec0fea0dea0deb0ce80ce80ae909e80ae709e508e508e509e409e30ae20ce10ce20de30ee50fe50fe811e912ea11ec12ee000000000000000000000000000000000000000000000ff711f811f911f911f913fa12fa12fa12fb13fa15fa14f913fb13f812f914f812f810f711f611f50ff410f30ff310f210ef0fee
CSIX,1541322973,024353490001,-65,6,128,43300400170a180a19091809190819081707190419051d051a031b031c021d011e0420051d071e071b081a081a0a180b180c150d130e000000000000000000000000000000000000000000000d0e0c0f0b0f0b110b100a110a1209110a11091209140b140a130b120b120c130c100d0f0e100e0e0f0d100e100c120e140e140d
CSIX,1541355131,024353490001,-65,6,128,4330040013111511160f150e170f170e150d160c160b190b180a19091a0b1a0a1b0b1c0d1b0d1a0f180f171015101410131211120f13000000000000000000000000000000000000000000000b0f0911091109120812071307140713071407130816081508150a1509140a160a140a130b140c120d120e120e10101212121212
CSIX,1541394358,024353490001,-64,6,128,43300400e804e805e906e905ea07e806eb05eb08ea07e90aec09ec0aea0aeb0be90be80ae809e808e907e906ea04ea03e903eb01eb0000000000000000000000000000000000000000000000ef02ee01ee00edffedffedfeedfeeefdedfdecfdeafceafceafceafcebfde9fdeafeebfeeafeeaffea00ea00eb01e801e802e902
CSIX,1541413362,024353490001,-64,6,128,43300400de4cfa40fe51f443004e0b4bfa36083e063c13430d4411400e3e1338184611450c450a42133e103b0b3d083efb48033bf43700000000000000000000000000000000000000000000f92fed33e52be937e730eb2ae632ee2ce72eee37dd38d73be73ee241e441dc34dd2dee38d53de835ec30d351df24e53ed456fe45
CSIX,1541443503,024353490001,-63,6,128,43300400e8ffe8fee800ea00e900e901ec00eb05e701ec02eb03ec04eb04eb05eb05e905eb04ea03eb03eb02eb02ec00ecfeedfeeefd00000000000000000000000000000000000000000000effceffbeefbeefaeefaeefaedf9eff8edf8ecf6ecf5ebf5ecf4ebf6ecf7eaf7edf7ecf9ebfaebf9ebf9e9fbebfbeaf9e8fae9fb
CSIX,1541473593,024353490001,-64,6,128,4330040019001a001afe19fe1afe19fd18fe17fb15fb17fa16f915f916f816f818f818f819f918fa17fb17fc16fd15fe16fe14ff140200000000000000000000000000000000000000000000140014011502160315031705160616071607160719081908180819071808190819071706190619061804190417031a031b021b03
CSIX,1541534567,024353490001,-66,6,128,43300400170716061704150317031701150114001400150015fe14fd15fc15fc16fc18fd17fc17fd15fe16ff1500150115031303130500000000000000000000000000000000000000000000170516071808170a170b170d180d160d170e170f1812181217121711150f1811160e160d170e170d160c170b160a170e180c170b
CSIX,1541571602,024353490001,-66,6,128,43300400ebf3ee08eb03eafbe9f9e9fae8fbf103e707eefbe703ed08e903f502ea0aed06ee04ec05eb03eb04ec05ef02ec02ee01efff00000000000000000000000000000000000000000000e901e9ffe8fee7fde8fde7fce4fae9f8e6f7e5f7e5f3e3f4e0f5e7f4e7f9e8f4e6f9edfde3f6e8f9e3f8defbf2f7e8f7d9fbdfff
CSIX,1541602851,024353490001,-67,6,128,433004000ff00fef0cee0df00cef0bef0af008ef08ef08ee06ef05ee04ee04ed04ec05ec05ec07ed05ee06ef07f007f008f008f109f2000000000000000000000000000000000000000000000cef0ef00fef10ef11f014f014f113f215f215f218f218f118f217f117f218f116f214f215f114f214f113f012f113f115f013f0
CSIX,1541624333,024353490001,-66,6,128,43300400130d150d130b130a130a1309130812071105130511031203130312031403140414041405120412061106100610070f070d080000000000000000000000000000000000000000000012061209120b140c130b120e130f080c120e110e141317130f191515131417171213121113131212120e1412120f121216111410
CSIX,1541685046,024353490001,-67,6,128,4330040019f518f417f315f415f415f414f412f311f312f10ff10ff10ff10ef00ff010f00ff00ff20ff30ef30ff50ef50ef50df70df70000000000000000000000000000000000000000000010f412f514f615f515f617f618f918f91af81bf81efa1ef91df81df81cfc1ef91cfa1bf91cf91bfa1bf91cf81af61cf71cf61cf6
CSIX,1541745581,024353490001,-68,6,128,433004000aea08e907ea06eb06eb05eb04ed02ec02ed02ec01eeffef00eefeeefeeeffeefeeeffeefef0fff000f100f100f200f201f30000000000000000000000000000000000000000000002ed04ec06eb07ea07ea0be80be90bea0ee810e811e712e612e812e812ea12e712ea0fea11e910e80fea0fe90eea0fea0fe80ce8
CSIX,1541840987,024353490001,-67,6,128,4330040002e800e800eb00ebfeebfdecfdedfceefcf0f9eefaeff9f1f8f0f8f0f6f0f7f0f8eff8f1f9f1f9f0f9f1faf2fbf1fbf1fdf100000000000000000000000000000000000000000000fbedfcecfdeafee8ffe801e703e604e605e605e507e307e308e407e409e408e307e507e607e507e705e606e605e705e605e504e6
CSIX,1541893523,024353490001,-66,6,128,43300400eb08ee0cee0df009ee0df10df109f30bf30ef50ef410f710f80ef50ff70ff811f710f60ef70ef60ef60cf60cf60df60bf70a00000000000000000000000000000000000000000000f10aef0aed0aeb0aeb09e908e807e707e705e807e405e205e505e605e506e504e405e804e505e705e904e708ea08e709e506e609
CSIX,1541926854,024353490001,-66,6,128,43300400011a021905190416051606160613071208130a120a100b0f0b100d100e100d120d120d120b100b110a110a11081107100610000000000000000000000000000000000000000000000614051503180319021a011aff1cfd1cfd1cfc1efb21fb20fa20fc20fa1cf921fa1dfb1dfc1dfb1dfd1cfd1dfe1bfd1dff1eff1d
CSIX,1541952889,024353490001,-66,6,128,43300400ed0eee0ef00ff10df10ef20ef30df40ef50ff611f810f911f911f812f912f813f812f712f710f710f60ef60ff60ef60df50c00000000000000000000000000000000000000000000f50ff30ef10fef0fee0fed0eeb0deb0de90ce80ee60ee60ee70de70de80be40be70ae80be80be90bea0be90ceb0cea0cea0eea0e
CSIX,1541985804,024353490001,-66,6,128,43300400f10df00ef30df30ef40ff30ef70df60ff70df70ff80efa0ff811f80ff710f710f611f50ff60ef50df50bf60bf40bf50bf4090000000000000000000000000000000000000000000006fef007fc0fff1afc15f90eea11f216f10dec13eb15ed0fed11ee10e80eeb0feb0aee0aeb0eef0def0ded0df10eed0eee0fef0f
CSIX,1542048851,024353490001,-66,6,128,4330040015f714f613f513f613f512f40ff50ff40df30df20cf30bf30bf20af20bf00bf10cf20cf10bf30bf40bf50bf60bf50af60af70000000000000000000000000000000000000000000011f212f314f316f416f418f51af618f71af81bf81ef81ff91efa1dfa1cfb1efb1bfb19fb1bfb1afb19fa1afa17f919f819f718f7
CSIX,1542072909,024353490001,-66,6,128,43300400e801e802ea03eb03ec04ec04ee04ef05ef06ef07f207f208f108f209f209f209f209f208f307f307f406f406f405f505f50400000000000000000000000000000000000000000000ea05e903e802e601e600e5ffe4fde5fde4fce3fbe1fae0f9e2f8e2f9e4f9e1f8e5f9e5fbe5fbe5fae5fae6fde7fee6fde6fee7fe
CSIX,1542105145,024353490001,-67,6,128,4330040004170618081506130715071407110911080f0a0f0a0d0b0b0b0c0b0c0c0c0c0c0b0c0b0b0a0b0a0b080b0809080907090609000000000000000000000000000000000000000000000a160719071a051b041c031d011e001e001fff20fe22fe23fc22fe21fc1ffc22fd1efd1dfe1dfe1cff1b001d001a011b031c031b
CSIX,1542194302,024353490001,-66,6,128,43300400fcecfcedf9eef9eff9eff8f0f9f2f7f2f8f4f5f3f6f4f4f5f3f6f4f6f3f6f2f6f2f5f3f4f4f5f4f5f5f5f6f6f6f5f7f6f8f500000000000000000000000000000000000000000000f9edfbebfcebfce9fde9ffe800e701e802e701e602e403e403e403e504e604e603e703e902e802e901ea00ea00eb00e9fee9ffea
CSIX,1542227085,024353490001,-64,6,128,43300400eff5e0ffee04f2fcf210e40a06fdfe13f813070b0509090f1104120a0a0b120013fe12f811f60bf20ff109f3f9e00df000f500000000000000000000000000000000000000000000e508ec05e405e815ef0d0212e538f11704140621f5f71f170f1f0c0c11101e0d150916f914f4140704e71be3050fefd902ddfaf9
CSIX,1542252960,024353490001,-67,6,128,43300400eafbe9fdebfeeaffeb00eb00ed02ee02ef03ee05ef06ef07ee08ee09ed09ec09ee09ec07ed07ee07ee06ee06ed05ef04ef0100000000000000000000000000000000000000000000eaffe9fde9fbe7fae8f9e7f8e7f7e7f6e7f5e6f4e4f3e4f2e6f1e5f2e8f1e6f0e8f2e9f3e8f2e9f4e9f6e9f6eaf8e8f8e7f8e9f9
CSIX,1542291890,024353490001,-67,6,128,43300400e9f9ebf7e9f8ecf8edfaecfcedfcedfdeefeecffee00ee02ed02ee02ec03ec03ec03eb02ed02ed02ed00ee00eeffefffeffe00000000000000000000000000000000000000000000ecfaebf8eaf7eaf5ebf4ebf3ebf2ebf1ebf0eaf0eaedeaedecede9edebeeeeedecefebefeeeeeef1ebf1edf0edf2ecf1e7f4e8f5
CSIX,1542314947,024353490001,-67,6,128,43300400f6eaf6eaf5ecf5edf4edf4eef4f0f4f1f3f1f2f2f2f4f1f5f1f5eff5eff4eff4eff4eff4f0f4f0f3f2f3f2f4f2f3f4f3f4f200000000000000000000000000000000000000000000f4edf5eaf6e9f7e8f8e8f8e6f9e5fbe6fbe5fce5fce1fde2fee2fde2fee4fee1fde4fde6fde6fce6fbe8fbe7fae9fbe7f9e7f8e8
CSIX,1542343325,024353490001,-69,6,128,43300400e9fbe9fbeafcebfdebfdebfdedffed01ee01ee02f004ef06ee05ef07ef07ee07ed08ec07ee07ed06ee03ef05ef02ee03ef0100000000000000000000000000000000000000000000eafde8fae9f9e7f7e8f7e7f5e8f4e8f3e8f1e8f1e6efe7f0e7efe6f0e9f0e7efeaf0eaf2e8f2ebf2e9f5e9f4eaf6eaf5e8f6e9f6
CSIX,1542402956,024353490001,-72,6,128,4330040000100110040f040e050e070d050b070b0709080908060b050b020e020e021103110312031104130512061404140711060f0b00000000000000000000000000000000000000000000fe1afa1afa1af91bf71bf51bf51cf41af31bf21cf21ef31cf21bf31cf319f21bf419f517f518f717f816f816fa15fa16fc16fc14
CSIX,1542553192,024353490001,-65,6,128,4330040015ea08ef0dec11f800e504e602ec03ee01f104ee03e901ef05eef9eff9eaf7ebf9ebf7eafeedfdecfbea01e900e803e804eb000000000000000000000000000000000000000000000bee08ed0dec0bed0eec0fee10eb0feb11ed13ee17e812f117ee16e61bee1ae91cf10be610e812ed0ce812eb13eb0feb16ec15e6
CSIX,1542585170,024353490001,-65,6,128,4330040012061505130412041203110210010f0010ff11fd0ffd0efd0efc0ffb0ff80ffa11f910f910fa11fa11fb11fc12fc11fd10ff00000000000000000000000000000000000000000000120213021305130513051407140914091409150a170c170c160c170c160c160c150b140a150b150a150a150a1409150a160b160a
CSIX,1542702791,024353490001,-63,6,128,4330040000eaffe9fee9feeafeeafdebfdedfbedfaecf9ecf8eef9eef8eef6ecf4ebf7eaf6ecf9ebf9eaf7ebfbecfdeafbecfdec00eb0000000000000000000000000000000000000000000000ee01ee02ed03ed04ec05ec06ea06ed06ec07ea08e808e908e908e907eb08e807eb07ea06e906ea05ea05ea04ea05e904e803e9
CSIX,1542733126,024353490001,-63,6,128,4330040015f516f313f313f413f312f210f310f10ef20eef0cf00cef0dee0cee0eec0eed0fec0fee0ff010f010f20ff311f310f510f60000000000000000000000000000000000000000000011f512f613f715f715f817f917f916fa18fa18fa1bfa1bfa1bfb1afa19fb1bfb19fb17fb19fa18fa17f918f815f818f818f618f5
CSIX,1542764427,024353490001,-63,6,128,43300400ec06ec07ed08ee07ef08ef09f009f20af20af20cf30bf40cf30df40df30ef20ff20df20df20cf10bf10af109f109f207f20600000000000000000000000000000000000000000000ef07ed05ec05ea04ea03ea02e902e901e900e800e600e6ffe7fee7ffe8fee6ffe8ffea00e900e900ea02e902eb03e902e904ea04
CSIX,1542794439,024353490001,-64,6,128,4330040016fb17fa15f815f914f814f711f711f510f511f30ff40ff30ff20ff110f111f010f111f211f212f312f511f612f711f910fa0000000000000000000000000000000000000000000014f915fb17fb18fc18fd1aff1a0019001a011b021d031d031c041c031a031d031a0319021a02190119ff1a0017ff1aff1afd1afd
CSIX,1542826652,024353490001,-66,6,128,43300400081509150a140a130b120b120b100d0f0d0d0f0e0f0c100b110b120b120c130d130d120e110e10100e0f0d100c100a0f090f0000000000000000000000000000000000000000000008150716061705180418021b021a001a001bff1bff1eff1dff1d001efe1c001dff1c0019011b01190219031a0319041905190518
CSIX,1542854147,024353490001,-68,6,128,43300400130713061405110412031102100110ff10ff10fd10fb0ffb10f911f913f813f913fa12fa13fc13fc13fc12ff110010010e02000000000000000000000000000000000000000000001408140a140b140d140d130f1210121113111312131413151412131312121312120f120f120f120e130d140e120c130d130d140b
CSIX,1542883921,024353490001,-68,6,128,4330040017fc17fb15f913fa13f812f711f70ff60ff60ff40df30cf20df20cf00def0fee10f010ef0ff010f211f311f412f511f711f90000000000000000000000000000000000000000000017fc19fd1afe1b001b011c021b031b031c041c051e061d061e061c041b041e041b031a021c031b021b001b0119011b011c001aff
CSIX,1542913029,024353490001,-67,6,128,4330040009110a110b0e0a0d0a0c0a0c090a0b090b070d060c050c040d040d030f031003100410040f040e050f060d050e070c070b08000000000000000000000000000000000000000000000e120d140b150b170b1709190819071906190619061c061c051a071a0619071a0719071708180817091708180815091708170915
CSIX,1542943062,024353490001,-67,6,128,4330040011f310f30df30df30cf30bf309f407f207f305f203f202f202f100f200f000f000ef01ef02ef02f103f003f104f103f204f30000000000000000000000000000000000000000000010ef13ef14f016f016f119f219f319f51af51af51df51cf51bf61af41af51bf419f517f419f418f417f317f216f317f316f315f3
CSIX,1543002863,024353490001,-66,6,128,43300400091409130b1209100a0f0b0e0b0d0a0c0b0a0d0a0c090c080e080d070f080f090e080e080e080e090d090c0a0b0b0a0a090b000000000000000000000000000000000000000000000d100c110b130b140b150916091807170818061a061b061b061a071a0618071b071807180719081808170917081708180a190917
CSIX,1543035350,024353490001,-65,6,128,43300400170c180a17081608160714071306130412031301120011fe13fe12fd13fd14fd13fc12fd12fd13ff11ff11ff100010011002000000000000000000000000000000000000000000001805180719081a0a1a0b1a0e191018111911181219141a1319141a1319131b13181218101912181118101911180e1a101b0f1a10
CSIX,1543062987,024353490001,-65,6,128,433004000b110c110d0e0b0d0d0d0d0c0c0a0d090c080e070d060c040d040e040e0310030f030e030e030e040d040d050d050c050b06000000000000000000000000000000000000000000000e0f0d120d130d140c140a170917081609170918081b081a071909190818081908170916091709160a150b160a140a160c160c14
CSIX,1543093180,024353490001,-65,6,128,43300400f714e516f6080711fc1ef60f08070f1601120c0219080e0d08fe15fb190609fe0def17f50dfd04f20eee0df702f304eb0af10000000000000000000000000000000000000000000014f91afb14fb16f119f415f610ed17eb12f109e811e20ceafee601dd06e8f5eaf0defce9f1f7e2efeee9f3fbe202e5f2f302e612
CSIX,1543122863,024353490001,-63,6,128,4330040006fff900fd11f10bed10e80bea0be906f207f309f50bf70ef612fe12f815fb1bf818f71af619f518f417f413f510f70df90c0000000000000000000000000000000000000000000016f018f115f216f114f015ec17ed15ec1ae918ed19ee18ee17ef15ee12ec16ef0ded0df606ef06f3fff3fef0faf4f7ee01f0fced
CSIX,1543152965,024353490001,-64,6,128,4330040015f215f112f011f011ef11ef0ef00eee0def0ded0bed0aed0bec0aec0beb0ceb0ceb0cec0cee0dee0def0df00ef00cf20ef40000000000000000000000000000000000000000000011f114f216f318f317f41af51af719f71bf91bf81ef91df81cf91cf81bfa1cf81af819f819f719f618f518f516f418f418f218f2
CSIX,1543185986,024353490001,-63,6,128,43300400eaf9ebf8ebfae9f9e9fceafdeefcebfdebfee900ec00ec00ea00eb01ea01e900eaffe9ffebffecfeecfcecfcedfdeefbf0f800000000000000000000000000000000000000000000ecfceff8edf7e9f4eaf4ebf5eff4efefedefebf1edf3eef0ededebeeeef3ebf1eef0f0f0ecf2ecf5edf5eef4ecf3e9f6eaf7ecf6
CSIX,1543214187,024353490001,-63,6,128,433004000019011a031903170518051805160617071508170815091509160a160a17091809170917081606160516041502160115ff1500000000000000000000000000000000000000000000ff16fd17fc17fa19fa18f818f719f717f618f518f31af31af418f518f617f51af718f817f918f918fb17fb18fc17fc19fd1bfe1a
CSIX,1543245905,024353490001,-63,6,128,43300400efeeeeeeeef0eef0edf1edf0eef2ecf3eef3ebf5ebf5ebf6ebf5ebf6eaf4eaf4eaf4eaf3ecf3ecf2eef2eff2eff0f1f1f2ef00000000000000000000000000000000000000000000f0f1f1eef2edf2eaf3ebf4e8f5e8f6e8f7e7f6e8f6e5f6e6f6e7f6e7f7e8f6e6f6e9f6ebf5e9f5eaf3ebf4ebf3edf2ecf0ebf0ec
CSIX,1543272931,024353490001,-64,6,128,433004000dea0ce90ae80ae90ae909e808ea07e907e905e704e803e804e703e704e704e504e705e605e807e808e808ea0aea09eb0ced000000000000000000000000000000000000000000000cec0eec0fed11ed12ed13ed15ef14f015f016ef18ee17ef16f015ef15f116ef14f013ef12ef12ef11ee11ed0fed11eb10ea0fea
CSIX,1543302928,024353490001,-64,6,128,43300400f014f015f216f214f316f316f415f615f616f717f816f816f817f918f817f71af717f718f616f516f414f214f213f211f10f00000000000000000000000000000000000000000000f311f110ef10ed10ed10ec0eea0eea0cea0de80de70de70de80ce90dea0be90eea0deb0deb0ded0eed0fed10ee10ed11ed14ee13
CSIX,1543334966,024353490001,-64,6,128,4330040001e501e3ffe6ffe6fee6fee6fee7fde8fce8fbe6fae7f9e8f9e6f9e8f9e5fae5fae5fce5fde7fee600e801e902e802e904ea0000000000000000000000000000000000000000000001eb03ea04ea06e806ea08e80ae909ea0be90ae90ce80ce70be90ae80be90be80ae908ea08e807e906e906e804e905e703e503e5
CSIX,1543365851,024353490001,-64,6,128,43300400eb0feb11ec12ed10ee12ed12ef11f012f012f014f213f213f115f215f015ef16f014ef14f012ef12ee0fed0fed0eee0ced0a00000000000000000000000000000000000000000000ee0bee0aec09eb09ea09ea08e807e905e806e705e505e606e604e706e905e606e906e907e907ea09ea0aea0aeb0cea0ce90eea0e
CSIX,1543392806,024353490001,-64,6,128,43300400e9fae5faebfdebf9eafdedfcecfde7fdea00e9fee9ffecffea00e801e7ffe7ffe7fce8fee9fdebfcecfaecfaebfaeff9eff700000000000000000000000000000000000000000000f0f6f2f7eff4ecf8eef6f2f5f1f6f0f1eff1f1f1edeef0edf1eff0eeefefebefeeeff3f8edf5f2f6eef5e9f4eef7eaf2eaf9ebf4
CSIX,1543423090,024353490001,-65,6,128,43300400f715f816fa16f916fa16fa16fb15fc16fc16fe18fe16ff16fe18ff17fe19fd19fd18fc18fc16fb16f915f814f714f712f61000000000000000000000000000000000000000000000f710f510f410f20ff20ff00ff10ff00ef00fef0eed0fed0fee0eee0fef0eee10f00ff20ff110f310f311f312f411f313f414f514
CSIX,1543482883,024353490001,-66,6,128,4330040012f713f712f411f510f512f311f30ef30ff111f00ff00ef00ff10fef12ef11ef11f013f212f213f412f513f613f712fa12fa0000000000000000000000000000000000000000000011fc13fe13fe140014ff1301150013011403140215011501150315021502160013ff14fe130013fd11fe15fd11fc13fd13fb14fa
CSIX,1543514160,024353490001,-67,6,128,43300400110b130515061405150613041405140315021802130315ff1503190217ff180318031a04180315061407130714091109110a000000000000000000000000000000000000000000000d0d0d0f0b100b100b1108110a13071307160a1408100c1107100b1109110c110b110a0f0c100b0e0c100d0c0d0d0e0b140c130d
CSIX,1543542806,024353490001,-68,6,128,43300400fa13fa15fc14fc14fe16fe16ff150016021501170116021602180318031a021b011b011b0019fe18fc17fa17f816f914f71300000000000000000000000000000000000000000000f30ef10df00eee0cef0def0cee0cef0bef0bed0cec0ced0cee0cef0df00cee0ef00df20df10ef20ef410f50ff50ff410f610f712
CSIX,1543573098,024353490001,-69,6,128,43300400f5ecf8f0efedf4edf8eeeef1f1ebf0ecf1eeededeeedf1efede5f0f0efebeaeaece8f1e9f3e8f6edf0e9f8e7f6e9fbeafce60000000000000000000000000000000000000000000004f205ec05e5fde30ce809e709e90bec07ea0aec0fec0fe204e706ea0bec05ee01ec05ec06e505efffea00ebfde8fbebffebf8e5
CSIX,1543634569,024353490001,-68,6,128,4330040013fd14fd13fa13fb14fa14fa12fa14f713f815f615f615f617f516f419f51bf61af71bf91af91afc19fe1900180018031605000000000000000000000000000000000000000000001007100910090f0a0f0a0e0b0f0b0e0b0e0b0e0d0e0d0e0d0f0d0f0b0e0a0f0b0e0a0f0810070e080f06120610030b0a150c11ff
CSIX,1543667214,024353490001,-68,6,128,43300400120614051503140415031502140216ff15ff18fe17fe18fd19fe1afe1cfe1dff1c011c011a031a041905170717081509130a000000000000000000000000000000000000000000000b0e0a0f0a0f0a100a0f0911091208110812091208140714081309110910091209100a0e0b0e0b0d0b0d0d0d0c0b0d0c100a1009
CSIX,1543693068,024353490001,-68,6,128,4330040013fb15fa13f813f914f714f712f713f512f414f112f111f015f114f018f018f019f119f419f519f718f917f918f916fc16fe0000000000000000000000000000000000000000000011031205120512061206130811091108110a12091309140a13091408110913081207110513061205120412031101130114ff14fe
CSIX,1543722880,024353490001,-68,6,128,43300400edfaedfaedfcecfcedfdedfdedfdecffed00eb02eb02eb03ea02e903e702e600e700e8fee9fee9fdeafcebfbebf9edf9eef800000000000000000000000000000000000000000000f1f6f2f5f1f4f2f3f2f3f2f2f3f2f4f1f3f1f3f1f2eef2eff3eff1f0f3f0f2f0f2f1f2f3f2f2f2f3f2f4f1f4f2f5f0f5f0f6eff8
CSIX,1543755260,024353490001,-67,6,128,43300400ffeafee9faebfbebfbebf9ebf8ecf7ecf7edf4ecf2eef3edf1ebf1ecefeaf1e9f3e8f4e8f2eaf4e8f8e8f9e9f7e7fbeafde90000000000000000000000000000000000000000000002ec05eb06ec07ea07eb09ea08ed09eb09ea0aea0de90be90be90ae90ceb0be809ea07eb06e907ea07ea06ea05e705eb03e802e8
CSIX,1543790361,024353490001,-67,6,128,433004000b0f0e110e0d0e0e100d100e0f0a110a110914091308140716081607180a170a180a170c160b150d130d120c120f110e0f0f000000000000000000000000000000000000000000000911081307120715061406160516061705180517041b041b041a041904190419041904160617051607150715071307150a150a14
CSIX,1543847915,024353490001,-67,6,128,43300400eef3ecf2ecf5edf6ecf6ebf6ecf8ebf8ecfae8fae9fce8fde8fde7fce5fce5fbe5fae5f9e7f9e6f8e9f7eaf6e9f5ebf5ecf300000000000000000000000000000000000000000000f1f2f2f1f2f0f2eef3eff3ecf4ecf4ebf4ebf3e9f2e7f3e6f4e7f3e7f5e8f4e6f4e9f4ebf4e9f4eaf2ecf3ecf3eff2edf1eef0ef
CSIX,1543874939,024353490001,-67,6,128,433004000ef20ef10cef0df00cef0cee0aef09ed09ee09eb07ec07ec08eb07e909e80ae80be90bea0ceb0dec0eee0eee0eef0ef00ff2000000000000000000000000000000000000000000000cf40ef50ff510f511f612f512f612f614f715f717f718f717f717f716f817f815f814f815f713f714f713f611f612f512f311f3
CSIX,1543904860,024353490001,-67,6,128,433004000ef10ff10fef0eef0def0dee0dee0bed0aee0bea09eb08eb0aea09e90be90ce90de90eea0ded0fed0fef0fef11f010f111f3000000000000000000000000000000000000000000000cf60df70ef710f60ff711f712f712f814f814f816f717f716f916f814f917f815f812f914f913f911f813f711f712f612f411f4
CSIX,1543933104,024353490001,-67,6,128,43300400ea04ea07eb07eb07eb08eb09ec09ed0bec0beb0cec0cec0deb0dec0eea0de80ee90de80ce90ae909e907e906e805eb04eb0200000000000000000000000000000000000000000000f0ffeffeeefdeefceefdedfcecfcedfbecfbebfae9f9e8f8eaf7eaf8ebf8e9f9ebfaebfbebfbecfcecfcebfeecfeeafeea00eb02
CSIX,1543992902,024353490001,-68,6,128,433004000e0e0f0e110c100c110c120c110c130b120a140b14091509150b150b160c160d150d140e120e120f0f0f0e0f0d100c0f0a1100000000000000000000000000000000000000000000070e060e050e0610060f05110512041104140611041405140514061306130315051205110612071207110810090f0a100c100c0f
CSIX,1544026039,024353490001,-67,6,128,43300400e8f8e6f8e7f9e7fae6fae5fae7fbe5fce6fce3fce5fee5fee3fee4fde1fce1fbe2fbe3fae5f9e4f7e7f6e8f6e9f3ebf4ecf200000000000000000000000000000000000000000000f2f5f3f3f4f3f2f2f3f2f2f0f2f0f2f0f1eff1eef1ecf1ecf1ecf0edf2eef0edf2eef1f0f1f0f0f1eef2eef3eff4edf3ebf5ebf5
CSIX,1544053629,024353490001,-67,6,128,43300400eaf9e8fae7fae8fde6fbe9fceafbe9fde9fee7fee700e800e700e701e500e4ffe6ffe5fce8fce8fbe9f9eafaeaf9ecf8edf500000000000000000000000000000000000000000000f2f6f2f4f2f4f2f3f2f3f2f2f2f1f3f0f2f0f1eff1edf1eef2eef2eff4efefeef1f1f2f0eef4f0f3f0f4f2f5eff4f0f5ebf6ecf6
CSIX,1544085175,024353490001,-67,6,128,433004000d130f1411121012111213121210131013101510150f150f160f16101711161216131513131213130f130e130d140c130a1300000000000000000000000000000000000000000000051404160216021602160017011800180018ff18fe1bff1afe19ff19ff1700190016021602160415051505160613071509160a15
CSIX,1544113166,024353490001,-67,6,128,43300400f7ebf5e9f4ebf3eaf3e9f3e9f3ebf2ebf1ecedeaeeecededeeebedebede9eee9efe8f0e7f3e8f4e8f6e8f7eaf8e9f9eafbe900000000000000000000000000000000000000000000feea00ea00e901e802e803e704e705e806e805e606e507e506e605e506e805e604e803ea02e901e9ffe900e9fdeafce9fae8fae8
CSIX,1544146420,024353490001,-67,6,128,43300400ff1401150214021503150215031405140413071506140714071607150617061805180417021501150014ff14fe14fd13fc1200000000000000000000000000000000000000000000fc12fa12f912f813f813f714f513f513f413f313f214f214f213f314f412f413f511f711f713f712f912f912fb10ee18fb13fd15
CSIX,1544173025,024353490001,-67,6,128,433004000317051608170615061707170716091509150b160c150c140b150d170c170c1a0a180818071705180416031702160115ff1400000000000000000000000000000000000000000000ff16fd16fc17fb16fa17f917f818f516f617f519f41af519f517f718f615f719f716f916f816f915fb16fb16fc16fd16ff17ff17
CSIX,1544203910,024353490001,-67,6,128,4330040012f012ef10ed0fed10ec10eb0fec0eec0eec0eea0cea0cea0ee80de90fe810e811e911ea10ed11ed12ef12f013f112f313f50000000000000000000000000000000000000000000013f514f615f717f716f718f918f817fa18f919fb1bfc1bfb1bfc1afb18fc1afa18f916f917f916f815f616f613f615f516f314f2
CSIX,1544232917,024353490001,-67,6,128,43300400fee8fce7fae7fae7f9e7f8e6f8e7f6e8f7e8f5e6f6e8f5e8f5e7f3e7f4e5f5e4f7e4f7e6f9e6fae6fbe8fde8ffe700e902ea0000000000000000000000000000000000000000000006ea07e909e90ae90ae90cea0ce90cea0ce90fe910e910e90fea0eea0ceb0de90beb09eb09ea07ea05ea06e905eb05e902e802e8
CSIX,1544264830,024353490001,-66,6,128,43300400ea05eb08ee0eef0ef110f412f512f712f914f515f412f410f00ef508ed08f006ec05ea04ea00ea01e9feecfeecfeeefeeefd00000000000000000000000000000000000000000000e5f7e6f6e1f2e3f4e1f1e3f2e3f2e5f3e8f3e9f6edf6f0f5f4f6f5f7f6f6fbf3f8f4fdf3f8f3f8eef8f0f4eff5eff1f4eff7ecfa
CSIX,1544294173,024353490001,-67,6,128,43300400fb14fb17ff16fe17ff180018011701180216031903180419041c031a031c021c011c001bff19fe19fb18fb16f916fb14f81300000000000000000000000000000000000000000000ef10ec0feb0eea0eea0ce90ce90ce90ae90ae90ae60ae90ae909eb09ec09ec0aee0bf10af10df20df30ef40ff60ff511f613f814
CSIX,1544323519,024353490001,-67,6,128,43300400fd11fe12011300120213011403130314041305150614071405160616051805180418031702150116ff14ff14fd14fe12fc1100000000000000000000000000000000000000000000f210ef0fee0ded0eed0deb0ceb0cec0aeb0beb0aea0aeb0bec0aee0aef09ee0af00bf40af20cf40df60df50ef70ef70ff911f910
CSIX,1544358905,024353490001,-67,6,128,4330040008120a120b0f0c0f0e110e100e0f100f0f0d120e130d140c150e130f1611141015111413111111120e130d120c130b110a1200000000000000000000000000000000000000000000fc18f818f717f619f517f417f416f416f215f416f217f318f315f514f614f615f713fa12fb13fc12fd12fd130012011303130413
CSIX,1544415403,024353490001,-67,6,128,43300400ef08f10df20bf00af00bef0bf10bf50df212ee11f110f111f210f215f014ee15f111ee11ef11ed0fed0fed0cec0bed0aed0800000000000000000000000000000000000000000000ecf9edf8edf8eef7ecf6edf6eef4eef5eef4edf2ecf0ecf7f0f4edf6f0f5edf8f0f8f0faeff9f0fdeffceffcf1fff000ef03f003
CSIX,1544446253,024353490001,-66,6,128,43300400ee08ed0aef0bef0cee0cee0eef0eef0ff010ef12f011f013ed14ef13ec14ec13eb13ea11eb10ea0fe90dea0ce90bea09ea0600000000000000000000000000000000000000000000ebfeebfcebfbeafaebf9eaf9ebf8ecf8ecf8ebf8eaf7eaf8ebf7ebf8ecf8ebfaecfaeffcecfceefdeeffed00ee01ed02ec05ed05
CSIX,1544474723,024353490001,-65,6,128,43300400edfcea03e906ea07eb08eb0be806ea0bed0ce710e80dec10ed0de710ea10e511e80ee60fe80ce70be809e608e607e705e90200000000000000000000000000000000000000000000ecf6edf6edf3ecf3edf1edf4f0eeeff3ecf1ecf0ecf1f1f2edf2edf0edf3ecf1edf5ecf6f1fbeff7eafbeeede8f4e5f8de01ecf5
CSIX,1544503928,024353490001,-65,6,128,43300400ec00ec02ed03ed03ed05ec05ee05ed07ed07ed0aed0aed0aec0bec0ceb0cea0ce90be909ea09e908ea05ea04e904eb02eb0000000000000000000000000000000000000000000000ecfbecf9ecf7ecf6ecf6ecf4edf4eef3edf4edf3ecf2ecf2eef2edf3eef4edf4eef6eef7edf7edf8eef9edfaeefbecfbebfcecfd
CSIX,1544544646,024353490001,-65,6,128,43300400f510f510f711f810f911fa11fb11fc12fc12fd14fe13fe14fe15ff15fe17fd18fd17fc16fc15fa15f914f813f613f712f51000000000000000000000000000000000000000000000f210f00fee0eed0eed0dec0dec0ceb0aeb0bea0be90ae90bea0aec0aec09eb0bed0bee0bee0cef0cef0df00df10df00ef10ff210
CSIX,1544563256,024353490001,-65,6,128,43300400eb06ec08ed09ee09ee0aee0bf00bf00df10ef010f110f211f112f113f014ef14ef13ee12ee11ed10ed0eec0dec0ced0bec0900000000000000000000000000000000000000000000e803e701e7ffe6fee6fde5fbe6fae7f9e6fae6f9e5f8e4f8e6f8e6f9e8fae6fae8fbe9fde8fce9fde9fee9ffe901e801e802e903
CSIX,1544592826,024353490001,-65,6,128,43300400e8fcedf5f203f501edffeffff500eb0be904f209ec0fed10eb0cf20cf218ed10ef0bf211eb0fea0df20bf214ec15f10cf10b00000000000000000000000000000000000000000000fdebffeafde901e6ffe905e207effde803e200e8faeefae3fde6f8ecfde7fae4fbecf3effbe5fae6f8f9f0ebeee3f6f0e9f6e6f1
CSIX,1544624332,024353490001,-66,6,128,433004000f0711061104110311031201110012ff12ff14fc13fc14fc16fc16fb18fc18fc19fd18fe17ff170116021502160314041306000000000000000000000000000000000000000000000d0e0c100c100c130b110b130a14091309140914081508150814091209110a130a110a0f0c100c0e0c0d0c0e0c0c0e0c0e0c0f0b
CSIX,1544655653,024353490001,-66,6,128,43300400e8fce7f6e9fcea00ed06f101ee09e50bed0def00e90bed0ce70eee0cea07e60ce20ce40de708ec06ec00ee08e905ed00e80200000000000000000000000000000000000000000000eef6ecf4eff5edf5f1f4eff2eef0efeef0edf0f2eff2edf4ecf2f1f0eff2ecf2f0f2f0f5edf3edf7eaf2f4f9f3ffe9fde4f9e9f5
CSIX,1544682920,024353490001,-67,6,128,433004001303140214ff15fe14ff14fb14fc14fa15f916f716f615f518f419f31bf41df41df51df81af91bfb1afc19fe190018011604000000000000000000000000000000000000000000001109130e110d140f110f110f12120f11101111140f1312140e1311100f1210101310100d140b120f1309150c1109160a130a1607
CSIX,1544712817,024353490001,-67,6,128,43300400f5f0f4f2f2f3f3f4f2f5f1f5f1f6eff8edf8ebf9ebfaebfaeaf9e7fae8f8e5f6e9f7e8f4eaf4ebf2ecf2edf1eff2f0f2f2f100000000000000000000000000000000000000000000fbecfeedfdeafeebffe900ea00e902ea01e802e702e702e702e900e901ecffe9feecfeebfdecfdecfbedfaebfaecfaedf8edf9ed
CSIX,1544744210,024353490001,-67,6,128,43300400060f080f0a0d0a0c0c0c0b0c0d0a0e0a0f0911081108130714091509160b160c150d140f110f12100f0f0e100d100c100910000000000000000000000000000000000000000000000114ff14fe14fe15fd15fb16fb16fa15fa15fa15f916f916fb15fb15fb13fb15fd14fe12fe13ff12001201120210021203120412
CSIX,1544774029,024353490001,-68,6,128,433004000df60df40bf30bf30bf10af009f007ef06ef06ec04ed03ec05e905e907e607e609e70ae80beb0cec0ded0dee0dee0df10ef30000000000000000000000000000000000000000000016f817f816fa18fb18fa19fd19fe18ff19ff19ff1a001a001c0118fe160017fe15fe14fd15fc14fc13fb13fa10f912f913f712f7
CSIX,1544803158,024353490001,-74,6,128,43300400c6debce3bdf7c9efc6e4bdebc8e7b209ad03ad0ab2fec4ffae05a1f5a1059300a8f1a7efbbe8c2f6cbe9cd04bc0acdfad5ea00000000000000000000000000000000000000000000f0f0e3ebdccad7bde2d8cdd4c6c1cfdac5c3cdb2c3acdbaaceb0d1b2cbadd2a5deaedabdd9badcbddacbd9b3d8cac3bbbbcbbccf
CSIX,1544833219,024353490001,-68,6,128,43300400fe12ff12011201100310040f060d060e070e0a0d0a0c0b0c0d0c0e0c100e0e0f0f0f0e0f0d100c100910090f080f080f060f00000000000000000000000000000000000000000000f81af51af31af21bf219f019ee18ee17ee17ee17ec18ed18ee16ef16f015ef16f114f413f414f414f614f615f814f915fa15fa15
CSIX,1544863028,024353490001,-68,6,128,43300400effbeefbf0fdf1fef100f101f201f203f404f205f307f408f20af309f10bf00bf109f008f108f007f005f205f105f204f20300000000000000000000000000000000000000000000e7f6e7f4e8f2e7f0e9f0e9eeeaedebeeecedebecebebeaececedebeeedeeeceeeef0eef1edf2edf2edf4eef4eef6edf5ebf7edf8
CSIX,1544896964,024353490001,-68,6,128,43300400eff5f0f7eff8f0f9f0faf0fcf1fdf0fef0fff001f102f103f003f104ee04ee06ed04ee03ee02ee02ef01f001f001f100f1ff00000000000000000000000000000000000000000000e8f0e9edeaebe9eaece9ece8eee8f0e7f0e6efe5efe4efe4f1e5f0e7f1e8f0e7f1eaf1ebf0ebf1ecefedefeeeff0f0efeff0eff0
CSIX,1544922833,024353490001,-67,6,128,4330040016fb14fb14f912fa11f710f70ff60df50cf60cf40bf309f309f10af10af00bef0bef0bf10bf10bf20bf30af40bf50af60af6000000000000000000000000000000000000000000001af81dfb1efd1ffe1eff1f001f021e031f041f04200620061f071f051d051e051b041a021b0119011aff1a0018ff19ff1afe1afe
CSIX,1544953020,024353490001,-67,6,128,43300400071108160b110910071008100c0d0b0c0d0a0b0b0d0a0d090e090e090e09100b0e0a0e0b0d0a0d0b0b0a0b0a0a0a0a08080a0000000000000000000000000000000000000000000008150a1809160b180918071e0419071d051d061aff1f031eff1b05190117031e011a021403190418031705160516061908190518
CSIX,1544991865,024353490001,-67,6,128,4330040013f813f611f611f610f60ef70df60bf50af50af209f308f209f207f007f009ef09f00af10af10af20af30af30af40af50af60000000000000000000000000000000000000000000011f214f415f516f516f618f719f818f91af91af91df91df91cfb1cfa1afb1cfb1afb18fb19fa18fb18fa18fa16f918f818f617f7
CSIX,1545015820,024353490001,-67,6,128,43300400f00cf10ef40ef50df50df60cf80bf90cfa0cfa0efc0dfd0efd0eff0ffe0ffe11fe11fd11fc0ffc10fb0ffa0dfa0dfa0cf90c00000000000000000000000000000000000000000000f310f310f00fef0fef0eee0eed0eec0cec0eeb0de80ee80ee80ce90dea0ce80deb0cec0ceb0cec0ced0ced0eed0eec0eee0dee0f
CSIX,1545044696,024353490001,-66,6,128,43300400f811f911fc10fc0ffd0ffe0f000e010e020d040d050d060e070f080e0810091108110811071106110311031003100210000f00000000000000000000000000000000000000000000fa13f814f614f514f514f414f314f314f114f115ef16ef16ef15ef15f014ef14f013f213f213f313f413f313f512f413f515f614
CSIX,1545074625,024353490001,-66,6,128,4330040003ed02ec00eeffeffdeffbeffbf0f8f0f8f1f5f0f4f1f3f2f2f0f1f0f0eff0edf1edf2ecf1ecf2ecf5edf6ecf7ebf7ecf9ec0000000000000000000000000000000000000000000005e908e809e90be60ae90de80ee80de80fe90ee812e811e711e810e710ea11e90eea0ceb0de90ceb0aeb0aeb07ec09ea07ea07ea
CSIX,1545105300,024353490001,-66,6,128,43300400ed06ed07ef08f009f00af00bf30cf30ef40ef311f511f613f513f515f315f217f115f015f014ef13ef12ee11ed10ef0eed0c00000000000000000000000000000000000000000000e902e800e7ffe6fee6fde6fce6fbe6fbe6f9e5f9e4f8e4f8e4f7e3eee6f9e3f9e8fae8fae8fbe9fce9fdeaffea00ea00ea01eb01
CSIX,1545133596,024353490001,-65,6,128,4330040004edffecffecfdf0fbedfdedf9eff8ebf3edf6edf6ecf5eef4edf4ecf4e9f5e8f5e9f6e9f7e8f9e9fae9fbe9fde8fcea00eb0000000000000000000000000000000000000000000008e803eb0aed05ea09e80ae80bee0cec0fec0eec14ec12eb10ed0fe912eb0fec0ceb0cef09ee0aed09eb08ee06ed06ea03ed05ec
CSIX,1545164516,024353490001,-66,6,128,433004000ef50ef40cf30cf30bf20af10af208f007f007ed06ee05ee07ec06ec08ea09ea09eb0aeb0bec0bed0cee0cef0def0cf10df2000000000000000000000000000000000000000000000ff711f811f913f912f914fa15fb15fb15fc16fc19fc17fc17fd16fd15fe17fd15fd12fe14fc12fb11fb12fa0ff911f912f711f6
CSIX,1545222906,024353490001,-66,6,128,43300400f7eaf6eaf5edf4eef3eef2eef2f0f0eff1f0edeeeeefecf0eceeedefebecececedebeeeaf0ecf0eaf2eaf4ebf4eaf5ebf8ea00000000000000000000000000000000000000000000fdeefdedfeedfeecffec00ea00ec01eb02ea01ea02e801e801e801e801e902e901e900eaffeafeebfdebfdeafbecfbeaf9e9f9e9
CSIX,1545254117,024353490001,-66,6,128,43300400f2edf1edefeff0f0eef0edf0edf1ecf2ebf3e8f3e7f3e8f3e6f2e6f1e5f0e5efe7eee8eceaeeebecedebeeecefebf0ebf3ea00000000000000000000000000000000000000000000faeffbeefcedfcecfcecfdebfdebfeebffeafeeafee8fde9fde9fde8fdeafde7fdeafcebfbeafaecf8ebf9ebf7edf6ecf4ebf4ec
CSIX,1545289653,024353490001,-67,6,128,433004000a0f0c110d100d11110e110d110e110b110d140b150b160c160d180c190d1910190f1711171014111212121112130f120d1300000000000000000000000000000000000000000000ff10fd0dff10fb11fd11ff12f716fc15fd15fe13f719fc18fb110114fd18fd1bfa1502140217fe1601100214060b071507160714
CSIX,1545312980,024353490001,-66,6,128,4330040011f812f50ef50ff610f30ff30ff210f10ff210ef10ed0fed12eb10eb13eb15ec15ed16ee15ef16f016f315f518f616f816fa00000000000000000000000000000000000000000000120010ff10fd11031603130212001505110412061904160118021702150316011600110017011503150011fe100112ff14fc13fa
CSIX,1545345371,024353490001,-67,6,128,43300400dddadbc0cac8c7c7d0cad6c6d8d6bcd6c0e1b2d3b7d8b1d1b7deadd8aad2a5d0aec7bcd5b5cbbfcfd3c7d4d0c4d3d2b7deca00000000000000000000000000000000000000000000ffd3f7d1f7d1f0baf6cbebbaf1bcf9c0f4bef0b804b506abfcbbe8a9f5b60eb1f3bae5baf8cbfab7dfc6e4b4e1cce5b9f1cce8ca
CSIX,1545378148,024353490001,-65,6,128,43300400f7ecf5ecf4eef4eff2eef1eef1f1eff0eff2ecf1ecf1ebf2e9f0eaf0e9eee9eee9edeaebecececebefeaf0eaf1e9f3e9f5e900000000000000000000000000000000000000000000ffee00ed01ed01eb01ec03eb03eb03eb04ea03ea04e904e804e903e803ea03e802ea01ec00ea00ebfeebfeeafcecfbeafaeafaeb
CSIX,1545403222,024353490001,-64,6,128,43300400fe15001803150416041605170615081508130c150b150d150d170d160e190d1a0c1c0b1c091a081b051a0519041b0319001900000000000000000000000000000000000000000000f910f710f710f612f611f412f311f310f311f412f213f313f313f413f412f413f513f712f713f812f914f914fc13fb15fd16fc17
CSIX,1545432843,024353490001,-64,6,128,43300400f812f913fb13fb11fb14fc14fd13fe14ff14011601140315011601180119001c0019fe1afb19fa19f817f917f817f916f61400000000000000000000000000000000000000000000f80cf70bf60cf60cf50cf40bf30bf30bf30bf30cf20df20ef20ef30ef30df10ff30ef40ef30ff30ff510f410f50ff511f613f712
CSIX,1545462838,024353490001,-65,6,128,433004000e130f11111010101110120f110d130c140c170b160a1709180c190b1a0d1c0f1b0f1a111811171215131514151513140f1600000000000000000000000000000000000000000000060d050e050f05100510041104120312031204130515061405150615061406160614081309150815081509150a130b160d160c15
CSIX,1545494334,024353490001,-65,6,128,43300400e9fae8fbe8fdeafde7fee8ffe800e802e901e604e705e706e406e506e205e105e204e102e201e3ffe3fee3fde2fce4fae7f800000000000000000000000000000000000000000000f1f9f1f8f1f7f0f6f0f6f0f4f0f4f0f4f0f4eff3eef2edf2edf2ecf3eef3ebf2ecf3edf5ebf5ebf5ebf5eaf5ebf6e9f6e7f7e8f7
CSIX,1545523658,024353490001,-65,6,128,4330040013f212f111ef11f010ef10ef0fee0ded0eed0eea0cea0cea0de90de80ee711e610e611e812ea13ea13ec15ee16ee16f016f30000000000000000000000000000000000000000000010f810f912f912f913f913fb14fb13fb14fb15fb18fb17fa17fc17fa15fb17f915f915f916f916f815f615f714f615f616f514f4
CSIX,1545559693,024353490001,-66,6,128,43300400f8ecf7edf5eff6f0f4eff2f0f3f2f1f2f1f3eef2eef4edf4ecf3ebf2e9f1e8f0e9f0eaeeebeeecededeceeebf0eaf1eaf3ea00000000000000000000000000000000000000000000fdedfeedfeecffebffea00eb00ea01eb02ea01e902e802e802e701e802e902e801eb00ebfeeafeebfdebfdeafbebfceafae9faea
CSIX,1545582848,024353490001,-65,6,128,433004001702160015fe14fd14fd15fb13fa14f914f714f512f513f314f316f017f11af118f31bf31af41bf61af81bf81cfa1afb1aff00000000000000000000000000000000000000000000130413061407130714081409140a130a140b150c160d160d160c150c130b160d1309140914091408150615061505160618041704
CSIX,1545614573,024353490001,-64,6,128,43300400f1f1eef3eef3f1f3f0f6f0f6eaf5eafaedf8e7fae9fbe7fde6fbe7fbe3fbe1f8e4f9e1f8e5f7e6f6e8f5e9f4e8f2e9f2ebef00000000000000000000000000000000000000000000f7f0f7eef7eef7edf8edf8ecf9ebf9eafbebf9e9f9e8fae8fae8f8eaf8ebf9eaf8ecf7eef5ebf5edf7edf5ecf5f2f2eff0edf0ee
CSIX,1545644173,024353490001,-65,6,128,4330040004ed02ed01ed01edffecfeecfdedfbecfbebf8eaf7ebf6eaf6e8f6e7f7e6f7e4f8e4f9e4fae4fce4fee5ffe500e501e603e8000000000000000000000000000000000000000000000bf30cf40cf30ef30ef50ff410f50ff510f510f611f411f410f50ef50ff410f40df40df20df20cf20bf10aef08f109ee08ee08ed
CSIX,1545673239,024353490001,-67,6,128,4330040005ed04ec02eb01ed00eafee9fdebfceafbe9f9e7f8e8f7e7f6e4f7e4f7e2f8dff8e0fae0fae1fce1ffe200e203e103e406e4000000000000000000000000000000000000000000000ef60ff70ff711f812f712f913f913f913fa14f815f814fa13f913f810f812f710f70ef60ef50df40cf30cf309f20bf00aef08ee
CSIX,1545735719,024353490001,-67,6,128,4330040016fc16fb16f814f915f614f713f513f412f313f012f012ef14ed14ee17ec17ed19ee19ef18f019f219f219f51bf51af81afb000000000000000000000000000000000000000000000d010f020f03110310041106110610061107120813081309130913071206130713051304130413031402150213001700160017fe
CSIX,1545770271,024353490001,-67,6,128,43300400ec0ded0eef0fef0fef10f012f111f213f113f116f215f316f217f219f11aee1bee19ed18ee17ec15ec14ea13e912ea10e80d00000000000000000000000000000000000000000000f401f301f100f101ef00f0ffefffefffeeffedffecffecfeecfeebffed00ea01ec02ec02ec02ec05ed05ec05ed06ec06eb08ec08
CSIX,1545796500,024353490001,-66,6,128,43300400f3ebf2ebf0ecf1eceeedeeeceeeeebefebeee8ede9efe7efe7eee5ede5ede4eae6e9e6e8e9e9ebe8ece7eee6efe5f0e6f4e60000000000000000000000000000000000000000000000f401f301f201f101f003f003ef03ef03ee03ed04ec03ec03ec01ec02ec01eb00ecffecfeebfeecfeebfcebfbecfaeaf8eaf8ea
CSIX,1545825325,024353490001,-65,6,128,4330040001170318061705170617081807160a170a170c190c180d190e1a0d1a0e1d0d1f0c1f0a1f091d071e041d041c021d001bfe1b00000000000000000000000000000000000000000000fa0af90cf80cf70df70cf60df50ef60ef50df50ff30ff310f40ff511f50ff511f610f710f812f912fb12fb13fc12fc15fd16ff16
CSIX,1545858833,024353490001,-65,6,128,43300400110f120f140d130e150e160e150c170b170a1b0a1a0a1a081c0b1d0b1d0c1f0d1c0f1b111912171216121514141412130f1500000000000000000000000000000000000000000000020f010f011000110112ff12ff13fe12ff13ff13001500150114021401130214031204120512051206100811080f0a100d110e10
CSIX,1545885486,024353490001,-67,6,128,43300400f111f212f314f413f214f315f414f516f417f518f617f719f61af51cf51cf21df21cf01af018ef17ee15ed13ec13ec12eb0e00000000000000000000000000000000000000000000f1fef1fef0fdeffdf0fdeffceefdeffceefdeefdedfcedfeedfdedffeefeec00ee02ef03ee03ef05ef06ef06f008f009f00cf10c
CSIX,1545922810,024353490001,-68,6,128,4330040002100512071108110b120c110b100e110e111113111212121513151317151718171916191319121a0f1a0f1a0d1d0c1c081d00000000000000000000000000000000000000000000f309f309f10af009f10af009f00af109f009f109ef09f00af10bf10bf30cf20cf30cf50df60df60ef80ef90ff90efa0ffb0ffd0f
CSIX,1545945934,024353490001,-66,6,128,43300400f80ff90ffb11fb10fb11fc13fe12ff13001401150215021602180318031b021c011cff1cff1bfd1bfc1afa19f81af818f51600000000000000000000000000000000000000000000f206f106ef06ef06ef04ef05ee06ee05ee06ed05eb05eb05ec05ec06ed06ec07ee07ef07ee09ef09f009f00af109f00bf20cf40c
CSIX,1546034193,024353490001,-65,6,128,4330040007ec06ea04ea03e903e802e701e900e7fee6fde3fce4fbe4fce1fbe1fcdefddefedd00dd02df03e005e006e208e208e30ae5000000000000000000000000000000000000000000000df70ef80ff710f70ff711f711f811f811f811f713f613f513f612f612f612f311f40ff410f20ff30df20ef20cf20df00cee0cee
CSIX,1546063537,024353490001,-63,6,128,43300400f6ecf4ecf2edf2edf0ecf0edefeeeeeeeeeeeaeeeaefeaefe8ece9ede7ebe8eae9e9eae8ede8ede7f0e7f1e7f1e6f3e7f6e700000000000000000000000000000000000000000000ffee00ed00ed01ec01ec03ec03eb03ec04ec04eb04e904e904ea02e903ea03e902eb01ec00ebffecfeecfdebfcecfbebf9eaf9eb
CSIX,1546095508,024353490001,-62,6,128,43300400f512f714f516f814fa15fa17f917f917fe15fd1bfd1bfd19fd19ff1cfe1dfb20fa1ef91efa1cf91bf81af519f319f417f21400000000000000000000000000000000000000000000f106f103ef05ee04ef05ed04ec05ed04ee05e903e904ec03ea03ed04ed03ea06ef05ec09ee08ee09ef09f10def0cee0dee11ef0e
CSIX,1546125651,024353490001,-62,6,128,4330040013f915f913f513f713f514f412f515f00ff013ee10ed11ec14ec13ee17ed15ee17ee18f016f218f218f517f517f516f617f9000000000000000000000000000000000000000000000dfe0d010d000e01100111020f03100310030d0211031302140115ff12031205110211ff1401130115fe13ff13fe13fc17fa15fa
CSIX,1546153158,024353490001,-62,6,128,43300400eaf4e8f4e8f7e9f7e7f9e7f9e8fae6fbe6fbe4fce4fde4fee2fde3fde1fbe0fbe1fae2f9e4f9e4f7e5f6e6f5e6f3e8f3ebf100000000000000000000000000000000000000000000f5f7f5f5f4f5f4f4f3f4f3f3f4f2f3f2f3f1f2f0f1eef1eef1eef0eef1eef0edf1eff0f0eff0eff1eef2edf0eef3ecf1eaf1eaf2
CSIX,1546186779,024353490001,-63,6,128,4330040005ec04eb02ec02eb01eb00eaffebfdeafdeafce7fce9fbe8fbe6fae7fbe5fce4fde4fde3fee500e501e602e704e604e806e90000000000000000000000000000000000000000000008f508f509f409f409f30af30af30bf30bf30cf20ef10ef10ef10df10df10ef00cf00bf10cef0af009ef09ee09ef0aee09ec08ec
CSIX,1546218115,024353490001,-64,6,128,43300400f408f010f00ff111f30ff313f513f611f615f215f413f416f416f118f119ef18ef16ef16ef14ee13ed10ec0feb0eec0deb0a00000000000000000000000000000000000000000000f206f106f005ef06ef07ee05ed07ec06ec04ea05eb06ec01eb04e907ed06e904e903ef04ef0af108ec09e205ec13f30ef802f610
CSIX,1546247251,024353490001,-65,6,128,43300400ea05eb06ea09ec08eb0beb0ceb0ceb11ec0dea11ea11ea13e813e714e614e414e512e311e40fe40ee30be30ae208e405e50300000000000000000000000000000000000000000000f2f7f3f8f2f6f2f7f1f7f0f6eff6f1f5eff5eff4eef3eef3eff4eef4eff5edf4eef6eef8eef9eefaedfcecfbedfdecfeeb00ec01
CSIX,1546273043,024353490001,-67,6,128,43300400f812f814fa14fb14fc16fc17fe17ff19ff19011d011c011c011d021e00210021fe21fd21fc20fa1ff91ef71df61df51bf31900000000000000000000000000000000000000000000f501f501f401f401f303f303f204f202f203f003ee05ee05ee05eb04ee05ed06ef06f106f008f109f20af20bf30cf30df30ef40f
CSIX,1546335540,024353490001,-66,6,128,43300400eff6eff7eef8eff8edf8ecfaeefaecfbecfde9feeaffe9fee7fee8fee6fde5fce5fce5fae7f9e7f8e9f6e9f7e8f6eaf5ecf300000000000000000000000000000000000000000000faf6fbf5fbf5faf5faf5faf4faf4faf4f9f3f8f3f7f1f6f1f6f0f6f0f8f0f7eff7f0f7f1f6f0f7f1f6f2f5f2f5f4f4f4f2f3f2f5
CSIX,1546363827,024353490001,-67,6,128,43300400eef8edfaeefcedfdebfeebfeeb00ea01ea02e804e804e705e505e505e304e205e304e203e302e300e4fee4fee3fde5fce6f800000000000000000000000000000000000000000000f7f4f8f3f8f3f8f2f7f3f8f1f8f2f7f2f7f1f5f0f6eff4eef4eef4eef5eef4edf5eef5f0f5eff4f0f3f2f4f1f3f3f1f3f0f4f0f5
CSIX,1546423111,024353490001,-68,6,128,43300400eff5edf6f0f8eff8edfbebfceefeed00ecffe901e902e804e603e604e404e204e202e102e200e2ffe2fde2fbe1fae3f9e4f600000000000000000000000000000000000000000000fcf6fbf6fbf5fbf5faf6faf5f9f5f9f4f9f5f7f4f7f2f6f2f5f1f4f1f5f2f3eef2f2f5f1f3f0f4f1f3f1f3f1f2f2f2f1f0f1f0f3
CSIX,1546454240,024353490001,-67,6,128,43300400ed03ed05ee07ee06ee08ee09ef09ef0bef0cef0eee0eee0fec10ed11eb11e912e911e810e80fe70ee70ce60be50ae608e50500000000000000000000000000000000000000000000f4fbf4f9f4f9f4f8f4faf5f9f5f9f4f9f4faf3faf2faf0faf0faeffaf0faeefaeffbf0fbeefbf0fbeffdeefdefffedffed00ee01
CSIX,1546484175,024353490001,-67,6,128,4330040012031503140115021600150014fe15fd14fc18fb16fb17fa19fa19fa1cfa1dfb1dfc1dfd1bff1c011b021a021b051a051808000000000000000000000000000000000000000000000c0a0b0c0a0c0a0c0a0c090d090d080c090c0a0b0b0c0b0c0d0c0e0b0d0b0f0b0e0b0e090f0b0f090f090f090f07100813071306
CSIX,1546512878,024353490001,-68,6,128,4330040009f307ed06f207f304f204f002f001ef00f0feecffeffdecfbecf9eafde9ffe9fbe9fde7fee9ffe802e903e902e803ea04ea000000000000000000000000000000000000000000000af014f720fc0ff208f808ef14fc0af711000cf313f511f610f70ef70ef413ef0df60ff610f70ff20df40df20cf30ef30df20cf3
CSIX,1546542854,024353490001,-66,6,128,43300400ef12ef14f314f213f513f514f813f915fb15fc17fd17fe18fc1afd1bfb1dfa1dfa1ef91ef81cf61df41bf51af21bf219f01700000000000000000000000000000000000000000000f50ef30df20df10df10cf00def0def0cef0cef0eec0eed0fed10ed10ec0fea0fec0fed0fed10ed10ef12ed13ef13ed14ec15ed15
CSIX,1546602986,024353490001,-65,6,128,4330040019f218f115f114f213f112f00ff10eee0cee0beb09eb08ea0be909e70be50de50de50ee60ee80fe80fe910ea11ea10eb13ed000000000000000000000000000000000000000000000af30cf30df30ef30ff211f311f313f414f415f318f218f218f219f219f31bf319f318f31af219f319f21af218f21bf01bef1bf0
CSIX,1546638386,024353490001,-66,6,128,43300400ebf4eaf5ebf7ecf8ecfaebfaedfcecfeecfeea00eb01ea02e903e904e603e603e503e502e601e600e7fee7fee6fce7fce8f900000000000000000000000000000000000000000000f4fcf2fbf2faf1f9f1f9f0f7f0f7f0f7eff5eef5edf3ecf2edf3ecf3edf2ebf1ecf2edf3ebf2ecf2ebf3ebf2edf4e9f2e9f2eaf2
CSIX,1546663773,024353490001,-65,6,128,43300400150e160d160b140b160a150a15071506150518031703180219021a011b021d031c041c041b051c0719081909190b170b160d000000000000000000000000000000000000000000000a050b060c070c080d080c0a0d0b0d0b0d0b0e0d0f0e100f100f110e100f1310110f110e120f120f130e140f130e150f1610160f
CSIX,1546725824,024353490001,-69,6,128,4330040008110a110c0d0c0c0e0c0e0b0f08110712051706160518031b061b061f081f08200a1f0d1d0e1d0f1c101a101a131812161500000000000000000000000000000000000000000000fd0e030d010f0010010f011000120012ff1200130015001400150215021602160215031404150415051406160614061508160616
CSIX,1546842852,024353490001,-64,6,128,43300400f6eaf4e9f3ecf4ebf2ecf1ecf1eeefeef0eeebeeedefebefe9edeaeee9ece9ebebeaebeaeee9eee9f0eaf2eaf2e9f4e9f6e900000000000000000000000000000000000000000000faeffbeefceefcecfcedfdebfeebfeebffebffeaffe8ffe8ffe8fee7ffe8fee6fee8fde9fce8fbe9fae9fbe8fae9fae7f8e6f8e7
CSIX,1546903377,024353490001,-66,6,128,433004000ce80be609e709e807e607e606e705e703e703e401e500e601e201e402e102e103e204e104e406e408e508e709e709e80bea0000000000000000000000000000000000000000000004f205f207f107f007f109f00af00af00bef0bee0ded0ceb0cec0cea0eeb0fe90eea0deb0ee80fe90de90ee70ce80fe70fe50fe5
CSIX,1546970011,024353490001,-67,6,128,43300400e601e501e805e804e805e805ea07ea08eb0ae90cec0dec0fea0fea10e911e611e710e50fe70de50ce60ae50ae40ae609e50500000000000000000000000000000000000000000000f604f503f302f202f003f001ee01eeffedffebffeaffe9ffeafee8ffe9fee7fee7ffe800e6ffe600e601e4ffe501e200e200e200
CSIX,1546993265,024353490001,-66,6,128,4330040013f312f20ff10ff20ef10ef10cf00bf009ef09eb08ed07ec08eb07eb09e80ae90ae80ce90bea0dea0eeb0ded0eec0eed0fef0000000000000000000000000000000000000000000005f807f708f809f60af70bf60cf60cf60df60ff511f410f411f511f412f513f513f412f413f313f313f315f312f215f215f015f1
CSIX,1547053135,024353490001,-65,6,128,433004001601160115ff14ff14fe14fd12fc13fb11fa13f812f712f614f614f515f517f617f618f717f917fa17fc16fc17fd15fe1500000000000000000000000000000000000000000000000dff0d010d010e010e010f0210030f03100411031304140413041304130415051405130315041503150216031502170218021802
CSIX,1547084918,024353490001,-66,6,128,43300400e8fbe7fde9fee9fee900e900ec02eb03ec04ea05eb07ea07e808e908e708e609e607e505e704e604e602e802e700e900eafe00000000000000000000000000000000000000000000f1fdf0fcf1fbeffbf0fbeffaeefaeefaeef9ecf9ebf8eaf8ebf7eaf8eaf7e9f7e9f8ebf9e9f9e9f9e8fae7fae9fbe6fae4fae6fa
CSIX,1547124408,024353490001,-67,6,128,4330040015f516f214f510f217ec10f210e911ed0ee913e90be90ce50ee70ee411e40fe411e112e610e613e712e716e915ec14eb17f0000000000000000000000000000000000000000000000dfd0dfe0efd0efe0efd12fe0efd14fd0ffe15fb13fe15fc16fc15fc15fa19ff16f919fb15fb17f516f917f418f716f81bf31df5
CSIX,1547146696,024353490001,-65,6,128,43300400f316f318f616f616f817f916f916fb17fb17fc19fd19fe1afd1bfe1cfd1dfc1efb1efa1dfa1bf91bf719f619f518f517f41500000000000000000000000000000000000000000000f80af609f609f50af60af50bf40bf40bf30cf30df10df00df10df10ff20ff011f111f210f112f212f313f214f213f015f016f116
CSIX,1547234656,024353490001,-66,6,128,43300400f7f0f6f0f7f0fbe7f6eaf7effbe5f9f201f9f8ec01e2fbe7f2f1f5eeebf4f5e8f1eaf7ecfaeafbebfae9faebfdebfeea01ec00000000000000000000000000000000000000000000f9f8faf9f9f5faf0f5f4faeef9f2f8f0f8edf8effaf4f5f503f1f8e9ffe702e8ffedf7eef4e7fde204ebf5e500f508e6fae3f7e9
CSIX,1547266950,024353490001,-67,6,128,43300400eff3ecf1eef5eef5ebf6ebf8ecf9ebfaecfce8fce9fee8ffe6fee5ffe3fee2fee3fbe2fae5f9e5f8e6f7e7f7e6f5e8f5e9f300000000000000000000000000000000000000000000f5faf4f9f4f8f4f7f4f5f3f4f4f3f4f4f4f2f3f1f1f1f1f0f1f0f1eff1eff1eeefeff1f2efeff0efeff0efeeeff0eef0edf1ecf0
CSIX,1547293033,024353490001,-64,6,128,43300400e9f6e8f7eaf8eaf9eafae9fbeafce9ffeaffe801e902e903e703e704e403e303e403e401e500e5ffe5fee6fce6fbe8fae9f900000000000000000000000000000000000000000000f2fcf1fbf1f9f0f8eff8eff7eff6eff5eff4edf3edf1ecf1edf1ecf1edf1ebf0ecf2edf2ebf3ebf3eaf4e9f2eaf3e9f2e7f2e8f3
CSIX,1547324495,024353490001,-63,6,128,433004000bec09ed0be808eb06ed06ea07ed06ea03eb00e802eb00e901e7fde6ffe700e501e601e603e604e506e706e907e807e809eb0000000000000000000000000000000000000000000006f107f309f209f50cef0cf30cf10df20df30ff212ef11f211f10fef11f111ee0df10ef20eee10ed0eef0bee0dee0feb10ee0eea
CSIX,1547353854,024353490001,-61,6,128,43300400e9f2e8f2e5fde8f6e5f6e7f7e4fce6f9e7fae3fbe1fde4fee2fde3fcddfce1fce2fbe1fae0f6e3f8e4f6e6f6e5f2e7f5e9f300000000000000000000000000000000000000000000f1f8f1f7edf4eff4f0f3f0f2f1eef0eff1f0eeefe9ecefedf0edeeecefe5ededefeeedf0e6f4ecf0ebf0ecf0e2efe9f0e8f0e8f0
CSIX,1547384213,024353490001,-60,6,128,433004001af51af418f217f318f317f216f315f114f015ed13ee13ed14ed13ec15ec16ec16ed17ee16f017f017f217f417f416f516f8000000000000000000000000000000000000000000000ef710f811f712f812f813f914fa15fb16fa17fb19fa19fa19fb19fa18fb1af919f918f91af819f819f81bf719f71cf71df51cf6
CSIX,1547413676,024353490001,-61,6,128,43300400f013f015f313f313f414f413f613f714f813f916fa15fb15fa17fb17fa19f919f919f818f717f717f616f514f415f413f21200000000000000000000000000000000000000000000f80df60ef50ef40ef40ef20ef10ef10ef00ef00eee0fee10ee0fef10ef0fed10ee10f00fee11ef11f012ee12f011ee13ee15ee15
CSIX,1547472884,024353490001,-64,6,128,43300400fdeafbe9faecf9ecf7ecf7ecf6eff5edf5f0f4edf3eef2eef0eef2eff0ebf1edefebf0eaf1ecf2ebf5eaf5ecf6e9f8e9fae900000000000000000000000000000000000000000000fef1ffefffefffed00ef01ec00ed00ed02ed00ec03ea02ea02ea02ea01ea02ea02ea00ec00e8ffeafde900eafff102e6fde8fde6
CSIX,1547537475,024353490001,-65,6,128,43300400fe17ff160115011403140414051205130612081309120a110b130b130c140c160b150b160a150916081607160617051602160000000000000000000000000000000000000000000001120013fe14fd15fd14fb15fb15fa14fa15fa16f818f918f817fa17f916f918fa17fa16fb17fc17fc18fc19fd17fc19fd1afd1a
CSIX,1547579033,024353490001,-68,6,128,43300400fbeafaebf8edf9eef8edf7eff6f0f3f1f4f1f2f1f2f2f1f3f0f3eff3eef2eef1eef1eff1f0f0f0eff1f0f2eff3eef3eff6ed00000000000000000000000000000000000000000000f9f3faf2f9f1faf0faeffaeefaedfaecfaebfaeafce6fce6fce6fce6fde7fce5fce6fbe7fce6fce6fce6fde5fde8fde6fce5fde6
CSIX,1547595281,024353490001,-68,6,128,433004000c110f11100d0f0d100c110c100a1209130815071405160417061806190618081a0919081709170a140b140b130a140c120d000000000000000000000000000000000000000000000d0a0c0d0c0e0d100b100b120b130a140a150b170b180b1809190a180a18091a091809170a18091709160a170a140b150c160d15
CSIX,1547624389,024353490001,-66,6,128,4330040010f111f00fef0eef0eee0eed0ced0bec0aec0be90ae90ae80be70be80ce70ce80de70ee80eea0fea10ec10ed11ed11ee12f0000000000000000000000000000000000000000000000ef10ff110f311f311f313f514f614f515f614f616f616f616f616f615f717f515f514f616f514f414f315f312f314f214f115f1
CSIX,1547654924,024353490001,-63,6,128,43300400e700e700e803e902e903e904ea05ea06ea06e908ea08e909e809e80ae608e509e708e706e706e704e803e703e701e801e9fe00000000000000000000000000000000000000000000f001f000efffeefeeefeeefdedfdedfcecfcebfceafbe9fbeafae9fbeafae8fbeafceafce9fce9fde9fde8fde9fee6fde6fee6fd
CSIX,1547688265,024353490001,-65,6,128,43300400f1eaf2ecf1ecf2edf1eef0eff1f2f1f1f0f1eff3eff4edf6ebf5ecf4ecf4ebf1ecf2ebf2eef3eff1f0f0f0f0f0f0f2eff3f000000000000000000000000000000000000000000000f4f7f5f6f5f4f5f3f5f4f5f2f4f0f5f0f4f0f4eef3eaf4eaf6e9f4eaf4ebf4eaf4ecf4ebf3eaf2eaf3eaf1e8f2e9f3e7f2e6f3e7
CSIX,1547744448,024353490001,-65,6,128,43300400041406140711081109100a100c0f0d0e0d0e100f110e120e1311140f1511141314141314121411150f150e150d160d160a1700000000000000000000000000000000000000000000030d030e020f02100210001200120013ff13fe14fe16fe16fe16ff16fe15ff17ff16001500170016001601160115011702180217
CSIX,1547832984,024353490001,-66,6,128,43300400e503e503e805e904e906ea08ec08ed0aed0aec0ded0eed0eec0fec10ea11e811e811e710e80ee70de70be70ae609e707e70500000000000000000000000000000000000000000000ee00eeffedfeedfeecfdedfeecfeeefdecfdebfdeafde9fdeafde9feeaffe900e900ea01e802e802e703e603e703e402e203e402
CSIX,1547867362,024353490001,-66,6,128,433004000ef20ef00df00bee0bee0ded0ced08ec0aea08e708e808e609e50ae50ae30ee40ce50ee40ee70ee80fea10eb11eb11ed12ee0000000000000000000000000000000000000000000006fe08ff08fe09fe09fe0bfe0bfe0bfe0cfd0cfd0efe0dfc0efd0dfb0dfa0ffa0ffa0ff90ef80ff70ef710f710f811f611f411f5
CSIX,1547893399,024353490001,-63,6,128,43300400180e1a0f190c190d1a0c1a0b19091a081a091d081c071c071e091d081f0a1f0b1e0c1d0c1b0c1a0e180e160e1710150f13110000000000000000000000000000000000000000000007060707070708080808090809090a090b0a0c0a0d0c0d0d0e0d100d0f0d110e100e100d120e130e130e1510140e161018111810
CSIX,1547922854,024353490001,-60,6,128,4330040002e501e4ffe700e7ffe6fee7fee8fde8fce8fae7fae8f9e8fae7fae7fae5fbe4fce5fde6fee7ffe701e801e901e902ea04ec00000000000000000000000000000000000000000000fef301efffeeffed02ed00ed03ee04ec05eb02eb05e903e704ea05e906e804e704e805ea04e703ea02e703e602e804e403e403e5
CSIX,1547956986,024353490001,-68,6,128,43300400f714f814fa14fa14fc15fc15fe1500150016021801190219021a031b031c021d001c001dff1bfe1bfd19fb19fa19f917f91600000000000000000000000000000000000000000000f706f402fb02f903fb0df609f70af60af70af50bf30bf40bf40cf40df50ef410f50ff510f312f312f412f312f212f212f313f413
CSIX,1547983037,024353490001,-61,6,128,433004000ae509e508e408e606e406e405e503e403e401e101e301e302e201e102e003df04e105e106e307e408e609e70ae709e90beb0000000000000000000000000000000000000000000004f305f205f206f107f008ef09ee0aef0aee0bed0dea0eeb0eeb0eea0dec0fe80dea0de90ee80ee90de80ee80de80de60ee60de5
CSIX,1548013904,024353490001,-65,6,128,43300400110e110d130c110b120a130a1207130614061605150416041705180419051907190718071709170a150a140b150c120c110d000000000000000000000000000000000000000000000a0609070b080b090c090c0a0d0b0c0c0d0d0e0e0f110e110e100e110d100f110e100f0f0f100f10100f1110110f111013111210
CSIX,1548047321,024353490001,-69,6,128,43300400ee09ed0cef0df00df00ff012f112f215f215f11af21af31cf11ef11eef20ee22ed22eb21eb1fea1fe91de91ce71ce81ae61800000000000000000000000000000000000000000000fffdfefefefffcfffcfffb00f9fff9fef8fef7fef6fef6fef5fef5fff3fff300f300f201f101f002f002ef01f003ed03ee05ed05
CSIX,1548073189,024353490001,-64,6,128,4330040015010fec08f109f51aef07f726db0df00bed09fc0cf90ef006de08e9e7d210e803e307e115e406e40ce403e908eb02e80be800000000000000000000000000000000000000000000ff070d0711ff0e000b1108051b200b0a0f0e0b093f1dfe081a0c001106140c0d15f813151a131e0d09022106ee062cfa0e0621f1
CSIX,1548107946,024353490001,-62,6,128,43300400fd19fe1a00190018011a0219031804180418071b07190719071b071b0a1f071d061d041d031b011bff1afe19fe1afe18fc1700000000000000000000000000000000000000000000000eff0ffe10fd11fd11fb13fa13fa13f914f914f717f817f716f717f715f618f716f916f818f917fa18f918fa17fa1afb1bfb1a
CSIX,1548163176,024353490001,-64,6,128,43300400150716071605140515031603150215011500170016ff15fe16fe17fe18ff1900180018011702170316041504150513051207000000000000000000000000000000000000000000000e020e030e0410050f05100610080f0810091009120a130a120912091109140a1309130814091508150815071308170b1708170a
CSIX,1548195300,024353490001,-66,6,128,4330040014ed13ec11ec10ec10ea0fea0eeb0de90ee80de60ce80be60ce60ce50de40ee30ee40fe50ee710e611e912ea12eb12ec12ef0000000000000000000000000000000000000000000007fa08fa08f908f809f70af80bf70bf60cf50ef510f412f411f411f312f314f111f112f113f113f013ef15ee13ef17ef17ee16ef
CSIX,1548222953,024353490001,-64,6,128,43300400051705180715071509160a150b130c140c130e150d140e140f160f150f1710180f180d180c170b180917081707180617041600000000000000000000000000000000000000000000040a040c040d040e040f0210021102110112011400160016001600160016001800160015011701170217021802170219031a0319
CSIX,1548253112,024353490001,-64,6,128,433004000e110f130f0f0f0f110e120e110c130c120a140b140a150a160b160b180c180d180d180f160e150f13101210121111110f120000000000000000000000000000000000000000000007080709070a070b080c070d080d080d070e090f091108120812091209110a130a120a110b120c120d120d130e120d140f150f15
CSIX,1548330536,024353490001,-61,6,128,433004000c170e180f150e150f1610150f1311131111141213101510151214111613161315131415121311140f140e130e140c130a14000000000000000000000000000000000000000000000a0d090f0910091208120714061505150415061604190618051806170517061907170716081808170a170a180b160c190d1a0c1a
CSIX,1548345686,024353490001,-60,6,128,43300400eaffe600e904e902eb04e803ea04ea04ec06ea09eb07ec07eb09eb09eb08eb08e907e907eb07ea05ec04ec03eb02ec02ec0000000000000000000000000000000000000000000000ef01f0ffeefdecfcedfdeefcecfaecf9edfaecf9ebf6ebfaebfaeafcedf7e9fbeafdecfaeafdebfde9fee9fce8fee8fee7ffe8fd
CSIX,1548373652,024353490001,-61,6,128,4330040009140f1510150f100f140e120d1214110e130f0c0e0a110f100c150e120d140e130f130e120f100f10100e120c120b120912000000000000000000000000000000000000000000000d090d0b0d0c0d0d0d0e0d0d0c120a120b110b150f170a130c140e160a130e180e150c170b140a190c12100e04190f1f1914151b
CSIX,1548404495,024353490001,-65,6,128,43300400e80beb0dea0df20df00fef0ef20def11f212ef13f210f413f115f214f117f016ef16ef16f014ef14ee11ef10ed10ef0dee0c00000000000000000000000000000000000000000000f406f205ee00ec04ee01eb02eefef000ea02ec02e8fae8ffeafded00eefeea00e801edffe703e903ea04ea05e906ea00e608e804
CSIX,1548493630,024353490001,-65,6,128,433004001802180018fd18fe18fd19fd18fb18fc18fa19f918f818f819f819f71af71df81cf81cf91bf91bfc19fc1b001c0018ff1602000000000000000000000000000000000000000000000c000d000f010f020f0210041004100512051206130614071307140613061607140614051506150516041705160418051a041803
CSIX,1548523397,024353490001,-61,6,128,43300400fe19fe190119001702180218031704170516061807160716081709180819081b081a071a061905190218021800190017fe1600000000000000000000000000000000000000000000010f0010ff11fe12fe12fb13fb13fa13f913fa14f816f816f816f816f814f817f915f915fa16fa16fb17fb18fc17fa18fc1afc1a
CSIX,1548555814,024353490001,-64,6,128,43300400f8e7f8e7f5e9f6eaf4ebf4ebf3edf1edf1edefeceeeeedeeecedecedebeceaebebebebeaedebeeeaf0e9f1e9f2e8f3e8f6e800000000000000000000000000000000000000000000f9f1faf0faeefbedfbedfdecfcebfdebfeeafee9ffe7fee7ffe8fee7fee8fde5fce7fce7fce6fbe7fae6fae5fbe6fce5fae4fae5
CSIX,1548615243,024353490001,-61,6,128,43300400ed11ef12f013f112f114f114f313f415f415f417f516f617f518f519f519f41bf419f319f317f216f114f014f013f111ef1000000000000000000000000000000000000000000000f40bf30bf10bf00bef0bee0aee0aed0aed09eb09e909ea0aea09ea0aec09e90ceb0beb0bec0bec0cec0dec0eed0deb0fec11ec10
CSIX,1548647662,024353490001,-64,6,128,433004000e111011110f110f130f130e140f150d150d180e170d180c190f190e1a0f1b101a1118121711151313131214121410140e1400000000000000000000000000000000000000000000050c040d040e050f040e03100310021003110212021303120312051205120614061307110814081309130a130a120a150c150c14
CSIX,1548733677,024353490001,-63,6,128,4330040019051905190219031a021a01190119ff1aff1bfd1afd1afc1cfd1cfc1dfc1ffc1dfe1eff1c001d011b031b041a0519051707000000000000000000000000000000000000000000000d020d030e040f0410050f0711080f081208120a130b140b140b150a130b160b140a150a150b160a160917091608180a190a1809
CSIX,1548765186,024353490001,-62,6,128,43300400f311f314f612f513f614f514f714f715f813f816f915fa16f817f916f718f817f717f617f715f615f413f512f312f411f31000000000000000000000000000000000000000000000fb0af90bf80bf70cf60bf40bf40bf40bf40bf30bf20cf20cf20cf20df20df00ef10ef30df10ff20ff20ff110f30ff211f112f113
CSIX,1548793279,024353490001,-62,6,128,433004000cec0ceb0aea0aeb0bea0aea09eb08ea07ea07e706e905e806e706e606e607e608e609e709e80ae90bea0ceb0deb0ced0eee0000000000000000000000000000000000000000000007f408f409f40af30af40cf40cf40cf40df40df30ff20ff20ff20ef10ff210f00ff10ef010f00ff00fef0fef0eef0fee0fec0fec
CSIX,1548854017,024353490001,-62,6,128,433004000dec0cec0ae90bed09e608ea0bea03ea08ea09e805e804e902e707e504e606e707ea06e805e809ea08eb09ec09ec0bed0aee0000000000000000000000000000000000000000000004f609f407f507f40bf20bf40af50af10bf40cf20dee0ef30ef10ff40ff20eee11ee12f00fef13ee0eec0fed11eb0cef10e80def
CSIX,1548884021,024353490001,-62,6,128,433004000017011903180217031703180316051705170618061706160617061706180619051804190317021701160016fe16fe15fc1400000000000000000000000000000000000000000000010b000b000cff0d000eff0efe0ffe0ffe10fe11fd13fe13fd13fe14fd13fd16fc15fd15fd15fd15fe15fe16fe15fe18ff19ff18
CSIX,1548915493,024353490001,-61,6,128,43300400f4eaf3e9f3ebf3ebf2ebf2ebf2ecf1edf1eeefedefeeeeefeeedeeeeedeceeeceeebf0ebf1ecf2ebf4ecf5ecf5ebf6ecf9ec00000000000000000000000000000000000000000000f9f5f9f4faf3f9f1fbf1f9effbf0fbeffbeffbeefaebfaebfaebf9ebfaebfae8faeafaebfae9f9eaf9eaf9e9f8eaf7e8f6e8f6e8
CSIX,1548943713,024353490001,-61,6,128,43300400fc17fa16fc17f91bfe1a01190014fd16fe17ff1a0217021500170118ff1b001c011afd18fd17fb17fa16fb16fa15f913f71100000000000000000000000000000000000000000000000afc0cfc0efd12fd10fc0ffb0ef80ff90ff612f716f916f911f810f615f316f815fb15f514f513f616f718fb16f716f718f618
CSIX,1548974844,024353490001,-62,6,128,433004000a190b1a0d190c180b190c1a0c170b150f1510170f1510140f1511151115101810170e180c160b170a16091608160715051400000000000000000000000000000000000000000000070d060e050f051105110412031301130214031503180318031804190218041b04190418041903190519061a061a071b081b081b
CSIX,1549002980,024353490001,-62,6,128,43300400021b031c051b051a071a071b081909190718091b09180a190a1a0a190a1b091b081b081a071906190418021701170016ff1500000000000000000000000000000000000000000000020e020f011000110011ff12ff13ff13ff14ff14fd16fd17fd17fd18fe17fd1afe19fe17ff1900190119001b0119ff1b011d021d
CSIX,1549033743,024353490001,-61,6,128,433004001c011d011cfe1cff1cff1dfe1bfe1bfc1afc1cfa1afa1af91cfa1bf91dfa1dfb1dfc1cfd1bfd1bff19ff1801190117021504000000000000000000000000000000000000000000000ffe10ff10001201120213031304120414051504170518061806190618071a07190618051a061a061a051b0519041c051e031e03
CSIX,1549062940,024353490001,-61,6,128,43300400160f180f180c170b190b190b1809190919081b081a061b061c071c071d081d091c091c0a190a190b170b160c150d130d110e000000000000000000000000000000000000000000000f060e080e090f0b0f0c0f0e0f0e0e0e0f1010101012111211121212101212141112111212121212131114121310141216121611
CSIX,1549095090,024353490001,-62,6,128,43300400f9e6f8e5f7e7f7e7f5e7f5e7f5e9f3e8f4e9f1e8f2e9f1e9f0e8f1e9f0e7f1e7f2e7f3e7f4e8f5e7f6e8f8e9f9e9fae9fcea00000000000000000000000000000000000000000000faf0fbeffcedfdecfdecfeebffeb00eb00eb00ea00e700e700e8ffe700e800e5ffe6ffe8ffe5fee7fde6fee6fde7fde5fbe4fbe5
CSIX,1549126081,024353490001,-62,6,128,43300400f312f316f915f714f615f814f913f815fa14fa16fb16fc16fa17fb16fa18f917f818f716f614f615f512f511f412f511f30f00000000000000000000000000000000000000000000fd0efa0af90cf70cf60ef40df40ef50af60df30cf50ff50df311f20ff30eef0ef20ef010f110f20ff411f212f30ff412f212f516
CSIX,1549153220,024353490001,-62,6,128,43300400ee13ef15f215f214f115f115f414f214f417f718f818f819f61af619f51af51af419f218f216f116f014f113f213f212f01000000000000000000000000000000000000000000000f80df60cf50cf30df30df10cf00cf00bee0bf00def0eee0fee0eee10ec0eeb0fed0fee0eed0fec0eed0fec10ef11ee12ee15ed13
CSIX,1549192165,024353490001,-62,6,128,43300400ebf9e9faeafbebfbeafce9fcebfde9fee9fde8ffe900e900e700e701e6ffe6fee7fde6fde8fce8faeaf9ebf9ebf8edf8eef700000000000000000000000000000000000000000000f2fcf2fbf2faf1f8f1f8f1f7f1f6f1f6f1f5f0f5eff3eff4eff3eff4eff4edf3eff4eff5eef4eef4eef5edf5edf7ecf6ebf7ebf7
CSIX,1549213130,024353490001,-63,6,128,43300400e8fbe8fce9fee9fee9fee9feeafee900ea00e803e903e904e703e804e603e603e602e600e8ffe8fde9fdeafceafcebfcecfa00000000000000000000000000000000000000000000f1fef0fef0fdeffbeffbeef9eef8eff7eff7eef7ecf6ecf6ecf6ebf7edf6eaf6ecf7ecf7ebf6ecf7ecf7eaf7ecf9e9f8e8f9e9f9
CSIX,1549248019,024353490001,-63,6,128,4330040002e700e5fee6ffe7fde6fde5fde7fbe7fae7f8e5f7e6f7e6f6e4f7e4f8e2f8e1f9e1fbe1fce3fde2ffe400e501e402e604e70000000000000000000000000000000000000000000002f004ef05ee06ee07ef08ed09ed09ee0aee09ed0bec0aec0aec0aeb0aed0beb0aeb08ec09ea08eb06ea07ea04eb06e805e704e7
CSIX,1549337859,024353490001,-65,6,128,43300400fa14fa17ff15fd13ff190014021001160315081907140517071708150419041a041a021a021a0119ff1afe17fd17fd18fb1500000000000000000000000000000000000000000000fc0efb0efa0ff810f90ff711f710f70ff40ff810f614f415f712f415f412f215f513f710f614f612f515f615f914f815f716f818
CSIX,1549362919,024353490001,-65,6,128,43300400f311f411f613f711f712f814f913fa15fb12fc16f913fc15fc16fc17fd17fa18fb18f918f917f816f715f613f414f612f41000000000000000000000000000000000000000000000f609f40af40af30af30af10af109f108f009f009ee09ef09ee09f00aef0bed0bf10bf20bf00cf00ef20df20df40df10fef10f011
CSIX,1549395293,024353490001,-64,6,128,433004000aeb16ec0af5feefffe606e901f3f4eff7eaf6eef2f5ecf4ebefeef3ebf8e8fae6f7e8f9ebfee901e7ffecffed04ec06ea0400000000000000000000000000000000000000000000f104f704f70cf010f109f908fb10f614f30eff0a0118f91afc0e0a0f0e1902170208120718140b13080118fc18090a0311f11cf2
CSIX,1549454961,024353490001,-65,6,128,4330040012f412f310f110f110f010f00ef00ef00dee0eec0ced0cec0dec0deb0eea10ea0fec11ed10ee11ef11f111f211f210f410f6000000000000000000000000000000000000000000000ef70ff810f812f911f912fb13fb12fc12fb13fa15fa15fa16fa16fa15fa17f815f915f916f815f815f716f713f715f716f515f5
CSIX,1549482981,024353490001,-64,6,128,433004000c130d130f110e110f111010100f110f100e130f120c130c140e140e1410151114111311111010120e110d110b120a11081100000000000000000000000000000000000000000000080f071006100612061205130413041304130414051604160516061505150518051606150716071508150815091309150a160b15
CSIX,1549512977,024353490001,-63,6,128,43300400e7fae6fbe7fde8fce7fee6fee9ffe801e801e601e702e704e503e504e403e302e400e400e7ffe6fde8fce9fbe9faecfaedf900000000000000000000000000000000000000000000edfbedf9ecf8ebf7ecf7ecf4ecf4edf4edf4ecf3ebf2eaf2eaf2e9f3eaf3e8f2e9f4eaf4e9f3e9f5e9f5e9f5e9f6e8f5e6f6e7f7
CSIX,1549548314,024353490001,-64,6,128,43300400ea03e906ec05eb06ed09ed0aed0bed09ef09ed0dee0cef0eee0eed0fed0fe90feb0eeb0deb0bea0aeb08eb07ec06ed05ed0300000000000000000000000000000000000000000000ee03ed02ec02eaffec00ebffebffebfdeafceafee8fce8fde8fde7fde9fde6fee8fdeafde8fee8ffe9ffe900ea01e900e802e802
CSIX,1549603645,024353490001,-63,6,128,43300400f2efefedeff1efeeeeefedeff0f1ecf6eff6ebf4ebf5eaf4e8f2ebf4e7f1eaf2e9efebefedf0edeff0edf1f0f1eef3f0f4ef00000000000000000000000000000000000000000000f5f2f6eff7f0f6ecf9eff8ebf9ecf9ecfaecf8eef7eaf7eaf8eaf7eaf8e9f9eaf6eaf8edf7e8f6ebf6ecf6ebf5eef4ecf2ecf1eb
CSIX,1549663048,024353490001,-64,6,128,43300400fb16fc17fe16ff15ff17001700160216031605170616071706180718061a051b051b031b0219001aff18fe18fd18fd16fb1400000000000000000000000000000000000000000000fd11fb13fb13f914f814f614f515f413f414f415f216f216f215f316f314f116f315f414f416f415f515f516f714f616f717f817
CSIX,1549696346,024353490001,-64,6,128,43300400f6ebf3ebf2edf3edf1edf1edf1eeeff0efefedefedf0ecf1ebefeaf0eaeeeaedebedececeeedefecf1edf2ecf3ecf5edf6ed00000000000000000000000000000000000000000000f9effaeefaedfbebfbebfdeafdeafeeaffeaffe8ffe700e7ffe7fee7ffe8fee6fee8fde8fde7fde9fbe9fbe9fbebfae8f9e8f9e9
CSIX,1549722962,024353490001,-65,6,128,43300400fbebfaebf8edf8edf6ecf6edf6eef4eef4eff1edf1eef0eef1edf1edf0ecf0ebf2ebf3eaf4ebf5eaf7ebf7ecf8ecf9edfbed00000000000000000000000000000000000000000000fceefeedffecffea00eb02ea03eb04ea04ea04e905e805e805e804e804ea05e803e903eb03e902e902e901ea00eb00eafeeafeea
CSIX,1549758613,024353490001,-64,6,128,43300400f7e9f5eaf4ebf4ecf3ecf2ecf2edf1eef1eeeeedeeeeeeeeededeeededecedebefebf0eaf2ebf3ebf5ecf6ecf6ebf8edfaed00000000000000000000000000000000000000000000f9f0faeefaedfbebfbecfdeafdeafeeafeeaffe9fee7fee6ffe7fde6fde7fee5fde7fde8fde6fde7fbe7fce6fbe9fbe7f9e6f9e7
CSIX,1549782990,024353490001,-64,6,128,43300400eeefedefebf2edf3ecf3ebf4ecf5eaf6ebf7e8f7e9f8e9f9e7f9e8fae7f8e6f8e8f7e9f7eaf7eaf6ecf5edf5eef4eff5f1f400000000000000000000000000000000000000000000f0f3f0f1f0eff0edf0edf1ebf1ebf2ebf2e9f2e8f2e6f2e5f2e6f2e6f3e7f1e5f2e8f1e8f1e8f1e8f0eaf0e9f0ebf0e9eeeaefeb
CSIX,1549819897,024353490001,-63,6,128,43300400f211f314ef1cf612f615f714f71df916f914fa17fe1ffb17fa19fb17ff1ffa1afa19f617fd18f716f414f613f911f411f31000000000000000000000000000000000000000000000f80ff50f0110f111f30ef00ffc12f10fef10ef0fe30ded11ed0fec10e30cea10ec10ee0ff612ef10ef12ec11fa0fee12ef13ef13
CSIX,1549845886,024353490001,-63,6,128,433004000ded0cec0aec0aec09ec08eb06eb06ea05eb04e804e903e804e604e804e605e506e607e608e809e909ea0aec0bec0bee0cef0000000000000000000000000000000000000000000009f00bf00bf10df00df010f011f111f112f013f115f015f015f014f014f115ef14f013f014ef13ef12ef13ef12f013ef12ed11ee
CSIX,1549875687,024353490001,-63,6,128,433004000e1410131111101012101310120e130d130e160e150d150c160d170d180e19101710171014111311111110120f130d120b1200000000000000000000000000000000000000000000090e080f0810071107120612071406130614061505180618051807180617061907160717081709170a160a170a150a170c170c16
CSIX,1549905054,024353490001,-63,6,128,43300400e6fee6ffe701e902e804e703eb03e807e806e609e909e809e60ae60be70ae50ae706e607e705e602e703e801e800eaffebfd00000000000000000000000000000000000000000000eeffeffeedfdecfcebfdecfaeaf9ebf8e9f8e9f8e6f8e7f5e8f6e7f6e9f7e6f7e8f7e9f8e8f7e8f8e6f9e7f8e8fce8f9e6fbe3fc
CSIX,1549935591,024353490001,-62,6,128,43300400ee0beb10ee10ed10ee11ee12ee11f013f013ef15ef15f115ef15f015ee15ed16ec16ed14ed11ec11ec0eec0eeb0ced0bec0900000000000000000000000000000000000000000000f207f007f006ee06ee06ec05ed05ec05ec04ea04e904e705e803e805ea06e806ea05ea06e907e907eb08ea09ea07e908e80be90c
CSIX,1549963117,024353490001,-62,6,128,4330040018041902180116021801180016ff18fe17fd19fc18fc18fc1afc19fc1bfe1bfe1bff1a001900170317051605160613061307000000000000000000000000000000000000000000000c000e020d030f020f031104100410051106120511071409100a1409130917091409130715051308150615091306170719051604
CSIX,1549994134,024353490001,-62,6,128,43300400160c180b18091709190819081807190619051c041b031b021d041d031f041f051e061d071b081b091909180a170b160b130c000000000000000000000000000000000000000000000d070d090d0a0e0b0d0c0d0e0e0e0c0e0c0f0e100e120f120e1210120f1210130f11101012111111120f1311120f131015101510
CSIX,1550024577,024353490001,-62,6,128,43300400ed11ee14f014f013f115f115f315f417f316f419f518f619f41af41af31cf21cf21af019f117f016ef14ef13ed12ef11ee0e00000000000000000000000000000000000000000000f40bf10bf10aef0aef09ee08ed09ed08ed08ec08ea08ea08ea09ea09eb09e90aea0aeb0beb0beb0cec0deb0ded0dec0eea10ec10
CSIX,1550053137,024353490001,-62,6,128,43300400e500e402e504e604e504e505e605e507e607e409e509e50ae309e30ae109e009e207e106e404e403e401e501e6ffe8ffe9fd00000000000000000000000000000000000000000000f0fef0fceffbeffaeffaeff8eff8eff8eef8edf7ecf6ebf7ebf7eaf8ecf8e9f7eaf9ebfae9f9e9fae9fbe8fbe9fce7fce5fde6fe
CSIX,1550088335,024353490001,-60,6,128,43300400fbe9fae8faeafaeafaeaf9eafceaf9eaf8e8f4e7f9eaf3e5f6e7f8e8f5e0f7e402f1f3defaeaf6f20bec0feb08f908e5faf700000000000000000000000000000000000000000000f7f5f8f3f9f2f9f1faf1fbf0fcf0fdeffdeffdeefdecfdecfdecfdecfeedfeebfeecfeedfeebfeecfdecfeebfdecfceafbe9fcea
CSIX,1550143336,024353490001,-62,6,128,43300400fa1afc1bfe1bfe1bff1bff1b001a021b021b031e041b051c041e061f0420042102200120001efe1efd1cfb1bfa1bfa18f81700000000000000000000000000000000000000000000fb0cf90cf90df70ef70ef60ef60ff50ef50ff50ff311f312f411f412f411f414f413f513f514f615f715f617f716f718f719f819
CSIX,1550177441,024353490001,-61,6,128,4330040002e601e4ffe6ffe6fee6fee4fde6fbe6fbe7f9e4f8e5f8e5f8e3f8e4f9e1fae1fae1fce1fde3fee301e401e602e502e705e80000000000000000000000000000000000000000000001f203f204f104f005f106f008f007ef08f007ee09ec08ec09ec09eb09ec0aeb08eb08ec07ea07eb06e907e905e906e804e604e5
CSIX,1550233299,024353490001,-60,6,128,43300400eb13eb14ee16ee14ef16ef17f115f117f217f21af319f419f31bf31bf21df01ef01bef1bf019ee18ed15ed14eb13ed11ed0e00000000000000000000000000000000000000000000f50bf30bf10af00af00aef0aee0bee0aed0aeb0be90ae90be90ae90bea0ae70ce90bea0ce90cea0deb0eea0feb0fe90fe912ea12
CSIX,1550265282,024353490001,-60,6,128,43300400e6f5e5f6e5f8e6f8e5f9e4f9e6fbe5fce5fce3fde4ffe400e3ffe201e000dfffe1fee1fde3fce3fae4f9e5f8e6f7e8f7eaf500000000000000000000000000000000000000000000f1f9f1f8f0f7f0f5eff5f0f3eff3eff2eff2eef0eeeeedeeeeeeedefeeefebeeecf0ecf0ebf0ebf1eaf1e9f2eaf3e9f1e6f2e7f2
CSIX,1550294597,024353490001,-61,6,128,433004001702180116ff15ff17ff16fd14fd18fc18f917f915f815f817f817f71af71bf91bfa1bfa19fc19fe18fe1700180016021503000000000000000000000000000000000000000000000e000f010f02110310041105110711071207120713091409130a1309130914091308130715071408130715051305160617041804
CSIX,1550324494,024353490001,-61,6,128,43300400001601170315041603150416041506150513091609130a140a160a150c170a1809190719071805170417021602180114fe1500000000000000000000000000000000000000000000010eff0ffe0ffc11fc10fb11fa11f911f811f911fa14fa13f813f914fa13f813fa15fb14f914fb13fc14fd14fe16fe16fe17ff16
CSIX,1550361552,024353490001,-62,6,128,433004000eed0eec0ceb0beb0bea0bea0aea08e808e807e606e706e606e406e407e20ae10ae30be30be60ce60ee80ee90fea0eec0fee000000000000000000000000000000000000000000000cf50ef60ff611f611f713f813f812f913f914f915f915f814f814f714f815f613f712f613f512f511f412f310f311f212f011ef
CSIX,1550383010,024353490001,-62,6,128,433004000d1110121010101011101110100f120f120d140d140c140c150e150d170f161015101411121111110f120e110e120c110a1200000000000000000000000000000000000000000000070b060d060e050f040f0410031002100311031103130313031204120412041305120511061206110711081209100a110c130d12
CSIX,1550414421,024353490001,-62,6,128,4330040014fd15fb14f914fa14f814f714f713f514f514f413f413f215f214f117f117f117f317f317f417f516f716f817fa15fb15fd000000000000000000000000000000000000000000000f010f0210021104110410051005150210071109120814080e0612071307150513061205130512041203130212011302150015ff
CSIX,1550445248,024353490001,-61,6,128,43300400ee13ed16f017ef16f018f018f217f219f318f21bf41af41bf41ef41df21ff11ff01ef01df01bef1aed18ed16eb15ec14eb1100000000000000000000000000000000000000000000f207f107f006ef06ef06ee05ed05ee05ed05ec05ea05ea06ea06ea06eb06ea08eb08ec09ec09ec0aed0cec0cee0dec0eec11ed12
CSIX,1550475796,024353490001,-61,6,128,43300400e9f0e7f0e7f2e7f2e6f2e5f2e7f4e5f5e6f6e2f7e3f8e2f9e0f7e0f8def6def5dff4dff2e2f1e2f1e5efe6f0e6efe9efebed00000000000000000000000000000000000000000000f5f4f6f2f6f1f6f0f6f0f7eff7eef7eef7edf6ecf6eaf6eaf6eaf4ebf5ebf4eaf3ebf4edf2ecf3edf1edf0edefefedeeebedebee
CSIX,1550503226,024353490001,-62,6,128,43300400fbe9fae9f8e9f9e9f8e9f7e8f8eaf6eaf5e9f3e8f3eaf2eaf2e8f1e8f1e6f2e5f4e5f5e5f7e6f8e5fae7fbe7fce7fce8ffe90000000000000000000000000000000000000000000000f201f102f003ef03f004ef05ef05f006ef06ee07ec06ec06ec05ec06ed05eb05ec04ec04eb03ec02ec02eb00ec00ebfeeafee9
CSIX,1550535375,024353490001,-62,6,128,433004000cf417fe15f012f3110316fe1df80cec16f414ec14f41bed18f214f51ef31df821fa1dfe1cfc1afb17fe1900180316001504000000000000000000000000000000000000000000000bf80efa0dfa0efc10fb0ffd10ff11ff120015fc14ff13ff11fa16020cfe170114f90e0115ff0ffc0d00130414fd19fd1bff1af9
CSIX,1550564533,024353490001,-64,6,128,43300400c8f0bfd8b2d8c1ebbadebadeafeabbebbae3bce1b3f9b3eab2f0aef3a6f090f5b5eda0efb2d9c7e4b9d9d1ebb8e5e0e0dfe300000000000000000000000000000000000000000000e0ede7e5dbe3d3c4dfcfd0dcdfe6d8d8ecd7d9d5ebccc9c4dbc6dbcec6c4d0cfc4cadbe2d2d3cdd2d7e0cdcbcbd8bcddb7d3b4ce
CSIX,1550593675,024353490001,-62,6,128,43300400fc19fd19ff19ff19001a0119011803180219041a05190619061a071c061d051f041e031e021c011cff1afd1afc1afc18fa1700000000000000000000000000000000000000000000fd0dfc0efa0ff90ffa0ff810f811f710f711f612f513f514f413f513f512f415f514f614f614f714f814f915f915f817f919fa18
CSIX,1550623207,024353490001,-62,6,128,43300400e7f6e4f8e6fae6fae6fae6fbe7fce7fee7fee4ffe501e501e301e301e200e0ffe1fee1fde3fce4fae5f9e6f8e6f7e8f7ebf500000000000000000000000000000000000000000000f2fbf2f9f1f8f1f7f1f7f1f6f0f5f0f5f0f4eff3eef1edf1eef1edf2eef2ecf1edf2edf3ecf2ecf3ebf4e9f3ebf5e9f3e7f4e7f5
CSIX,1550653235,024353490001,-63,6,128,433004009818ca04b21cc824c81bc812c113c126c928bb2ac72cc730c737c13bbf3cb83cbf30c434c426c32bc026cb22c321ca17d11400000000000000000000000000000000000000000000dbffca01d4f7d0f3cbf7d8f7d4fcd3fed2fcbef4c4e9b8f1c402c4f3c1f9b6efbcf9d102b5febcf8d511d80bab0db2109fdb9607
CSIX,1550684061,024353490001,-62,6,128,43300400e6f8e4f8e6fbe6fbe5fce5fde7fee6ffe700e401e604e504e304e404e103e103e102e100e3ffe3fee5fce6fce6fbe8faeaf900000000000000000000000000000000000000000000f0fceffaeff9edf7eef7edf5eef4eef4eef3ecf3ebf1ebf1ebf1ebf1ecf1eaf0ebf1edf3eaf2ebf4e9f5e9f4eaf6e7f5e5f6e6f6
CSIX,1550713207,024353490001,-62,6,128,43300400e9f4e8f5e8f7e9f7e9f7e8f7eaf9e9faeafbe7fce8fce7fde6fde6fde4fce4fce5fae5f9e7f9e7f8e9f6eaf6ebf5edf6eef400000000000000000000000000000000000000000000f4faf3f9f2f8f2f7f2f6f2f5f2f4f3f4f2f3f1f2f0f1f0f0f0f0f0f0f1f0eff0f0f1f0f2eff1eef2edf3edf3ecf4ecf3e9f3eaf3
CSIX,1550742928,024353490001,-61,6,128,43300400f91bf91dfc1cfb1bfc1bfc1bff19ff1b0019011c021b031b021d021c021e011f001eff1efe1cfd1cfb1afb19f919f917f71500000000000000000000000000000000000000000000fd10fc11fa11f912f812f613f613f512f413f414f215f215f115f315f314f216f315f414f316f516f717f618f817f719f71cf81c
CSIX,1550775650,024353490001,-62,6,128,4330040010e90fe80de70de90de80de70be90ae80ae809e608e707e608e508e509e40ae30be50ce50de70ee80eeb0eec0fed0eee0ff00000000000000000000000000000000000000000000008f40af40bf40df40df40ef40ff40ff410f411f512f313f312f412f311f412f210f310f210f10ff10eef10ee0eee10ec10ea10ea
CSIX,1550806138,024353490001,-62,6,128,433004001704180517031703180318021601180216fd17ff17fe17fe18fe18fd19fe1aff1a001a001802170315041504140612061107000000000000000000000000000000000000000000000c020c030d050e060d060e080e080d080e090e090f0c0f0b0f0b100b0f0a110a0f090f0811091108120613071305140616061705
CSIX,1550863042,024353490001,-62,6,128,43300400ecededececf2edefeaf0ecefecf3ebf3ebf4e9f4e9f5e8f5e7f5e6f5e6f3e6f2e7f1e8f0ebf0ecefeef0eeefefeef1f0f3ef00000000000000000000000000000000000000000000f6f6f6f3f6f4f8f0f7f0f7eef9eff9edfaf0f8eef7edf7ecf9ecf4eff8eef6eef8edf7eff5edf4edf0eff3edf2f0eff0f0efedee
CSIX,1550897447,024353490001,-62,6,128,43300400150c180b1709160a180918091708180717071907180519051b061b061c071c081b091a0a190a180b150c140d130e110e0f0e0000000000000000000000000000000000000000000007070c0906080a0c0a0e0a0f0a0e0b0d090d090d0a0f0a100b100c100b0f0c0f0b0e0c0d0d0e0f0d0f0c110c0f0b120e140d140d
CSIX,1550927976,024353490001,-62,6,128,4330040014fe18f51df91c0017fb11f71af919f714f615f615f417f113ee18f316f01af01af51bf11af617f618fa18f918fa14fa16fd000000000000000000000000000000000000000000000d000f020f041003100613060f090e080f09110811081209130513070f07140710031305170516031505150513ff160216001501
CSIX,1550984738,024353490001,-63,6,128,43300400150f1510140d140d160e160d150b170c150a190a18091909190a190a1b0c1b0c1a0d190e160e150e150e130e1210120f0f10000000000000000000000000000000000000000000000608090b070e070c0a0f090f060f040f051206120610091009130714071309120a1209100d130b130d100a100e0d121113101213
CSIX,1551043331,024353490001,-62,6,128,4330040015f216f014ef14f014ef14ee13ee12ed11ed12ea11ea10e913e812e914e815e816e916ea16ed17ee17f016f117f215f316f6000000000000000000000000000000000000000000000cf90efa0ffb10fb10fb11fd12fd12fd13fe13fe15fd15fd14fe15fc15fd16fc15fc13fb15fa14fa14f815f914f715f617f417f4
CSIX,1551074776,024353490001,-62,6,128,433004001b001d001b011cfd1cfd1cfd19ff1afc1afa1cf919fa1af71cf81cf81df81ff91efa1efb1cfc1cfe1bff1a001b0218021705000000000000000000000000000000000000000000000c000d020a0010050f040f060d020f0510071108130d120713071307130c140814061305150115031504170417fe19031b021b01
CSIX,1551104256,024353490001,-62,6,128,43300400f113f115f315f315f315f316f515f516f615f618f818f818f619f71af61bf51af41af318f317f216f114f213f113f210f00f00000000000000000000000000000000000000000000f707f508f408f308f307f207f107f106f106f007ef07ef08ef08f009f008ee09ef09f109f00bf00bf20cf00df20ef10ff012f112
CSIX,1551133194,024353490001,-62,6,128,4330040018f718f517f416f516f416f315f314f214f214f013f013ef14ee14ef16ee17ef17f017f116f216f316f615f616f814f814fb000000000000000000000000000000000000000000000bfb0cfb0efc0ffc0ffd10fe10fe10fe11ff12fe13ff14ff14ff14fe14ff16fe14fe13fd15fc14fc14fb15fa14fa16f918f718f7
CSIX,1551222932,024353490001,-63,6,128,43300400fa24fe190213051900170116fd1b00180114fc1efd13fe1a071d0413fe1a011cfd1cfe1bfc1afb1af917f817f517f514f31300000000000000000000000000000000000000000000060a010a0308030e010b040e030d0110fd10fc0bfa14ff14f711ff12fd0dfc11fc12fd11fb15fd10fc120a0e090e050d0404081c
CSIX,1551253254,024353490001,-62,6,128,4330040018f618f417f316f317f217f115f215f114f015ee14ee14ed16ed15ec17ec19ec18ed19ee18f018f118f318f419f517f617f9000000000000000000000000000000000000000000000cfa0dfb0ffb10fc11fc11fe12fe12ff13ff13ff160015ff150016ff15ff17ff15fe15fe16fd16fd15fc16fb15fa17fb18f819f8
CSIX,1551282916,024353490001,-62,6,128,43300400e801e702e803ea02e903e804ea04ea06eb06e908ea08eb09e909e909e708e608e707e705e804e803e901ea01ea01ebffecfe00000000000000000000000000000000000000000000f201f100f0ffeffeeffeeefceefceffbeefaedfaecf9ecf9ecf9ebfaecfaeafaecfbedfcebfcecfcebfdebfdebfeeafee7ffe8ff
CSIX,1551318992,024353490001,-63,6,128,43300400150d170d170b160a160a170a1608160617061904180218021a031a031b031d051b051a0719081809160916091509140a120b000000000000000000000000000000000000000000001009100c110d100f100f0f110e120d120e140e140e160f160e150f150d130f150e130f120f130f1211111112110f13111510140f
CSIX,1551344871,024353490001,-63,6,128,43300400f519f61af919f919fa1afa1afb18fc1afd1afe1c0019001b001c001cff1eff1ffe1efd1efc1bfa1cf819f919f719f717f51500000000000000000000000000000000000000000000fb10f810f711f511f511f310f210f210f110f110f011ef12f010f112f110ef12f112f211f213f212f413f315f515f416f419f519
CSIX,1551372897,024353490001,-61,6,128,4330040014071407150514051506150414031402150116ff15fe14fd15ff17fe18fe1a00180118021602160414041405140513051107000000000000000000000000000000000000000000000d030d050e060e070e080e090e0b0d0b0e0b0e0c0f0d0f0d0f0d0f0c0e0c100d0f0b100b100b100b100a120b1109130a14091409
CSIX,1551403611,024353490001,-61,6,128,433004001413161216101510160f170f160e170c170c1a0b19091a091b0a1c091d0b1e0d1c0d1b0e190e180f170f1610151113101111000000000000000000000000000000000000000000000c0c0c0d0c0e0c100b100a120a130913091409150a170a1709160a160a150b170b150c140c150d140e130f140f13111413151314
CSIX,1551463273,024353490001,-62,6,128,4330040018f318f116f015f114ef14ee13ee12ed12ed12ea11ea10e913e812e714e615e615e816e915eb16ec17ee16f018f115f216f5000000000000000000000000000000000000000000000ef610f711f813f813f914fa15f915fb15fb17fb19fb19fb19fc19fa18fb1afa18fa18f919f818f917f719f617f619f61bf41af4
CSIX,1551493516,024353490001,-62,6,128,43300400041b051c071a0719091909190a170c180c170f180f17101711191119111b101c0f1c0e1d0d1b0b1c091b071a061b051a03190000000000000000000000000000000000000000000002100112ff13fe14fe13fd14fc15fc14fc15fc16fb18fb19fb18fd18fc17fc1afd18fe18fe19ff190019001a0118011b021e031d
CSIX,1551525287,024353490001,-62,6,128,433004000feb0eea0cea0cea0be90be909ea08e908e907e606e705e606e405e406e307e308e409e409e70be70ce90cea0dea0deb0eed0000000000000000000000000000000000000000000009f30af40cf30df30df40ef40ef40ff510f410f412f312f212f312f212f313f111f110f112f011f110ef11ef0fef11ee11eb10ec
CSIX,1551554760,024353490001,-62,6,128,43300400e502e403e505e604e505e605e806e707e808e70ae80ae80ce60ce60ce40ce30ce40ae308e407e405e504e603e602e802e8ff00000000000000000000000000000000000000000000f101f000efffeefeeefeeefcedfcedfbedfbebfbe9fbe9fbe9fae9fceafae7fbe9fce9fde8fce8fde8fee7fde8ffe6ffe400e400
CSIX,1551594315,024353490001,-62,6,128,433004000ce80ae709e608e808e707e606e705e604e604e502e602e602e402e303e304e105e305e306e507e508e70ae80be80bea0cec0000000000000000000000000000000000000000000007f207f209f20af10af10cf20cf10cf20df10ef110f010f010f00fef0ff010ed0fef0eee0eed0eed0cec0deb0cec0eea0ee80de8
CSIX,1551613290,024353490001,-62,6,128,43300400fbecf7e9f8eaf0e5f5eaebedf3eaf0efeef4eeeeeef4eeefefecebeeebeeedf0eeebecebf1edf0eeefedf1eaf1edf3eef7ee0000000000000000000000000000000000000000000002f306f303f208ec0af608ed03f200ec0cee02ed0be704f307e907ee05ee03e701ea01e9fdf107e8fbf0ffe500e9fae8f7e8fdeb
CSIX,1551643808,024353490001,-62,6,128,43300400071b081b0a1a08190a190a190a170c170c160e170e150f150f17111710190f1a0e1a0d1a0b190a190818071806180617031600000000000000000000000000000000000000000000030e020f0210011101110012ff13ff12ff13fe14fe16fe17ff16ff16ff15ff180017001601170117021703190418041a061c051b
CSIX,1551673151,024353490001,-62,6,128,43300400080d0214101405130714100e0e1411100f0f12120a10120b0c0e0f150d120f140b130f12121209170116050d06150110021500000000000000000000000000000000000000000000040b030c030d030f03100111030f0111ff11ff1101130312fd12021100100013ff16040d0218021107120512040d0216041a0a10
CSIX,1551703578,024353490001,-61,6,128,43300400f0e7efe8eee9efeaedeaedeaeeececededeceaecebeeeaeee9ede8eee8ece8eae9eaeaeaedebeeeaefebf0ebf1e9f3ebf6ea00000000000000000000000000000000000000000000f6f3f6f1f7eff7eef8eef9edf8ecf9ecf9ebf9e9fae7f9e7fae7f8e7f9e8f8e6f7e8f7e8f7e7f6e8f5e8f4e7f4e9f4e6f2e5f2e6
CSIX,1551734927,024353490001,-61,6,128,43300400ee16ef17f018f117f119f219f318f319f419f41bf61af61af51cf61cf41df21df21cf11bf218f018f015f015ee14ef12ee0f00000000000000000000000000000000000000000000f70df50df40df20df20df00def0df00def0dee0deb0eeb0eeb0eec0fed0eeb0fec0fed0fec11ed10ee12ed12ef12ed14ec16ec17
CSIX,1551765731,024353490001,-61,6,128,4330040008eff2f5e4f0ebecf602eb1ae30d01070e1bff1410fb220217030cf112e209eafbebf1e8efeaf0f5e901e903f10af614f61500000000000000000000000000000000000000000000f003f505fc0cfc16fc0c0a05160f0a1107f71bf20a02f5e707de01f8e6fbe9edf3f3f70dea1ae70c08021723fb1614f32e021408
CSIX,1551793075,024353490001,-61,6,128,433004001c011d011dff1cff1dfe1dfe1bfd1bfc1afb1cf91af91af71cf81df71ef81ff91efa1efc1cfd1cfe1aff190119011802170400000000000000000000000000000000000000000000110012021303140414041406140714081408160817091709170a170917091909170817071907180718061a0619051b041d041d04
CSIX,1551822972,024353490001,-61,6,128,43300400fce7fce6f9e6fbe7fae7f9e7f9e7f9e8f8e5f4e7f4e9f4e9f4e8f4e7f4e6f5e5f6e6f7e6f8e7f9e7fae8fce9fde8fdea00eb00000000000000000000000000000000000000000000fcf1fdeffeeeffedffed01ec01ec03ec02ec03ea04e804e803e903ea03ea04e703e902e902e801e901e801e7fde8ffe2fde5fee5
CSIX,1551854066,024353490001,-61,6,128,433004001c021c011bff1b001bff1bfe1afd1bfc1afb1cfa1afa1af81bf91df91ef91ffb1efc1efd1bfe1bff190118021802170316040000000000000000000000000000000000000000000012001201140214041404140614061307140815081609170a160917081608180917081706190718061805190619041b051d041c04
CSIX,1551885328,024353490001,-61,6,128,4330040016f116f015ee14ef14ed14ed12ee11ec10ec10e90fea0ee910e810e711e713e713e814ea13ec14ed13ef13f014f012f213f5000000000000000000000000000000000000000000000ef510f612f613f713f714f815f915f916fa17f919f919f919fa18f918fa1af818f818f819f718f717f618f516f518f419f218f2
CSIX,1551913987,024353490001,-62,6,128,4330040011eb11ea0eea0eea0ee90de90ce90be80ae80ae608e608e609e409e50be30ce30ce50ee60de80ee90eeb0eec0fec0eef0ff0000000000000000000000000000000000000000000000af10df10ef210f210f212f312f312f413f413f316f316f216f416f215f316f214f313f215f114f113f014ef11ef13ee14ec14ec
CSIX,1551943527,024353490001,-62,6,128,4330040012ed12eb0feb10ec0fea0eea0cea0ce90bea0ae709e808e809e609e60be50be50ce60de70ce90dea0eeb0eed0fed0dee0ff0000000000000000000000000000000000000000000000bf20df20ef310f210f312f412f413f414f514f416f416f316f415f315f417f215f214f215f214f113f015f012f015ee15ec15ed
CSIX,1551973503,024353490001,-62,6,128,43300400ee0eef0ff010f00ff010f110f210f412f511f413f513f714f515f515f417f316f316f214f312f212f110f20ff20ff20ef20b00000000000000000000000000000000000000000000f309f109f107ee08ef07ed06ed05ed05ec05ec05eb06ea06eb06eb07eb06e907ea08ec07eb07ed09ed09ea0aec0beb0de90deb0c
CSIX,1552063537,024353490001,-62,6,128,433004000eeb0ee90ce90ce90be80be80ae909e808e807e506e706e607e407e508e30ae40ae50ae50be80be90deb0bec0dec0cee0cef0000000000000000000000000000000000000000000009f20af10bf20df10df20ff210f210f311f311f213f113f113f213f112f213f013f011f112f012f010ee12ee0fee11ec11ea11ea
CSIX,1552093758,024353490001,-62,6,128,43300400071608160a1509140a140b140b130c130c120f140f120f120f13101410150f160e160d160b170b150811071506150412021300000000000000000000000000000000000000000000050d040e040f0310021101120013ff12ff13ff14ff15ff15ff140015ff1300160014011401150215031502150314041605170517
CSIX,1552123032,024353490001,-62,6,128,43300400e102d6f7deece1f3e9fae4ffe2f7f102ea03e906ecffe50ce005e300e404e302e102e300e400e5ffe6fee7fee7fde9feeafb00000000000000000000000000000000000000000000f4f4f4f1f6f1f4edf4eff4ecf8eef8ecf5ebf2eff2e6f5eff4ebf2edf1edefecf1ecf1f1f3eee6f2e7ebedfbeae0e2ffdee4deec
CSIX,1552153250,024353490001,-61,6,128,4330040001e5ffe3fde5fde5fde5fce4fbe6fae5f9e5f6e4f5e6f5e5f5e4f5e4f6e1f6e1f7e2f9e1fbe3fce3fde4ffe5ffe6ffe802e90000000000000000000000000000000000000000000001ef02ee03ed04ec04ec07ec07ec07ec08eb08eb09e909e809e909e808e909e707e807e907e706e805e706e604e704e503e303e4
CSIX,1552189044,024353490001,-62,6,128,433004000d120f121010100f110f120e110e120d120d150c150b160a160c170c170d170f160f1510130f12100f100e100e100c0f0a1000000000000000000000000000000000000000000000090a090c090d090e080e08100710071107120812081408140714081308150817091409140a150a140b140b150b130c150e150e14
CSIX,1552243055,024353490001,-61,6,128,4330040018fd19fc16fa17fa16fa16f915f815f714f716f514f514f416f416f318f319f419f519f717f818f916fb16fd16fe14fe1400000000000000000000000000000000000000000000000cfd0efe0ffd0ffd10ff12ff120011fb0f011100150214021606190214021800160216011701170016ff17ff16ff180019fe19fe
CSIX,1552274805,024353490001,-62,6,128,43300400f1faeefbeffceffceffdeffef0fef0fff000ed02f001ee03ed02ee03eb01ec01ec00ecffeeffedfeeffdf0fdf0fdf0fcf2fa00000000000000000000000000000000000000000000f6fdf6fcf6fbf5faf5faf5f9f5f9f5f8f5f8f4f8f4f6f4f6f3f6f4f8f4f7f2f7f3f6f2f8f3f6f3f8f2f9f1f8f1f9f0faeffaedf9
CSIX,1552302975,024353490001,-62,6,128,433004000ce90ce70ae70ae809e808e707e806e705e704e403e602e503e302e304e105e105e207e208e408e50ae70be80be90beb0ced0000000000000000000000000000000000000000000007f308f209f20af20bf20cf20df20df20ef10ef110f011ef11f011ef11f012ee10ef0fee10ee10ed0fec10eb0eec10eb10e910e9
CSIX,1552335189,024353490001,-62,6,128,4330040015f816f715f614f615f514f413f512f312f312f011f111f012f013ef14ef16ef15f016f114f315f414f614f714f713f913fb000000000000000000000000000000000000000000000cfb0dfc0efd0ffd0ffd10ff10ff11ff110012ff140014ff140014ff13ff16ff14ff13fe15fe15fd14fc15fc14fb16fb17f917f9
CSIX,1552363048,024353490001,-62,6,128,4330040003e502e500e501e6ffe5ffe5fee6fde6fce6fae4fae5f9e6fae4f9e3f9e2fae1fbe2fce2fee4ffe400e602e703e703e904ea0000000000000000000000000000000000000000000002f104f104f005ef05f007ef07ee08ef08ee09ed0bec0beb0bec0aeb09ec0ae909eb08ea08e908e906e907e806e807e706e505e6
CSIX,1552393064,024353490001,-62,6,128,4330040007e606e504e604e602e603e502e700e600e6ffe4fee5fde5fee4fee4fee200e200e201e302e403e504e605e806e807ea08eb0000000000000000000000000000000000000000000003f105f006f007ef08ef0aef0aef0aef0bef0cee0eed0eec0ded0dec0ded0eeb0cec0bec0cea0beb0aeb0aea09ea0ae80ae609e6
CSIX,1552422930,024353490001,-62,6,128,43300400ea0fe910ec11ec10ec12ed12ee12ee12f111ee15f115f016ef17ef16ed17ec17ec17eb15ec12eb12eb0eec0eeb0ced0bed0900000000000000000000000000000000000000000000f308f108f007ef07ef06ed06ed06ed06ed05ec06ea05e906ea05ea07ea06e807ea07eb07e907ea08ea0ae90aec0ae90be80de80e
CSIX,1552459560,024353490001,-62,6,128,43300400e8fde6fee800e9ffe800e700ea00e902e902e804e904e905e705e805e504e504e603e601e800e8ffeafeeafeebfdedfcedfb00000000000000000000000000000000000000000000f3fef2fdf2fcf2fcf1fbf1fbf2f9f302f0faeefbeff8eef7eefdeff9edf9eefbecf9eef9ebf9ecfaebfaeafaebfce9fbe8fbe8fc
CSIX,1552483824,024353490001,-62,6,128,43300400e6fbe4fce5fee6fee5ffe5ffe7ffe702e702e504e605e605e405e505e304e204e203e301e500e6fee7fde8fde8fceafbecfa00000000000000000000000000000000000000000000f2fdf1fcf1fbf0faf0faf0f9eff9eff8eff7edf8ecf6ebf6ebf5ebf6ebf6e9f5eaf6ebf7e9f6e9f7e8f8e8f7e9f9e7f9e5fae5fa
CSIX,1552549918,024353490001,-62,6,128,4330040013fc1af71ff81eff1cfe17fd16f916f714f715f217ed1bee1ef218f712f413ee17eb19ed1bf218f715f614f715f613f712f800000000000000000000000000000000000000000000090a08090a090c090d0a0d0b0e0c0d0c0f0b110e11110f0f0f0b13081609190f150f120e140a15091808170a15041b0321051e0b
CSIX,1552573026,024353490001,-62,6,128,4330040014ef14ee12ed11ee11ed11ec0fed0eeb0eeb0de80ce90ce80ee80ee80fe711e710e911ea11ec12ee12f011f112f211f311f5000000000000000000000000000000000000000000000af40cf50cf50ef50ef510f610f610f611f612f514f415f415f415f315f516f315f414f316f216f315f216f214f216f116ee16ef
CSIX,1552603845,024353490001,-62,6,128,43300400e4fce4fde500e6ffe601e501e702e604e604e505e606e606e506e407e307e106e304e303e501e500e6ffe7fde7fceafcebfa00000000000000000000000000000000000000000000f0feeffceffceefcedfbedfaecfaedf9ecf9eaf8e9f7e8f7e8f6e8f7e9f7e5f7e7f8e7f8e6f8e6f8e6f9e5f9e6f9e4f8e3f9e4fa
CSIX,1552633169,024353490001,-61,6,128,43300400e70be80dea0fea0eea0feb10ec10ed12ed12ed15ef15ef16ed16ee17ec17ea17ea16ea14ea12ea10e90eea0de90ceb0aeb0800000000000000000000000000000000000000000000f007ef06ee05ec05ec05eb04ea04ea03e903e803e603e504e603e504e603e405e605e705e506e606e607e607e808e509e40be50b
CSIX,1552663215,024353490001,-61,6,128,43300400fb160117041503190214ff1c001a041901160619071b06160519061a041b051d041a011c011bff19fd15fc15fd15fa14f913000000000000000000000000000000000000000000000211ff0dfc0cfc13ff11fb12f912fd13f913f714f817f716f613fd14fa12fa17f616f916fb11fb14fd13f91cfb19f818fb1cff19
CSIX,1552693046,024353490001,-61,6,128,4330040006e505e402e402e602e501e400e6fee5fee5fce3fce4fae4fce2fbe2fce1fde0ffe100e102e303e404e505e707e707e908eb0000000000000000000000000000000000000000000005ee07ee08ee08ed09ed0aed0bed0bed0cec0dec0eea0eea0dea0de90dea0ee70ce90ce90ce80be80ae80be70ae80ae609e508e5
CSIX,1552723123,024353490001,-62,6,128,4330040009190a180c170b150e160e150e13101310131115121312131214131413151217111610170f150d160b160916071606150414000000000000000000000000000000000000000000000411031203130314031402150216011601160218001a001a0019011a0118011c02190219031a04190519051a0619051a071c071a
CSIX,1552754310,024353490001,-62,6,128,4330040003e702e600e700e8ffe7ffe6fee8fde7fbe7fbe4fae6fae6fbe4fce5fce3fde3fee3ffe400e602e604e804e906e905eb07ed0000000000000000000000000000000000000000000003ee04ed05ed06ec07ec08ec08eb08eb0aeb09ea0be80be80be90ae80be90ce70be90aea0ae809e908e808e806e907e806e605e6
CSIX,1552788426,024353490001,-62,6,128,43300400ea06ea07ec09ec08ec09ec0aef0aee0cef0bed0def0def0eed0eef10ed0eeb0dec0ceb0ced0aec08ed07ed05ed04ef03ef0200000000000000000000000000000000000000000000f104f003ee02ed04ed03ec02edffe9fde902eb01e800e600e700e600e701e501e802ea01e801e801e902e802ea03e803e804e805
CSIX,1552819083,024353490001,-62,6,128,4330040014f215f011f112f010f010ed10ed0cf00bf30eeb0ceb0dea0eea0eeb0fe910ea11eb11ed11ef11f012f210f411f510f610f8000000000000000000000000000000000000000000000ff511f711f613f612f614f613f816f815f916f819f81af818f819f818f919f718f817f819f718f716f617f614f517f518f317f2
CSIX,1552843570,024353490001,-62,6,128,43300400f317f51af818f718f919f91afb18fe1afc16ff1bfd19ff1afe1cfe1afd1cfd1cfc1bfa1bf918f818f616f714f714f712f61000000000000000000000000000000000000000000000f913f613f513f414f413f115f115f115ef13f016ed18ee19ee17ed19ed16ea19ec17ee16ed17ee16ee17ec17f117f018f11af119
CSIX,1552934351,024353490001,-63,6,128,433004001404150114ff14ff14fd15fb13fb13f914fa16f815f814f715f716f617f917f816f917fa14fb14fd13fe12fe12ff10ff0f01000000000000000000000000000000000000000000001402140515061606160716091509160a160a170a190c1a0c1a0c1a0b190c1b0c1a0a190b1a0b190c190a190a1709180a19091708
CSIX,1552964616,024353490001,-63,6,128,433004000aee08ed06ed06ee05ec04ed03ed02ec02ed01eb02ec01ec01eb01eb01ea02ea03eb03eb03ed04ee05f006f007f106f306f40000000000000000000000000000000000000000000008ed0aed0ced0ced0ded0fee0fee10ef10ee12ef14ec13ed15ef13ef11f013ef0fed12f110ef11f010ef10ee0eef0ff10eee0dee
CSIX,1552992946,024353490001,-63,6,128,43300400ee08ec0af906ef0df10bf00ef302f20df50df410eb0cf910f511f410eb1bf412f411f20dfa14f50df30af60afb09f50bf50900000000000000000000000000000000000000000000ee07eb06e306e903eb04e803e908ea03e700e802e200e603e603e503e2fee500e501ec03f201e900e904e703f0f8eb09eb09eb08
CSIX,1553023312,024353490001,-63,6,128,43300400f411f412f613f712f713f814fa13fb13fb13fd16fd14fd15fc15fd15fc17fb16fa16f915f913f911f80ff80ff80ff90df80c00000000000000000000000000000000000000000000f412f212f012ef12ee12ec11eb11eb0feb10e910e711e811e810e911e90fe711e910eb0fe90feb0feb0fec0fee0fee10ee11f012
CSIX,1553053141,024353490001,-63,6,128,433004000e0c0f0b10090e091008100710061005100513051204110312041203140512061306110710060f070e070d070c070b070a0700000000000000000000000000000000000000000000100d0e0e0f0e0f0f0f100f110e130d120c130e140d160e160d160e150c140d160c140c140c140c130c120c120c100d110e100e10
CSIX,1553088432,024353490001,-63,6,128,4330040013fe15fc12fa12fa13f812f711f711f711f512f310f410f212f213f313f413f312f514f613f813f811fa10fb10fb0efc0efd0000000000000000000000000000000000000000000015fe1700170018011802180419061805190619061c071c081a081a071a091b091907180619071807170617051204170118051600
CSIX,1553116867,024353490001,-64,6,128,43300400eef0ecf1ecf4edf5ebf5ebf6ecf7ebf8ebf8e9f8eaf9e9fae8fae9fae8f9e8f8e9f7eaf7ecf7ecf6eef6eff6f0f6f2f6f3f600000000000000000000000000000000000000000000edf0edeeeeeceeebeeebf0e9efe9f0e8f0e7f1e6f1e4f0e3f2e4f0e4f2e5f0e3f1e6f2e7f1e6f2e8f1e9f1e8f2ecf1eaefeaf0ec
CSIX,1553144666,024353490001,-63,6,128,43300400f20df20ff60ff611f611f712f811f911fb12fb15fa14fb14fa15fb15fa16f917f816f915f913f712f70ff80ef70ef70ff80d00000000000000000000000000000000000000000000f00eee0eed0deb0deb0dea0ce90ce90be80ae80be50be50be60ae60be70ae50ae70ae90ae80bea0bea0beb0bed0bec0bec0ded0d
CSIX,1553178660,024353490001,-63,6,128,433004000513071209110a100b110b100c0f0d0e0d0e100f0f0e0f0d100f100f100f10100f110e110c100b100a0f090f090f080e060e0000000000000000000000000000000000000000000007140516041704180318011900190019ff1aff1bfe1dfe1dfd1cff1bfe1afe1cfe1bff19fe1aff180018ff180016021702170216
CSIX,1553203865,024353490001,-63,6,128,43300400f4f0f2f0f1f2f1f2eff3eef3eff4edf5eef5ebf5ecf6ebf6eaf5ebf6eaf4ebf4ebf3ecf2eef3eff3f1f3f2f3f2f3f3f3f4f300000000000000000000000000000000000000000000f3edf5ebf6ebf6e9f7e9f7e8f8e7f9e8f9e7f8e5fae3f9e3fae4f9e5fae5fae3fae5fae8f9e6fae8f9e9f9e8f8ebf8ebf6eaf6ec
CSIX,1553233831,024353490001,-63,6,128,4330040000140315041404140715061408120a1309130c140b120c120c140c120c160b150b1509150813071306120611051105100210000000000000000000000000000000000000000000000115ff16fd16fd18fc17fb19fa18fa18f919f919f81cf81cf81bf81bf71af71cf818f717f91af818fa18fa17fc16fc17fd18ff18
CSIX,1553265763,024353490001,-63,6,128,43300400f110f310f411f511f712f613f912f814f814f916fa15fb15f916fa17fa18f818f816f716f714f513f511f511f411f50ff50d00000000000000000000000000000000000000000000f211f010ef10ee0fed10ec0eeb0feb0ee90ee80ee40fe60de50de60de70ce40ee80ce80de80de90dea0dea0deb0deb0ceb0eed0e
CSIX,1553293894,024353490001,-63,6,128,43300400ecffeaf8edfdedffea00ea01ed00e901ea00ed06eb05ea04e804e905e704e703ea02e901eb00eb00ebfeedfeedfdeffdf0fb00000000000000000000000000000000000000000000eefbedf5e9f3ecf5ecf2eff4ecf3ebf1ecf1eaf4edf0eaf2eef0edf2edefededebf3ecf3ebefecf3e9f4ebf0eff0eef3ebf2ecf9
CSIX,1553327189,024353490001,-63,6,128,43300400e8f8e8fae9fdeafde8fee8fee9ffe800e901e703e803e803e703e703e602e502e701e8ffeafeeafeebfdecfdecfdeefceefb00000000000000000000000000000000000000000000ebfbebf9eaf7e9f7eaf6eaf4eaf3ebf3eaf2e8f3e6f0e6f0e6f0e6f0e8efe6eee8f0e8f0e8f0e9f1e9f2e8f1eaf4e8f3e7f5e8f5
CSIX,1553355106,024353490001,-63,6,128,4330040004e902e900e900eafee8fee9fde9fce9fce9fbe7fae8f9e8fae8f9e7fae6fbe5fce7fde6fee8ffe900ea01ec02ec02ed03ee0000000000000000000000000000000000000000000004eb05ea07e908ea08e90aea0ae90aea0be90de80ee60ee60ee70de70de90fe50de80ce80ce80be90ae80be809e90ae909e708e8
CSIX,1553385031,024353490001,-63,6,128,433004000eed0cec0aeb09ec09ea09ea07eb07e907e806e606e805e805e706e707e608e608e70ae809ea0aec0bee0bef0bef0af10af2000000000000000000000000000000000000000000000bef0df00eef0ff00fef10f011f011f112f013ef15ef16ef15ef15ee15f017ee15f014ef15ef14f012ef13ef12ef12ef12ee11ed
CSIX,1553413040,024353490001,-63,6,128,43300400eb07ec08ed0aed09ee0bed0bef0bef0df00cef0ff00ef00fef0eef0fed0fee0fee0eed0cee0aee09ef07f007f207f106f10500000000000000000000000000000000000000000000ee06ee05ec04eb04ec04ea03ea02ea01ea02e802e601e602e601e601e801e501e700e801e701e801e802e802ea03e903e805ea04
CSIX,1553475165,024353490001,-62,6,128,433004000dfe20fb10010eeb23fc10fa16fd11f41af9180017fe0ff31ef107f709fb13ea10eb0df11cfd0fef16ee10ec19f410f510fd0000000000000000000000000000000000000000000012081406100414061302140c15080f031308130a18081a13190b18060e1222051809200a1b0f0e04190a260517fc160a1b020d01
CSIX,1553503278,024353490001,-63,6,128,43300400ea0beb0ded0eee0dee0fef0fef0ff111f111f114f213f214f114f115f016ef15ef14ee13ef11ee10ee0def0def0cf00bf00900000000000000000000000000000000000000000000f009ee09ed08eb09eb08ea07ea07e906e806e706e506e405e505e506e605e406e606e706e606e707e708e607e808e708e60ae709
CSIX,1553593202,024353490001,-62,6,128,43300400eb0fec10ed12ee10ee11ee12f011f113f112f115f214f214f114f215f115f016f013ef13f010ef0fef0eef0cef0cf10af10900000000000000000000000000000000000000000000f30df10df00def0dee0ded0ceb0ceb0bea0be90be60ae60be709e70be80ae50ce80be80be80be80ce90ce80cea0ce80de70ee90f
CSIX,1553658242,024353490001,-61,6,128,4330040018f617f517f315f515f315f213f313f112f113ef12f011ef12f012ef13ef15ef13f114f213f313f412f612f712f810f910fa0000000000000000000000000000000000000000000010f711f812f813f814f915fb16fb15fc16fc18fd19fd19fd19fe19fc18fd1bfc18fb18fc18fb18fa18fa19f918f91af91af819f8
CSIX,1553687573,024353490001,-61,6,128,43300400eb10eb11ed12ee10ee11ee11f011f112f112f114f313f214f114f213f114f113f012f011f10ff00ef10df10cf10bf20af20800000000000000000000000000000000000000000000f30cf20cf10bef0cef0bed0bed0aed09ec0aeb0ae90be90ae90ae90bea0ae80be90beb0be90bea0ceb0cea0dec0dea0ee910e910
CSIX,1553713820,024353490001,-62,6,128,4330040009e509e407e506e605e505e504e703e602e602e400e600e602e500e602e502e503e604e604e905e906eb07ec07ed06ee08f00000000000000000000000000000000000000000000003ec04ec06eb07ea08eb09ea0aea0bea0cea0cea0ee80ee70ee80de80eea0ee70de80ce90ce70ce80be70ce70ae70be50be30be4
CSIX,1553742938,024353490001,-62,6,128,43300400f118f118f417f417f518f518f616f717f817f819fa18fa17f918f918f718f717f716f616f613f613f510f610f510f60ef50d00000000000000000000000000000000000000000000f911f711f611f511f411f311f211f211f111f113ee14ef15ef14ef14ef12ed15ee13ef13f014f014f115ef16f116f017f01af119
CSIX,1553778598,024353490001,-63,6,128,4330040019fe1afe18fd18fe18fc18fc17fb15fa16fa16f815f815f816f816f917f817f916fa16fb14fc14fd14fe12ff12ff110010010000000000000000000000000000000000000000000012fd12fd13ff14ff140015021403140315031604180418051905190317041903150215001702190118011802170019001b001aff
CSIX,1553805307,024353490001,-62,6,128,43300400f114eb18ef12f11cf216f015ef16f418f314f317f716f515f517f517f517f316f515f515f413f512f30ff40ff40ff40df40b00000000000000000000000000000000000000000000f20ef10ef00eee0fed0dec0de90deb0beb0cea0ce50de811e50ae60be50fe914e50eeb0cf110f00de914ea10f018f016f314ed12
CSIX,1553833985,024353490001,-63,6,128,43300400e404e405e607e706e707e707e908e80ae909e80bea0aea0be90be90ce80be80be80ae908eb07eb05ec05ec04ec03ee03ee0100000000000000000000000000000000000000000000ec05eb04ea03e802e801e800e7ffe8fee6fee6fde3fce4fce4fce4fde4fce2fde5fee6ffe4fee500e401e400e501e301e202e302
CSIX,1553863078,024353490001,-62,6,128,43300400ea06e908eb09eb08eb09ec09ed09ed0aef0aed0cef0cf00bed0cef0ced0ced0bee0bee09ee08ee07ef06f005ef05f104f20300000000000000000000000000000000000000000000f107ef06ef06ec05ee04ec03ea02eafdeb02ea02e703e704e900e705e701ea04e902ea03e803e903e905e704eb05e806e706e707
CSIX,1553895122,024353490001,-62,6,128,433004001a061c051a03190319011902180018ff16ff19fe17fd17fd18fd16fd19fe18fe17ff17ff15ff1400130112011202110210030000000000000000000000000000000000000000000013011403150416051506160816091609160b170a180c190c180d190c180c190c180c170a190b180a19091a0918081b091c081c08
CSIX,1553926710,024353490001,-60,6,128,43300400fc18f917fc21f015fd13fd15041bfd1ffc0b0a0e041c00220319090e0d1803200415070e071208160516000d050d0a16051600000000000000000000000000000000000000000000ed0aeb09f10bee0deb08e809ee0aed0de40beb06ed0be314e210e70ded09ea15eb13e611ec12ee11f315ec1cec0eeb11f418f41f
CSIX,1553953059,024353490001,-62,6,128,43300400e3f9e1f9e4fbe5fbe5fce5fde7fde6ffe800e601e702e703e603e703e503e502e601e600e800e8ffe9fdeafdeafdecfcedfb00000000000000000000000000000000000000000000ea00e9fde9fce7fbe8fae7f8e7f6e8f6e7f5e6f4e4f3e4f3e4f2e4f4e5f3e4f2e5f3e6f5e5f4e6f5e5f6e4f5e5f7e3f6e0f6e2f6
CSIX,1553983381,024353490001,-62,6,128,43300400f7e6f7e7f6e8f7eaf5e9f5eaf5ecf3ecf3ecf1ebf2edf1eef1edf0edf1edf1ebf2ecf3edf5edf5edf7edf8eef8eef9effbef00000000000000000000000000000000000000000000f7eff8eefaecf9ecfaebfbebfde902e9fce8fde7fee6ffe5fbe5fce4fee9fae6fce7fde7fce5fbe7fae7fae6fae7f9e5f8e5f9e5
CSIX,1554013304,024353490001,-63,6,128,433004000b150b170d150c130c130d120d120e100d1010130d0f0e0f1110120d10100f100f0e0f100d0f0c100b0f0a100910090f070f000000000000000000000000000000000000000000000b0c0a0e0a0f0a11091109120814071308150715061807180618071806170719061607160817091609150a170a1509180b180b17
CSIX,1554057946,024353490001,-63,6,128,4330040017041703170215011600160014ff14fe15fe16fd14fc14fc15fc15fb16fc17fd15fd15fd13ff13ff12001101110210020f030000000000000000000000000000000000000000000010ff110112021302140314051406130714071508160a160b160a160a1409170a1409150716081607160617061606170719071905
CSIX,1554073531,024353490001,-63,6,128,43300400ed0deb10ef0eef12f215f111f512f114f114f416f614f615f516f513f416f213f316f414f412f411f50ff10ff10ff40bf20a00000000000000000000000000000000000000000000f610f310f30ff011f010ed0fec10ed0dec0feb0ee70ee70ee70de70eeb0ce70ee60eec0ce80eed0feb0eeb11ec0deb0ce711ea10
CSIX,1554102947,024353490001,-63,6,128,433004001509160815061406150415041403140213021601150114011500140116011501140314021203120310040f040f050e060d060000000000000000000000000000000000000000000011031105120613081208120b120b120b120d120d130f120f120f120f120e130f110e110c120d130c140a140b120a150c160b160a
CSIX,1554139317,024353490001,-63,6,128,43300400f719f81bfb19fa18fc19fc18ff170018001701190218031702190217021a011901190018ff16ff16fe14fe13fd13fe12fc1100000000000000000000000000000000000000000000fd15fa17f817f618f618f319f118f217f017f117ee19ef19ef18f019ef17ee18f018f216f118f217f418f319f618f41bf61cf61c
CSIX,1554164750,024353490001,-64,6,128,43300400f41af41afb13fc1bfd16fa19021601120017fe15fa190216fb17fd13fb18fe14fe15fe15fc13fd12fa11fb0ffa0ffb0ff90e00000000000000000000000000000000000000000000ff13fc15fd14fb18f917f717f817f518f315f417f117f01bef14ef15f119f712f615f519f01df41cf014f518fa1cfa18f614f31b
CSIX,1554195019,024353490001,-63,6,128,4330040009e709e707e707e904e804e802e901e901e901e700e9ffe9ffe9ffe8ffe800e700e900e901eb00ec02ed03ed03ee03ee04f00000000000000000000000000000000000000000000005ea07eb09ea0ae90be90dea0ee90eea0feb10ea13e913ea12ea11ea11eb12e810ea0fea0ee90eea0ce90ce80ce80de80de60ce7
CSIX,1554224085,024353490001,-62,6,128,4330040017fa18fa16f815f915f814f713f712f513f613f411f411f412f412f313f314f413f513f612f712f811f911fa11fb0ffb0ffd0000000000000000000000000000000000000000000011f712f914fa15fa16fb17fd18fe17ff180019001a011a011900190017001a0018ff17fe18fe18fe18fd18fd17fc19fd1afb19fb
CSIX,1554255196,024353490001,-62,6,128,43300400e8f5e7f5e8f7e9f8e8fae8faeafbe9fdeafce8fee9fee9ffe8fee9fee8fee7fde8fde9fcebfcebfbedfaeefaeef9eff9f0f900000000000000000000000000000000000000000000edfaedf8ecf7ecf6ecf5ecf3ecf2ecf2edf1ecf1ebeeebefebefebf0ecf0eaefecf0ecf2eaf1ebf2eaf3e9f2ebf5e8f3e6f3e7f3
CSIX,1554283841,024353490001,-62,6,128,43300400e802e803e904ea03ea04ea04ec05ec07ec06eb07ec07ec08eb08ec08eb08ea07eb06eb06ed05ed04ed02ee01ee00f000f0ff00000000000000000000000000000000000000000000ef03ee02ec01eb00ec00ebfeeafeebfdebfdeafbe9fae8fbeafbe9fceafce8fce9fdeafdeafdeafee9ffe900ea00e8ffe700e800
CSIX,1554315735,024353490001,-62,6,128,4330040011e912e90fe90fe90ee80ee80ce90ce80be90ae60ae709e80ae709e70be70be70be70ce90bea0cec0ced0def0eef0cf10ef2000000000000000000000000000000000000000000000aed0ced0eed0fec10ed12ed13ee13ef14ef14ef18ee17ee17ef15ee15ef17ed15ee14ee15ec14ec13ec15eb13ec15ea15e815e8
CSIX,1554343969,024353490001,-62,6,128,43300400ec13ed14ef16f014f116f115f215f416f316f218f417f516f417f517f418f319f317f416f415f213f212f110f10ff10ef10c00000000000000000000000000000000000000000000f10fef0fed0fec0feb0ee90de90de90be80ce60be40be40be409e50ce70ae40ce70ce80de70de90dea0fe90fea0fe810e812ea11
CSIX,1554372978,024353490001,-61,6,128,43300400031b041a061a051805190518051806180517061907170617051806190519031a031800180016fe17fd14fb14fb13fb12f910000000000000000000000000000000000000000000001614030f101e070efe1c0b250d1d12150d1a0c14f917051aff16fc14041b0114ff16ff18fe1a031a061a011b021a041b041c031c
CSIX,1554403134,024353490001,-62,6,128,43300400eaf4e9f4e9f7ebf8ecf9eaf7ecfaeafcebf9e8fbeafdeafce8fbe9fce9fbe9faecfbe9fbecfaecf7eef8eff9eef7f1f8f2f700000000000000000000000000000000000000000000eff8f0f6eff5eff4edf3eff0eff0f0efefedeeecf0ededecefedeeeef0edefedf2eaf2eceeeeeff1edf0edf1ecf1ebf1eaf2eaf1
CSIX,1554433127,024353490001,-63,6,128,433004001602170115ff15ff15fe16fd15fd14fb14fc16fa14fb14fa15fa14fa16fb16fb15fc15fd14fd13ff12ff1200110110020f020000000000000000000000000000000000000000000012ff130114021503150415061607140815091509150b170c170a1609130917091605160717081407140417051405160518051703
CSIX,1554463540,024353490001,-63,6,128,43300400f013f115f315f413f415f515f614f716f715f718f816f816f817f817f716f617f616f615f613f513f511f410f40ff40ef40c00000000000000000000000000000000000000000000f511f311f111ef11ee11ed10eb0fec0eeb0eea0ee80ee80ee90de90eeb0de90feb0eec0eec0fed10ee10ed11ef11ed11ed14ee13
CSIX,1554500658,024353490001,-63,6,128,43300400fd17fe1900170017021801170316041704150617061606150517061605180517051703170315021500140012ff12ff12fd1000000000000000000000000000000000000000000000ff14fd15fc16fa17f916f718f617f516f416f416f319f318f417f417f416f417f516f715f617f816f916f917fb15fa18fc1afc1a
CSIX,1554524881,024353490001,-63,6,128,433004000118021904170416051805160516061607150a1709150914091609160917081707160616051404150213021302130212ff1000000000000000000000000000000000000000000000031401150016ff18fe17fc18f919f817f818f818f71af81af819f919f917f919f918fb17fb18fb17fc17fd18fe17ff19001bff1a
CSIX,1554554128,024353490001,-63,6,128,43300400130f1410140d130c140d140c140b150a140916091508160816091508160a160a150a140b120b120c100b0f0b0e0c0d0b0c0c00000000000000000000000000000000000000000000100b100d110e111010120f140e150c150c160c160c180d170c170d160c150d170c140c130e140e130f1210131010121213121311
CSIX,1554604783,024353490001,-63,6,128,43300400031505170617081207140b16070f0a120a100c100910090e0e110c130d120b120a11081208100612051105110511040f020e000000000000000000000000000000000000000000000710061204130414031501170017ff15fe16fe16fe19fe17fd16ff16fe150018fe18011202170016021803170114011605180618
CSIX,1554620107,024353490001,-63,6,128,4330040014f215f114f014f113f012f011f010ef10ef11ed0fee0fee10ed0fed10ed11ee11ef11f010f210f310f410f610f60ff70ff9000000000000000000000000000000000000000000000ff311f313f415f415f517f618f818f918f919fa1afb1bfa1afb19f918fb19f918f816f817f716f816f617f615f617f518f318f3
CSIX,1554645961,024353490001,-64,6,128,4330040011eb16f017f719f914ef16f716ee14f410f10cf214f012f115f014ed12f014f213f413f312f512f711f712f912fa0ffb0ffc0000000000000000000000000000000000000000000011f412f614f415f717f615f618f918fe18fa1cfd1cff1bff17fc18fe16fe1cfb17fb17fc14fc17f816fc25f21df817fb0e0122ec
CSIX,1554676624,024353490001,-63,6,128,4330040003e602e600e601e700e8ffe7ffe9fde8fde8fbe7fce9fbe9fbe8fbe8fce8fce7fde9fee9feeaffeb00ed01ee01ee02ef02f00000000000000000000000000000000000000000000002eb03ea05e906e807e90ae80be80bea0ce90ce90ee80de80de90ce80cea0ce80ae909ea09e809e907e808e805e806e605e505e5
CSIX,1554703855,024353490001,-63,6,128,43300400170a180916061606170517041504180318051703160316011600160117ff170016011601130213021202120510050f060e060000000000000000000000000000000000000000000013091309140b140d140d141014111211131111121215121411141213121113111210130e130e130e140c160c140c150e170d160d
CSIX,1554733134,024353490001,-63,6,128,43300400e8f6e7f7e8f9e9f9e8fae9faeafbe9fdeafde7fee9ffe800e8fee8ffe8ffe8fee9fde9fcebfcecfbedfbedfaeefaf0faf2f900000000000000000000000000000000000000000000ecf9ebf6ebf4eaf2eaf2eaf0ebeeedeeeeeeededecebebececececeeedeeebededeeedf0ebefebf0ecf2ebf1ebf4e9f2e8f3e8f3
CSIX,1554854214,024353490001,-63,6,128,4330040010f212f210f10ff30ef10ef10ef009f10bf40df00cef0aef0aee0bef0bef0cef0cf00cf00bf20cf30cf40bf40cf50bf60bf8000000000000000000000000000000000000000000000cf10df110f211f213f314f414f514f516f716f617f718f716f717f716f817f714f714f714f614f614f414f413f415f415f213f2
CSIX,1554885605,024353490001,-63,6,128,4330040019fe19fd18fb16fc16fc16fb16fb13f814fa15f813f813f714f814f615f716f814f913fa13fa12fb11fc10fd11fd10fe0fff0000000000000000000000000000000000000000000014fb15fc17fe19fe18ff19011a04190419061a051b061b071a071a0618061b0519051703190418031802190219001a011c001c00
CSIX,1554913433,024353490001,-63,6,128,43300400f517f517f817f816f816f916fb15fb16fd15fd17fd15ff15fe16fe15fd16fd16fd15fb14fc13fb12fa11fb10fa10fa0ff90d00000000000000000000000000000000000000000000fb13fa14f815f616f515f316f216f114f014f014ee16ee16ee15ef15ef14ed15f014f014f114f114f314f216f415f317f319f418
CSIX,1554973513,024353490001,-63,6,128,4330040012e912e80de80cea0be90bea0aeb0aea08ea07e806e905ea07e907ea08e808e807e908ea07ed08ed09ef0af00bf009f10af2000000000000000000000000000000000000000000000aed0cec0fed11eb12ec14ec14ed15ee16ef17ee19ee19ed19ef17ed17f017ef16ef14f016ee15ef13ed14ec10ed13ec13eb14ea
CSIX,1555034090,024353490001,-63,6,128,4330040001e7ffe7fde8fee9fee8fde9fdecfbebfbebf9eaf9ecf8ecf9ecf8ecf9ecf8ebf9ecfbebfbedfceefdeefdeffdeffef0fff100000000000000000000000000000000000000000000fdec01eb00e901e803e806e506e60de30ceb0ce50ae40be50ceb07e809e609e708e807e907e806e805e905e703e803e602e502e6
CSIX,1555093090,024353490001,-64,6,128,43300400ed0fed11f110f012f212f110f310f210f510f312f511f611f513f511f312f412f411f211f30ff20df40cf40bf50af60af30900000000000000000000000000000000000000000000f510f210f10dee11f310ef0fed12ea0dea11ec0dea0dea09ea0ce80dea0be90bea0cee0cec0eed0eeb0cec12ee10ed0fee14ef14
CSIX,1555153791,024353490001,-64,6,128,43300400f011f011f313f311f313f412f512f612f612f613f712f713f713f813f713f614f613f612f711f50ff50ef50ef40df50cf50a00000000000000000000000000000000000000000000f40ff20ff10fef0fee0fec0feb0eeb0cea0ce90ce70ce80be80be90bea0ae80ceb0cec0bec0ced0dee0ded0eef0eed0fed11ee10
CSIX,1555186224,024353490001,-64,6,128,43300400e8f7e7f8e7fbe8fae8fbe7fce9fce8fee9fde7ffe8ffe800e8ffe800e700e7fee9fee8fdebfdebfcedfbeefaeefaf0f9f1f900000000000000000000000000000000000000000000ebf9eaf6e9f5e8f4e9f3e9f0e9eeebeeebeeebecebe9eaebedebececededebecedefecf0ecefecf1ebf2eaf3ebf4eaf3e8f3e8f5
CSIX,1555221326,024353490001,-64,6,128,43300400160717051704160316021702160116ff15ff17fd16fd16fd17fd16fd17fd17ff17ff17001501140213021203120310030f0500000000000000000000000000000000000000000000150515071609170b170b180e1610160f151116111613171316121612141116121511130e150f140e150d160d140a160b170b170a
CSIX,1555248130,024353490001,-64,6,128,43300400fa17fb19fd17fd16fe17fe17fe1600170015021702160316021702160217011701170016ff14ff14fc13fd11fc11fc11fb0f00000000000000000000000000000000000000000000fd15fa16f916f718f717f418f218f117f017f016ef18ee19ef17f018f016f016f116f215f216f315f516f417f715f518f71af819
CSIX,1555278358,024353490001,-64,6,128,43300400e7f6e0ffe609ee00edfbecf8f2f7f4f2f3e9ebeaecf2f5f600f009ed09e505e305ea09f20ef913fa14fc12ff120311040d040000000000000000000000000000000000000000000000e6ffe3f9e3feed06fa16fa24fa22f31bf312fa1406150b11100f160f1b141d0f140009f515f62100210211f504e30ee41bf11a
CSIX,1555304151,024353490001,-64,6,128,43300400e708e60ae90bea0aea0ceb0ced0ced0dee0ded0eee0eee0fee0fee0fed0fed0fed0eed0dee0cee0bee08ef08ee07f006f00500000000000000000000000000000000000000000000ec0aea09e908e608e706e505e404e503e302e302e101e201e300e201e401e101e402e603e403e504e606e505e706e406e407e508
CSIX,1555333504,024353490001,-64,6,128,43300400fae6f9e6f8e9f8e9f6e9f6eaf5ebf4ebf5ecf2eaf2ecf2ecf2ebf2ecf2eaf2eaf3ebf4eaf6ecf7ebf9ecfaedfbecfbedfdef00000000000000000000000000000000000000000000f8eafae8fbe8fce6fde6ffe300e301e402e302e303e103e103e102e203e402e102e401e500e3ffe4fee5fee3fde5fee3fde3fce3
CSIX,1555362980,024353490001,-63,6,128,43300400f0efeeeeeff2eef0edf3edf3edf5edf5eff6ecf3edf5edf6eaf5edf6ebf5ecf6ecf4edf4eff6eff5f1f5f3f5f3f3f5f3f6f400000000000000000000000000000000000000000000f1f3f1f0f1f0efecf2eef1e9f2eaf3eaf4e9f5e9f6e6f5e5f6e7f5e7f4e7f4e8f4e8f4ebf2e8f1ebf1ecf0ecf2edf1eaf0e9f0ea
CSIX,1555426389,024353490001,-63,6,128,43300400e8ffe6ffe902e902e903e903eb04ea05eb05e906eb07ec07ea07ec07ea07ea06ea06ea05ec04ec03ed01ee01ee01f000f0fe00000000000000000000000000000000000000000000eb01eaffe9fee7fde8fce6fae6f9e7f8e7f7e6f7e5f5e5f6e6f6e6f7e8f7e6f7e7f7e8f9e6f9e7f9e7fbe6fbe8fce6fbe5fce5fd
CSIX,1555454745,024353490001,-63,6,128,43300400eff1eef2eef4eff5eef5eef6eff7eef8eef8ecf8edf9edfaedf9ecfaecfaecf9edf9eef8eff8f0f8f1f7f2f8f2f6f4f6f5f600000000000000000000000000000000000000000000f0f5f1f3f0f1f0f0f1eff2eef2ecf4ecf3ecf4ebf4eaf4eaf4ebf3eaf5ecf3eaf3edf3eef3edf2eef1eff1eef1eff0efefeff0ef
CSIX,1555489308,024353490001,-63,6,128,43300400170017ff17fd16fd16fd15fc14fb14f914fa14f814f813f713f714f715f716f815f814fa13fb13fc12fd11fe12fe0fff0f010000000000000000000000000000000000000000000014fe15ff16011802180319061907170818091809190b190a180a180917091809170816061806170617051805160318041a041a02
CSIX,1555513662,024353490001,-63,6,128,43300400ff1a011b031902180319041805160617071608170815091509160a1509160817081706170615041503130213011301120011000000000000000000000000000000000000000000000216ff17fe19fd1bfc1bfa1cf81cf71af61bf61bf51cf61df51bf61cf61af51cf81af819f91afa1afb1afb1bfd1afc1cfd1dfd1d
CSIX,1555544240,024353490001,-63,6,128,43300400ff1700180217021503160416051406140514071507130713071409140815071507140615051304130312021100120010ff0f000000000000000000000000000000000000000000000014fe15fd16fc18fb18f818f819f618f619f518f319f319f318f518f617f51af617f817f818f917fa17fb18fb17fb19fd1afd19
CSIX,1555573024,024353490001,-63,6,128,43300400f914fb17fe16fd13fe14ff15ff13ff14ff1301150213021300140513fd15fe1500140013ff12ff10fe10fd0ffd0ffd0efc0d00000000000000000000000000000000000000000000fd12fa12f913f814f714f515f314f313f214f213f115f015f113f315f213f115f413f512f514f413f613f513f814f916f716f714
CSIX,1555603003,024353490001,-63,6,128,43300400ec0deb0eee0fef0eef10f010f10ff211f310f213f412f412f312f412f312f213f312f211f310f20ff20df20cf20cf30af20900000000000000000000000000000000000000000000ef0ded0ceb0be90be90ae709e608e707e606e506e305e306e405e506e705e407e606e806e707e808e909e909eb0ae80be90cea0d
CSIX,1555633350,024353490001,-63,6,128,433004001805180418021701170117ff16ff16fe15fe16fd15fd15fc15fc16fc15fc16fd15fd15fe14fe13ff1100120112020f020f030000000000000000000000000000000000000000000015021505160617071708170b170b160c160d160e171017101610170e150e170e150c160b170b160b170918091608180919081807
CSIX,1555695265,024353490001,-63,6,128,43300400eb08eb09ed0aed0aee0aee0bef0aef0cf10bf00df20df20df10ef30ef10ef10df10df10cf20bf109f209f308f208f307f30500000000000000000000000000000000000000000000ef0aed08ec07e907ea06e804e802e802e701e701e501e502e601e702e801e602e802ea02e803e904e904e905eb06e907e808e907
CSIX,1555724548,024353490001,-61,6,128,43300400eb14f713f10af912f008f416e013f11deefddcf70418fb1a1108fff7ef05e6000011e902f005eafef101eefaf0f1f6fefafb00000000000000000000000000000000000000000000110a100d0e0e0e120e120a160a17021707180017031cfc18ff1cfb15fc1af817f91df80ff41af811f117fc0dea14f710ec19fb0c
CSIX,1555756744,024353490001,-63,6,128,4330040016f717f614f514f513f413f412f412f211f211f110f10ff110f110f111f011f210f210f30ff510f40ff60ff70ff70ef90efa0000000000000000000000000000000000000000000012f515f615f718f718f81af91afb19fd1afe1afd1dfe1cfd1bfe1cfd1afe1cfd1afd18fc1afb19fb18fb1afa17f919fa1bf71af7
CSIX,1555783240,024353490001,-63,6,128,43300400ed0fed10f011f10ff211f211f311f412f512f413f513f613f513f613f514f414f513f412f410f310f30ef40df30df40bf40a00000000000000000000000000000000000000000000f110ef0fee0feb10eb0fe80ee70de70be70ae60be40be50be50ae60be60ae50be70be90ae80ce80be90ce80deb0de90ee80fea0f
CSIX,1555812992,024353490001,-63,6,128,433004000deb0be80ce90bf40eef0cee05f20bec03ec09eb07ec03ed06ee04eb07ea07ea06ea07ec06ee05ed0af205f209f205f509f3000000000000000000000000000000000000000000000bf00cef0eee11ed11f113ef14f014f114f112f315f215f216f416f115f315f317ee10f116f011f315ee13f20fec14ee13ee12ee
CSIX,1555843469,024353490001,-63,6,128,43300400160717061603160316031602150016ff15fe17fd16fc15fc16fc15fc16fd17fd17fe16fe14ff140013011201120210020f0400000000000000000000000000000000000000000000150416071608170a170b180e170e150f151015101712171116111610151016111610150d160e150d160c170d160a170b190b1809
CSIX,1555873546,024353490001,-63,6,128,4330040001ec01ebfee9ffebfcebfcebfcedfaecfaedf9ecf8edf8edf8edf8edf8ecf8ecf9edfaedfaeefbeefdeffdf0fdf0fef1fff200000000000000000000000000000000000000000000feec00eb01ea03e803e906e806e807e907e808e809e609e708e808e708e808e607e807e806e806e904e805e704ea05e804e703e8
CSIX,1555932987,024353490001,-63,6,128,43300400130e130e140b130b14091409140715071406160515031503160415041604170516051505140513061107100710070e070d0800000000000000000000000000000000000000000000120b120d130e13101311121311141014101611161118111811181216101611181016101411151114121412151212131314131312
CSIX,1555963151,024353490001,-63,6,128,43300400170318021600170016ff17fe15fd15fb15fb17fa15f915f916f915f916f917fa16fb16fc14fd14ff13fe11ff1200100010020000000000000000000000000000000000000000000015ff17011702190319041a0719091809180a190a1a0c1a0b190c1a0b180a1a0b180a1709190918091908190817061a061b061a05
CSIX,1555993089,024353490001,-63,6,128,43300400e7fde7fee800e900e901e902ea02ea04eb04e806ea06eb07ea07ea07e907e906e905e905eb03eb02ec02ed01ed01ef00effe00000000000000000000000000000000000000000000e9ffe8fce7fbe5fae6f8e5f7e6f4e7f3e6f3e7f3e5f1e5f1e6f1e6f2e8f2e5f2e7f4e8f5e6f4e8f5e7f7e6f6e8f9e6f8e5f9e6fa
CSIX,1556023341,024353490001,-63,6,128,4330040006160717091509140b140b130b110d110d110f110f100f0f0f11100f1111101210120e110d110c110a10091009110810060f00000000000000000000000000000000000000000000081406170518041a031a021cff1cfe1cfe1cfe1dfc1ffd1efd1dfe1dfd1bfe1dff1bff1a001b001a0219021a0319031b041a041a
CSIX,1556087081,024353490001,-62,6,128,4330040009130b140c120c110d110d100d0f0f0e0e0e100f100d100d110e100d110f100f100f0f0f0d0e0d0f0b0e0a0e090e090d070e000000000000000000000000000000000000000000000a1109130814081706170519041a03180219021a011c011b011a021a0219031b0319031804190517061706170616061708180817
CSIX,1556114302,024353490001,-63,6,128,43300400e5fbe5fce6fee7fee700e700e901e802e903e704e805e805e705e805e704e605e803e803ea02e901eb00ecffecffedfeeefd00000000000000000000000000000000000000000000e9fee8fce7fae5f9e6f8e5f6e5f4e7f4e7f2e6f2e5f1e5f1e6f2e5f3e7f3e4f2e6f4e7f5e5f5e6f5e6f7e5f6e6f8e5f8e3f8e4f8
CSIX,1556148344,024353490001,-62,6,128,433004000cec0beb09eb08ec08ec08eb06ec06eb06ec05e904eb03eb04ea03ea04ea04e905ea06eb06ed06ec08f108f109ef08f109f20000000000000000000000000000000000000000000008ed0aed0bec0dec0eec10ec12ed12ef12ee13ef15ee15ee14ef13ed13ef14ed12ee11ee11ee11ee10ee10ed0fee10ec10eb0feb
CSIX,1556174219,024353490001,-62,6,128,43300400150f140e02121408130b1609090012031507170517f71606160515032200180216031405180c1307100610060c0c10050e0600000000000000000000000000000000000000000000100b100d0d0e121010100f130f0d0e120d150e150519111710161015050b0f140f1410120a230d1613101013fc0d171315121412
CSIX,1556203718,024353490001,-62,6,128,43300400e802e703e905ea05ea06ea07ec07ec09ed08eb0aed0aed0bec0aed0aec0bec0bec09ec09ee08ee07ee05ef05ee04f004f00200000000000000000000000000000000000000000000ec05ea04e903e702e701e6ffe6fee6fde6fce6fce4fbe4fce4fbe4fce6fce4fbe5fce6fde6fde6fee6ffe6ffe700e500e400e601
CSIX,1556246071,024353490001,-62,6,128,43300400ec0eec0eee10ef0eef0ff010f20ff210f310f212f411f412f412f412f313f213f311f210f30ff30ef20cf20bf20bf30af30800000000000000000000000000000000000000000000f20ff00fee0eec0eeb0ee90de80de80be70ae70ae50ae50ae50ae60ae708e50ae70ae90ae80ae80be90ce80cea0de80de80fe90e
CSIX,1556263561,024353490001,-62,6,128,43300400150b160b1508150815071506140515041403160215021501150214011602150215031403120412041105100510050f050d0600000000000000000000000000000000000000000000140514071409160b140b150e140f1310131113111413141314121412131214121311130f15101410140f150f140d160e170e170e
CSIX,1556295856,024353490001,-62,6,128,43300400fae8f8e7f3dbf8eef8ecfaea07ebf9eff5eef2ebeefef7eef2edf6f0e9e0f3e9f4eef9ec04ebfaeef9eff8edf6f9fceffcf000000000000000000000000000000000000000000000f7edf9eafdedfae5fbe7fce6fae7fde400e4fee402e601e2ffe3ffe3fae800e200e4fee602eefde8fde5fde8efe4fde8fbe3fce5
CSIX,1556323150,024353490001,-62,6,128,433004001808190717051704170418021701170015ff18fe16fd16fd18fd16fd18fe17fe17ff160015ff140113021202120210031004000000000000000000000000000000000000000000001603170518071909180a1a0d190e180e181018101913191219121911171119111710160e190f180e180c190d170b1a0c1b0b1a0b
CSIX,1556353161,024353490001,-62,6,128,4330040014fb13fb16f913fa11f912f710f610f50ff70ff20ff30cf40ef50df40ff310f40ff40ff50ef60df70ef90ef90df90dfa0dfc000000000000000000000000000000000000000000000ff611f712f915f915fa16fb17fc17fd17ff17fe19ff19ff190019ff17ff19ff17ff16fe17fe16fe16fd17fd15fc17fc18fb17fb
CSIX,1556383063,024353490001,-62,6,128,43300400fc16fd18ff16ff150016011502130414041305150512061306140614061505150514041403120312011101110011000fff0f000000000000000000000000000000000000000000000014fd15fc16fa17fa17f819f618f517f418f418f219f219f218f418f316f319f417f516f518f617f817f717f917f818f91afa18
CSIX,1556412971,024353490001,-63,6,128,433004000318041b0615061707160715091309140a110c120d110d110e140c110d140c120d130a14091209120612070f06110610041000000000000000000000000000000000000000000000091406170516051c0319021dff1cff1dfc1dff1cfe1ffe1ffe1eff1efd1efb1dfd1efe19ff1dfe1b001bff1b0318021b041d041c
CSIX,1556445933,024353490001,-62,6,128,43300400f917fd18ff15fd14ff170114011400130414021304140411061505150515041603150114011201130012ff10fe12fd0ffd0f000000000000000000000000000000000000000000000014ff15fc16fd17fc15fa18f516f519f416f318f418f219f615f417f415f51af216f615f517f616f214f818f712fb16f71af91a
CSIX,1556474584,024353490001,-63,6,128,43300400e5fee5ffe701e901e802e904ea04eb06eb06ea08eb08eb09ea09eb0aea0ae80aea09ea07eb07eb05ec04ec03ec03ee02ef0000000000000000000000000000000000000000000000e901e8ffe6fde5fce4fbe4f9e4f7e5f6e4f5e4f4e3f3e3f3e4f3e3f4e5f4e3f4e5f6e6f6e5f7e5f8e6fae4f9e5fae4fae2fae4fb
CSIX,1556533173,024353490001,-62,6,128,43300400eeefedf0edf2eef3edf4edf5edf6ecf7edf7ebf7ecf8ebf9ebf9ebfaeaf8e9f8ecf8ecf7edf7eff8eef8f0f6f1f5f1f5f3f600000000000000000000000000000000000000000000eff4eff2eff1efefefeef0ecf0ebf1eaf2eaf2e9f2e6f2e6f3e7f2e8f3e9f1e7f2e9f2ebf2eaf1ebf0ecf0ecf0ecf0ebeeebefec
CSIX,1556563415,024353490001,-62,6,128,433004001a051a041a0218031901180017ff17fe17fd18fc17fc16fb17fb17fb18fb19fc17fd17fd16fe16ff14ff14001302120211030000000000000000000000000000000000000000000015011602180419041a061a081a0a190b1a0c1a0d1b0f1b0f1a0e1b0e180e1b0e180d190b190c190a19091a091a081b091d091b08
CSIX,1556593087,024353490001,-62,6,128,43300400150f160e170d160b170b170a1509160717071806160516051705180519051906180617061506150713081208110a0f090e0900000000000000000000000000000000000000000000130b120d130f1311131212141216111611171018101b101a0e1a10190f1711190f16111511161114131313141213141416141412
CSIX,1556628047,024353490001,-62,6,128,43300400f817f817fb17fc16fc16fc16fe15ff15ff1500170115011401150215021601170016ff150014fe13fd12fd12fc12fc10fb0f00000000000000000000000000000000000000000000fc13fa14f915f716f716f416f216f214f115f015ee16ee16ef15f016f014f016f115f215f215f215f416f416f515f417f518f517
CSIX,1556655564,024353490001,-62,6,128,43300400eb0eec0fee0fef0eef0ff110f110f210f311f312f311f412f413f512f313f313f312f311f410f20ff30ef30df20cf30bf30a00000000000000000000000000000000000000000000f00cee0ced0ceb0cea0be809e70ae808e707e506e306e406e506e506e706e508e707e908e708e909e90ae90aea0ae80be80ce90c
CSIX,1556688585,024353490001,-62,6,128,43300400e9f8e7f9e9fbe9fbe8fce9fdeafee9ffebffe9ffe900ea01e801ea01e901e800e900e9ffebffecfeedfdeefdeefbeffbf0fa00000000000000000000000000000000000000000000ecfcebfbeafae8f8e9f7e8f4e9f4eaf3eaf2eaf1e8efe8efeaefe8f1eaf0e9f0eaf1eaf3e9f2e9f4e9f5e8f4eaf6e8f4e6f4e7f5
CSIX,1556713072,024353490001,-62,6,128,43300400ed0fed10ef11f010f111f212f311f412f412f414f513f613f513f714f614f414f613f513f511f510f40ff40ef30ef50cf40b00000000000000000000000000000000000000000000f20ef00dee0eec0eec0dea0ce90ce90be80ae70ae60ae509e608e60ae809e50be80ae90ae90be90cea0de90eeb0de90ee90fea0f
CSIX,1556745936,024353490001,-62,6,128,4330040003160418051606140815091508130d140a140a140b120c110c120d110c130c130c120b120a110912071006100510051004100000000000000000000000000000000000000000000005130315031502170018ff19fd19fe19fd19fc1afb1cfb1bfb1afc1bfb19fb1bfc1afd18fe19fe1a0019ff1a0118001a021c011a
CSIX,1556775678,024353490001,-62,6,128,433004001a001d031afe18001afe18fe18fe19fa15fe1cfd16f813fd1bfc17f916fd1bfd18fb18fd16ff16ff150114011201130312030000000000000000000000000000000000000000000014f918fa18fb19fe1cff1dfe19041e061c021a06210a1e0418081c091d061d061a081a081d0419041907200517001d0922001800
CSIX,1556805736,024353490001,-62,6,128,4330040017f619f815f513f514f314f411f312f10ff412f20ff310f10ff10ef110f013f00ff211f410f40ff20ff60ff70ff710f80ffa0000000000000000000000000000000000000000000011f815f610f814f817f717fc17fe17fa1bfe17fc1efd1aff1efe1cfd1dff1aff1afe19fc19fe1bfd1bfb17fa19fa1df919f91af8
CSIX,1556833314,024353490001,-62,6,128,43300400071608160a1509140a130b140b120c110c110e120e100e0f0e100e100f110e120d120d120b110a11091008100711070f050f000000000000000000000000000000000000000000000a1109130814081607170518041902190319011a011c011c011b021b0119011c0219031803190219041804190518051a061a0619
CSIX,1556923688,024353490001,-62,6,128,43300400ec10ed10f012f011f112f111f310f412f411f513f512f612f613f713f614f514f613f513f511f510f50ff50ef40ef40cf40b00000000000000000000000000000000000000000000f20ff00eef0eed0fec0eeb0de90cea0be90be80be60be60be60ae70be80be60ce80ce90ce80ce90dea0ee90deb0de80ee90fea0f
CSIX,1556957303,024353490001,-62,6,128,4330040011ef11ed0eed0def0ded0ded0bee0bec0aed0aeb08ec09ec08eb09ec09eb0aeb0aec0aed09ee0aef0af00af10bf10af20bf4000000000000000000000000000000000000000000000aee0cef0eee0fee10ee13ef13ef14f015f116f017f017f017f117f016f218f015f115f115f115f114f015ef13ef15ef15ed14ee
CSIX,1556984125,024353490001,-62,6,128,4330040009130a130b110b100d100c0f0c0e0d0e0d0d0f0d0e0c0e0b0e0c0f0b0f0c0f0d0e0d0d0d0c0c0c0c0a0c0a0c090c090c070c000000000000000000000000000000000000000000000a0d090f091109130813071406150615051605170319051804180518041705180516051506170716081508160715081609170916
CSIX,1557015129,024353490001,-62,6,128,43300400eb07eb08ed0aed09ed09ee0aef0aef0cf00bf00cf10cf10df10df20df00df00df00cf00bf20af109f108f208f207f307f20500000000000000000000000000000000000000000000f00aee09ed08eb08eb07e906e905e903e903e803e602e703e702e703e802e603e803ea03e804e904e904e905ea05e906e807e907
CSIX,1557044132,024353490001,-62,6,128,4330040017fb18fa16f816f816f815f713f614f612f513f311f411f412f311f313f313f312f312f511f511f711f810f811f80ffa10fb0000000000000000000000000000000000000000000012f714f815f917f917fb19fc19fe19fe1a001aff1b001cff1b001bff1a011b001aff19ff1bfe1afe19fd1afd18fc1bfc1cfc1bfb
CSIX,1557073434,024353490001,-62,6,128,43300400130d150d1305150a140a15081d0b160513071606230b1304160414041b131706160515060c10120810061006080910060e07000000000000000000000000000000000000000000001207130b0eee160f120b12101e061310111213100a0217141512151116fd1312131210110c1e121213101411141a130f15101510
CSIX,1557109974,024353490001,-62,6,128,433004000aeb0ef50ef018eb11e90ce807ed0af00bed09ea09ed0bef0cec0bea08e707ed0bf00ded0cef0cf00bf20df411f40ef40bf30000000000000000000000000000000000000000000003ee0bf00aed0ee80de90ee90ee90eef10ed12f219f119ee15e814e813f211ee17f119f113eb14ec0fed13ed0ef113f115f018ec
CSIX,1557134207,024353490001,-61,6,128,433004001af615fafff2fbdf04e5fbfae3fce9eef902ea11eb09fd0a051a0214070a120a130b100011fc0bf50ef107f5fdefffecfef500000000000000000000000000000000000000000000ee05020aff19f61b05091a0c1819070e13f223f90900ffdf13dc06f4eaf0efe2f6e9f102e10bde03f701011ef31e02071e11161c
CSIX,1557164567,024353490001,-62,6,128,43300400e6f4e2fce803eefbeaf4e9f8f0f7f2f1e9eee6f7f4fafaf1f6e6f0e4efeaf4f1feee01ec05eb06ea04ea03ee06f40cf811f60000000000000000000000000000000000000000000007fe0c0e151a1c13160c0e11060f0114f91cfd2404230319f912f014ed19e81ff01cf812ef0be709e20fea12f007e400dd06e40b
CSIX,1557193144,024353490001,-62,6,128,4330040008e707e504e604e703e702e701e800e7ffe8fee6fde8fce9fce7fde7fde6fde6fee7ffe8ffe900e901ea01ec02eb02ed03ed0000000000000000000000000000000000000000000002e904e805e707e607e60ae50be60ce60ee60ee60fe40fe40fe50fe40fe610e40ee60de70ee60de70ce60ce40ae70be50be30ae4
CSIX,1557285209,024353490001,-61,6,128,43300400fd1cfc0f0211001602180017021604120614041305140712051308120714071406130513051204120311021002100110000f000000000000000000000000000000000000000000000012ff12fd13fd15fc14fb16f716f815f714f415f816f615f413fa16f717f81af517f519f812f917f912fa0dfa1efb180110ff0f
CSIX,1557313583,024353490001,-62,6,128,43300400eef6edf5cffbeff6ebfaecf8f104ecfcecfce8fee41aeafce8feecfcd6fdeaffebfdebfbf4f6edfbeffaeffdf207f0faf1f900000000000000000000000000000000000000000000f0f9f0f6e00fedf1eff5eef2eeddefeef1f0edeed1def0eff0eff0ee01dcefebededf0f0e5d9edefeff0ecf2efd3eef3ebf2ecf2
CSIX,1557342966,024353490001,-62,6,128,4330040015071406160415041504150313021401140116ff14fe13ff14ff15fe15ff160015001401130112031103110311040f030e0500000000000000000000000000000000000000000000120212041305130614071409140a120b130b140d150e150e140e140d130d160e140c140c150c150c140b150b140b160b160a150a
CSIX,1557378336,024353490001,-60,6,128,433004001200160119fe1aff1cff180411040b05ff05f7fef2fbeff9edf7f4f7f4f7f9fafafffe010207000c030e0113ff13ff12ff10000000000000000000000000000000000000000000000910080b0309070203fb08f709f30af00eed0ef00df20af506f900fbfafafafff4fff407ef06ec06f008ef07f905fc07020a060b
CSIX,1557402972,024353490001,-62,6,128,43300400170d1509150c1609140e120a0f0e11081206130214051201130118ff1a001a041704160812040f070e050f050b040f030d05000000000000000000000000000000000000000000000e0b0c0c0f0d0d0e0f0f0c0f0e100c120e120e160e160e170d160e150b1310170e130e150e120e140d130e110d100f0f1210100d
CSIX,1557433239,024353490001,-62,6,128,43300400e9f2e8f4e8f6e9f6e8f8e8f8e9f9e8fae9fae7fbe8fce8fde8fce8fde7fce7fce9fbe9fbebfaebfaedfaeefaeef9eff9f0f800000000000000000000000000000000000000000000edf8ecf7ebf5ebf3eaf3ebf1eaefecefebeeebecebeaeaeaeceaeaeaecebeaeaebedecedebecebedebefeaeeebf0eaeee8efeaf0
CSIX,1557500702,024353490001,-62,6,128,4330040010ec10ea0dea0eeb0dea0dea0ceb0ae90aeb0ae808e908e908e907e909e809e809e90aea09ec0aed0aee0aef0bef0af00bf1000000000000000000000000000000000000000000000aed0ded0eed0fed0fed13ed14ee14f015ef16ef18ee18ef17ef17ef17f019ee16ef15ef16ef15ef14ef15ed13ee15ed15eb14eb
CSIX,1557523484,024353490001,-61,6,128,43300400e5f9e4ffe7fee5fee6fee4ffe803e9fee503e808e800e305e806e903e304e804e702e901ea00e900ebffecfee9fdedfeeffc00000000000000000000000000000000000000000000eb02e801e8ffe5fde7ffe7fae2f9e7fce7f5e2f8e5fce5f4dff7e4fbe6f4e2f4e7f8e7f7e4f6e5f6e3fae8f9e4f5e2fee9f8def4
CSIX,1557555911,024353490001,-62,6,128,4330040013f312f211f010f110f010f00ff00eef0eef0eed0dee0cee0ded0dee0ded0dee0def0eef0df10df20ef30ef40ef40df50df6000000000000000000000000000000000000000000000df30ff310f312f213f314f415f515f616f717f618f719f718f718f617f819f717f616f717f716f615f516f514f416f516f316f3
CSIX,1557612956,024353490001,-61,6,128,43300400180b190a18071707180619061805190318031903180218011a0218021a0219021803180316041604140513051306120611070000000000000000000000000000000000000000000014061409150a160c150c160e15101510151215121614161415141613151316141512141016121510160e1710160d1810190f190e
CSIX,1557645062,024353490001,-61,6,128,433004000be80ae608e708e806e706e605e804e704e703e502e701e702e601e602e502e503e704e704e904e905ea06eb06ec06ed07ee0000000000000000000000000000000000000000000007eb09eb0bea0ce90dea10ea10ea11eb12eb13ea15ea15ea15eb14ea13eb15e913eb11eb12ea11eb10ea10e90fea10e80fe70fe7
CSIX,1557682840,024353490001,-61,6,128,43300400140e1510160d150d160c160c150a1709160a180916081707170818071908180a180a170a1409140b120a120b110c0f0b0e0c00000000000000000000000000000000000000000000110b110d110e11111211111311150f150f160f170f1a0f190e1810180d1711190f160f1610161115101311141213121513141314
CSIX,1557708891,024353490001,-61,6,128,43300400ec01ec01ec04eb02eb04eb05ed05ee06ed06ec07ec08ed09ee08ee08ed09ec07eb06eb06ec05ed04ee03ef02ef01f000f00000000000000000000000000000000000000000000000ee02ef00edfeebfcebfce9fae8faebfaebfaecf8eaf5eaf6e9f7e8f8ebf8e9faebf9ecf9ebf8e9f9ebfceafdeeffecfbe9fce9fc
CSIX,1557734854,024353490001,-62,6,128,43300400f7e0f0ecf5edf9ddf0e5f5ef03e7f5def6ed05effedfefe3fef109e601d8ffe80ced0de60bea0bee11f00ef00cf712f812f400000000000000000000000000000000000000000000f012f10aeb08e60deb08e800e3ffe501e8fce5f9e2f6e2f6e8f7eaf4e7efe4eeecf3f1eee7ece9eff2f3f2e4e9ebf4eff4e1e8e3
CSIX,1557764631,024353490001,-61,6,128,43300400f4e8f2e7f2eaf3eaf1ebf1ebf1ecefecefecedeceeededeeedecedededebeeebefecf0ebf2ecf3ecf5ecf5eef6edf7eef9ee00000000000000000000000000000000000000000000f5eef6ecf6eaf7e9f7e9f9e7fae6fae6fce5fbe5fce2fce2fce3fbe2fde4fce2fbe5fbe6fbe5fbe5f9e6f9e5f8e8f8e6f6e5f6e6
CSIX,1557793501,024353490001,-61,6,128,43300400fa15fb17fe17fc15ff18fe170015021701140216031503150215041703180118011700160014fd14ff13fd12fd13fc11fc1000000000000000000000000000000000000000000000fb12fa0ff712f613f713f614f416f214f212f313f214f114f115f416f314f214f015f514f517f416f614f715f915f616f716f718
CSIX,1557823070,024353490001,-61,6,128,43300400011a041a0619041806190719061605150a17091a0a16091608170a170a18091a07180618061604160315021501150014ff130000000000000000000000000000000000000000000004140215021701180019fe19fd1bfc19fc1afa1bf91ef91ef91cf91cfa1af91efb1afb1afb1bfb1bfd1afe1afe1afe1bff1cff1a
CSIX,1557854603,024353490001,-61,6,128,43300400eceeeaeeeaf1ebf1eaf1e9f1eaf3e9f4e9f5e7f5e8f6e8f6e7f5e8f6e7f4e8f4e8f4e9f3ebf3ecf3edf2eff3eff2f1f3f2f200000000000000000000000000000000000000000000eef3eff1eff0eeeeefedefebf0eaf0eaf2e9f0e8f0e6efe7f1e6f0e6f2e7f0e5f1e7f1e9f0e8f0e9efeaefe9efeceeeaeceaeceb
CSIX,1557883260,024353490001,-61,6,128,43300400e9f1e8f2e8f4e9f4e7f5e7f5e8f6e7f7e8f8e6f7e8f8e7f9e7f8e7f9e6f7e6f7e7f7e8f6eaf6eaf6ecf5edf5eef3eff4f1f300000000000000000000000000000000000000000000eef5eef3edf2edf1ecf0ededededeeedeeebeeeaeee8ede8eee8eee9efeaede7efeaeeebeeeaedececeeecededeeecedeaedebef
CSIX,1557920898,024353490001,-61,6,128,433004000ff613f711f511f611f411f40ef50ff40ff20ff30cf20ef210f10ef010f111f111f211f310f410f50ff70ff710f70ef90efb000000000000000000000000000000000000000000000ffa11fb12fc14fc13fd15fd13ff15ff15011601190117ff1802150115021601140114ff17fd14fd14fe0ffc0ffd13fe15ff11f9
CSIX,1557944908,024353490001,-61,6,128,4330040016f116f115ef14f014ef15ee13ef12ed13ed13ec12ed11ed12ed11ec12ec15ec14ee13ef12f013f212f313f513f611f712f90000000000000000000000000000000000000000000010f312f413f514f516f517f618f718f819f81af91cfa1cfa1bfb1cfa1afb1df819f919f91af919f818f719f617f619f619f418f4
CSIX,1557974794,024353490001,-61,6,128,43300400160d170c1809170a180919091808180618061a06190519051a051a051a061b071a0719081709160914091209130a110a0f0b00000000000000000000000000000000000000000000110b120d110e120f1210111211131013101510161118101810171117101611171014101311141113121213121210141116111610
CSIX,1558004193,024353490001,-61,6,128,4330040019fd1afc19fa1afb1afa1af918f918f718f81af618f617f619f618f51af61af71af719f918fa17fb16fc15fd16fe14ff13000000000000000000000000000000000000000000000014ff15001601180217031a051906180719071a081c0b1a0a1b0a1a091a0a1b091a0818061b071a061905190418031b041c021b01
CSIX,1558034864,024353490001,-61,6,128,43300400f0eaeeeaedeceeedececececedeeeceeecefeaeeebf0eaf0eaefeaefe9eeeaedebeeecedefedf0edf2eef3eff3edf5eff6ee00000000000000000000000000000000000000000000f1f0f3eef3edf3ebf3eaf4e8f5e8f5e7f7e6f5e5f6e2f7e3f7e3f6e4f7e5f7e2f6e5f7e6f6e5f6e6f5e7f4e7f4e9f2e7f1e7f1e8
CSIX,1558063417,024353490001,-61,6,128,4330040017051704170216021801170016ff16ff16ff19fd16fd16fd18fc17fd19fd18fe1800170015011501140312031304110310050000000000000000000000000000000000000000000012001303140416051406160815081509170a180d180d160c180f180d170e180e140b140c160b160b150c160b1506140817071707
CSIX,1558093651,024353490001,-61,6,128,43300400e8f8e8fbe9fbebfbe8fbe8fde9fde9ffeafee700e900e901e801e801e700e800e7ffe8feeafdeafcebfcecfbecfaeefaeff900000000000000000000000000000000000000000000eefaedf9ecf8ecf6ecf6ebf4ecf2ecf2ecf2ebf0eaeeeaeeebeeebefecefeaeeecf0ecf2ecf0ecf2ecf3ebf3ecf5eaf4e9f5eaf5
CSIX,1558123069,024353490001,-61,6,128,4330040018f719f516f317f417f317f215f216f114f116ef14ef14ef15ee15ee16ef17f017f017f216f416f415f614f715f713f913fb0000000000000000000000000000000000000000000013f815f915fa17fb17fb1afc1afe1aff1bff1bff1e001e011d011d001c021d021b0119ff1b0019ff19fd19fd17fb1afb1bf91af8
CSIX,1558153435,024353490001,-61,6,128,43300400ebf3eaf4e9f6ebf6eaf6e9f6eaf7e9f8eaf8e8f8eaf9e9fae9f9e9f9e8f8e8f7eaf7ebf7ecf7ecf6edf6eff5eff4f1f5f2f400000000000000000000000000000000000000000000f0f6f0f5eff4eff2edf3f0f0f0f0f0f0efeff1ebefebefebf0ebf0eaf1ecefeaf0edf0eef0edf0eeefefefefeff1eeefecf0edf0
CSIX,1558214220,024353490001,-62,6,128,433004000d150f15101210131113111311121111111013121210130f1310121013111212121111110f100e110d110c100b110a110911000000000000000000000000000000000000000000000c100b130b130b150a150917081807180719071a061c061c061c061b051b051c051a06180719071809160918091609180c180b17
CSIX,1558244565,024353490001,-62,6,128,43300400eafce8fde801e9ffe901e801eb05ea02ea03e804eb04ea05e905e904e704e804e804e902eb03eb00eb00ecffedfdeefeeefc00000000000000000000000000000000000000000000edfeedfcedf8ebfaebf9eaf8e7f5eaf7eaf5eaf5e9f0e9f4e9f3e9f4e7f1e8f3ebf4ebf6ebf2eaf8ebf9eaf8e7f8e9f8e9fae8fa
CSIX,1558306303,024353490001,-62,6,128,4330040006160116081407160917061609130a1508120b140c140c130c140c120c150b140b140b140a13081307110611051204100411000000000000000000000000000000000000000000000411021103140214011400170114001afd19fe18fc1dfe1cfa17f616ff19fd19fc1cfb1cfe17fc150618011702130516041b0218
CSIX,1558332994,024353490001,-62,6,128,433004000eee10ee0bec0df00beb0ced0aeb0aed09eb09eb08ea07ec08e909eb0ae90aeb0aea0bec0aec0bee0cef0bf00df00bf20df3000000000000000000000000000000000000000000000af108f10ff20cf011f310f013f512f214f614f216f617f115f617f214f717f312f615f311f514f30ff214f30ff113f00fef13f0
CSIX,1558363364,024353490001,-62,6,128,43300400170a180818051706190519041803190218021a02190119001a0119011a011b021a02190317031704160515061507130711090000000000000000000000000000000000000000000012071209130b130c140d140e1310130f131114121414151414141413121315141212121113101310140e150f140c150d170d170c
CSIX,1558396247,024353490001,-62,6,128,433004000bec09eb09eb09ea09ea07e907eb06ea05e905e804e904e904e804e806e907e906ea07e907eb08ec09ee09ee0aef0af10af10000000000000000000000000000000000000000000007ef09ef0aee0bee0cee0eee0fee0fef11ef11ee14ee13ee14ee13f012f014ee12f010f011ef10ef0fef0fef0dee0eed0deb0dec
CSIX,1558423585,024353490001,-62,6,128,4330040017f617f416f316f316f216f215f114f013f014ee13ef12ee14ee13ee14ee15ee15f015f115f214f314f513f714f712f812fa0000000000000000000000000000000000000000000012f814f815f917f917fa19fc19fc19fd1afe1bfe1dfe1dff1cff1dfe1b001dfe1bfe19fd1afd19fd19fb1afb17fa1afa1bf81af8
CSIX,1558492088,024353490001,-61,6,128,43300400e8f4e7f6e6f8e8f8e6f9e6f9e7fae6fbe7fbe5fce7fde6fee6fde6fde6fde5fce6fbe8fbe9fae9f9ebf8ecf9ebf8edf8eff600000000000000000000000000000000000000000000edf7ecf6ebf5ebf3ebf3eaf0ebefeceeebedebeceaeaeaeaebeaebebedebeaeaecececeeebedeceeecefeaefebf1e9f1e7f1e8f1
CSIX,1558548382,024353490001,-62,6,128,4330040012f212f010f00ff111ef10ee0ef00eef0dee0eed0ced0ced0ded0dee0fed0fee0eee0fef0ef10ef20ff30ef40ff40ef60ef7000000000000000000000000000000000000000000000ef40ff510f512f512f514f615f715f716f817f819f818f818f918f817f919f916f915f916f815f814f715f712f614f515f315f3
CSIX,1558574238,024353490001,-62,6,128,43300400f6ebf5ebf4ecf4edf3edf3edf3eef2eef3eef1edf1eff1eff1eff1eff1edf1edf2edf3edf4eef5eef7eef8eff8eef9effbef00000000000000000000000000000000000000000000f8eff8eef9edf9ebf9ebfbe9fbe9fce9fde8fde7ffe5fee5ffe6fee6ffe7ffe5fee7fee9fde8fceafbeafbe9faebfae9f9e8f9e9
CSIX,1558606110,024353490001,-62,6,128,43300400130e160c150a140c170a160a160917081607180617061705180618051906190718081709150814091309120a120b100b0e0b00000000000000000000000000000000000000000000100b100d100f1110101010130f140e140e150e160f190f190e180f180e160f180e160e140f160f14101310131011111213121211
CSIX,1558635085,024353490001,-62,6,128,433004000bea0ae909ea0aeb08ea08e906eb04e904e904e705eb04e805e703e703e705e606e906e906eb06ec07ed08ed07f007ee09ef0000000000000000000000000000000000000000000009ef0bee0def0fed10ee15ee13ef14eb16f216ef16f014ee16f312f314f017f015f012f115ef13ef11ee10ee10ef11ed10ec10eb
CSIX,1558663159,024353490001,-62,6,128,43300400eb00ea02eb02eb03eb04eb04ec04ed06ed05eb05ec07ec07eb07ed07eb06eb05eb04ec05ed03ed02ee03ee01ef00ef00f1ff00000000000000000000000000000000000000000000ef00eeffec00e9ffebfee9fae9faeaf8ecf9e9f7e8f6e8f6e9f7e8f7eaf8e8f6eaf8eafae9f8eaf9eafceafbecfbeafbeafceafd
CSIX,1558697641,024353490001,-62,6,128,43300400150816051400150418ff140111fb15fe14fe15fd1afd14fc15fe17f9080315fc18fe15fd10f214fd14021001110610021204000000000000000000000000000000000000000000001203130317fc14091607150a1f14170f160e150f220e160d141117100b151510160f120c1b15150f1508180c1a0e1409160b1a07
CSIX,1558723281,024353490001,-62,6,128,4330040006ea05e903e903ea02e801e900ea00ea00e9ffe8feeafdeafde9fde9fee8fee8ffe9ffe9ffea00ea01ec02ed03ec03ee04ef0000000000000000000000000000000000000000000005ed07ed08eb09eb0aeb0cea0de90eeb0eeb10ea12e911ea11ec12ed0fec12ea0fec0eeb0eeb0eec0ceb0ceb0aeb0bea0be80ae9
CSIX,1558753712,024353490001,-62,6,128,43300400f0f4eef5edf7eef8ecf8ecf8edf9ecfaedfaebfaecfbebfceafbebfbeafaeafbecfaecf9edf9eef9eff8f0f8f0f7f1f8f3f700000000000000000000000000000000000000000000f1f6f1f4f1f3f0f1f0f1f0eff1eef2eef2ecf1ebf1eaf2eaf3eaf2eaf4ecf2e9f3ecf4edf2edf3eef3eff2eff2f1f1f0eff0f0f1
CSIX,1558783712,024353490001,-62,6,128,433004000aea0ae807e807e906e805e805e803e703e802e600e700e701e602e702e502e603e703e704e905e906eb06ec07ec06ed08ee0000000000000000000000000000000000000000000008eb0beb0ceb0ee90eea11e912eb13eb14eb14eb17ea16ea15eb15eb15ec16eb15ec12ed13ec12ec10ec11eb0eec0feb0fe80ee9
CSIX,1558825266,024353490001,-63,6,128,433004000d0f0f10110e0f0e110e110c120b130b120f140b140816081709140a140a150b140c130d110b100c100d0e0a0f0c0b0c0c0b000000000000000000000000000000000000000000000d0e0b100c110b140b130a160817091706180917091b091a091909190619071906180814081408160b130a140c110b130d130d11
CSIX,1558843571,024353490001,-63,6,128,43300400ec0fed10ef12f012f013ef13f212f214f214f316f415f415f316f416f317f216f215f214f212f212f110f10ff10ef20df20b00000000000000000000000000000000000000000000ef0eec0dec0de90de80ce70be60be509e408e309e108e208e307e308e507e308e508e708e609e70ae80ae80aea0be80de80eea0e
CSIX,1558875551,024353490001,-62,6,128,433004000c110d1d001cfe1a0f190c13ec0c071d070ff916010c0610fe1aff18fb0bf91afa17f718f70ef413f210f30ef204ef0cf309000000000000000000000000000000000000000000000df014f60ffb12f91efd1bf5040b1e031a021b0b36291d0411132016171914131b100a0b15050e120f0d0b2325f60218171c110c
CSIX,1558903205,024353490001,-63,6,128,43300400e805e707ea08e909ea0be90bec0beb0cec0cea0eec0eed0eec0fec0feb0fea0eea0deb0cec0beb0aec08ec07ec07ee05ee0400000000000000000000000000000000000000000000ea06ea05e804e603e702e301e400e5ffe4fde3fee1fce1fce2fbe2fce3fbe3fae4fce6fde4fde4fee600e5ffe801e501e502e603
CSIX,1558993651,024353490001,-63,6,128,4330040018fd18fc18fa16fa17f917f817f816f617f618f516f515f417f517f417f519f517f618f716f916fa15fa15fc15fd13fe12000000000000000000000000000000000000000000000015fe150018001701190219041a0519061a071b081c0a1b0a1b0a1b0918091b09190718061906180518041a0418031a031a021901
CSIX,1559024573,024353490001,-62,6,128,43300400f113f116f415f515f517f617f716f817f916f918fa17fb17fa19fa18fa1af919f819f717f816f616f613f511f412f510f40e00000000000000000000000000000000000000000000f511f312f212ef13ef12ec13eb12ea11e911e811e611e611e610e611e70fe610e810ea0fe910ea10ec11eb11ee10ec12ed14ed14
CSIX,1559054348,024353490001,-62,6,128,43300400180018fe18fc17fc18fb18f916f916f816f717f616f615f516f516f518f518f517f718f716f816fa15fb15fc14fd13fe12000000000000000000000000000000000000000000000016001602180319051a051a071b09190a1a0b1b0c1c0e1c0e1a0e1b0d190d1a0d180b180a180a180918071908180519051b041a03
CSIX,1559084615,024353490001,-63,6,128,43300400ec0dec0ff010f010f012ef12f111f113f312f214f414f414f315f415f215f215f215f114f312f211f10ff10ef10df20cf20a00000000000000000000000000000000000000000000ef0eed0deb0de90de80ce60be50ae509e408e408e107e108e206e308e407e207e407e607e508e608e809e70ae90be80be80de90d
CSIX,1559114955,024353490001,-63,6,128,43300400fdedfcecfaedfaeef9edf9edf9eef8eef8eef5edf6eff6eff6eff5eef5edf6edf7edf7edf9eefaeefbeffceffceffdf1fef100000000000000000000000000000000000000000000fceefeeeffecffeb00eb02ea03e904ea05e906e807e707e807e906e906eb06e805ea05eb05ea04eb03eb03eb02ec02eb01eb00eb
CSIX,1559144941,024353490001,-63,6,128,43300400f2ecf0ecefefefefeef0eef0eef2edf2edf2e9f2ebf4eaf5eaf4e9f5eaf3e9f2eaf3ebf2edf2edf1f1f1f1f1f1f0f3f1f5f100000000000000000000000000000000000000000000f2eff3edf3ebf3eaf3e9f4e7f5e5f7e6f7e5f7e3f8e1f8e2f8e2f7e3f9e4f8e2f8e5f8e6f7e4f6e6f6e6f5e7f6e8f5e7f3e7f3e8
CSIX,1559173017,024353490001,-63,6,128,433004001a0413020d121d0b070002161c1c0d06f3120723070df310f51cfa14ec0be30beb08ecf9e9fbedf7f4f2f4f1fbeffdee00f1000000000000000000000000000000000000000000000e060a1308170217f819fa1af407e110e918f800dcf6dd04f0f9e8ebe9f1f1ecf4e6f7f209e800dcf6ed17fc18df02eb14ff1ef1
CSIX,1559233736,024353490001,-62,6,128,433004000df10df10cef0bf00bee0bef0bf00aec0aee08ec08ee06ee08ed06ed07ec08ed08ec09ee09f009f009f109f20af30af408f7000000000000000000000000000000000000000000000cf20df30ef310f311f313f314f415f615f615f618f617f616f715f614f716f614f713f714f513f513f512f411f412f412f212f2
CSIX,1559265605,024353490001,-62,6,128,43300400150b15091507150617051605150315021601170016ff15ff17ff17fe18ff18ff170017011501150313031203120410050f050000000000000000000000000000000000000000000015071509160b170d170d17101612151215141515171817171417151614151516131413121414141315111512141015111710160f
CSIX,1559295473,024353490001,-63,6,128,43300400f5ebf3ebf1edf1eef0eeefeeeff0eeefeff0ecf0edf1edf2ecf1edf1ecf1edf0edf1eef0f0f1f0f1f2f1f3f1f4f1f6f1f7f200000000000000000000000000000000000000000000f6ebf7eaf7e8f7e7f8e6fae4fbe3fce3fde3fde2ffe0ffe000e2fee2ffe3fee1fee4fde6fce4fce6fae7fae6f9e8f9e7f7e6f8e8
CSIX,1559324444,024353490001,-63,6,128,43300400140c150a16081607170717061605160416041702170217021702170118011902170216041503150412051105110610060f06000000000000000000000000000000000000000000001408140b140c150e140f14121413121312141315131813181317121611161217111412131314131313111412131015111611140f
CSIX,1559356811,024353490001,-64,6,128,43300400c3ebbae7bdfac3f7bff5baf7c4f5befdc1f5b9febc06c803b703c103b703b3febaffbaffc3fec401c8fcc901c1ffd0f3ccf200000000000000000000000000000000000000000000cceccfe2cbd6c4cbcdd0cecbcfc6d1c8cfc8cfc2ccb5d3b5d0becfb7d3bec9b4dcbedcc5cbcfcfc5d6d0d1ced1d5c3d2c2d7c0d1
CSIX,1559386632,024353490001,-62,6,128,433004000deb0cea0ae909ea09e908e808e907e807e806e605e804e705e704e605e607e606e707e907ea08ec09ed09ef0aef09f10af2000000000000000000000000000000000000000000000bec0dec0feb10eb12eb14ec16ec17ed17ee18ee1bed1bee1af019ef18f01aee16f016ef16ef15ef13ef14ee12ee13ed13ec12ec
CSIX,1559413762,024353490001,-62,6,128,4330040017f616f514f213f314f214f212f112f011f012ef10ef10ef10ee0fee11ee12ee11ef11f10ff210f310f410f510f60ef80ef90000000000000000000000000000000000000000000013f516f617f719f71af81cfa1cfb1cfc1dfe1efe210020001f011eff1d001fff1cff1bfe1cfe1bfd1afb1bfb19fa1bfb1cf91af8
CSIX,1559448120,024353490001,-63,6,128,433004000712091508130a130d140c1309120a110c0f0d0e10110e0f0e0e0d0e0d110e120c110c110b100911080f080f0610060f040e00000000000000000000000000000000000000000000071108100515051608180516011a0117ff19fd18ff1e001e001cfe1bff1afd1cfd1a0019fe180117021800160212041605140417
CSIX,1559474200,024353490001,-62,6,128,43300400ec06ed08ee0aef09ef0aee0af10af00bf10cf00df20df20df10df10ef10df00ef00df00bf10af109f108f107f106f306f30400000000000000000000000000000000000000000000ef08ee07ec07eb06ea05e904e803e803e802e701e600e500e600e700e800e600e801ea01e801e902e903e903eb04e903e905ea05
CSIX,1559533457,024353490001,-63,6,128,4330040015fd16fb15fa14f914f814f713f712f612f613f411f411f412f411f413f313f413f512f611f712f711f911fa11fb0ffc0efd0000000000000000000000000000000000000000000013fb15fc16fd18fd17fe1900190119031a031b041c061c061b061b0519051b0519041803190418021801180117ff18001aff18ff
CSIX,1559565592,024353490001,-62,6,128,433004000f0b120b1208120813091307150613031403150213021102130312021304130414051307100511070f060f060f060d060b07000000000000000000000000000000000000000000001009110a100b110c110d110f0f110f1210131113121511140e130f120d140e130d130d100e120d120f111111120e120e120d0f0d
CSIX,1559624963,024353490001,-62,6,128,43300400170a1907190618061905190519021b0314011a00180019ff190019ff1aff1b001a0118021702170414041405140612071008000000000000000000000000000000000000000000001408140b150c160d160e16111713151214141515161816171516161614161516131413121513131215111510140e160f180f170e
CSIX,1559653426,024353490001,-61,6,128,4330040013f814f511f30eef14f415f216f20cf410ee12f010f50bf20aea0cf70df20bee0cf105f411ef0cf60ef80cf70cfa0cf90bf8000000000000000000000000000000000000000000000df30ef413f212f314f613f916f715f815fb19f818f81cf71bfa1af818f71afd17fa14f71ef31cfa1afb1df610f910eb11f810ef
CSIX,1559683157,024353490001,-62,6,128,43300400ef0dee0ff10ff20ef110f210f40ff410f40ef511f511f711f612f611f412f511f511f40ff50ef50df40cf50bf40af509f50800000000000000000000000000000000000000000000f20df00def0cec0ded0cea0be90bea09e809e809e609e608e608e608e807e607e707ea08e908eb09eb0beb0aed0aeb0beb0cec0d
CSIX,1559764300,024353490001,-61,6,128,43300400f306f305f405f10cf50cf309f10bf20df50bf50ff30ef40df312f60bf311f40ff40ef30ef30cf40bf30bf509f207f306f30500000000000000000000000000000000000000000000f10af20bed09ee0ceb10e808e40bef02e8feea07ed03e7ffe801e602e704e804ec01ec03e805e9feec02ec0ef505eb04ea07f105
CSIX,1559779580,024353490001,-62,6,128,43300400f112f211f613f510f512f511f510f711f811fb15fc11fd13f914fb13fc16fc15fa14f813fc13f811f710f70df90efa0ff60b00000000000000000000000000000000000000000000f40ff30ef110f011ee12ec10eb0feb0eeb0fe80fe710e710e810ea0deb0de70fe90eed0eed0ced0ded0ceb0dee0fee10ee12ef12
CSIX,1559811174,024353490001,-61,6,128,43300400f2f4f0f5f2f8f3eef1f3ebf3edf1f0f8f0fbf0faeff9eff5eaf8ecf7f2f8effaf0f7f2f5f1f4f2f4f0f5f2f5f6fbf3f9f7f500000000000000000000000000000000000000000000f1f6f3f0f1f1efeef0edefeeecf0f5eff4eef7ebffe3f6e6f0e4f4e7f7e9efe8f8eaf9eff5ebf6eaf1eef2eef3f5f4eff5ecf3ef
CSIX,1559859821,024353490001,-61,6,128,43300400ffe8fee7fceafdebfbeafbeafbecfaecf9edf7ecf7edf7edf7edf6edf7ecf7ecf7edf8ecf9eefaeefbeffcf0fcf0fcf0fef100000000000000000000000000000000000000000000fcecfdeafee9ffe700e702e504e505e606e506e407e207e208e407e408e608e407e606e706e606e704e705e703e902e601e501e6
CSIX,1559875146,024353490001,-61,6,128,4330040015f715f514f513f512f410f110f210f30ef310ef0cf00bf10eef0df010ef0ef00df00ff20df20df30ef50df60df60cf70df90000000000000000000000000000000000000000000011f513f714f717f716f819f819fa19fc1bfb1bfd1dfe1dfe1cfd1bfe1bfe1cfe1bfe17fc1afc19fc16fb19fa15fc17fb18f718f9
CSIX,1559923318,024353490001,-61,6,128,433004000ced0bec0aec09ed08ed08eb07ec06eb06ec05ea05eb04ec04eb03eb04eb05ea05ec05ec04ed05ee06f007f007f007f207f30000000000000000000000000000000000000000000009ed0bed0ced0eed0fec11ed12ed13ef14ee16ef18ef18ef17f016ef15f116ef14f013ef13f012f012ee11ef0fef12ed11ec11ec
CSIX,1559990302,024353490001,-61,6,128,43300400ed0beb0ef00ff10def10f010f110f210f20ef012f211f210f211f20ff110f211f20ff20ff20df20cf20bf30af20bf407f20600000000000000000000000000000000000000000000f20df00dee0dec0deb0ce80be809e70ae607e707e30ae508e608e607e707e306e707e706e70ae807ea0ae70aea08ea0ae70ceb0e
CSIX,1560014358,024353490001,-61,6,128,43300400ef10ef12f211f311f212f412f512f512f712f714f813f913f814f813f814f714f713f612f710f710f60ef70ef60ef70cf60b00000000000000000000000000000000000000000000f40ff20ff00fee10ee0feb0fea0eea0ce90ce80de60ee70de70de80de80ce70de80cea0ce90dea0deb0deb0eed0eeb10eb12ec11
CSIX,1560043114,024353490001,-61,6,128,43300400ed0eed0fef0ff00ff110f110f210f311f311f313f412f512f413f512f313f312f311f310f40ff30ef30df40cf30cf40bf40900000000000000000000000000000000000000000000f10eef0ded0ceb0deb0ce80be70ae709e709e608e408e409e508e508e607e508e708e808e809e909ea0ae90aeb0bea0ce90eea0d
CSIX,1560074395,024353490001,-61,6,128,4330040017f517f415f314f214f113f112f111f010f011ed0fee10ee10ee0fee11ee11ee11ef11f010f210f210f410f510f50ef60ff80000000000000000000000000000000000000000000013f314f516f518f519f61bf81bf91bfa1cfb1dfb1ffc1ffc1efd1efc1cfd1ffc1bfc1afb1cfb1afa1af91bf919f81bf81bf61af6
CSIX,1560137108,024353490001,-62,6,128,4330040015f715f614f412f512f412f311f411f210f311f10ff10ef110f10ff110f111f210f210f30ff40ff50ff60ef70ff80ef90efa0000000000000000000000000000000000000000000010f612f813f815f915f917fa18fb17fd19fd19fe1bfe1bfe1aff1afe18ff19fe17fe17fd18fc17fc17fb18fa15fa17fa18f917f9
CSIX,1560166290,024353490001,-61,6,128,43300400ddf0ddf5dffce3fde601eafef1feeffaf3f7edf3ebf3e7f4e5f4e3f4e3f5e5f8e9f8ecf8f0f6f3f5f4f2f6f0f5eef5eff5ef00000000000000000000000000000000000000000000ec06ea03e901e601e5ffe3fee4fce6fbe7fae8fae6f6e6f4e6f2e5f2e5f1e1f2e3f5e4f9e5f9e8faecfceef8f3f7eef1ebeee8ec
CSIX,1560193422,024353490001,-62,6,128,43300400f619f71afa1afa18fb19fc19fd17fe19fe18001a0018011800190119001aff1aff19fd18fd16fc16fb14fa13fb14fb12f91100000000000000000000000000000000000000000000fc17f917f818f619f619f319f119f018ef18ee18ed1aec19ed19ef19ee17ed18ed19ee15f119f218f219f119f419f31af31cf41b
CSIX,1560266817,024353490001,-62,6,128,43300400ee12ef14f114f213f316f316f516f517f616f619f717f718f61af618f51af519f518f418f415f415f212f212f111f310f20d00000000000000000000000000000000000000000000f010ee10ed0feb10eb0fe90fe80ee80de60de70de40ce40de50ce50de60ce40ce70ce90ce80de90dea0fe90fec10ea10ea13eb13
CSIX,1560284326,024353490001,-62,6,128,43300400130e140e150b130b150a150a150816081607170717061606170617071707180817081608140814091209110a100b0f0a0d0c00000000000000000000000000000000000000000000100c0f0e0f0f101110110f130f140d140e160e160d180d180d170e170d150e170e140e130e140f13101210131011111213121311
CSIX,1560315943,024353490001,-62,6,128,43300400e908e809ea0beb0bea0cea0cec0cec0eed0ded10ee10ee10ed10ee11ec11eb11ec10ec0eed0dec0cec0aed0aeb09ed08ed0600000000000000000000000000000000000000000000ec07ea05e904e704e803e601e500e6ffe5ffe4fee2fee3fee4fde4fee5fde4fee6ffe800e600e701e703e703e804e605e606e606
CSIX,1560343113,024353490001,-62,6,128,4330040015f516f414f214f313f213f111f111ef11f012ee10ef0fee10ee10ed12ec13ed13ee13ef12f113f212f412f513f612f811fa0000000000000000000000000000000000000000000012f614f715f816f916f918fb18fb18fc19fd1afd1cfe1bfd1bfe1afd19fe1bfc18fc18fb19fb18fb17f918f917f919f819f718f7
CSIX,1560377591,024353490001,-62,6,128,433004000d12091303140a130a0b0a11090e0c100a0d0b100b0b0c13100d0d0d0c100a120c130b0f0a1108120a13040907120610031000000000000000000000000000000000000000000000070f0612050e031309150513ff1a001a0619021701160617fc1a0215fc15fe16ff150015031805140316fa190812060d04100d1a
CSIX,1560403260,024353490001,-63,6,128,43300400ebf5ebf6ebf8ecf8ebfaeafaebfbebfdebfce9fdeafeeaffe9fee9ffe9fee8fde9fceafcebfcebfbecfbedfaeef9eff9f1f700000000000000000000000000000000000000000000eff7eff6eff5eef3eef2eef1eef0eff0efefefedeeebeeecefecefedf0eeeeedefefeff0eef0eef1edf1edf1edf2ecf1eaf2ebf2
CSIX,1560434672,024353490001,-67,6,128,4330040059e75be656e238ee40f350e655ef39e346ee58df42f146f350e166d758d449d346eb46f32af94fe441f743ed2ee327dc25070000000000000000000000000000000000000000000023f111e541f54c102b094cf12de53cef50f7550066085f1a4c145f1366066a1e560e3ef6461554115413591a4e095af95ef44404
CSIX,1560465632,024353490001,-63,6,128,4330040012f211f100ec13f30fef11eb19e510ee0cef0bec0bf80dea0bea0dee05e40be90ced0eed13ee0eef0df20bf10bf70df30df4000000000000000000000000000000000000000000000def10ef12ef13ef13f116f116f217f218f419f31af01af41af419f520f61cf519f417f620ed19f616f31af3140019f017ef16ef
CSIX,1560505546,024353490001,-63,6,128,43300400fee7fde6fce7fce9fbe9fae9f9ebf7ebf8ebf6eaf6ecf6edf5ebf5ecf5ebf6eaf6ebf7ebf7edf8ecfaedfaedfbedfceefdef00000000000000000000000000000000000000000000fbe9fce8fde7fee5ffe501e301e302e404e304e206e006e107e206e206e406e105e304e504e303e402e403e301e503e401e201e4
CSIX,1560613464,024353490001,-63,6,128,4330040006e805e703e803e902e902e900eb00eaffebfde9fcebfbebfceafbebfbe9fceafce9feeaffebffec00ec00ed01ed01ee03ef0000000000000000000000000000000000000000000000ea03e904e805e606e709e60ae60be70ce60de60ee30fe40fe60ee50fe70fe50de60ce80ce60ce70ae70be709e80ae609e409e5
CSIX,1560643664,024353490001,-61,6,128,43300400f40df417ff19fb0def0cf012f810f708ee06ed10f60ff706ee02e903eb07f006efffecfcf1fcf3f9f2f4f1f6f5f9fcf5fded000000000000000000000000000000000000000000000beb0ae905ec0af410fe1bfb1ef616f60ffe12071a0a1a0a170a150a0e0d07120b181616120c030dfc17091e0d130210fb19011e
CSIX,1560673591,024353490001,-62,6,128,433004000716061809120a120a1509130a0f0b0f0b0f0e0f0d0e0d0c0f0e0e0d0e0e100e10100d0f0c0d0c0e0b0e0a0e090e090d080f0000000000000000000000000000000000000000000009120914071605170716061a031a02180319021b001d021c011c011c001b001c021b0219021a02190319041a04170419071a061b
CSIX,1560703467,024353490001,-62,6,128,43300400e7fbe7fce8fee8fee9ffe900ea01ea02eb02e904eb04eb05ea05eb06ea05e905e904ea04eb03eb02ec01ed00ecffeefeeffd00000000000000000000000000000000000000000000ebffeafde9fce8fbe8fae7f8e7f8e8f6e7f6e7f4e5f2e5f2e6f2e6f3e8f4e6f3e7f5e8f6e6f6e7f6e7f8e6f8e8f8e6f7e4f8e6f9
CSIX,1560736983,024353490001,-62,6,128,43300400eafee8ffe900eb02ebffec01ec02eb04ee05ec06ec05ef07ec06ec05ec07ed04ed06ec05ef04ee01ee03ef03f001f102f1ff00000000000000000000000000000000000000000000ed03ec01eb01eaffe9ffe9fee9fce9fbe7fae8f9e6f8e6f8e7f7e7f8e7f8e7f7eafbe9faeaf8eafaeafce9fae9fde7fde8fce7ff
CSIX,1560766227,024353490001,-62,6,128,43300400e6f8e6f9e6fce9fce8fde9fdeafee900ea00e902ea02eb03ea03ea04ea03e904ea03ea02ec01ec01edffedffedffeffef0fd00000000000000000000000000000000000000000000eafde9fbe9fae8f8e7f7e7f5e7f4e8f3e7f2e6f1e6efe5efe6efe6f0e8f0e6efe7f2e8f3e7f2e8f3e7f4e7f4e7f6e6f5e4f5e5f6
CSIX,1560794270,024353490001,-61,6,128,43300400ea10ea12ed12ee11ef12ef12f111f212f311f313f513f613f514f613f614f414f513f512f611f511f40ff40ef30ef40df40b00000000000000000000000000000000000000000000f011ee11ec10ea10ea0fe80fe70ee70de60de40de20de20de30ce40ce50be30ce50ce70ce50de70de80ee70ee90fe70fe711e811
CSIX,1560823841,024353490001,-61,6,128,43300400eaefe8f0e9f4eaf3e9f4e9f5eaf6e9f7eaf8e8f9e9fae9fbe9fae9fbe8fbe8fae9fae9f9ebf9ebf8edf8eef8eef7eff7f1f600000000000000000000000000000000000000000000eaf6ebf4eaf2e9f1eaf0eaedebecebececeaebeaeae7eae7ebe8ebe8ede9ebe7ece9edebeceaebecebedebecebefe9ede8ede8ee
CSIX,1560859469,024353490001,-61,6,128,4330040002e301e3fee5ffe6fee5fde7fce8fbe7fbe9f9e8f8e9f8eaf8e9f8e9f8e9f8e8f8eafaeafaecfaecfdecfdedfdedfeeeffef00000000000000000000000000000000000000000000fde800e701e603e503e506e406e406e508e408e20ae10ae00ae209e109e30ae109e308e407e306e404e305e204e405e203e004e1
CSIX,1560887251,024353490001,-62,6,128,43300400160b180a17071608170717061504160315031702160116001701160018001801180217031503130512041204130510060f070000000000000000000000000000000000000000000015061608160a170b170c170f17101611161116111715171516151614151316141513141116121611160f1610160d170f180f180e
CSIX,1560913012,024353490001,-62,6,128,43300400ff180017011702150416041505140613051305140612061206110812081207130712071206100611040f0310010f010e000e0000000000000000000000000000000000000000000001140015ff16fe17fd17fc18fb19fb17fa18f818f51af51af519f718f817f81af917fa17fa18fd18fd17fd18fd17fb19fb1afd19
CSIX,1561004573,024353490001,-62,6,128,43300400f9e6f8e4f7e7f8e8f7e7f6e8f7ebf2e9f2eaf2eaf2edf2eef2ecf1edf1ecf3edf2ecf4ebf5edf6edf8eef8eff8eef9effbef00000000000000000000000000000000000000000000f8e9fae8fae7fce5fce6fee300e301e401e301e302e003e002e101e202e302e101e300e4ffe200e4ffe4fee3fde5fde3fae1fbe1
CSIX,1561033152,024353490001,-62,6,128,433004000bea0ae908ea08eb07ea07ea06ec04eb04ec03ea03eb02eb02eb02eb02eb02eb03eb03ec03ed04ed04ee05f005ef05f006f10000000000000000000000000000000000000000000006ec08ed0aec0bec0cec0eec0fec13eb11ed12ec13ec13ec0eed12ed11ee15ed10ed0fed10ed0eed0dec0eec0cec0eea0de80de9
CSIX,1561063819,024353490001,-61,6,128,433004000de70ce609e60ae809e708e707e906e805e904e703e902e902e802e703e704e704e804e904eb05eb06ec07ed07ed07ef08f00000000000000000000000000000000000000000000006ea08ea0ae90be80ce90ee910e910ea11ea12e914e814e814e912e912eb14e811ea10ea11e810e90fe810e70ee80fe610e40fe5
CSIX,1561094372,024353490001,-61,6,128,43300400efe9eeeaedecededecedeceeeef0ecf0edf1ebf0ecf2ecf3ebf2ebf3ebf3eaf2ebf2ecf2eef2eef2eff2f1f1f2f1f3f2f5f100000000000000000000000000000000000000000000eff1efeef0ecf0ebf0eaf1e8f2e7f3e7f3e6f4e5f4e3f4e3f6e4f5e5f5e6f3e3f4e6f3e7f3e6f1e7f0e8f1e7f1e8f0e6eee5efe6
CSIX,1561130333,024353490001,-61,6,128,4330040018f919f717f616f616f615f614f614f412f513f311f311f312f211f212f312f311f311f410f611f611f710f810f90ffa0ffb0000000000000000000000000000000000000000000010f612f714f715f816f917fa17fb17fc18fd18fd1bfd1bfd1afe1afc19fe1bfd19fd17fc19fb18fb18fa1afa18f91af91cf81bf8
CSIX,1561184094,024353490001,-61,6,128,43300400eeeeedededefedefedf0eef0edf3edf3edf3ecf2ecf5ecf5ebf4ecf5ebf4ebf4ecf4edf3eff4f0f3f0f3f2f4f2f3f3f3f5f300000000000000000000000000000000000000000000f0f5f0f2f1f2f1eff1f0f1edf3edf3edf3ebf2ebf3e9f2e9f3eaf2e9f3eaf2e9f2eaf3edf1ebf1ebf0ebf0eaf0edeeebedebeeea
CSIX,1561214456,024353490001,-61,6,128,43300400eaf6e8f6eaf8eaf8eaf9eaf9ebfaebfbecfceafcebfeebfeeafeebfeeafeeafdebfdebfcedfcedfceefaeffaeffaf0faf2f900000000000000000000000000000000000000000000eefaeef8eef7edf5eef5edf3eef2eff2eff1eef1eeefedefeeefeef0eff0eef0eef1eff3edf2edf3edf4ecf3edf5eaf4e9f5eaf5
CSIX,1561245238,024353490001,-61,6,128,4330040009eb08ea06eb06eb05eb05eb04ed03ec03ed02eb01ec00ed01ec00ec01eb02eb02ec02ec02ee03ee04ef04f005f004f106f20000000000000000000000000000000000000000000004ee06ee07ee08ec09ed0bec0ced0dee0dee0eee10ed10ed0fee0fed0fef0fed0eee0cef0ded0cee0bed0bed09ed0beb0bea0aea
CSIX,1561303363,024353490001,-62,6,128,4330040013ed11ec0feb0eed0eec0deb0bed0cea0beb0bec08ec07ec09eb09ec08eb0aeb09ec09ed09ee09ef09f009f009f208f309f3000000000000000000000000000000000000000000000dee0eef10ef12ee12ef15f015f015f216f218f11af219f218f318f217f319f116f215f216f115f113ef15ef13ee15ee15ee14ec
CSIX,1561334775,024353490001,-62,6,128,43300400ff1600160216011502160215031404140414061406130612071307130615061506140514031303130112011100120011fe0f00000000000000000000000000000000000000000000ff13fe14fc15fb16fb16f816f816f615f615f516f418f417f416f516f514f516f615f814f815f814f915fa15fb14fb17fc17fc17
CSIX,1561400017,024353490001,-61,6,128,4330040011f21ef006ea1cef19ee1bf401da16fd0cf51104fceb1eec17ee1afa02001603180a19091602140e150d120c10f00e07061500000000000000000000000000000000000000000000eff1e7ed00f5edf1ece9f8ed1ef600da01e5fdddcadef5de08ea05ebf5d813ef0de315e416010cdd03f104eb28171eee19e60fe0
CSIX,1561463623,024353490001,-62,6,128,43300400ed13ee14f115f114f215f215f413f515f514f617f716f716f717f817f718f518f616f516f514f513f411f411f310f40ff30d00000000000000000000000000000000000000000000f312f111f012ee12ed12eb11ea11ea0fe910e810e410e511e60fe610e70ee410e70fe910e810e910ea11ea11eb11ea12e914eb13
CSIX,1561488927,024353490001,-62,6,128,43300400130a150a1307130714061406130414021301150014ff15ff160015ff1700160116021602140214041204110411050f050f060000000000000000000000000000000000000000000012081309130b140d130d14101311121112131212131514141315141412141215121311111212111212101311110e130f150f140e
CSIX,1561513416,024353490001,-62,6,128,4330040007ea06ea04ea04eb03ea02ea02eb00eb00ebfeeafdebfdebfdeafceafde9fee8fee8ffe900eb01eb01ec03ee03ed03ef04f00000000000000000000000000000000000000000000006ea08ea0aea0be90cea0eea0feb10ed11ec11ec13eb13eb13ec12ec11ed12eb10ed0fed0fec0fed0eec0dec0bed0ceb0bea0aea
CSIX,1561544729,024353490001,-62,6,128,43300400f9ecf8ecf7eef7eff6eff5eff5f0f4f1f4f2f2f1f2f3f2f3f1f2f2f2f1f1f2f1f2f1f3f1f4f2f5f1f6f2f7f3f8f3f8f3f9f300000000000000000000000000000000000000000000f8eef9ecf9ebfaeafbe9fce8fde7fee8ffe7ffe700e400e501e500e601e701e600e9ffe9ffe8fee9fee9fde9fdebfdeafbe9fbea
CSIX,1561573519,024353490001,-62,6,128,43300400100d110b130a120814091308130714051405150414041402150216021603170316041505130412061006100710060e050d0600000000000000000000000000000000000000000000110e12101010101111140f180e160e170c170d190d1c091c0c190c1709180e1a0d170c160c150e170d120f120c110f110f111112
CSIX,1561606356,024353490001,-62,6,128,4330040012d824dd12d92adb28d407d8fdd613df08de1be214da11c514cc0bd706d21dce20c720c405d00ce113df13f227df15dc14dd0000000000000000000000000000000000000000000015d114d510e029d41bd825c92abb2ec614d41ddc30d23ccd41cd28d539db23d12ed628f12ee126d12dd826e419dc1fed26df39d6
CSIX,1561637405,024353490001,-62,6,128,4330040008ea07e804e904ea03e902e901ea00e9ffeafee8fdeafceafde8fde9fee8fee8fee800e900eb01ec02ed02ef03ef02f003f10000000000000000000000000000000000000000000005e907e808e70be60be70ee60fe710e811e811e714e614e614e713e713e914e712e911ea11e810ea0fea10e90dea0ee90ce70ce8
CSIX,1561668160,024353490001,-61,6,128,4330040002e601e5ffe7ffe8fee7fde7fde9fbe9fbeaf8e7f8e9f7eaf8e8f8e9f8e7f9e7fbe8fce8fdeafeeafeecffeeffedffef01f000000000000000000000000000000000000000000000fee801e702e603e405e407e309e409e50be50ce40ce20de10de30ce30ce50ce20be40ae50be40be509e509e508e607e406e306e5
CSIX,1561693151,024353490001,-61,6,128,43300400ea04eb04eb05ec04ec06ec08ee07ee09ef08ed0bee09ef0aee0bee0ced0bed0aed09ee08ef07ee05f005f004f004f102f20200000000000000000000000000000000000000000000ed02eb01ea01e902e901e9ffe7fee9fde7fce6fbe4fbe4fae7fae6fae8fbe5fae7fae9fde8fce6fceaffe9ffe9fde7fee900e8ff
CSIX,1561723009,024353490001,-61,6,128,43300400ea02eb03eb05ed04ec05ed06ed06ee08ed08ec0aef0aef0aee09ed0bed0aeb0aec09ec07ee06ee05f004ef03f003f202f30100000000000000000000000000000000000000000000ec03ec01e900e900e8ffe8fde6fce8fbe7fbe5f9e4f8e5f8e6f8e7f9e9f9e4f9e8fae7fbe8fae8fbe9fce8fce9fde8fde8fee9ff
CSIX,1561759166,024353490001,-61,6,128,43300400e815e910eb0dea0ded12eb10f413ee13ef11ec16f310f112ee14ef15f015f114f112f012f20ff10ff10df20cf20bf40af40900000000000000000000000000000000000000000000eb05ea04e903e703e601e400e401e5ffe400e2ffe1ffdf00e5fde200e3ffdf00e301e500e5fde602e305ef03ec07e70ae810e002
CSIX,1561788319,024353490001,-61,6,128,43300400eeededeeedf0edf1ecf1ecf2ecf3ebf4ecf4eaf4ebf6eaf6eaf5eaf6eaf5eaf4ebf4ecf3eef4eff3f1f3f2f3f3f3f4f4f6f300000000000000000000000000000000000000000000eff1f0eff0eef0ecf0ecf1eaf1e9f2e9f2e8f3e6f3e4f3e4f4e5f3e4f4e6f2e4f3e6f3e8f2e7f2e8f1e9f1e8f2eaf1e8efe8f0ea
CSIX,1561817313,024353490001,-61,6,128,43300400f316f518f817f717f818f818fa16fa17fb17fc19fc18fd17fc19fd17fb19fa19fa18f916f914f813f811f810f710f80ef70d00000000000000000000000000000000000000000000f713f513f413f214f214ef14ee13ed12ec13ec13ea14ea14ea13eb14eb12ea14ec13ed12ec14ed13ee13ef14f014ef15f017f017
CSIX,1561847655,024353490001,-61,6,128,43300400e90ae90beb0dec0cec0eec0fee0eee0fee0fed11ef10ef11ef11ef12ef12ed11ee0fee0eef0cef0bef0af009f008f107f20500000000000000000000000000000000000000000000ed09ec08ea08e907e707e705e504e603e503e302e201e202e201e302e401e102e502e503e503e504e605e605e706e606e508e708
CSIX,1561877493,024353490001,-61,6,128,43300400050c060c070b070a080a080b090a080808090a0a0a0909090a090a090a09090b090a080a0709070a0509050904090308030800000000000000000000000000000000000000000000060a040c040d040e030d020e020f010f010f001000100010ff100010000f0010010f010e010e020e020e020e020d020e030e040d
CSIX,1561903118,024353490001,-61,6,128,43300400fde7fce6fae8fbe8f9e8f9e7f9e9f8e8f8e9f6e8f6eaf5eaf6e8f6e9f7e8f8e8f8e9fae9fbebfcecfeedfeeefeeefef000f000000000000000000000000000000000000000000000fbe9feeaffeaffe7ffe802e603e604e605e505e506e206e207e306e307e507e306e505e605e504e503e604e502e702e500e401e5
CSIX,1561933215,024353490001,-61,6,128,43300400f111f012f312f412f413f414f613f715f814f816f915f916f717f816f717f616f615f514f612f411f50ff50ef40df60cf50b00000000000000000000000000000000000000000000f210f00fef0fed10ed0feb0ee90eea0de80de80de50ee50ee60de60ee70ce50de70de90ce80de90dea0dea0eec0eeb0feb11ec10
CSIX,1561996861,024353490001,-61,6,128,433004000a0c081d06140d1510170a190a160f100a15130f100d0f1112150c1210150d150d150c140913081306130512041203100210000000000000000000000000000000000000000000000a100912091209150914071907160618041a071a041a031c011a071d021c001d03190515031e03180317fd14071d061911180f1a
CSIX,1562025069,024353490001,-61,6,128,43300400150415041702150115011500150014fc150216fd14fd15fd15fe16fd16fd18ff16ff1500130013021102110410040e040c0400000000000000000000000000000000000000000000130412051406140715071509150b130b140b150e16101610150f140e130e170e140d160c160c150c150b160a140a150b16091608
CSIX,1562054451,024353490001,-61,6,128,43300400e907ea09ec0bed0bed0ced0def0cef0ef00def10f010f010ef11f010ee10ed10ee0fee0eef0cef0bef09f009ef08f107f10500000000000000000000000000000000000000000000ed08ec06eb05e906e905e704e604e703e602e502e201e201e300e301e500e200e401e601e402e502e603e603e704e604e506e606
CSIX,1562084338,024353490001,-61,6,128,43300400f112f214f414f513f615f615f814f816f915f917fa17fb17f918fa17f819f719f817f616f614f613f511f510f40ff50ef50c00000000000000000000000000000000000000000000f410f20ff10fef10ef10ed10ec10ec0eeb0fea0fe810e810e80fe810e80fe710e90feb0ee90fea10ec10eb10ee11ed11ed13ee13
CSIX,1562113425,024353490001,-61,6,128,43300400f416f518f816f816fa17fa17fb17fc17fc17fd19fe18fe18fe19fe18fd1afc19fc19fb18fa16fa15f813f812f711f710f60f00000000000000000000000000000000000000000000f711f512f512f314f313f014f014ef14ee14ed14ea15ea15ea14eb14eb14ea15eb14ee13ec15ee14f015ef15f114ef15ef17f017
CSIX,1562147615,024353490001,-61,6,128,4330040014f915f813f513f513f513f411f411f311f311f010f10ff012f010f012f013f113f212f412f512f611f811f911f90ffb0ffc0000000000000000000000000000000000000000000011fa12fb13fc15fc14fd17fe17ff1701180118011b021a021a021a0118021a01190016001800170017ff17fe15fd17fd17fb17fa
CSIX,1562174378,024353490001,-61,6,128,43300400ebfbeafdeaffebffea00ea00ec01eb02ec03ea04eb04eb05ea04ea05e904e903e903ea01eb01ec00edfeeefeeefef0fdf1fc00000000000000000000000000000000000000000000edfcecfaecf9eaf8ebf8eaf5eaf5ebf4eaf3eaf2e8f1e8f1eaf0e9f1ebf1eaf0ebf2ecf4eaf3ebf4ebf5eaf5ebf7eaf6e9f8e9f8
CSIX,1562207828,024353490001,-61,6,128,4330040003140514071307120813081209110a1109110b120b110a120c120c110c130b130a12091207110611051004100310020e010d000000000000000000000000000000000000000000000211011200130014ff14fe16fd16fc16fc17fb17f919fa19f918fa18fa17fa18fb16fc15fc16fd16fe15fe16ff14ff1600160116
CSIX,1562233030,024353490001,-62,6,128,43300400ff15fe1701150314041603140414061506150814071307130715071607170717051605160414031500120014ff12ff11fe0f00000000000000000000000000000000000000000000fb11fb14f914f815f815f318f714f116f617f318f217f019f316ee19f514ef18f116f113f515f514f814f514f713f817f916f816
CSIX,1562267189,024353490001,-62,6,128,4330040013f813f612f512f511f411f310f30ff10ff111ef10f00fef10f010ef11f012f012f212f211f411f610f710f810f90ffa0efb0000000000000000000000000000000000000000000011fa12fc13fc15fc15fd16fe18ff1600180019021a031a021a021a0118021a0117011700180017ff16fe17fd15fd16fd17fb16fb
CSIX,1562293043,024353490001,-61,6,128,433004000115021604150514051506140713081308140a140a130b120a140b140a150a1609150815061405140313021202120110001000000000000000000000000000000000000000000000ff12fe13fd14fc16fc16fa17f918f817f719f719f51af61bf519f71af618f51af718f717f818f718f916fb17fb16fb16fd18fd17
CSIX,1562329575,024353490001,-61,6,128,43300400ffe9fee8fce9fce9fce9fbe9fbeaf9eaf9eaf7e9f7eaf6eaf7e9f7e9f7e8f8e8f9e8fbe9fceafdebfeebffed00ed00ee02ef0000000000000000000000000000000000000000000000ed02ec03eb03ea04ea06e907e908ea09e809e80ae50be50be70ae60be80be609e808e808e808e907e907e805e905e804e704e7
CSIX,1562353677,024353490001,-61,6,128,4330040015f815f713f412f412f312f211f210f011f111ef10ef10ef11ee10ee11ee13ef12f012f111f311f411f610f711f80ff90ffb0000000000000000000000000000000000000000000012f912fb15fb16fb16fb17fd18fd18fe19fe1aff1c011c001c011c001a001c01190018ff19ff19fe18fd19fd16fc18fc19fa17fa
CSIX,1562392409,024353490001,-61,6,128,43300400ed0eed0ff011f010f011f112f211f213f313f315f414f415f314f315f215f114f113f011f10ff00ff00df10cf10bf209f10800000000000000000000000000000000000000000000f00bef0aee0aec0aec0aea09e909ea08e808e708e508e508e507e608e706e508e707e808e808e909e909e90aeb0bea0ce90eeb0d
CSIX,1562414259,024353490001,-61,6,128,43300400140f0c0d160a0f0f1506160b1307160715061506180413071803170816031808160814071408110912080f0a10070e0b0b0700000000000000000000000000000000000000000000100e080d0f0f07140f0e0a180d110c160c140b160c170b1b0b160e1b08140f1a06170f130a1a0d110f150e130e110f111014110d
CSIX,1562455681,024353490001,-61,6,128,4330040016f616f514f313f213f113f012f012ee11ee12ec11ec11ec12ec12eb12ec14ec14ee14ee12f113f212f412f612f711f810fa0000000000000000000000000000000000000000000014f715f817f918f919fa1bfb1bfc1bfd1cfd1dfe1f001fff1e001efe1dff1ffe1cff1bfd1cfd1bfc1afb1bfb1afa1bfb1cf91af9
CSIX,1562473749,024353490001,-61,6,128,43300400f1edefebeeefedf0edf0ecf0ebf1eff4eff3e8f3e9f4e8f3e7f3e9f2e7f1eaf2e9f1ebf0edf1eef1f0f1f1f2f1f0f4f1f6f100000000000000000000000000000000000000000000f2eff3ecf4ecf2eaf4eaf4e6f4e6f5e7f6e5f5e5f5e1f6e2f6e2f6e4f7e3f7e1f6e4f7e6f5e4f5e4f3e7f4e5f3e9f3e6f2e6f2e7
CSIX,1562503077,024353490001,-61,6,128,4330040008e806e804e704e902e802e701e8fee800e7fee5fee7fde7fde6fde5fde5ffe300e601e602e804e804ea06eb07ec07ee08f00000000000000000000000000000000000000000000006eb08eb0aea0bea0be90dea0ee90fea10e812e814e814e814e913e812e914e711e910e811e910e80ee90fe70ee90fe80ee70de8
CSIX,1562533120,024353490001,-61,6,128,43300400eef6edf8eefaeefaedfbecfcedfdedfeedfdebfeecffecffebffeb00ebffebfeebfeecfdeefdeefceffbf1fbf0faf2faf4f900000000000000000000000000000000000000000000f1f7f0f6f0f5eff3eff3eff1eff0f0f0f0efefeeefebefebf1ecf0edf1edefecf0eef0eff0eef0efeff1eff1f0f2eff1eef1eff3
CSIX,1562593263,024353490001,-62,6,128,43300400160116ff15fd15fd16fc15fb14fa16f914f916f715f714f616f716f816f817f816f916fb14fc14fc13fe12fe11ff10000e010000000000000000000000000000000000000000000013001402150316041604170717071707170919081c081a0b1a0a1a0a180a1a0b180a170818091808180718081605180519051804
CSIX,1562625123,024353490001,-62,6,128,4330040012f211f110f00ff00eef0eee0cef0bed0bed0beb0aec0aec0bec0aeb0bea0ceb0ced0ced0cef0df00cf10df30df40cf50bf7000000000000000000000000000000000000000000000ff310f412f414f314f416f517f517f618f61af61cf61df71cf81bf71af81df61bf719f61af719f618f519f617f518f618f316f4
CSIX,1562656733,024353490001,-62,6,128,43300400130915081406150616051504140316021401170116011600160116011802160416051506150512070f050f0810070d050c07000000000000000000000000000000000000000000001205120713081409140a140c140d130d130e150f1610161115111611141115121410130f15101410150e150f140d160e160e160d
CSIX,1562685631,024353490001,-62,6,128,43300400f310f512f713f911f813f913fa14f914fc15fb14fa13fe14fb18f914fb16fa18fc15f915fa11f812f80ff70ef70ef80bf80b00000000000000000000000000000000000000000000f611f411f211f112f012ef11ee11ee10ec11eb11e912e912e911ea11ea0fe811eb11ec11eb10ec10ed10ec11ee0fed10ee12ef12
CSIX,1562714526,024353490001,-62,6,128,4330040015f313f212f011f111f010ef0ff00dee0eee0eec0ded0ded0dec0dec0eec0fed0fee0fef0ef10ef20ef30ef50ef50cf70df80000000000000000000000000000000000000000000010f312f313f315f315f417f518f518f719f61bf71ef81df81df81df81cf91ef71bf81af71bf71af719f71af617f619f619f518f5
CSIX,1562745757,024353490001,-61,6,128,43300400ed04ec06ef08ef07ef09ef0af10af00bf10bf00df10df10df00ef10def0dee0cef0bef0af009ef08f006f106f105f204f30200000000000000000000000000000000000000000000ef05ed04ed03eb03eb02e901e900ea00e9ffe8ffe6fee6fee7fee7ffe8fde7fee8feeaffe8ffea00ea01e901eb01ea02ea03eb03
CSIX,1562773610,024353490001,-61,6,128,4330040002ea01e9ffeaffeafeeafeeafeebfcebfcebfaeafaebf9ecf9eafaeaf9e9fbe9fceafceafdecffec00ee00ee00ef01f002f10000000000000000000000000000000000000000000002ec04eb04eb05e905e907e909e909ea0be80be80de60de50de50ae20eea0ce60be80ae90be80aea09e90ae807ea07e807e707e8
CSIX,1562803032,024353490001,-61,6,128,43300400e807e808eb0bec0aeb0cec0dee0ded0eee0eed11ef11ef10ed10ee10ee10ec10ee0eed0dee0bee0aef08f008f008f207f20500000000000000000000000000000000000000000000ea09e907e706e606e506e404e303e301e201e101de01df01df00df00e1ffdeffe200e300e101e201e302e301e503e304e304e505
CSIX,1562833846,024353490001,-61,6,128,43300400f2f9f1faf2fbf1fcf1fdf1fdf1fef1fff1ffeffef1fff100f000f000f0ffeffff0fef1fef2fef2fef3fdf4fdf4fbf5fdf6fc00000000000000000000000000000000000000000000f3f8f3f8f3f6f3f4f3f5f3f3f3f2f3f2f3f2f4f1f3eff3eff4f0f3f0f4f1f4eff3f1f4f3f3f3f4f4f3f4f3f4f3f5f2f4f1f4f3f5
CSIX,1562863163,024353490001,-62,6,128,43300400fd16fe170116021503170416051506160615081708150815081709160816081706160516051403140213011100110010ff0f00000000000000000000000000000000000000000000fd17fc17fa18f919f919f71af61af519f41af31bf11df11cf11cf21cf21af11cf31af41af41af51af619f61bf719f71af81bf819
CSIX,1562896108,024353490001,-61,6,128,43300400f1f1eff1eff4eff4eef5eef6eef8ecf7eef7ebf9ecfaecfbebfaecfaebf9ecf9ecf8edf8eff8eff7f1f7f3f8f3f7f4f8f5f800000000000000000000000000000000000000000000eff3eff2f0f0efeef0eef0ebf0eaf2eaf2e9f1e8f0e6f1e6f2e6f1e7f3e8f1e6f1e8f2eaf1e8f2e9f1eaf1eaf2ecf1eaf0eaf0ec
CSIX,1562925072,024353490001,-62,6,128,433004001110120f120c130c130b130a130813071307160615051504150515051605160615071408120711080f080e070d080c070a0800000000000000000000000000000000000000000000130d120f12111312121312151217101711171119111c111b101b111a101a111b1018101811191119111612171115111712161115
CSIX,1562984933,024353490001,-61,6,128,4330040006ea05e902ea02ea01ea01ea00ebfeebfeecfce9fcebfbebfce9fcebfceafdebfdeafeebffedffed00ef01f001f001f202f20000000000000000000000000000000000000000000002e904e806e807e608e70ae60be60ce80de70ee70fe50fe50fe60ee50ee70fe50de70ce80de60ce70be70be60ae80be70ae60ae6
CSIX,1563051146,024353490001,-61,6,128,4330040009150a150c120c120e110e110e1010110f10120f100d110d110e110d120f110f100f0f0f0d0e0c0f0a0e090d090e080d070d000000000000000000000000000000000000000000000b110a1309140a170816081806190519041a051a041d051d051c061c041b051c051c0619061c061a071a081b0718081a091b081a
CSIX,1563075421,024353490001,-61,6,128,433004000f05110e19081709180c1504100918fd1708130a18ff170314fd15fe1403190119011500140315021204120310050f060d06000000000000000000000000000000000000000000001204170d150f160f121013100a0e1f0d14131514131518161614151614131613161317131612150b1713100d1817141c15092412
CSIX,1563163587,024353490001,-60,6,128,43300400ed0fed11f111f111f213f313f512f513f613f616f714f815f716f816f717f616f616f515f613f412f410f40ff40ff50df40b00000000000000000000000000000000000000000000f011ee11ed10ea11ea10e810e70fe70de50ee50ee20ee20ee20de30ee40ce20ee50de70ce50ee70ee80ee70fe90ee80fe711e811
CSIX,1563193564,024353490001,-61,6,128,4330040015f414f212f012f112f012f010f010ef0eef0fec0eed0ded0fed0eed0fed10ed10ef10f00ff20ff30ff40ff50ff60df70df90000000000000000000000000000000000000000000011f112f214f315f315f417f519f619f71af71bf71df71df71df81cf71bf91df81bf719f81af719f719f61af618f51af51af419f4
CSIX,1563223388,024353490001,-61,6,128,43300400160617041703160217021701160015fe16ff18fd16fc16fc17fd17fd18fd18ff17ff1600140114021303120311040f040e050000000000000000000000000000000000000000000013051306140715081509160b160c150d150e160e171017101610160f150f170f150e150c160d160c160b170b1609170b180a1809
CSIX,1563258837,024353490001,-61,6,128,43300400fee8fce7fae8fbe9fae8f9e8f9eaf8eaf7eaf6e9f6ebf4ebf6e9f5eaf5e9f6e9f7e9f9eafaebfbebfdedfdedfdedfeefffef00000000000000000000000000000000000000000000fdebffeaffe900e801e803e704e606e706e606e607e308e307e406e407e607e306e605e605e505e603e604e502e702e501e401e5
CSIX,1563284173,024353490001,-61,6,128,43300400f1eaf0eaefecefededededeeedefecefedefebefebf1ebf2eaf1eaf1ebefeaefecefedeeefeff0eff2eff3eff4eff6f0f8f000000000000000000000000000000000000000000000f3edf5ecf5eaf6e9f6e8f7e7f8e6f9e6f9e5f9e4fae2fae2fae3f9e3fae4f9e2f9e5f8e6f7e5f7e6f5e7f5e6f5e8f4e6f3e5f3e7
CSIX,1563313055,024353490001,-62,6,128,43300400f010f112f212f311f312f313f512f613f613f614f613f713f614f713f614f515f513f512f411f40ff40ef40df40cf50bf40900000000000000000000000000000000000000000000f40df30df10df00def0dee0ded0dec0bec0cea0be90ce80ce90be90cea0be80dea0ceb0ceb0cec0cec0dec0dee0dec0eec10ed0f
CSIX,1563377517,024353490001,-62,6,128,433004000c090d090e070d070e060e060d050e050e040f040f040f0410040f0410050f0610060e060d060d070b080a070a08090708080000000000000000000000000000000000000000000009070a0709080a090a0a0a0a0b0b0a0c090d090c0b0f0a0f0a0f0a0e0a0e0a0e0a0e090c0a0d0a0c0a0c0b0c0b0a0c0c0d0c0d0b
CSIX,1563404784,024353490001,-62,6,128,4330040019001a0012f319fd19fb19fc0cf419fa1af81af60ff819f519f617f814fd18fa18fa18fb150216fd15fe13ff1504120011020000000000000000000000000000000000000000000015ff160219021702180318051a051906190819081a0e1c091c0a1b0a1c0e1b0a1a0918071508190719051a06120a1c041d021b03
CSIX,1563441928,024353490001,-62,6,128,4330040006e20ff007ea04e7ffe601e500ea05eafff2ffe5fdea00ecfee903e701ea01e903e904ea03ed04ee04f007ed06f007f407f20000000000000000000000000000000000000000000005ee05ee08ee09eb09ee0aea0ceb0cee0dee0fea10eb12ec13ea0eee0eec11eb0eea0eed10ea0eec0aea0aed0ee90ee902ee06f1
CSIX,1563478479,024353490001,-62,6,128,43300400062111161011100f131012111007120e110c1515110c140b130b120f150e150d130c130d110d100c0e0d0d0c0c0d0b0c090d000000000000000000000000000000000000000000000a120914081408160817081a08180718061a061c071d071a0b18041b061f021a031d0514001e0d1a061a0e070410071b1126fe15
CSIX,1563499386,024353490001,-62,6,128,43300400140a160c13091509140815061305160315021604140313031504140515051505140613061106100710070e070e090d080b0900000000000000000000000000000000000000000000110812090f08120a100b130c100d130f110f120f1313121214121311110e11121210110d130d120d130c140f110d120e160e140e
CSIX,1563525039,024353490001,-62,6,128,433004000cec0bec09ec0aed09ec08eb07ec06eb06ec06ea06eb05eb05eb05eb06eb07ea07ec07ec07ee07ef07f008f209f207f309f5000000000000000000000000000000000000000000000aef0af00aef0bf00eef10ee0ef011f00fee14f015ee14ed13f017f00ff014ee0cef0fef14f00def10ef11ee0fed10ee10ec0fee
CSIX,1563558061,024353490001,-62,6,128,43300400e906ea07eb08ec08ec09ec09ee09ed0bef0aed0cef0cef0dee0cef0cee0ced0cef0aee0af009ef08f006f006f005f104f10300000000000000000000000000000000000000000000f005ee04ed04ec03ec03eb02ea02ea01e901e800e600e600e7ffe700e8ffe500e800e801e801e801e803e802e903e803e604e804
CSIX,1563583538,024353490001,-62,6,128,43300400fee4fce4fce5fbe6f9e5f9e4fae7f9e4faeaf6e3f8e7f7e8f8e7f7e8f6e8f8e5f8e7f9e8fbe9fbeafcebfeebfeeaffed00ee00000000000000000000000000000000000000000000feeb00ea00e901e800e804e703e504e605e406e408e209e208e407e308e506e104e405e404e404e403e303e302e402e302e202e2
CSIX,1563614063,024353490001,-63,6,128,43300400071608160a1509150a150a130b120b130b130c130d120c110c120d130d130d130b130a1209110811071005110411040f020f000000000000000000000000000000000000000000000710061105120413051303150316021602170118001a001a001a01190018011a02180217021803180418051903170419051a0519
CSIX,1563643419,024353490001,-63,6,128,43300400f316f417f616f616f817f817f916fa17fa16fb18fc16fd17fc18fe17fc18fb18fb17f916f914f914f812f811f711f710f60e00000000000000000000000000000000000000000000f912f812f613f513f513f214f113f013ef14ee14eb15ec15ec14ed15ed13ec15ee14ef14ee15ef14f015ef16f114f017f118f017
CSIX,1563718341,024353490001,-63,6,128,4330040018fe19fd18fa18fb18fa18fa17fa17f816f817f616f715f617f616f617f618f718f817f915fa15fb14fc14fd14fd13ff12ff0000000000000000000000000000000000000000000013fd14fe14fe17ff16ff180218031704190519051b071b071b071b0619071a06190518041a05190419031a0218021a021c021a00
CSIX,1563763321,024353490001,-63,6,128,4330040000e7ffe7f8d900ebfce9fce6f9cbf9dafaf6f9effccff5f4f7ebf9e8f9dffbe0fce1faeaf8f3fce9ffeb01e9fafc04e404e800000000000000000000000000000000000000000000fcecfdebf5f106e3fcec00e9f5eafee80be605e518e206e108e309e40cf00ce70be507e910da0be303ea08e50dde03ea03e804e8
CSIX,1563793272,024353490001,-63,6,128,4330040009eb08ea05eb04ec03eb02eb01ebffeaffeafee8fdeafceafce9fbe8fce7fce7fde8fde7fee9fee900ea01ea02ea02eb04ec0000000000000000000000000000000000000000000006eb08eb09ea0ae90be90ee90ee90fea10ea12ea14e914e915ea13ea13eb14e911eb10eb11ea10eb0eea0fea0deb0eea0ee80de9
CSIX,1563823268,024353490001,-63,6,128,43300400fde9fde8faeafaeaf8eaf8eaf8ebf6ebf6ecf4ecf4ecf3ecf3ebf3ebf3eaf3eaf3ebf5eaf5ecf6ebf8ebf9ecf9ebfaecfcec00000000000000000000000000000000000000000000fcecfeeafee9ffe800e702e703e703e704e605e507e307e207e407e407e507e307e606e605e604e703e703e602e703e600e401e6
CSIX,1563855706,024353490001,-63,6,128,43300400f8ecf7edf5eef5f0f4eff3f0f3f1f2f1f1f2f0f1f0f3f0f3eff2eef2eef2eff1eff2eff1f1f1f1f1f2f0f3f0f4eff5f1f7f100000000000000000000000000000000000000000000f8eff9edfaecfaebfbeafceafde8fee9fee8fee6ffe500e500e5ffe600e800e5ffe8ffe8fee9fde9fceafde9fcebfceafbe9faea
CSIX,1563888123,024353490001,-63,6,128,43300400f9ecf7edf6eef6f0f5f0f4eff4f1f2f1f2f1f0f1f1f2f0f3eff2eef2eef1eef0eff0efeff1f0f2eff3eff5eff5eef6eff8ef00000000000000000000000000000000000000000000faeffbedfbecfcebfcebfee9fee9ffe900e801e801e502e502e601e602e801e600e800e900e800e9ffeafee9feebfde9fce9fcea
CSIX,1563947694,024353490001,-63,6,128,43300400edfbedfbecfeedffec00ec00ed01ec03ec02eb04ec04ec05eb05ec05eb06e906eb05ea03ec03eb03eb02ec01ec01eeffeefe00000000000000000000000000000000000000000000eefbeef8ecf8ecf7ebf6ebf4edf4ecf2ecf0ecf0ecedebeeedeeebefeeefebededeff0f1eff0ecf3eef2eef4eef5ecf5ebf4ecf5
CSIX,1563974270,024353490001,-63,6,128,43300400ea01ea04eb05ea05eb06ec08eb06ed06ef0aeb0cee0bee0ced0bee0eed0eeb0eeb0dec0bed0bec0aed09eb08eb07ed06ed0400000000000000000000000000000000000000000000ed03eb01ea00e800e800e6fde6fde7fbe6fbe5f8e3f8e4f7e4f7e5f8e6f8e4f8e7fae8fae6fae7fbe8fae8fde7fce6fde7fee8fe
CSIX,1564034699,024353490001,-63,6,128,433004001cfd12ee19fc18f01df117f7ffeb0aef1cf50df507f71bf914ec14fa15ee17fd15f418fd0ff910f216f319fb10f307f90e04000000000000000000000000000000000000000000000ef601ef10f009ed0cf20aff18052c011b0216ec13ef1bf611f90dfe200a16021c060a072502140418ed22f115f117ed09fa1308
CSIX,1564066044,024353490001,-62,6,128,4330040015fe0e030c030dff0f0114010e001202100112fe14fc13fb12fd13fe15ff14ff11fe12fd11fe170513021604110210021002000000000000000000000000000000000000000000000d010dfd11ff12051005140612081209110a100a160a110f170c1808140d140511070f0a0d08160a120913081208130712081308
CSIX,1564099337,024353490001,-63,6,128,43300400f3ebf2ebf0edf1eeefedeeeeeeefedf0eeefebefecf1ecf1ebf0ebf1eaf0eaefebefecefedefeeeff0eff1eff2edf4eef5ee00000000000000000000000000000000000000000000f5eff6edf6ebf6eaf6eaf8e9f8e7f9e7f9e7fae5fbe2fbe2fce4fae4fce6fbe3fbe6fae7fae6f9e7f7e8f7e7f7e8f6e7f5e7f5e8
CSIX,1564125336,024353490001,-63,6,128,4330040010ef0fee0dec0ced0ceb0ceb0beb09ea08ea07e707e907e807e807e708e709e609e809e80ae90bea0ceb0cec0dec0bee0df0000000000000000000000000000000000000000000000df00ff111f112f012f114f116f216f317f418f31bf31af31af419f418f51bf417f516f517f416f415f316f213f314f114ef14ef
CSIX,1564154252,024353490001,-63,6,128,433004001309140814061406150415041403150214021601150015001500150017011701160216021402150313041304120611061007000000000000000000000000000000000000000000001105110712071209120a130c120d120d120f120f1312131212121311111112121110110f110f110e110d130e120c130d140c140b
CSIX,1564190206,024353490001,-63,6,128,43300400120e130d1409140916091608150716061506180517041703190418031904190519051806160616071508140814091309110a00000000000000000000000000000000000000000000110a110c110d120f11101112101310141015111511191119101810180e180f190f170e140f160f15101311140f11111313131312
CSIX,1564213555,024353490001,-63,6,128,43300400ff190019031703170518051805160617071708170816091609170a16091809180917071707160616041604150315021400140000000000000000000000000000000000000000000002140015ff16fe17fe17fb18fb19f918f919f81af61cf61cf61af61bf518f51df61cf717f91bf517fc17fb1afa18fb18fc1cfe1a
CSIX,1564243411,024353490001,-63,6,128,43300400fa14fb15fd15fd15ff150015001501150113021503140414041504150415041603160215021301140012ff12fe13fe11fd1100000000000000000000000000000000000000000000fe12fa12f914f813f714f714f514f512f414f415f016f215f015f215f214f016f213f313f313f313f613f614f713f614f717f815
CSIX,1564273203,024353490001,-63,6,128,4330040005eb03e901e801e900eaffebffeafdeafdeafce7fdeafcebfceafce9fce8fce7fee9fde8ffebffea00ec01ec03eb02ed03ee0000000000000000000000000000000000000000000000ec06ef07eb06eb05ea0bea08ea0aeb0aea0ceb0ee90fe90eea0eea0beb0eec0cea0cef08eb0cec09ed08e907ed0bea08e907ea
CSIX,1564303200,024353490001,-63,6,128,43300400ec0dec0dee10f00ef011f011f211f312f313f315f414f415f315f416f316f217f215f115f213f212f111f110f010f10ef00c00000000000000000000000000000000000000000000ef0ced0beb0be90be90ae709e608e607e506e407e106e105e205e306e404e105e405e606e506e606e707e708e909e709e70be80b
CSIX,1564333080,024353490001,-63,6,128,43300400071609170a150a130c140c130d120d120d110f120e110f1010111011111210120f120f120d110c120a1109110912071106110000000000000000000000000000000000000000000009120813081508160717051905190419031a021c011e011e001d021d011b011e011b0119021b031a041904190518041a061b061a
CSIX,1564369324,024353490001,-63,6,128,43300400f2f4edeb0918eef9e600eaf8f823e2feeffae002e31fef08e404f205e8f9ea09e810e2060df1ee0deb08f50d1204f006ea0800000000000000000000000000000000000000000000ffee05efe0ef01ebfce6feebf1d305e306e8fee6f7e9fde501e500dff7d5ffe4fce3f7eaf8f4f5e7f6e5f8eae6fcf1eeefebebea
CSIX,1564393418,024353490001,-63,6,128,4330040011f111ef0fee0eee0eee0eed0dee0cec0bec0ae909ea08ea0aea09ea0ae90be90be90cec0bed0cee0cef0cf00cf00bf10cf3000000000000000000000000000000000000000000000ef211f212f314f214f317f418f618f619f71af61bf61cf61bf71af61af81cf719f717f719f718f617f518f515f516f316f216f2
CSIX,1564425739,024353490001,-63,6,128,43300400eef8eef5f0f9f0f5f0faecf9eaf9eef5edfbeafcedfbecfeebfeecfdeafdeafbebfbeafbedfaeefaeff9eff9f0f8f1f9f2f800000000000000000000000000000000000000000000eff7eff5f1f3eff1f0f3f0f0eef1f8f3f1ecefefefecece9f1e9f0ebf1f1edeff2edf0ecedebf4ebf1ebebefefebf7f0ebf3f0f1
CSIX,1564483191,024353490001,-63,6,128,433004001400150014fd13fe14fd13fc13fb12fa12fa13f912f811f812f812f713f713f813f912fa11fa11fb10fc0ffc10fd0ffd0eff0000000000000000000000000000000000000000000012ff130014011502150316051606150716081608180a180a170a1709160a170a1608150717081607160616061505160517041704
CSIX,1564543059,024353490001,-63,6,128,4330040017fd18fc16fa16fa16fa16f914f914f813f815f614f712f614f613f614f615f714f813f912fa11fa11fb10fc10fc0ffd0ffe0000000000000000000000000000000000000000000013fa14fc15fc17fd16fe18ff18001701190219021b031b031b041a0219031b031a0317011a02190118011a0018001a001bff1aff
CSIX,1564575194,024353490001,-63,6,128,4330040012f20ff013f110f10ef10ef010f60def0eef0aea13ed0ef410ef0cf006ea0cf00df20ef30cf40ef40df60bf505f50af90df9000000000000000000000000000000000000000000000af10bef0ef50df20df211f215f110f312f412f318f314f213f214f213f316f314f311f411ef15f313f113f113fb16f214ef11f0
CSIX,1564603701,024353490001,-63,6,128,43300400e6f9e6fae6fce7fbe7fde8fee9fee800e900e801e900ea02e901e902e901e801ea00eb00ecffedfeeefdeefdeefcf0fcf1fb00000000000000000000000000000000000000000000ebfdebfbeafaeaf9e9f9e9f8e9f6eaf6e9f5e8f4e6f2e6f2e7f2e6f3e8f4e5f2e8f4e7f6e7f5e7f5e6f7e6f6e7f7e5f6e3f7e5f7
CSIX,1564633807,024353490001,-63,6,128,4330040016f317f214f214f214f113f112f211f010f111ef10f00ff011f00ff110f011f110f210f30ff40ff50ff60ef80ff80df90dfa000000000000000000000000000000000000000000000ff310f411f512f412f614f615f614f715f716f618f618f518f618f518f719f618f617f618f518f517f418f516f419f41af219f2
CSIX,1564664771,024353490001,-63,6,128,43300400061a081b0918091809190a180a160b170b150c170c150c140b160b140b160a160a150815071307130411041004110310020f0000000000000000000000000000000000000000000008140715051606180517031902190119011a0119011c021d011c031c011b011d021c031b031d031c041b041c051a051d071d061d
CSIX,1564694116,024353490001,-64,6,128,43300400ebeceaeceaefebf0ebf0ebf0ecf2eaf2ebf3e9f2ebf4eaf4eaf4ecf4ebf3ebf3edf4eef3f0f4f1f3f2f4f3f5f3f5f4f5f5f400000000000000000000000000000000000000000000eef3eff1eff0eeefefeff0edf0ecf1edf0ecefeceeeaeeeaeeeaecebeeeaece8edeaeeecedeaedeaebebebeaececebeae9eaeaea
CSIX,1564729883,024353490001,-64,6,128,43300400e601e403e604e704e605e805e806ea00e903e708ea08e908e808ea07e907ea06ea06eb04ec04ed03ed03f002f003f100f00000000000000000000000000000000000000000000000e904e702e801e6ffe7ffe5fde6fbe6fbe7fae4fae3fae3fce3fae4fbe4fbe3fae4fde5fce3fce4fce5fee3fde6ffe3fee200e200
CSIX,1564753603,024353490001,-64,6,128,43300400fce5fce3fae6fae7f9e7f9e7f9eaf8e9f9eaf7e8f8eaf7eaf7eaf9ebf9e9f9eafaebfbebfceefdeefeeefef0feeffef100f100000000000000000000000000000000000000000000f9e9fbe8fce7fde5fee700e500e601e601e601e601e301e401e400e301e401e200e400e600e4ffe4fee5ffe3fde6fee4fce2fce2
CSIX,1564794188,024353490001,-64,6,128,4330040010f411f20ff010f20ff00ff10cf10ef20bf20af00bef0df30af00af007f00bf10cf20bf008f60bf40af40bf70bf708f709f7000000000000000000000000000000000000000000000eef0fef11f113f00ff114f415ef16f513f614f31af81af118f218f21af419f417f614f514f619f010f319f814ef1af211f315f2
CSIX,1564813075,024353490001,-64,6,128,43300400f414f318f713f615f715f715fa14f914fc11fd14fd13fe14fc16fc11fc13fd11fc12fb11fc0ffc0ffa0dfc0cfb0dfc0dfb0c00000000000000000000000000000000000000000000f915f517f415f218f314ef17ef14ef15ed13f015ee18ef18ee17ef18ed17ec15ec17f113ed17ee15f016ee16f214f217f219f218
CSIX,1564843688,024353490001,-64,6,128,43300400150c150d150a140a140914081307130712051406130312031304120313041204120410040f030e040d050c040d050b040b05000000000000000000000000000000000000000000001508150a150b160c150d16101512131115121412151515151514161313131515141214111513151215111611150f161117111610
CSIX,1564875407,024353490001,-64,6,128,43300400f916f914fb17fe17fc15fc12001100130012031202100310021103110411031103100210020d010e010c020c020c020bff0b000000000000000000000000000000000000000000000011fc17f20ff911f610ef0fee12f00cf412ef15ed12f018ee12ef16ef17ec14ef13f012f017f216f414f514f415f418f516f714
CSIX,1564903293,024353490001,-64,6,128,43300400e8f4e8f4e9f7eaf7e9f8eaf9ebfaeafcecfdeafdebfeeb00ebffebffebfeeafeecfeecfdeefdeefdf0fcf0fdf1fcf2fcf3fc00000000000000000000000000000000000000000000e9f9e8f6e8f4e7f3e8f2e7efe7eeeaeee9ece9ece7e9e8eae9eae8ebe9ebe8eae9eceaeee8ede9efe9efe8efe9f2e8f0e6f1e7f0
CSIX,1564933158,024353490001,-63,6,128,433004001dfc19fa14f713fa11fb14fc14fd15fa16f715f412f410f511f70df910fa12fa11fa13fa10fa0ffa0dfd0bfd0cfe0bff0cff0000000000000000000000000000000000000000000012f515f617f618f617f618f919fb18fe19ff1c001ffe1dfe1cfe1bfd1a0019ff190019011cff1cff1afa19fc13fb15fe18ff1a00
CSIX,1564964837,024353490001,-63,6,128,43300400f1f0f0eff0f1f0f3eff4eff4f0f6f0f7f0f7eef9eff9eef9eef9eff9eef8eff8eff8eff8f1f8f2f8f3f8f4f8f4f8f5f8f6f700000000000000000000000000000000000000000000eff3f1f1f1f0f0edf1eef2ecf2ebf4ebf4ebf3eaf3e8f4e8f4e9f3e9f4eaf3e9f4eaf4ecf3ebf3ebf3edf2ecf2eef1ecefedf0ed
CSIX,1565025040,024353490001,-63,6,128,43300400f214f315f615f714f715f814fa13fa15fb13fb16fc14fd14fc15fd14fd15fc15fc15fb14fb12fa11fa10f90ff90ffa0df80c00000000000000000000000000000000000000000000f715f515f315f116f015ee15ed14ed12ec13eb13e914e915ea13eb14eb12ea14ec13ed13ed14ed14ee15ef15ef14ee15ee16ef16
CSIX,1565054472,024353490001,-63,6,128,43300400fae7f9e7f8eaf8ebf6ecf5ecf5eef4edf4eef2eef2eff1eff1eff2f0f1eef1eff2eff3eff4f0f4f0f7f0f8f0f7f0f8f2f9f100000000000000000000000000000000000000000000f6ebf8e8f8e8f9e5fbe5fce4fde4fee400e4fee300e100e101e2ffe200e300e2ffe4ffe5fee4fde4fbe5fce3fce6fbe4fbe3fbe4
CSIX,1565083072,024353490001,-63,6,128,433004000eee11ec0cee0dec0def0aec0bee08ec09ed08ec08e908eb06e908eb09eb07e909eb08eb09ed08ed0af008f00af108f30bf2000000000000000000000000000000000000000000000ced0fec10ee12ed12ee16ef15f015ef17f116f11af019f11aef18f018f019ef18f115f017ef14f015ed15ef14ef16ef16ec17ed
CSIX,1565113286,024353490001,-62,6,128,4330040017f817f715f414f514f413f311f212f110f111ef11f010ef10ef10ee11ee11ef11f011f110f211f311f510f611f60ff70ff90000000000000000000000000000000000000000000014f416f617f619f719f81bfa1bfb1bfc1cfd1dfd1efe1ffe1eff1dfe1cff1efe1cfd1afc1cfc1bfc1afa1cfb1afa1cfa1df81cf9
CSIX,1565144639,024353490001,-62,6,128,433004000d140e150f100f1110101010100d120e100e140d130c130b140c130b140c130c120c120d100d0f0d0e0e0d0d0d0e0b0d0a0e000000000000000000000000000000000000000000000e0e0d110d120e140c140b170a17091709180818091b091a081a0a190918091a091909160a180b170b170c170c150d170f180e17
CSIX,1565173285,024353490001,-61,6,128,43300400ee15f10cee15f706f50cf114ee15f218f50cf412f015f616f815f513f414f513f613f413f40ff411f30ef40df40cf40bf40a00000000000000000000000000000000000000000000f50ff30ff110ef0dee0fed0eec0feb0aeb0deb0be909e708ec0be80dec0def10e90dec09e913ed12eb0aec0ef007f009f00aec0d
CSIX,1565204118,024353490001,-61,6,128,43300400f304e4f4edf6e8f3ebf6f0fef002e802e704edfaedfceaffe105f2ffe802e804e702e8ffeb00eafeebfdecfeedffeefdeffd00000000000000000000000000000000000000000000eff9eef8edf7edf5eff4ecf4eff1eef2edf0ecf2edf0eef1f0f1eaf0eef0edefeaf4eaf3eef0edf4e9f6e4f9f1f6e9f5faf5f3fd
CSIX,1565233154,024353490001,-62,6,128,43300400150b160b1607160717061706160418041603190218011801190218031a0319041a0418051705160615081407130812081009000000000000000000000000000000000000000000001108110a110b110c110c110e110f100f101111101213121312121311111211131111101013111210130e1410130d150f160f160e
CSIX,1565263101,024353490001,-63,6,128,433004000a130c140c110e100e100e110f0f110e110e140e130d130d130f140e140f14111310121210110f110d110c100b120a110911000000000000000000000000000000000000000000000710061106120613051306120311071607160914081607150419041905160419051405120416091608150715081309150b160915
CSIX,1565293134,024353490001,-63,6,128,4330040013f313f111f010f010ef11ed10ee0fec0eec0fe90dea0de910e80ee910e812e912e912eb13ed13ee13ef12f113f112f313f60000000000000000000000000000000000000000000010f712f912f914f913fa15fb15fb15fd16fc17fc18fc19fc18fd18fb18fc18fb17fb15fb17fa16fa16f917f814f716f716f517f5
CSIX,1565328009,024353490001,-63,6,128,43300400f6e9f5e8f2eaf3ebf1eaefebf0eceeecedecebebebeceaeceaebeaebeae9eae7ebe8ece7ede7eee7eee6f3e7f4e7f6eaf9e900000000000000000000000000000000000000000000faecfcebfdeafee9fee9ffe8ffe801e900e700e602e501e401e500e501e600e3ffe6ffe7fee6fde7fce6fce5fbe7fce5fae5f9e6
CSIX,1565353149,024353490001,-63,6,128,43300400ee0bef0cf00ef00ef10ff010f20ff211f211f213f212f313f213f214f114ef14ef13ee12ef10ee0fee0dee0ced0bef0aef0800000000000000000000000000000000000000000000f106f105ef05ef05ef05ed04ed04ed03ed03eb03ea03ea03ea03ea03eb03e904eb04ec04eb05ec05ec06ec06ed07ec08eb09ec09
CSIX,1565385504,024353490001,-63,6,128,43300400ec05eb08ee09ed09ed0bec0bee0bee0def0ded0fee0fee0fec0fed0feb10eb0fea0fea0deb0cea0aeb08ec07eb07ed06ed0400000000000000000000000000000000000000000000f001ef00eeffedfeeefeecfdecfdedfcecfcebfceafceafceafce9fcebfce9fceafeecfeeafeeaffebffea00ec01ea01e902ea03
CSIX,1565413855,024353490001,-63,6,128,43300400fd17ff180118011703180419041805180518061a06180619061a071a061b051d041c031b021a001aff18fe17fc17fc15fa1400000000000000000000000000000000000000000000fd11fc11fa12f913f913f814f714f714f614f615f416f416f415f516f515f417f515f715f716f816f916f917fa16f818fa19fb18
CSIX,1565443163,024353490001,-63,6,128,433004000d0f0f0f100e100d110d120c120b140b140b160c140b140a150c170b170c160e1913140f120f120f100f0e0f0d100b0f0a0f00000000000000000000000000000000000000000000080d080e080f081107110712071305120613061405170516051606160514061606140713071408130913091309120a130b130c12
CSIX,1565480411,024353490001,-63,6,128,43300400081409140a120b130c130d130c120e120e11111210120f111013101312130f140e160d160b1509150714061305130512031200000000000000000000000000000000000000000000040f0310031002120212011300130014ff14ff14ff16ff16ff150016ff1500170015011402150215021503150314041505160516
CSIX,1565564471,024353490001,-63,6,128,43300400e7fde6fee701e700e702e603e702e704e704e506e606e706e506e506e406e405e404e403e602e700e8ffe9feeafdecfdedfc00000000000000000000000000000000000000000000edfbedfaecf9ebf8ebf7ebf6ebf5ebf4ebf4eaf3e9f1e9f2eaf1e9f3eaf2e8f2eaf4eaf6e9f5e9f6e9f7e8f7e9f8e8f7e6f9e7f9
CSIX,1565593770,024353490001,-63,6,128,4330040017071805170317021902190219001aff19ff1bfe1afe1afe1cff1afe1c001c001c011b03180418051606140515061206110700000000000000000000000000000000000000000000120613081309140a130b140c130d130e130f130f1511151015101510140f1510140f130e150e150d150b160d140a170b180a1709
CSIX,1565624679,024353490001,-62,6,128,43300400f614f816fa14fa14fc16fc18fc16ff16ff16001800160017001801180019fe1afe19fc18fc16fb16fa14fa13f913f811f81000000000000000000000000000000000000000000000f810f710f511f412f411f210f111f110f011ef11ed12ee12ee11ef12ef11ee12ef12f111f013f112f212f213f312f213f215f415
CSIX,1565655915,024353490001,-62,6,128,4330040018ff19fd18fa17fa18f918f816f717f616f518f416f316f318f318f41af51af51af61af818f818fa17fc16fc16fd14fe13000000000000000000000000000000000000000000000012fd14ff140016011601180218041704180519051b061c061b071b0519071b071a0619051a05190519031a0318021b021c011c00
CSIX,1565683086,024353490001,-63,6,128,43300400f818f918fc18fd17fd19fe19001800190119021a03190319021b021b011c011d001bff1bfe19fc19fb16fb15f915fa14f91200000000000000000000000000000000000000000000fa13f913f714f614f514f415f215f214f115f115ef16ef17ef16f016f014ee17f115f116f117f216f316f317f416f317f419f618
CSIX,1565713251,024353490001,-63,6,128,433004000fec0fea0cea0cea0ce90be80ae908e809e809e607e607e709e607e609e40ae50be50ce70ce90deb0eec0dee0eee0df00df2000000000000000000000000000000000000000000000af00cf00ef10fef10f012f012f012f114f114f117f017f016f116f015f117f015f014f015ef14ef13ef14ee12ef14ee14ec13ec
CSIX,1565743506,024353490001,-63,6,128,43300400140f160f160b150c160b170c170a18071407180518061905190618071a081b071908180a160b150b130b120b120a100a0e0c000000000000000000000000000000000000000000000f0a0e0d0f0e0f0f0f0f0f120e120d130c140f1410160f160f1510140e15101510150f1211151115121311131111131215121413
CSIX,1565784301,024353490001,-63,6,128,43300400fee6fde6fce7fbe8fae7f9e7f8e9f7e8f7e9f5e7f5e8f5e9f5e7f5e7f5e6f6e6f6e6f7e6f9e8fae7fde9fdeafeeafeeb00ec00000000000000000000000000000000000000000000fdedfeebffeb00e901e902e703e704e805e705e607e406e406e505e506e606e405e505e704e404e602e504e402e603e501e301e3
CSIX,1565806783,024353490001,-62,6,128,43300400f313f515f615f614f817f715f915fb17fa15f918f916fa16fa17fb18fa18f918f917f916f814f714f613f611f510f60ff50e00000000000000000000000000000000000000000000f80ff710f610f511f310f210f111f10ff010ee10ec10ec10ed0fed10ef0fec12ef10f010f010f011f111f113f011ee12ee14f113
CSIX,1565833209,024353490001,-63,6,128,4330040014ce26d533bf1fc20dce2bd534cd1bbe0ec811ef1ee52ec724cd1be21dde3ed32ddc15db20e62be527e320e324fb25f824f500000000000000000000000000000000000000000000f8d905d70bc401d908cd13d225c714d80ed81cde26d423d928d921d719d711da2de43ce32eda1be325f042ec30e526e626d335e3
CSIX,1565863168,024353490001,-62,6,128,43300400e80ced0eeb09ef0cee0eee0eed0ff110f210ee13ed0af50def12f312f30eee12ef11f011ed0ef00ff00cf10bf004f209ef0900000000000000000000000000000000000000000000ef05ee09f405ed0beb06ea06e80eeb04e805e704e607e404e601e604dffee806e802ea04e30aea03e805e804eb00e706e707e709
CSIX,1565894722,024353490001,-62,6,128,43300400e80be70eea0fea0eea0feb10ec10ec11ed11ed13ee13ed13ec14ed14ec14ea14ea12eb12ec10eb0eeb0cec0beb0bed09ed0800000000000000000000000000000000000000000000ef09ed08ec08ea07ea07e806e706e804e704e504e303e303e303e304e403e205e405e504e405e406e507e407e607e407e509e509
CSIX,1565924348,024353490001,-62,6,128,43300400150f170f170b170b180b180a1709180817061a06190519041b0619051c071b071b081a091709160a150a130a130b110a100b000000000000000000000000000000000000000000001108120b120b130e120e131113121312121312131417141714171517121613181316121414161315141314151312151417131713
CSIX,1565953547,024353490001,-62,6,128,433004000217041806160516061707160715091509140b160b150c140b150b150c160b170a1608160815071505140414041403130212000000000000000000000000000000000000000000000211011300130015ff14fe16fd16fc16fc17fc18fb1afa1afa19fb1afa19fa1afb18fc17fc19fc18fd18fe18ff17ff19001a0019
CSIX,1565983207,024353490001,-62,6,128,433004000e1310141111101012111210110e130e130d150e140d140c140e140d150e150f14101310110f100f0e0f0e0f0d0f0b0f0a0f000000000000000000000000000000000000000000000d0c0c0e0c0f0d100c110c130b140a140a150a170a190a190a180b1809180a190a180a160b170b170c170c170c150d170e170e16
CSIX,1566013990,024353490001,-62,6,128,4330040017fb18f916f716f715f716f614f614f413f314f212f213f214f213f215f115f215f315f414f514f714f813f913f911fa11fc0000000000000000000000000000000000000000000011f912fb13fb14fc14fd17fd17fe17ff180018001b001c011b011b001a011c011a0118001a00190019ff1aff18fe1afe1bfc1afc
CSIX,1566043976,024353490001,-62,6,128,43300400eb07ea08ed09ed09ed0aed0aef0aef0cef0bee0eef0df00eef0eef0dee0ded0eee0ded0cee0aef09ef08f007ef07f006f00500000000000000000000000000000000000000000000f107ef07ee06ed05ed05eb04ea03eb03ea03e902e702e701e701e802e901e701e902ea02e802e902ea03e903ea04e804e806e906
CSIX,1566074873,024353490001,-62,6,128,433004000fec0deb0beb0bed0aeb0aea08eb07e907e907e706e905e906e805e706e707e607e807e808eb09eb09ec0aee0aee0aef0af0000000000000000000000000000000000000000000000bef0cf00eef0fef10ef11f012ef12f014f015f118f018f017f217f015f118ef15f114f015f013f013ef14ef12ee14ef13ed12ed
CSIX,1566103149,024353490001,-62,6,128,43300400eb06e60ae806ea07eb0beb0dee0eed0ded0dec12e90fec0eee13ef10ea0dee11ee10ee0fef0fee0dee0cef0be80bf00aef0700000000000000000000000000000000000000000000ec07ec03ed08e906ea03e5ffe004e702e6fee500e104e5ffe0fbdeffe0f9e4fde301e602e003e501e304e704e9fde406e707e501
CSIX,1566134767,024353490001,-62,6,128,4330040010e70fec08e80eee07ea09e909ec05e80aeb02e709ea01e908e700e708e703e807e806e807eb09eb08ee0bee08f10bee09f20000000000000000000000000000000000000000000007f008eb0af009ea0bf00de90ff111ea0ff015eb13ed19eb12ed17eb10f11aee10ef17ef10ed16ee0feb15ef10eb13ef10e812f0
CSIX,1566197319,024353490001,-62,6,128,43300400ecf3ebf3ebf6ecf7ebf8eaf8ebf9eafbeafbe8fbe9fce9fde9fde8fde8fce7fce8fce8fbeafbeafaecfaedf9edf8eef8f0f800000000000000000000000000000000000000000000edf6edf4edf3edf1ecf1edefedeeeeeeeeecedebede9ede9eee9eee9efebede9eeeceeededecedededeeededeeefecedebeeecef
CSIX,1566225291,024353490001,-62,6,128,4330040005e903e801e900eaffe9fee9fdeafceafceafbe9faeafaebfae9f9e9f9e8fae8fae9fbe8fbeafdeafeecfeedffedffed01ee0000000000000000000000000000000000000000000002eb03ea04ea06e806e908e809e70ae80ae80ae70de60de50de70ce70ce80de70be80ae90ae709e808e809e708e809e708e507e6
CSIX,1566257934,024353490001,-62,6,128,43300400fb13fc14fe13ff1200130013021103120311041304120512051306130513051405130413041203120211011000100010ff0f00000000000000000000000000000000000000000000fe13fc13fb14fa15f914f815f715f715f515f415f116f216f415f415f415f316f415f514f515f614f715f615f814f715f816f815
CSIX,1566284103,024353490001,-62,6,128,43300400fbe7fae6f8e9f7eaf5eaf5eaf4ebf3ebf3ecf1ebf1ecf0eeefecf0ecefebefeaefebf1ebf2ecf3ebf5ecf6edf6ecf7edf9ed00000000000000000000000000000000000000000000f8e9fbe7fbe6fce4fee4ffe301e301e302e302e204e003e004e102e103e104e103e202e402e101e3ffe301e2ffe500e3ffe2ffe2
CSIX,1566317168,024353490001,-62,6,128,43300400fa15fa16fd15fe14ff15001501130315031404160414051405150515051604170416031603140214001300130012ff12fe1100000000000000000000000000000000000000000000fe15fc16fa17f917f816f617f518f417f317f318f119f119f118f219f217f119f217f416f318f417f517f518f616f518f519f617
CSIX,1566351237,024353490001,-62,6,128,43300400f0f0eef1eef3eef4edf4ecf5edf6ecf7edf7eaf8ebf9ebfaeaf9eafae9fae9f9eaf9eaf8ecf8ecf7eef7eff7eef6f0f6f1f500000000000000000000000000000000000000000000eef2eff0efeeefedefecf0eaf1e9f2e9f2e9f2e8f2e4f2e5f3e6f2e6f4e7f2e5f2e8f3eaf2e8f2eaf1eaf1eaf2ecf1eaefeaf0eb
CSIX,1566375516,024353490001,-62,6,128,4330040004ec03ec01ec01ed00edfeecfeeefcedfdeefcebfbedfbedfbedfaecfaecfaebfbecfbecfcedfdedfdeeffeeffeefff000f00000000000000000000000000000000000000000000002ec03ec04eb05ea06eb08eb08ea09eb09ea0bea0ee90ee90dea0dea0ceb0ce90beb0aeb0aea09eb09eb08ea09eb0aeb09ea08eb
CSIX,1566434322,024353490001,-62,6,128,43300400eb03ebffeb02e8ffe903e805ec06ec06ec05e906ec0aea0dec0ced0bed0aec06eb06eb07eb05ec05ed03ed01ebffed01ec0100000000000000000000000000000000000000000000e808e909e906ec05ea04e901e8fbe5fce4fce4fde1fbe3fbe1fce0fce6fce2fee8fde9ffe4fae7fae5fbe5fae6fce4fbe3fde2ff
CSIX,1566501033,024353490001,-62,6,128,43300400f916fb15fd15fd14fe14fe150114071709110b1604140413041406150516041804160315021501140113ff13ff13ff11fd1100000000000000000000000000000000000000000000fe15fb15fa16f815f716f516f418f416f417f217f019f018f017f117f115f018f216f317f416f318f315f417f417f418f518f516
CSIX,1566524787,024353490001,-62,6,128,433004000c100d100c0d0d0e0e0f0f0b0e0a0f090e090f090f091009110911081209130a110a0f0a100a0e0b0e0a0d0b0d0a0a0b0a0b000000000000000000000000000000000000000000000d0d0e0c0e0f0c110d110b130b1408140b150b1407180a1807170a1807150a1a08170b140a16081509150a1409140a1609180913
CSIX,1566553408,024353490001,-62,6,128,43300400e909ea0bed0cee0bed0dee0df00df00ff10ff111f311f311f211f212f112f112f211f011f10ff00ff10df10cf10cf20bf10900000000000000000000000000000000000000000000ed0deb0bea0ae80ae809e707e607e605e605e406e306e206e306e307e404e105e405e505e406e505e606e506e707e508e509e708
CSIX,1566584319,024353490001,-62,6,128,43300400fdebfcecfaecfaeef8eef8eef8f0f6f0f8f0f6eff6f0f5f0f4f0f4eff3eef3eef4eef3eff5f0f5f0f8f0f8f1f9f0faf1fbf100000000000000000000000000000000000000000000faecfcebfbebfceaffea00e902e903eb05e807e907e607e507e604e604e703e402e701e701e701ea00e902e901eb02e902e902e9
CSIX,1566648494,024353490001,-62,6,128,43300400e901e802ea05eb05eb06eb06ed07ed08ee08ed0aee0bef0bed0bee0bed0cec0bec0bec09ed08ee07ef06ee06ee06f005f00300000000000000000000000000000000000000000000ea07e805e804e603e602e500e5ffe5fee4fee3fde2fce2fce3fce2fce4fbe2fce3fce5fde3fce5fde5fde5fee6fee4fee3ffe6ff
CSIX,1566674634,024353490001,-62,6,128,43300400ed0fef0ff211f310f511f412f611f812f812f913fa13fa12fb12fb15fa14fa14fb14f914fa12f912f910f810f80ff90ef70d00000000000000000000000000000000000000000000f211f011ee11ec10ec10ea10e90fe90de80de70de40ee50fe60de60ee70ce40ee70de80de80fe90ee90ee90eeb0de80fe911eb10
CSIX,1566709171,024353490001,-62,6,128,43300400fae9f8e9f7ebf8ecf6ecf5edf5eef3eff5f0f2eff3f0f3f2f1f0f0f1f0f1f1f0f1f0f2f0f3f1f4f0f5f1f6f1f7f0f8f1f9f200000000000000000000000000000000000000000000f5ecf7eaf7e9f8e7f9e7fbe5fbe5fce5fde4fee3ffe1ffe100e2fee2ffe3fee1fde4fee5fde3fde4fce5fce4fce6fce4fce3fce5
CSIX,1566733641,024353490001,-62,6,128,433004000cef0df00af00af00af008ef07ef06ef05f005ef03ef03ef03ee02ee04ed03ed04ee05ee04f004ef06f006f207f205f207f30000000000000000000000000000000000000000000009ee0bed0bed0eef0dee0eec10ee11ee10ee11ee15ef16ee16f014ef14f015f012f011f011ee12ef11ef13ee10ee11ee12ef10ee
CSIX,1566764840,024353490001,-62,6,128,43300400fe1700180316021503160415051306130612081408120912091309120a14091309130813071206130511041104110310020f00000000000000000000000000000000000000000000041601170018ff19ff19fd1bfb1afa1afa1af91bf81df81df81cf91cf81af81cf91bfb19fa1bfa1afb1afb1bfc19fc1bfc1cfd1b
CSIX,1566823226,024353490001,-62,6,128,43300400f414f515f815f814fa14fa14fc13fd14fe13ff1500130114011501140116001501150015ff13ff14fe12fe11fd12fd11fc1000000000000000000000000000000000000000000000fa16f716f516f317f316f117ef17ef15ee15ee16eb16ec17ec15ed16ed15ec16ee14f013ef16f015f116f016f216f017f118f118
CSIX,1566858672,024353490001,-62,6,128,433004001403140213ff130013fe13fd12fc11fb12fb13f912f911f912f812f813f814f913fa12fa11fa11fc11fc10fd11fe0ffe0f0000000000000000000000000000000000000000000000140014021503150416041506160715071608160a170b170b160b170a150a180b1509150816081608160617071506160717071606
CSIX,1566887550,024353490001,-62,6,128,433004001603160215001500150015fe13fd14fc13fb14f913f812f814f813f814f715f915f914f913fb13fb12fc11fc12fd10fe10ff0000000000000000000000000000000000000000000016ff1702170319041805190718081809180a190a1b0c1a0c190c1a0b190b1a0b180a1709190a190919081a0817071a071a071a07
CSIX,1566913165,024353490001,-62,6,128,43300400ebf2e9f2eaf5ecf6eaf7eaf8ebfae9fbeafce7fde9ffe9ffe7fee8fee7fee7fde7fde8fceafceafbecfaecfbecfbeefaeff900000000000000000000000000000000000000000000e9f5e9f2e9f1e9efeaeeeaecebebecebeceaebe9ebe7eae7ebe8ebe8ece9ebe8ece9edebebeaebebebedeaebebeeeaede9edeaee
CSIX,1566943094,024353490001,-62,6,128,433004000aed0cec09ee09ed07ec07eb05ed05ec03ee04eb01ec01ec02ea00ec02ea02eb02eb03ea04ec04ed06ed04ef05ef06ef07f00000000000000000000000000000000000000000000009ec0cec0dec0feb0fed12ec12ed11ee14ed13ee16ed16ee16ef15ec15ed16ef14ee12ef13ee13ef10ee13ee0eee12ee0feb10ed
CSIX,1566984477,024353490001,-63,6,128,43300400eef0edf2ecf4edf5ecf6ecf7ebf8e8fbeaf7eafbeafbeafceafbe8fde9fce8fbe8fbe9faebfaecf9edf9edf9edf8eff8f0f800000000000000000000000000000000000000000000ebf2edf0ebeeecededecedeaeee9f0e9efe9eee6efe4f0e4f0e5f0e6f0e7eee6f0e9efe9efe8f0eaeeeaeee9efeceeeaeceaeeeb
CSIX,1567033832,024353490001,-63,6,128,43300400120b140a14061406140515051403140213011600140015fe15ff15fe17ff16ff16ff1500140014011302120213031103100400000000000000000000000000000000000000000000150a150c150d1510140f15121413131313141314141713171316131612151416121411121313131313111411120f14101510150f
CSIX,1567063554,024353490001,-63,6,128,433004000114041506150514061408120914081308100d130a130b0f0d110d120d130c130c120c120b120813081008110612060f0511000000000000000000000000000000000000000000000218ff19ff18fe1cfc19fb1af91af919f81bf61bf61cf71ef41df71af919f51ef519f917fa1bf91af919fb17fd18fa19fc17ff17
CSIX,1567094913,024353490001,-63,6,128,43300400f70dec120010f410f015e912ff19f418f412ed14e51bf20ff219f412ea0eed15f010f410ec0bf410f10ef111f802ef0fed0600000000000000000000000000000000000000000000ec11f219f40eee15f015e811e919ec0de508e506e30fe80ff107e909df08e212de09ef0bed0ff70be518e30ef013eb09e90aeb11
CSIX,1567128545,024353490001,-63,6,128,43300400f512f614f914f914fa14fa15fa14fc15fd15ff1700150016ff160017ff18fe18fe17fd17fd15fc15fb13fb13fb13fb12f91000000000000000000000000000000000000000000000f414f112f112f013ef12eb11ea10e709ef0dea0de710e80fed13ea15ea0dea13ec10ef11ec11ed11ee11ee11f011ef12f114f113
CSIX,1567188888,024353490001,-63,6,128,4330040011f510f40ff30df30ef20ef10cf10bf00bf00bee0aef0aee0aed0aed0bed0cec0cee0cee0bf00cf00df20df20df30cf40df60000000000000000000000000000000000000000000011f713f814f814f915f915fb16fc15fc16fc17fc19fd19fd18fd18fc16fd19fb16fc16fb16fb15fb16fa15f914fa15fa15f814f8
CSIX,1567213098,024353490001,-63,6,128,43300400140416031400140015ff14ff14fe14fd13fd15fa15fa15fa16fa15fa17fa16fa17fb17fc15fd14fe14ff13ff1300120112020000000000000000000000000000000000000000000015031606150717081508160b150b150c150d150d170e160e170e170d160d170d160c150a170c150b150a170a1408160a17091608
CSIX,1567245152,024353490001,-63,6,128,43300400edf7ecf8ecfbecfaebfceafdebfdeb00ebffe901ea02ea03e902e903e702e702e800e800eaffeafeebfdecfdebfcedfceffa00000000000000000000000000000000000000000000ecf5ecf3ecf2ecf1ecf1ecefeceeefeeededededeceaedebedebececeeecececeeedeeefecededeeedf0ecefeef2ecf0ebf2ecf2
CSIX,1567278727,024353490001,-63,6,128,4330040004e802e800e800e9fee9fee9fdeafbe9fbeafae9f8eaf7eaf7e9f8e9f8e7f8e7f9e7fae8fbe9fce8fceafeebfeeaffeb01ec0000000000000000000000000000000000000000000003e705e706e708e509e60be50ce60de70ee60ee610e510e510e60fe50fe70fe50ee60ce70de50de70be70ce60ae80be60ae609e7
CSIX,1567303084,024353490001,-64,6,128,43300400f80df614fb14fe13fc15fe15fc16ff14021200130713061303150216031803170318011802150116ff14ff13ff14fe13fc1200000000000000000000000000000000000000000000f817f518f417f118f217ee16ec16f115ed17ed16ea18ea19ee14ed18ec16eb18ec17ef14eb16ee15f017ed11f213f215f414f11c
CSIX,1567357914,024353490001,-63,6,128,43300400ebfbebf8effceefdedffecfeed01f200f103ed06ef07ec04ee05ec07ea05eb05eb05eb04ec02ec01ed01ed00edffeefeeffd00000000000000000000000000000000000000000000e9fde8fbe9fae8f9e8f9e7f6e9f3e9f2e9f2e8f2e8f0e5f0e7f1e7f1eaf2e7f1e8f3e9f3e8f1e9f4e8f4e7f4f0f6e9f1ebf9ebf8
CSIX,1567373193,024353490001,-64,6,128,43300400f10ff211f511f611f712f912fa11fb12fc12fe14fe13ff14ff160015ff17ff17fe18fd17fd15fc15fb13fb13fa13f911f81000000000000000000000000000000000000000000000f113ed13ec12eb13eb11e811e711e80fe70fe60fe510e410e40fe510e60ee410e60fe80ee810e810ea10e910ec0fea0fea11ec10
CSIX,1567399240,024353490001,-64,6,128,43300400ffeafde9fbebfbecf9ecf8ecf8eef6eef6eef3edf3eff3eff1edf1eef0edf1ecf2ecf3ecf4edf5ecf7edf8edf8edf9eefbee00000000000000000000000000000000000000000000fde700e500e502e402e505e305e306e507e407e409e209e208e207e308e407e106e406e506e305e504e505e403e604e403e403e5
CSIX,1567426252,024353490001,-63,6,128,43300400fe140015021303120412041305110611071009110a100b100b120b110c120b130a13091409120713061205120413041102110000000000000000000000000000000000000000000002160017fe17fe18fd18fb19f919f919f819f81af71cf71bf71bf91bf719f71bf819f918f819f919f918fa19fb17fa19fb19fc18
CSIX,1567453135,024353490001,-63,6,128,43300400f10cf10df40ef50df510f60ff80ff810f90ffa11fc11fc12fb13fc12fb13fb14fa13f913f911f811f810f80ff80ff90ef70c00000000000000000000000000000000000000000000f210f00fef0fed0fed0eea0eea0dea0bea0aea0ce80ee80ee90be90ce80ae80ce90ceb0be90ceb0ceb0cec0cec0cec0dec0eec0e
CSIX,1567483164,024353490001,-63,6,128,43300400f211f312f612f711f813f813fa12fb13fd13fe15ff150015ff160017fd15fe18fe17fb17fc15fa15f914fa13f913f912f81000000000000000000000000000000000000000000000f414f113ef13ee13ed13eb12e911ea10e810e810e712e711e710e811e90fe711ea0feb10eb11eb10ec11eb11ee11ed12ed13ee12
CSIX,1567516519,024353490001,-63,6,128,4330040013f413f210f10ff10ef00eef0df00bed0aee0aeb0aec09eb0aea09ea0be80ce90be90cea0cec0dec0eee0ef00ff00ef20ef30000000000000000000000000000000000000000000012f114f216f417f317f41af61af61af71bf71bf81ef91df91dfa1df81cf91df81bf819f71bf71af719f71af617f619f719f618f5
CSIX,1567543552,024353490001,-62,6,128,433004000def0bee0aed09ed08ed07ec06ed04eb04ec04ea02eb02ea03e901e902e903e804e804e904ea05eb06ec06ed08ee07ef09f0000000000000000000000000000000000000000000000dee0fef10ef12ef12f014f015f114f215f216f318f318f318f417f316f317f115f213f213f213f112f012ef10f112f012ef11ef
CSIX,1567574199,024353490001,-62,6,128,4330040015fe16fc14fa14fa14f914f812f713f612f613f511f411f413f312f414f313f314f414f413f613f713f813f914fa12fb12fd0000000000000000000000000000000000000000000015fd16fe17ff18011801190319041804180519051a071a071a071906180719061806170519051804180318031601180219021801
CSIX,1567607837,024353490001,-62,6,128,43300400ee08ef09ef0bf10bf10cf10df30df30ef40ef410f510f510f411f412f412f312f311f211f20ff20ef20df20cf10cf20af20900000000000000000000000000000000000000000000ee08ed06ec06eb06eb05e904e802e902e701e901ea03e604e801e802e901e702e902eb02e902ea03ea04ea04ec05ea06ea07eb07
CSIX,1567634072,024353490001,-63,6,128,43300400f3f0f1f2f2f3f1f4eff5eef5eef6f0f7eef4ebf9edf9ecfaebfaecfaeaf8eafaecf7ecf8eef7edf8eff6eef7f1f6f1f6f3f600000000000000000000000000000000000000000000f1f3f1eff3eef4edf2eef4ecf4ebf7ebf5ebf6ebf4e7f4e8f9ebf6eaf6e9f5ebf5ecf6eef6ebf4ecf5edf3eef5eef3eef1eff2ed
CSIX,1567701959,024353490001,-63,6,128,433004000317051806150715081509150a140b130b120e140d120e120f130f130f140f150e150e150d140b150914081407150614041300000000000000000000000000000000000000000000041703180118001a0019fe1bfd1bfd1bfc1bfb1cf91efa1dfa1cfa1dfb1bfa1dfb1bfc1afd1cfd1bfe1afe1cfe19ff1b001b011a
CSIX,1567723936,024353490001,-63,6,128,43300400fc17fd18ff160015011702160315041504150617071507150716081607170718061805180416031701150115ff14fe13fe1300000000000000000000000000000000000000000000ff17fe18fc18fb19fa18f919f71af619f619f519f31bf31bf31af41bf419f31bf519f618f51af619f719f71af818f71af91bf91a
CSIX,1567754928,024353490001,-63,6,128,433004000f10110f120d110c120b130a130913071308150714061405150516061706180716081607150714081309120a110b100b0e0b00000000000000000000000000000000000000000000110f1011101310140f140e160e170c170c180b190a1c0b1c0b1a0c1a0a180c1b0b180c160d180d160e150f160d140d160f160e14
CSIX,1567783220,024353490001,-63,6,128,433004000412061307110811091109100a0f0b100b0e0d0f0d0d0e0d0e0e0e0e0f0f0e100e100d100c0f0a100910090f0710070f040f00000000000000000000000000000000000000000000061304150316021701170018fe18fe17fc18fd18fd1afc1bfc19fd19fc18fc19fc18fe16fe18fe17ff16ff160115001602170216
CSIX,1567814588,024353490001,-63,6,128,4330040013f612f50ef20ff30ff20ff10df10def0cef0ded0bee0bed0cec0bec0ceb0eeb0eed0eec0eee0eef0ef10ff10ff20ef40ff50000000000000000000000000000000000000000000014f416f617f718f718f81afa1bfb1afc1bfc1cfe1efe1dff1bff1bfd1afe1cfd19fd18fc19fc19fc18fb18fa16fa17fa17f916f9
CSIX,1567843459,024353490001,-63,6,128,4330040011f711f50ef40ef50ef30df30df30bf20bf20bef09ef09ee0aee0aee0cee0cee0cee0cef0cf00df10df20df30df30df50df60000000000000000000000000000000000000000000012f413f614f716f715f817f917fb17fc17fc18fc1afc19fb19fd18fb17fc18fc17fc15fc17fb16fc16fa16fa13f915f915f815f8
CSIX,1567883698,024353490001,-63,6,128,43300400eff4eef7eefbeef8eef7edfaebfceefdeefbebfcebffecffecffedffe8fde8fee8fce8faecfdedf9eefceafaedfbf1f8f1f700000000000000000000000000000000000000000000eff6f0f3f1f1ecefeff0f1ebf3ebf1edf1edf2edf1e9f2e6f3e8f1ecf3edf1eaf2ebf2edf0ecf1eef0eef0edf1f0efefeef0f0ef
CSIX,1567934776,024353490001,-63,6,128,4330040014f815f514f614f315f413f411f511f30ff110ee0eef0eef10ef0eee0eeb10ec10ec12ec10f012f211f410f410f510f410f60000000000000000000000000000000000000000000016f917fb17fd1bfd19ff1b011906180317021aff1efd20031e031b031a031b021b0119011aff1902170018ff13fb17fb19fb19fa
CSIX,1567964665,024353490001,-62,6,128,433004000c131013130f13091204110f1107110812021507150415fd16041205160514091305110b0f080f07100b100b130b0c0c0d0d000000000000000000000000000000000000000000000e0b0f100e100e130b130b110a140d140a180c180a18091a0d190b160a180c190c180b1409130c180a170b150f1412160f181011
CSIX,1567993417,024353490001,-63,6,128,4330040005ea05ea03e902ea01eaffe9feeafceafde9fbe8fbe9fae9fae8f9e8f9e7fae6fbe7fbe7fce8fde8fee900ea01ea01eb03ec0000000000000000000000000000000000000000000007ea08eb0aea0bea0cea0eea0eea10eb10ea11ea14ea14ea12eb12ea11ec12e90feb0feb0fea0eeb0ceb0dea0bea0ce90ce90be9
CSIX,1568027773,024353490001,-63,6,128,433004001602170016fe15fe16fd16fc15fb15fa14f916f715f615f617f616f518f518f618f618f816f917f916fb15fc16fd15fe140000000000000000000000000000000000000000000000160216041605170717071809170a170a170b180c190e190e180e180c170d180e170c150a170a170a160917091606180718061805
CSIX,1568058845,024353490001,-63,6,128,43300400fbecf9ecf8edf8eef6eef5eff5f0f4f0f3f0f1eff1f1f0f0f0f0eff0efefefedf1eef1edf3eef3edf5eef6eef7edf8eefaee00000000000000000000000000000000000000000000faedfcebfcebfde9feea01ea01e8fbe603e803e703e705e601ea01ea03e702e301e901e900e800e900eaffe9ffebfee9fde8fee9
CSIX,1568083096,024353490001,-62,6,128,433004000f0c100d10091009110912081107120712061406130514041505150516061608160815091309130b100b100b100c0e0c0c0d0000000000000000000000000000000000000000000017080b090e0518070908121a130e06140c0c070e0b1f0d161115100f13120d1210140d0e0e140f100d110f100e0f0f1111101110
CSIX,1568115648,024353490001,-63,6,128,43300400eaf7eaf9e9fbebfceafdeaffea00ea01ea01e803e903e904e704e704e604e404e603e602e701e700e8ffe8fee8fcebfcebfa00000000000000000000000000000000000000000000eaf8eaf6eaf4eaf4eaf3ebf1eaf1ebf0ebefebeeeaeceaecebeceaedeceeeaecebefecf0ebf0eaf1ebf3eaf2ebf3eaf2e8f2eaf3
CSIX,1568143836,024353490001,-63,6,128,43300400f815f916fc15fd15fe16ff1600150216031604180516051704180518051a031b031a01190118ff18fe16fe15fd16fd14fb1300000000000000000000000000000000000000000000f915fc14f418f416f316f217f117f015f116ef16ed17ee18ef17ef17ef15ed17ef15f015f015f114f215f215f414f316f417f517
CSIX,1568174392,024353490001,-63,6,128,433004000e120e10110f0f0d110d120c110b1309130915081507160616071707170819091709170a140a140c130b120c110d100d0e0d000000000000000000000000000000000000000000000e110d120d130d140c150b170a1809180919091b081c081c081b091b0719091c08190918091809170b160a170b150b160d160c15
CSIX,1568204440,024353490001,-63,6,128,43300400ed0ced0df00ff00ff010f110f310f312f312f414f413f414f315f416f317f217f215f114f212f112f110f00ff00ef00df00b00000000000000000000000000000000000000000000ee0eec0ceb0be90be609e70ae609e707e607e407e307e207e306e307e506e207e506e606e607e608e808e808e908e809e70be90a
CSIX,1568235262,024353490001,-63,6,128,4330040013f713f711f511f513f40ff50ef20ef20ff20ff00def0df00def0df00fef10ef10ee10f10ff210f30ff40ff510f50ff70ef90000000000000000000000000000000000000000000011f916fa16fe17fb16fe17fc17ff1cff180217fd1b0119001801190315fe1bff17fe18fd1801180217fb17fd15f917fb16fa1afa
CSIX,1568267261,024353490001,-63,6,128,4330040004160515081408120a130b130b120d120c120f120f1110110f121112101211140f130e140d120c130a1209120913081106110000000000000000000000000000000000000000000004160217011801190019fe19fd1bfb1afb1bfb1cf91df91ef91cfb1dfa1bfa1dfa19fc1afc1afc19fd19fe1afe18ff19001a0018
CSIX,1568297266,024353490001,-63,6,128,433004000c0f0d0e0f0d0f0c100c100b100a12091109130913081308140814071408150a140913091209110a0f0a0f0b0e0b0d0c0b0c000000000000000000000000000000000000000000000d100c110b120b140b1409150916081608170718071a061a061907190618071a071708160716081608150915091309140a150b13
CSIX,1568323117,024353490001,-61,6,128,43300400e503eb0aea06ed07ec0cf10ff206f307ec08ed06e90de90ceb0af30bea0dee0be90ef00cf205f107f007f008f106ef05f20500000000000000000000000000000000000000000000eb00ef01ecfcebfeea02eb00e902eafae7ffe9fee6f7e7fbe7fbe6fbeafde5fdebfae7f8e9f9edfbe6fee7fdea04e5ffeff8f0fb
CSIX,1568356446,024353490001,-63,6,128,43300400ff17011704160415051506160714081408140b150b130c130c150d150c160d170b1609160915081506140514051404130313000000000000000000000000000000000000000000000216ff17ff18fe19fd19fb1af91af81af81af81bf61df61df61cf81cf71bf61df71bf819f81bf81af919f91afb18fb1afc1bfc1a
CSIX,1568386498,024353490001,-62,6,128,4330040007ec06eb04eb03ec02eb02eb00ecffebffebfeeafdebfcebfdeafceafce9fde8fee9fee9ffeb00ea00ec01ec02ec02ed04ee0000000000000000000000000000000000000000000005ec07eb07eb09ea0aeb0beb0ceb0deb0eeb0feb11ea11ea10eb10eb10ec11ea0feb0eec0feb0eec0deb0deb0cec0ceb0cea0beb
CSIX,1568444799,024353490001,-62,6,128,4330040013fc15fc14f813f913f914f613f711f611f512f412f311f413f512f113f212f314f313f412f514f912f713fa13fb0ffa14fe0000000000000000000000000000000000000000000013fb14fd14fe16fd15fe18ff17011701170218031a041a031a05190419041a041804150317031802160217021400180119fe17ff
CSIX,1568473439,024353490001,-63,6,128,433004000b150d130f120e1110101110100f120e120e150e130c140c150d150d150e160f150f140f130f1110100f0f0f0f100d100c10000000000000000000000000000000000000000000000b120a14091509170817071907190619051a041b041d041d031c041c041b041e051a0419051a061907180818081708190a190a18
CSIX,1568536276,024353490001,-63,6,128,43300400fb16fc17ff17ff1601170118021604170316051806170617061806180619051a0519031a0418021701160015ff16fe14fd1400000000000000000000000000000000000000000000fc15f915f816f717f717f417f317f317f216f117ef18ef19ef18f018f016ee18f117f415f216f316f516f517f615f618f719f817
CSIX,1568563241,024353490001,-63,6,128,433004000f04130211fe140215fe15fd13fa13fa12fa15f611fa17f716f914f713fa19fa18fa16f814fd15fb13fd12fd13fe12ff11000000000000000000000000000000000000000000000013fd1400150217031504160219051606150615071606150a170b180b17091609170814081608160815071706120417091b041b04
CSIX,1568624581,024353490001,-63,6,128,433004000ff10ef00def0cf00cee0ced0bee0aed09ec09e908ec07eb09ea08e909e90ae90beb0beb0bed0bee0bef0cef0cf00df20cf2000000000000000000000000000000000000000000000ef30eef12f114f114f116f317f417f518f61af61bf61bf61bf71af719f81bf617f816f717f716f714f315f513f514f414f213f3
CSIX,1568653532,024353490001,-63,6,128,43300400fcedfcedf9eef9eff8eff7eef7eff6f0f7f0f5eff4eff4f0f3eff3eff3eff3eef4eef4eef5eff6eff8eff8eff9effaf0fbef00000000000000000000000000000000000000000000fdecffec00eb00ea01e903e904e904ea05e906e808e707e707e906e806ea06e806ea05ea05ea04ea03eb03eb01ec02eb01eaffec
CSIX,1568685980,024353490001,-64,6,128,43300400ec08ec0aed0cee0cee0eee0eef0eef10f010ef12f012f112ef13f012ee13ed12ed11ee11ef0fee0eee0dee0cee0bef0aef0800000000000000000000000000000000000000000000ea0ae908e707e606e605e403e303e401e301e301e1ffe100e2ffe300e3ffe200e4ffe600e401e601e602e602e903e704e706e906
CSIX,1568713702,024353490001,-63,6,128,43300400ed09ee0bf00cf00cf00ef00ff10ff210f20ff212f311f311f212f213f113f013f012f011f10ff10ef10df00cf00cf10bf10900000000000000000000000000000000000000000000ec09eb08e907e807e906e704e603e703e702e501e300e401e500e401e600e401e702e802e702e803e904e904eb04e905e907eb08
CSIX,1568745994,024353490001,-63,6,128,43300400130c140a14081408160716061605170318041903180218011a0219021a031a0319041805160516061406140614071208110900000000000000000000000000000000000000000000140c130f13101312131212141115101610171117111a1119101911180f18111910170f1510161015101411141012111313111210
CSIX,1568773760,024353490001,-63,6,128,4330040007ec05eb03ea02eb02ea00e900eaffeaffeafee8fde9fdeafde8fde8fde7fee6ffe8ffe800e901ea02eb02ec03ec03ee04ef0000000000000000000000000000000000000000000006eb08eb0aea0bea0cea0eea0fea0fec10eb12eb14eb13eb13ec11eb12ed12ea11ed10ed10ec0fed0eec0eec0ced0dec0ceb0bec
CSIX,1568863197,024353490001,-62,6,128,433004000ff30df20cf10bf20aef0bee09ef08ee09ef07eb07ee06ed07ec06eb0bed13ec02f408ee0aed0bed07f60bf00cf509ef07f4000000000000000000000000000000000000000000000ef210f312f313f313f416f515f616f716f718f719f819f718f918f817f918f716f715f716f715f714f614f513f614f613f412f4
CSIX,1568894104,024353490001,-63,6,128,43300400150016ff14fc15fb15fa15f914f914f713f715f513f513f415f414f516f517f517f516f715f815f814fa13fb14fb12fc12fe0000000000000000000000000000000000000000000016ff1701170218031804190619081808190919091b0b1b0b1a0b1a0a190b1a0c180a170819091808180718081605170619051704
CSIX,1568930971,024353490001,-63,6,128,43300400e9ffe901eb03eb04ea04ea05ec06ec07ec08eb09ec09ec0aea0aeb0ae90ae909ea09ea08eb06eb06ec04ec04ec04ee02ee0100000000000000000000000000000000000000000000e902e800e8fee6fde7fce6fbe5fae7f8e6f8e5f8e4f6e3f6e4f6e4f7e6f6e4f6e5f6e7f8e5f8e7f8e7f9e7f8e9fbe7fae6fbe8fc
CSIX,1568954313,024353490001,-63,6,128,43300400f704ec07ef0ceef4f007eb0eda04ec0aef10e415f50ff312f113f10ff00ff013f014ee10f30ef50af10cf10ced09f20bf10900000000000000000000000000000000000000000000ea03e802e7ffe600e7ffe6fce5fde6fbe5fce5fbe2fbe2fce4f7e3fbe6fbedfde3fce7fddc03e2fee6ffe806e701e600e500e802
CSIX,1568986728,024353490001,-63,6,128,43300400ff150016031303130514051406130814071209140a130a120a140a130b1509160915081507140614051304120313031101110000000000000000000000000000000000000000000002150017ff17fe19fd18fb1afa1af91af81af71af61cf61cf61bf71cf61af51bf61af718f719f818f818f818fa16fa17fb19fd19
CSIX,1569043178,024353490001,-63,6,128,43300400eb0aeb0bee0def0cef0eef0ff10ef111f210f112f312f412f212f212f113f013f112f011f10ff10ef10df00cf00cf10bf00900000000000000000000000000000000000000000000ee0ded0beb0be90be80be709e508e607e506e307e106e206e205e206e404e105e305e505e505e505e706e706e806e607e608e809
CSIX,1569078284,024353490001,-63,6,128,433004000aec09eb07eb05eb04ea04ea02eb01ea01ebffe8ffe9fee9fee8fee8fee7ffe700e700e801ea01e902eb03ec04eb04ed05ee0000000000000000000000000000000000000000000007eb09eb0aea0be90cea0fe90fe910ea11ea12ea15e915e914ea14e913eb16ea13ec12ec13ea12eb10ea11ea0eec10eb10ea0eeb
CSIX,1569103219,024353490001,-63,6,128,43300400f212f313f613f713f714f815fa13fa15fc14fc16fd15fe16fd17fe16fd19fc18fc17fb17fa15f915f913f912f812f911f71000000000000000000000000000000000000000000000f614f414f313f114f113ee14ed13ec13eb13eb13e814e915e913e914e912e814e912eb11ea12eb12ec12ec12ee13ed13ed14ef14
CSIX,1569164958,024353490001,-60,6,128,43300400e8ffea01f213fe0eec1cf401282afa1b04091927201115051b1b0c0626f51a0112fa17fe11fe1af90bfb0eef1f07fdf60beb00000000000000000000000000000000000000000000011a07070308071313081f15fc1015021c05190320f31ef91bf711f310f61becfff109dbfee0e8ed00d502f3cdf8f5d4f5f4d7f9
CSIX,1569196024,024353490001,-62,6,128,43300400ebf0ebf0e9f3ecf2e9f3e9f3eaf5e9f6eaf6e8f7e9f8e8f9e9f9e8fae6f9e6f8e7f8e8f7eaf7ebf6ecf7edf6edf5eff5f0f400000000000000000000000000000000000000000000ebf1edeeededeeeceeeaefe9f0e6f3e8f3e5f4e6f3e4f3e5f3e6f2e7f4e7f3e5f2e7f4ebf2e8f2ebf0ebf1ebefeeedecebebecec
CSIX,1569253891,024353490001,-63,6,128,4330040009120a110c0f0c0e0e0d0e0d0d0b0f0a0f0a110b11091109120a120a130b130b120c120c100b0f0c0e0c0d0b0d0d0b0c0a0d000000000000000000000000000000000000000000000a0f091009120913081309150715021209150719061b061a061c05170618041c0519061606180717071707170716071808170815
CSIX,1569286787,024353490001,-63,6,128,43300400041505160813071209120a110a100b100d0f0f100e0e0e0e10101010111110120f120e130d110c120a11091109120810061000000000000000000000000000000000000000000000081207130614061505160417031803180219021a011c011d011b011c001b001d001b011a001b011b021a021b0219011a021b0219
CSIX,1569315807,024353490001,-63,6,128,43300400ecf2ecf4ebf6ecf7ebf9ebfaebfaebfcebfce8fee9fee9ffe7fee7fee6fee5fde6fce7fbe9fbeaf9eaf9ecf8ecf9edf8eff700000000000000000000000000000000000000000000eef7eef5edf4ecf3edf3edf0edefeeefedeeededecebeceaedebecebedebebeaedecededebececececedecededeeecedeaedecee
CSIX,1569351068,024353490001,-63,6,128,43300400f211f30ef310f410f40ff811f711fa13f911fa14fc13fc14fa15fb16fa16fa16f816f714f813f612f611f610f611f60ff60d00000000000000000000000000000000000000000000f70df40ef40ff20df10eef0cee0fed0def0dee0eec0ee80eeb0de90eea0cec0dec0eed0ee90bed10eb0eed0cf00dee0fef0fee0e
CSIX,1569373552,024353490001,-63,6,128,43300400e8f6e7f9ebfeebfde900e9feec02eb01eb03e903ea05e907e705e905e605e605e704e602e902e801e9ffeafeeafeebfdecfc00000000000000000000000000000000000000000000ecfcecfcecf7e9f8ecf9ecf7e9f8e9f4eaf3edf4eaf0e8f2e8f1eaf0e7f3e7efeaf1e8f3e9f0ebf5eaf3e6f3eaf4eaf4e7f1e6f4
CSIX,1569404126,024353490001,-63,6,128,4330040016fc16fb14f913f813f713f511f511f311f312f111f110f012f012f013ef14ef14f014f113f313f313f613f714f712f812fa0000000000000000000000000000000000000000000011fb13fc14fc15fd15fd17ff17ff1700170119011a021b021b031a0119031b02190219011a01190119001a0017ff19001aff1afe
CSIX,1569463206,024353490001,-63,6,128,43300400ee08ee0bf00cf10bf20bf20ef40ff40ff510f512f511f612f513f512f413f313f312f311f311f210f10ef30ef10ef20bf10a00000000000000000000000000000000000000000000f109f009ee09ed08ee07eb08eb07eb06ea06e906e706e707e705e706e805e505e705e806e704ea06ea07e705eb06e905e808ec08
CSIX,1569526434,024353490001,-63,6,128,43300400e9fae9fce9feeafeeaffea01ea02ea03ea04e906ea07ea08e807e907e708e607e706e604e803e802ea00ea00ea00eb00ecfe00000000000000000000000000000000000000000000ecfdecfbebfaeaf9eaf8eaf6e9f5eaf4eaf4e8f3e7f3e6f2e7f2e7f3e8f2e5f1e8f3e8f4e7f3e8f3e7f3e8f3e9f5e8f6e6f6e8f6
CSIX,1569553377,024353490001,-63,6,128,433004000214031505100811061008110a100a100a100d110c0f0d0e0d100f100e110d130d120b120a1209120811071108110710051000000000000000000000000000000000000000000000071203110311021402130014ff15fe17ff16ff18ff1afe1afc18fc18fd16fd18fe190019fe180019001701180116fe1701170117
CSIX,1569583617,024353490001,-63,6,128,43300400ffeafeeafcebfcecfbecfaecfaedf8edf7ecf6ecf5ecf5edf6ecf5ecf5ebf6eaf7ebf8eaf9ecfaecfbecfcedfcedfdeefeee00000000000000000000000000000000000000000000fbeefdedfdecfeecfeea00ea01e902e902e803e704e604e504e604e605e704e504e704e703e604e703e804e702e702e702e602e7
CSIX,1569614007,024353490001,-62,6,128,4330040008ec07ea05eb04eb03eb01e903eb00f000edffeaffebfdeafde9fdeafee8fee8ffe9ffe800eb00ea01ec02ed03ec03ed04ef0000000000000000000000000000000000000000000005ed07ee07ec08ec09ec0aec0beb0ced0ded0eeb10ea0fea10ec0feb0fec10e90eeb0eeb0dea0ceb0cea0dea0cea0dea0ceb0ce9
CSIX,1569643213,024353490001,-63,6,128,4330040015f415f313f212f213f011f010f00fef0fef0fec0ded0ded0eec0dec0feb0feb0fec10ed0fee0ff00ff00ff210f20ff30ff50000000000000000000000000000000000000000000012f313f515f516f517f618f719f819fa19f91af91dfa1dfa1cfa1cf91bfa1df91bf91af81bf81af819f71bf819f71bf71bf61af6
CSIX,1569675166,024353490001,-62,6,128,43300400ebfcebfdedffedffec01ec01ee02ed03ed03ec05ed05ed06ec06ed06ec05eb05ec04ec03ed03ed02ee01ef01ee00f0fff0fe00000000000000000000000000000000000000000000ed00edfeecfdebfcecfcebfaeaf9ebf9ebf8eaf7e9f6e8f6e9f6e9f7ebf6e8f6eaf7eaf7eaf7ebf8eaf9eaf8ebfaeaf9e9faeafb
CSIX,1569708793,024353490001,-62,6,128,4330040013ff140014fc12fc12fc12fc11fa12f810f911f710f611f812f512f712f713f713f612f911f912fa12fb11fb10fc0ffc0fff0000000000000000000000000000000000000000000012fc13fd14ff16ff1500170217021604160417051a06190418061705170619061705160517051705150319041603170417031602
CSIX,1569733666,024353490001,-62,6,128,43300400e905e907ec09ed08ed0aed0aef0bef0cf00def0ff00ff110ef10f010ef10ee10ee0fee0eef0dee0cee0aef0aee09f008f00600000000000000000000000000000000000000000000ed08eb07e905e806e805e603e602e601e501e401e300e200e300e301e400e100e4ffe501e501e501e503e501e703e503e404e604
CSIX,1569763473,024353490001,-62,6,128,43300400f7eaf5eaf4edf4edf2eff1eff1f1f0f1f0f1eff0eef2eef2edf1eef2edf0eef0eef0eff0f1f1f2f1f3f0f4f1f5f0f6f0f8f000000000000000000000000000000000000000000000f4eef5ecf6ebf6e9f7eaf8e7f8e7f9e7fae6fae6fbe3fbe3fbe4fae4fbe4fae3fae4fae7fae4fae6f8e7f9e6f9e8f9e7f8e6f7e7
CSIX,1569793661,024353490001,-62,6,128,43300400e9f9e9fbe9fdebfdeaffeaffeb00ea02eb02e903ea04ea05e905e904e704e703e902e801ea00ebffecfeecfeecfdedfdeefc00000000000000000000000000000000000000000000e9fee9fbe8fae7f9e8f8e8f6e8f5e9f5e9f3e7f4e6f2e6f3e7f2e6f3e8f2e6f1e8f3e8f4e7f3e8f4e8f5e7f4e8f6e7f5e7f6e7f7
CSIX,1569823226,024353490001,-62,6,128,43300400e906e908ec08ec08ed0aee0cef0bee0cef0dec0fef0ff00fee10ef0fec10ed0fed0eee0def0cee0bee0aef09ee08f007ef0500000000000000000000000000000000000000000000ec08e908e908e707e804e602e703e602e802e603e302e202e502e3ffe4ffe201e204e502e603e403e302e403e603e603e504e705
CSIX,1569853768,024353490001,-62,6,128,43300400f3e8f2e9f1ebf1edefecefedefefeeefeef0ebf0ecf1ebf2ebf0ebf1ebefebeeecefeceeefeff0eff1eff2eff2eff4eff6ef00000000000000000000000000000000000000000000f0ecf2ebf2e9f3e8f4e7f5e6f6e5f7e5f7e4f7e3f7e1f7e1f8e1f7e1f8e3f7e0f8e3f8e4f7e3f7e4f6e4f6e4f5e6f5e4f4e4f4e5
CSIX,1569884087,024353490001,-62,6,128,43300400f0efeeefeef1eef3edf3edf4edf5ecf6ecf6eaf7eaf8eaf9eaf8eaf8e9f7e9f6eaf6eaf6ecf6edf5eef5eff5f0f4f1f4f3f300000000000000000000000000000000000000000000eff2eff0eff0efeef1eef0ecf0ebf2ebf1eaf1e9f1e6f1e6f2e7f1e6f2e8f1e6f1e7f2eaf1e8f1e9f1eaf0e9f1ebf0e9efe9efeb
CSIX,1569914962,024353490001,-62,6,128,43300400eaf4e9f6eaf8ebf9ebfaeafaeafceafdeafde8fee9ffe900e9ffe9ffe8ffe7ffe8fee9feeafdebfcecfbedfbedfaeff9f0f900000000000000000000000000000000000000000000ecf8ebf6ebf5eaf4ebf3ebf1ebf1ecf0ecf0ebeeeaebeaebebecebedecedeaecebeeecefeaeeebefebf0eaf0ebf1eaefe9f0eaf1
CSIX,1569951045,024353490001,-62,6,128,4330040002ec01ebffecfeecfdecfcecfcedfaedfaeef8ecf8eef8eef8edf7edf8ebf8ebf9ebf9ecfaedfbedfbeefdeefeeefeef00f00000000000000000000000000000000000000000000000ec02ec03eb04ea04eb06ea06ea08ea08ea08ea0ae70ae80ae909e909ea0ae808e907ea08e907e906ea07e905ea07e905e905e9
CSIX,1569974981,024353490001,-62,6,128,4330040015f315f213f012f111f011ef0fee10ed0eed0feb0dec0ceb0eea0dea0eea0fea0fea10eb0fed0fee0ff010f111f110f210f40000000000000000000000000000000000000000000012f115f316f418f318f41af61af61af71bf71cf81ff81ff81ef91ef81df91ff81cf91bf71cf71bf71af61bf719f61bf61cf51af5
CSIX,1570005454,024353490001,-62,6,128,4330040012fb13fa11f911f910f711f60ff60ff50ff50ff40ef30ef30ff20ef20ff210f310f210f30ef40ef50ff60ef810f70ef80efa0000000000000000000000000000000000000000000012f914fb14fc15fc15fd17fe16fe16ff1700170019011a011802180118021901170116001700170016ff17ff15fe17ff17fe16fe
CSIX,1570033888,024353490001,-62,6,128,433004000e0311ff040312fb0e010df911f110f60efe11f90f010ff611f60cf90ef60cf311f513f30ff312f60dfc0cfe0eff0efb0dfb000000000000000000000000000000000000000000000f040e06080917080c0a0e0e14fb1008111111080ef41111120d120d1c171110160e1009240215061408120e091e130214041403
CSIX,1570064068,024353490001,-62,6,128,433004000bec0beb08eb07eb06ea06ea05eb04ea03eb02e802ea01ea01e901e902e802e803e803e904eb04eb05ed05ed07ed06ef07f00000000000000000000000000000000000000000000007eb0aeb0beb0cea0deb0feb10eb10eb11ec11eb14eb14ea14eb13ea13ec15ea13ec12ec13eb11ec10eb11eb0fed10eb10ea10ea
CSIX,1570093150,024353490001,-62,6,128,433004000ff00df00bee0bf00aee09ee08ee07ee07ed07ec05ee04ed05ec05eb05eb06ea06ec07ec06ee07ee07ef08f008f108f209f4000000000000000000000000000000000000000000000bef0df10ff00ff110f012f112f213f214f115f217f116f115f215f215f317f113f314f214f214f212f213f111f214f112f111f1
CSIX,1570124604,024353490001,-62,6,128,433004000214031505130512071307120810091109100a110b100b100c110b100b110b110b110a12091008100610060f0510050f030f00000000000000000000000000000000000000000000041203140214021601150017ff17ff17fd18fe18fc1afd1afc19fd1afc19fc1afc19fd17fe19fe18ff18fe180017ff1800190018
CSIX,1570154531,024353490001,-62,6,128,43300400eb0aec0aef0bef0af00cf00df10df20ef30ef20ff30ff30ff210f310f210f210f20ff20ff30df20cf20bf20af20af309f20700000000000000000000000000000000000000000000ef0bee0bed0aeb0aec09ea08e907e907e806e807e607e507e606e607e706e406e606e806e707e707e707e707ea07e807e809e808
CSIX,1570185894,024353490001,-62,6,128,433004001501160015fe14fe14fc13fb12fa12f912f914f812f812f813f712f714f814f813f814f912f912fb12fc11fd11fe0ffe0fff0000000000000000000000000000000000000000000013fe140014001502160318041704160517051706190819081908190718081a081806170618061805170519041604180519041804
CSIX,1570220730,024353490001,-62,6,128,43300400f613f60ef70cf613fc13fc0ef5100013fb0efb0f000dfe120116f912fd12fd140012ff11ff13ff12fd10fd10fd0ffd0dfc0d00000000000000000000000000000000000000000000f40ef30fe90cee0bf30de809ee05ed08ed08eb0ce80aea0bed0cec06eb04ec10ed04ed0cf313ed0df114f013f111f10ef50dec0f
CSIX,1570248425,024353490001,-62,6,128,43300400051406150813081209120a1209100c100b100d110d0f0d0f0d100d0f0e100d110d100c110a100a100810070f0610060f0310000000000000000000000000000000000000000000000712071305140615041503170417fe12031a011a001b0219ff1b03180019001b0119011702190217031803180317031805190518
CSIX,1570275386,024353490001,-62,6,128,4330040003e802e5ffe8ffe8fee8fde8fee8fdecfdecfbe8f9eaf9e9f8e8f9ebf9e7f9e9f9e8f9e8faeafaeafeeafdedffebffec00ed0000000000000000000000000000000000000000000001ea03e805e806e505e908e608e709e60ae709e60ce50ce40ce50be40ce50ce50ce409e80be409e708e509e506e707e507e306e4
CSIX,1570306883,024353490001,-62,6,128,43300400130a14091407140614061405130414031402160114021400150115001601160215021403130312041104110511050f060e070000000000000000000000000000000000000000000012071209120a120b120b120d120e110f120f12101313131212121311111114121210110f1211110f120e140e120d130e140d140c
CSIX,1570333410,024353490001,-62,6,128,43300400ef0def0ef20ff20ff310f310f510f511f610f613f711f712f613f713f614f613f613f512f610f510f50ff50ef40df50cf40b00000000000000000000000000000000000000000000f00def0cee0cec0ced0ceb0bea0aeb09e90ae909e709e60ae708e70ae809e709e809ea09e90aea0aeb0bea0bec0aeb0ceb0dec0d
CSIX,1570368415,024353490001,-62,6,128,43300400ef0def0ef20ff20ef30ff310f510f510f610f612f711f712f612f712f613f613f612f612f710f610f50ef60ef40df50cf40b00000000000000000000000000000000000000000000f20df00def0ced0dee0ceb0beb0beb0aea0ae90ae70ae70be80ae80ae809e70ae809eb09e90aea0aeb0beb0ced0ceb0beb0deb0d
CSIX,1570424816,024353490001,-62,6,128,433004000213001505140210081606110614081205120a140a1009120b1208120c1508120a140612071206110511051104120410010f0000000000000000000000000000000000000000000004120113021400140116ff14fc15fb12fa17fc17fa19f91bf917fd19fc18fc19fb18fc14fc16fe15fc17fe17fc140215fd160019
CSIX,1570454082,024353490001,-62,6,128,4330040016f916f815f513f614f514f313f412f212f313f112f111f112f111f112f013f012f212f212f312f411f512f712f811f910fb0000000000000000000000000000000000000000000014f915fb17fb17fb18fd18fd18fe18ff19ff1a001c021c021b031b0119011c00180019ff19ff19fe18fd19fc17fd19fe1afc19fb
CSIX,1570487508,024353490001,-62,6,128,43300400110912081305120713051305120411051401150313021401150215011502150314031404120412051005100610060e070d08000000000000000000000000000000000000000000001008100a100b100c110c100e100f0f0e0f10101110131012101110120e1110120e100f0f10100f0e100d100d100c110d130d120c
CSIX,1570513122,024353490001,-62,6,128,43300400120714061303130414021302130114001301150014ff13fe150014ff16ff140015011401130113021102100310040f040e0500000000000000000000000000000000000000000000110711091109130a110a120d110d110e110e100f1111111110111110110f1110110f0f0c110e110c110b120b100a120b140b130a
CSIX,1570546017,024353490001,-62,6,128,4330040010f40ff30ff10df20df10df00cf00bef0cef0ced0bee0aee0aee0bed0bed0ced0dee0cef0cf00cf10cf20cf30df40cf50cf70000000000000000000000000000000000000000000010f511f612f613f614f714f815f815f916fa16fa18fb18fb18fb17fa16fb18fa15fa14fa14f914f913f814f812f714f714f613f5
CSIX,1570573787,024353490001,-62,6,128,43300400fd15fb140015ff1300150114021303130313041604120315031404140414001601140013ff130012ff10fe12fe11fe10fc0e000000000000000000000000000000000000000000000014fc12fb12fc14fb14f915f915f814f915f716f716f519f614f615f614f716f714f815f714f714fa14f915fa14f816fb18fc13
CSIX,1570633867,024353490001,-62,6,128,4330040017071806170316031703170217001700170019ff18ff18fe19ff18ff1a0019011801170216031603140413041405120511070000000000000000000000000000000000000000000015041506140716091509160b150c150c150d160e160f170f150f160f150f1610150e140c160d150c150b170c150a170a180a180a
CSIX,1570693225,024353490001,-62,6,128,43300400e808e70aea0cea0beb0dea0eed0dec0fed0fec11ed10ed10ec11ed10eb11eb10eb10ec0fed0dec0ced0aed09eb09ed08ed0600000000000000000000000000000000000000000000ec09ea08e907e706e806e604e604e604e502e503e201e202e301e402e501e301e502e702e403e604e605e505e705e506e407e507
CSIX,1570723221,024353490001,-62,6,128,43300400f3eaf1e9f0ecf1edf0ecefecf0efeeefeef0ebefecf1ebf2ebf0ecf0ebefebeeecefedeef0efefeef1eef2eff3eef4eff6ee00000000000000000000000000000000000000000000f2edf4ebf5e9f5e8f6e9f7e7f7e6f8e7f9e6f8e5f9e2f9e3f9e3f8e3f9e4f9e2f9e4f8e7f8e5f8e6f6e7f7e5f5e8f5e6f4e5f4e7
CSIX,1570754898,024353490001,-61,6,128,43300400f6eef4eff3f2f2f2f3f1f2f2f3f5f1f4f2f5eff5eff6eff6edf5f0f6edf5edf4eef4eef3f0f4f1f3f3f3f3f3f4f2f5f4f6f200000000000000000000000000000000000000000000f4f1f4f0f4eff5edf6edf6ebf7ebf8ebf8ebf8ebf8e9f9e8f8e9f8e9f9e9f9e8f9eafaecf8ebf9ecf7edf8ebf7eef6ecf5ecf5ec
CSIX,1570784688,024353490001,-62,6,128,43300400081908180b160a140b140c140c120d120e1210120f11101110121012111211150f140e140d130c130b130913081307130612000000000000000000000000000000000000000000000b1409150816071707170518051a0419031a031c021e021e021c031c011b021e021b031a031a041a051a051b0519051a061c061a
CSIX,1570821663,024353490001,-62,6,128,43300400f10fe912ef15f00deb14f613ed08ee18fa0de90ff417f00ae619f213e70ce612ee0ce508ed0feb02e608ee02e603ef03eafb000000000000000000000000000000000000000000000915040fff1507190111fd1f001cf814f91cfa19f61af41bf71af113ea21f323f211e31bfa1bed0eeb1bf712ec14f119ee15ef17
CSIX,1570846651,024353490001,-62,6,128,43300400ed0dee0df00ef10ef20ff20ff40ff510f510f411f611f611f612f713f613f413f513f412f510f310f40ef30df10df20bf20a00000000000000000000000000000000000000000000f10df00cef0ced0ced0bec0beb0bec09ec0ae909e708e708e808e909e908e70aea0aeb09e90beb0aeb0beb0cec0bea0bea0deb0c
CSIX,1570878489,024353490001,-62,6,128,43300400f4eaf2eaf2edf2eef1eff0eff0f1eef2eff3ecf3edf3ecf4ebf3edf3ebf1ecf2ecf2edf1eef1eff1f1f1f1f1f2f1f3f1f5f000000000000000000000000000000000000000000000f1eef3ecf3ebf3eaf5eaf4e7f5e7f6e7f7e7f6e6f7e4f6e3f7e4f6e4f7e5f7e4f7e6f7e7f6e6f6e7f4e7f5e6f4e9f5e7f2e6f4e7
CSIX,1570906844,024353490001,-62,6,128,433004000eec0eeb0ceb0bec0aeb09ea08eb06eb07eb06e805ea04e905e804e805e705e706e806e907ea07ea08ed09ed0aee09ef0af0000000000000000000000000000000000000000000000bec0ded0eee10ed10ee12ed13ee13ef14ef15ef17ee17ef17ef16ee15ef16ee14ee13ee14ed13ed12ed13ec11ed13ec13eb12eb
CSIX,1570941011,024353490001,-62,6,128,43300400fe18ff1a0217021703170416051506150615081609140914091609150917081708160616061505150314021302140212ff12000000000000000000000000000000000000000000000117ff18fe17fd19fc18fb1afa1af819f91af819f61df71cf71bf81cf81af71df81bf919f91bfa1afb1afb1bfc19fb1bfc1cfd1c
CSIX,1570963269,024353490001,-62,6,128,4330040015041503150114011401130014ff13fd13fd14fc13fc13fb14fb14fa15fb16fc15fc14fd13fe13ff12ff1100110110020f0300000000000000000000000000000000000000000000140214041404150515061508160914091609150b1710160c160d160c150b170b150b150916091609150816081507170817081607
CSIX,1570993529,024353490001,-62,6,128,433004000bea0ae908e908ea06ea06ea05eb03ea02ea01e800e9ffe900e800e900e801e802e803e803ea04ea05ec05ed06ed05ee07ef0000000000000000000000000000000000000000000008ea0ae90bea0ce90dea0fea10ea10ec12eb12ea13e913e913ea13e912eb13e912ea10eb11e911ea0fea10ea0eea10e90fe70ee8
CSIX,1571024991,024353490001,-62,6,128,43300400ec10ec11ef12f011f111f112f312f413f412f515f514f614f514f615f515f415f415f313f411f311f30ff30ef20ef30cf30b00000000000000000000000000000000000000000000f111ef10ed10ec11ec10ea0fe80fe90ee80ee60ee40ee40ee40de50de70ce40ee60de70de60ee80ee80fe80fe90fe80fe810e910
CSIX,1571055079,024353490001,-62,6,128,4330040017ff17fe15fd14fc14fb14fb12f914f813f512f611f611f612f612f612f514f612f812f812fa12fa10fb10fb11fc0ffc0ffe0000000000000000000000000000000000000000000014fb15fd16fd16fe17ff170117021703180319031a051a0419051a0418051b04180318031902180318021902170119021a011801
CSIX,1571088875,024353490001,-61,6,128,4330040018f818f617f515f514f413f311f311f210f211ef0ff00eef0fef0fef10ee11ef11f011f010f10ff210f410f510f50ef60ff80000000000000000000000000000000000000000000014f516f717f819f819f91bfa1bfb1bfc1cfc1dfc20fe1ffd1ffe1efd1dfe20fd1dfd1bfc1efb1dfb1bfa1dfa1bfa1dfa1ef81cf8
CSIX,1571114502,024353490001,-61,6,128,433004000d080d070e060d050d050d040c030d020c020e010d010d000e010e000f000e010e010e020d020d030c030b030b040a040904000000000000000000000000000000000000000000000e040e060d070f080e080e090e0b0e080d0b0d0d0e0e0e0e0c0e0e0e0c0d0e0e0d0c0d0b0d0c0d0b0d0b0e0b0d0a0e0b0f0b0f0a
CSIX,1571143484,024353490001,-61,6,128,433004000117021704150413061406130711081109100a120a100b0f0b110b100b110b110a110a1108100810060f060e050f040e030e0000000000000000000000000000000000000000000005140416021602180117ff19fe19fd19fd19fd19fb1cfb1cfc1bfc1bfc1afc1bfc1afd18fe1bff1aff19ff1a0018ff1b001b001a
CSIX,1571176174,024353490001,-61,6,128,43300400fb19fb1bff18fe17ff170016021503160414051606140714061606150716061606160416041403140113011101120111ff10000000000000000000000000000000000000000000000118fe19fd19fb1cfb1bf81cf71bf71bf41bf51cf41ef41ef41cf51df41cf31df41cf61af51cf61bf81cf61cf81af81df91ef91d
CSIX,1571203896,024353490001,-61,6,128,43300400120616041304130414021304120412fc110217ff15fe14ff12fd11fe15fa11ff15ff13ff14fe12ff10010f0011ff11020e030000000000000000000000000000000000000000000014041506150617081509170b170b150c160d150f1811171115101610150f160f1710150b160e150d170d190e170b190e160a170d
CSIX,1571233236,024353490001,-61,6,128,43300400fae6f9e5f8e8f8e9f6eaf6eaf6ecf4ecf4edf2edf2eef1eff1eef0eff0eef1edf1edf2edf4eff4eef6eff7f0f7eff8f0faf000000000000000000000000000000000000000000000f6e9f9e8f9e7fae4fae5fce3fde2ffe4ffe200e200df01df01e0ffe100e200dffee2fee3fee1fde3fce2fde2fce3fce2fbe1fbe2
CSIX,1571267393,024353490001,-62,6,128,43300400f417f617f817f815fb15fb17fd15ff15001500150014001500160114021501160015011600130013ff11ff11fd12fd10fb0f00000000000000000000000000000000000000000000f917f815f618f318f218f117f019f117ef17ef17ec17ec16eb16ed18ed16ec19ef17f016f01af017f219f118f218f119ef18f119
CSIX,1571293697,024353490001,-61,6,128,4330040019021a0218ff16ff17fe17fd15fc15fa13fa15f914f913f814f814f714f615f715f815f913f913fb12fc12fc11fd10fe0f000000000000000000000000000000000000000000000018fc19ff19001b011b021b041c051b071c061c081e0a1e0a1d0a1d0a1c091e091c081b071d071c071b051c071a0424131e061c06
CSIX,1571326692,024353490001,-62,6,128,4330040017fc17fb16f915f914f813f712f712f511f412f211f310f211f211f211f112f112f212f311f411f510f711f711f810f90ffa0000000000000000000000000000000000000000000016f718f919f91afa1afb1cfd1cfe1bff1c001d0120021f021e031e011d021f021c011b001d001c001cff1cff1afe1dff1dfe1cfe
CSIX,1571355138,024353490001,-62,6,128,43300400f3edf2eef1f0f1f2f1f2f1f3f1f5f0f5f0f6eef6eef8eef9eef8eef9edf8edf7edf8eef7eff8f0f7f2f7f2f7f2f6f3f7f4f600000000000000000000000000000000000000000000f0f0f2eef1ecf2ebf4ebf5e8f4e8f0e9f6e9f7e8f7e4f5e5fae5f7e8f6e7f7e3f6e8f5eaf5e9f5e9f4eaf3e9f4ebf4e9f3e9f3e9
CSIX,1571383161,024353490001,-62,6,128,4330040001170017031402150513041204110710061008100810080f0910090f0a11091009110911080f0710060f050e040f040e030e0000000000000000000000000000000000000000000002140016ff16fe18fd17fb18fb19fa17fa18f818f61af71af718f819f918f81af919fa16fb19fc18fc18fe18fd18fc19fe19fc18
CSIX,1571417373,024353490001,-62,6,128,4330040014f915f811f711f711f510f50ef50ef30cf40df10cf10cf10df10cf20ef00df10ef10ef30df40df40ef60cf60df70cf70cf90000000000000000000000000000000000000000000012f514f614f817f815f918fa17fb18fb18fd18fc1afd1afd1afd1afc19fd19fd19fd16fc19fc18fc17fa18fb15fa17fa18f917f9
CSIX,1571446097,024353490001,-62,6,128,433004000bea0aea07ea07eb05eb05eb03ec01eb01eb00eaffebfeebfeebfdeafee9ffe9ffeaffea00eb00eb01ed02ee03ed03ef04f00000000000000000000000000000000000000000000007e80ae90ce80de80ee910e911e911eb12ea14ea16e915e915ea14ea13eb14e911ea10ea11e910ea0fe911e90fea10e910e80fe9
CSIX,1571503617,024353490001,-62,6,128,43300400f917fa18fd16fe15ff16ff15001402150214041504140513041505150516041604150315031301130012ff11ff12fe10fd0f00000000000000000000000000000000000000000000ff17fc18fb18fa1af919f71af61af518f519f21af31bf21bf31af31af319f21af419f518f419f519f619f61af718f61af71bf81a
CSIX,1571533856,024353490001,-62,6,128,43300400e7fce6fde8ffe900ea01ea02eb03eb04ed05eb06ec07ec08eb08ed08eb08eb08eb08eb06ed05ed04ed03ee03ee03ef02f00100000000000000000000000000000000000000000000e800e7fde6fce5fbe6fae5f8e6f7e7f6e6f6e5f5e3f4e3f5e4f4e3f5e5f5e3f4e5f5e6f7e4f7e5f7e5f9e4f8e6fae4f9e3f9e4fa
CSIX,1571563338,024353490001,-62,6,128,43300400f4eaf3e9f2edf3eef1eef1eff1f1f0f2f0f3eef3eef5eef5edf5edf5edf4ecf3edf4eef2f0f3f0f3f2f3f3f4f3f3f4f3f6f300000000000000000000000000000000000000000000f1edf3ebf3e9f4e8f5e8f6e6f6e6f8e6f8e5f7e4f8e2f7e2f8e3f7e3f8e4f8e2f8e4f8e5f7e5f6e6f5e6f5e5f5e8f5e5f3e5f4e6
CSIX,1571595740,024353490001,-61,6,128,433004000def0dee0bef0af009ef08ee06f006ee05ef04ed03ee03ed03ec03ed04ec04ec05ec05ed05ef06ef06f006f107f206f207f3000000000000000000000000000000000000000000000aee0dee0dee0fed10ee12ee12f00ff615f016f31ce917f117ee15f114f213ee14f112f214f011f011f012ef10f011ef12ee11ee
CSIX,1571632617,024353490001,-62,6,128,4330040014f414f311f110f20ff10ef10df10bef0aef0aed09ed08ee09ed09ec09ec0aeb0aec0bed0bef0bf00bf10bf20bf20af40bf50000000000000000000000000000000000000000000011f013f115f116f217f218f419f419f61af61bf61df61df61cf71cf61bf71df61af619f61af519f519f51af417f519f419f318f3
CSIX,1571653679,024353490001,-62,6,128,4330040004ea03ea01ebfeefffedfeedfeeffdeffaeefbeffbeff9effaeff9eef8edf9ebf9edfbedfbeffdedfdeffef0feeffef101f10000000000000000000000000000000000000000000000e900e900ea05e805e607e807e708e809ea09e70ce70be90de80be808eb0be70ae808e70ae806e808e907e807e807e806e606e7
CSIX,1571683783,024353490001,-62,6,128,4330040006e805e802e902ea01ea00eaffecfdecfcebfaeafaecf9ecf9ebf9ebf9eafaeafaebfbeafbecfdecfeedfeeeffeeffef00f00000000000000000000000000000000000000000000002e804e706e607e608e60ae60be60ce70de70ee60fe40fe50fe60de50de70fe40de70be70ce60be70ae60be609e70ae609e409e6
CSIX,1571713513,024353490001,-62,6,128,43300400150c160a1607130714061505140414021402150014ff14fe15ff15fe17ff16ff15001501140113021203110311030f040e04000000000000000000000000000000000000000000001607160a160b160d160c160f1411141115121512171417141514161314131614151215101611151116101611150f17111810170f
CSIX,1571746596,024353490001,-62,6,128,433004000518061708150814091409130a110b100c100d100d0f0e0e0e0f0f0f0f0f0f110e100d100c0f0b10090e080f080f070e050e000000000000000000000000000000000000000000000a140816071806190519041a031b021a021b011c001f001f001e021d001c011e021c021b031c031c031b051c031a031c051d041c
CSIX,1571776423,024353490001,-62,6,128,433004000a180a170c150b130d120c120d100e0f0e0e100e100d100c110d110d120d120e110e100e0e0e0d0f0b0d0b0d0a0d090d080d000000000000000000000000000000000000000000000d130c150b160b180a18091a081b071b071c061d051f0520051f061e051d061e051d061b071c071b081b081c081a081c0a1d0a1b
CSIX,1571864808,024353490001,-62,6,128,43300400f5e8f4e8f2eaf3ebf2ebf1ecf2eef1eff0f0efefeff1eef1eef0eff3eff0eef2f0f0f1eff2f1f3f0f6f1f6f2f7f1f7f1f9f100000000000000000000000000000000000000000000f3edf3eaf5e8f5e7f7e6f7e4f9e2fae4fbe1fce2fddffddffde0fde0fde2fddefbe1fce2fbe1fae2f9e3f9e2f9e5f8e3f7e2f7e3
CSIX,1571893434,024353490001,-62,6,128,433004001504140414021301140013ff12ff12fe12fd13fc12fb11fb12fb12fb13fb13fc13fd13fd11fd11fe0fff0f000f010e010c010000000000000000000000000000000000000000000014ff140115011503160415061606160717071809180a180a180b1809150a180b1709160817081608160716081607160819071707
CSIX,1571924645,024353490001,-63,6,128,43300400fceafbeafceafbeef8edf8eef7eff6f0f6f1f4f0f4f1f3f2f4f1f3f2f3f1f3f1f4f1f4f1f5f2f6f2f7f2f8f3f9f2f9f3faf300000000000000000000000000000000000000000000faebfbeafbe9fde8fee8ffe8fee5fce2ffe404e302e301e403e800e702e403e303e600e700e600e700e7ffe6ffe7ffe6ffe6fee7
CSIX,1571953847,024353490001,-65,6,128,4330040026bf29be10bb13c317c40ebe14c501c512bd02b6febd04c3ffb6fdb4fcaf09ae06ba05ab02c100bd05ca0ac1feb503ce11c20000000000000000000000000000000000000000000009d01dc62ccf3fca32d434ca40c834d64cc544c856cd51d34cd74acd42d056c948d442d543cc44cd37d540ca35cf39c037bc3fc2
CSIX,1571983163,024353490001,-61,6,128,4330040015f715f612f611f610f411f30ef40ff30df30ef10cf20cf00cf00bf10def0ef00cf00cf10cf10cf20cf40bf50df50bf60cf70000000000000000000000000000000000000000000013f315f515f518f717f819f919f918fa1afb1afb1dfe1dfe1cfe1cfc1afc1cfc1afc17fc19fa18fb17f919f916f919f91af918f8
CSIX,1572013807,024353490001,-61,6,128,4330040012f212f20ff10ef20ef10df00bf10aef0aef09ee07ee08ee08ed07ed08ed09ec08ed0aee09f009f00af10af209f209f30af40000000000000000000000000000000000000000000010f011f113f114f215f317f317f518f619f619f61bf61bf61bf61af519f71af618f716f617f617f616f517f515f416f416f215f2
CSIX,1572074853,024353490001,-61,6,128,4330040016f316f313f112f211f110f00ef00eef0eee0ded0ced0ced0ced0ceb0ceb0deb0cec0ded0cee0def0df00df10df20cf30df50000000000000000000000000000000000000000000013f214f116f218f318f419f51af61af71bf71df71ff81ff81ef91df81cf91ff81bf81af81bf71af619f51bf519f51bf61bf41af4
CSIX,1572144320,024353490001,-61,6,128,4330040008140a140a1009100b100b0f0b0d0d0d0b0b0e0b0e0b0f0a0f0c0f0b0f0c100c0e0c0e0d0d0c0c0d0a0d0a0c090c080c070c000000000000000000000000000000000000000000000b0e0a100a1109130813071506150615051706160618061905180618051805190418051506160616071606170714081609160816
CSIX,1572167139,024353490001,-61,6,128,43300400ef0ff00ff10ff30ff40ff410f610f710f710f712f911f911f911f913f912f814f812f812f810f80ff70ef70ef60cf60cf60b00000000000000000000000000000000000000000000f40ef20df10df00def0cee0cee0cec0aeb0cea0be70ce70be80ae90bea0ae70beb0aeb0cec0ced0cec0cec0eed0deb0deb0fed0d
CSIX,1572224781,024353490001,-61,6,128,43300400ec0eec10ef10f00ff111f111f310f412f511f513f613f613f614f614f515f414f514f413f411f411f30ff40ef30ef40cf30b00000000000000000000000000000000000000000000f310f110ef0fed10ed0feb0fea0eea0ee80de80de50de50ee60ce60de60ce50de70ce80ce70de80de90ee80eea0ee80ee810e910
CSIX,1572256001,024353490001,-61,6,128,43300400160015ff15fd13fd13fc13fb12fa12f911f812f711f711f712f612f612f614f613f713f712f812f911fa11fc11fc10fd0ffe0000000000000000000000000000000000000000000012fd13ff14ff16001601160316041604170518061908190818081807160819071706160517061705170318031603180419031802
CSIX,1572283258,024353490001,-61,6,128,433004000f0e1109130a110813071204120412021302150212ff1201150015ff1600160115011404130411031204110510050e040e060000000000000000000000000000000000000000000011071209120b120c130d110e110f1010101111111213121313120f140f11101410130f0f120e1110110e120e130e1410120d140f
CSIX,1572316890,024353490001,-61,6,128,43300400f6edf5edf5eff4f0f3f1f2f1f2f3f2f4f2f4f0f4eff5eff6eef5eff5eef4eef4eef4eff3f1f4f1f3f3f3f4f4f4f3f4f3f6f300000000000000000000000000000000000000000000f4eff5edf7ecf6ebf7ebf8e9f9e8fae9fbe8fae8fbe5fbe5fbe6fae6fbe7fbe6fbe8fae9f9e7f9e9f8e9f9e8f8ebf8e9f6e9f6e9
CSIX,1572345593,024353490001,-61,6,128,43300400e8fae8fbe9feebfeeaffea00ec01eb03eb03ea05eb05eb06eb05eb07ea06e906ea05ea04eb03ec02ec01ed01ed00ef00effe00000000000000000000000000000000000000000000ebfdeafbe9f9e9f8e8f8e9f6e8f5eaf4e9f3e8f2e7f0e7f0e8f0e7f1e9f2e6f1e8f3e8f4e8f3e8f5e8f5e7f5e8f6e7f5e6f6e8f6
CSIX,1572403872,024353490001,-62,6,128,433004000d140f140f100f0f100f100e100d130b120a150a15091508160a1509170a160b160b140c130c120c100c0f0c0f0d0e0c0d0d000000000000000000000000000000000000000000000f110e130d140d170d160b180a190919081a091a0a1e0a1e091c091c091b091d091b09190a1a0a190b180b1a0b170c180e190d18
CSIX,1572435518,024353490001,-62,6,128,43300400110a120911071106120512051103130212021300130013ff150014ff1600150115011502130212031104110411050f050e060000000000000000000000000000000000000000000012071209120a130c120c120e120f110f111111111213121411141213101211131011100f1211110f120f120f110d120f130f130d
CSIX,1572463467,024353490001,-62,6,128,43300400041606160813081309130a120b110c100c0f0f100f0f0f0e1010100f1010111110110f120d110c110a100a1009110910070f0000000000000000000000000000000000000000000008140616041704190319021b001bff1bfe1bff1bfe1ffe1efd1dff1cfd1bfe1dfe1bff1aff1c001a001b001a0219021b031b031a
CSIX,1572493517,024353490001,-62,6,128,433004000fef0eee0bed0aee0aed08ed07ee05ed04ec04ea03eb02eb03e902e903e804e804e805e906eb06eb07ed08ee09ee08f009f1000000000000000000000000000000000000000000000bed0ded0eed11ed11ed13ed14ee14ef16ef17ef19ef19ef19ef18ef17f119ef16f015f016ef15f014ef15ef13ef14ee13ed13ed
CSIX,1572525361,024353490001,-62,6,128,43300400e90bee0def0cf00cf00df00df30ef40df10ff113f411f710f414f210f415f115f214f112f20ff110f10ef10cf20cf30ef10a00000000000000000000000000000000000000000000ee0eee0dec0ce90eea0ce70be70ae609e708e309e509e20be109e80ae107e307e607e708e50ae708e807e80ae909e70ae60ce90d
CSIX,1572558872,024353490001,-62,6,128,43300400041506150812081109110a100a0f0b0f0c0e0f0e0f0d0f0d100e100d110f121010110f100d0f0c100b100a0f0a10080f061000000000000000000000000000000000000000000000081406160516051804180319021a011a001b001bfe1efe1dfd1dff1cfe1bfe1dfe1bff1a001b00190119011a02170119031a0319
CSIX,1572583337,024353490001,-62,6,128,43300400f614f817f6f5ff13fe13ff1304060211061107110002091208130b1216fd091209140814161408120414041004130411021100000000000000000000000000000000000000000000f412f212ef18ef12ef13ed13ea0dec10eb12eb11e315e912e912ea13e314ea14eb13ef12f211ee13f014ee14050bf017f218f416
CSIX,1572647524,024353490001,-63,6,128,4330040017fc16fb14f813f812f612f611f510f30ff30ff10ef00df00fee0eef0fee10ed10ef11ef10f010f111f310f411f40ff610f70000000000000000000000000000000000000000000017f818fa19fb1bfb1bfc1cfe1cff1cff1d011e0121022102200320011e0220021d021c011e011c001c001d001bff1c001dff1cfe
CSIX,1572673496,024353490001,-63,6,128,43300400ebf5ebf7ebf9ecfaebfcebfdecfeec01ec00ea01ea02eb03ea04ea05e904e704e803e803ea01ea00ebffebffebfdedfceefb00000000000000000000000000000000000000000000e9f7e9f6e8f4e8f3e8f2e8f1e7efe9efe8eee8ece7e9e8e9e9e9e8ebeaebe7eae9eceaede9ece8eee8efe9eeeaefe9eee9eeeaf0
CSIX,1572703754,024353490001,-63,6,128,43300400160016ff14fc13fc13fa13f911f811f610f611f30ff30ff210f110f212f013f113f113f212f412f512f612f712f711f811fa0000000000000000000000000000000000000000000017fc19fe18001b011a011c041c041b051c061c071e081e081e091e081c081d091c081b061c071c071b051c0619041b051b041a04
CSIX,1572733587,024353490001,-63,6,128,4330040014091508130513051302130112ff13fe12fd14fc13fb13fa15f914f916f916f917fa16fa15fc15fc14fd12fe13ff120012010000000000000000000000000000000000000000000016071609160a170c170c180e170f160f16111611171418141715171416131714161315111712171117101710150f1610170f160e
CSIX,1572765968,024353490001,-63,6,128,43300400f815fa15fc14fd13ff140013011203130312051406130612071308140815071607160615051404140313021300130112ff1100000000000000000000000000000000000000000000fd17fb17f918f819f819f619f41af319f31af11aef1bef1bef1af11af018ef1bf119f219f11af219f319f219f318f219f419f517
CSIX,1572824295,024353490001,-63,6,128,43300400f613f714fb13fc12fd13fe130012011302120414051206130615061406160617051704160315011500140013ff13ff12fd1100000000000000000000000000000000000000000000fa16f716f616f417f516f217f016f016ef16ef17ec19ec18ed17ed18ed16ec17ee16ef15ee17ef16f016ef17f215f116f118f316
CSIX,1572913618,024353490001,-63,6,128,43300400100f120e110b110a12091208110612051204140313011401150116001701180117021704150315051305120513061106100700000000000000000000000000000000000000000000120c120e120f12111212111411150f1610161018111a111a101a11190e19101a0f180f1610171016101611161014101512141113
CSIX,1572943584,024353490001,-63,6,128,433004001507160615031302140114ff14fe13fd13fc14f913f913f814f814f716f717f716f816fa15fb15fc14fd13fd13fe12fe11000000000000000000000000000000000000000000000016041606160718091809180b190d170d180f19101b111a1119111a1117101a111710170e190f180e180e180d170b180c190c180b
CSIX,1572973676,024353490001,-63,6,128,43300400ef0ff011f311f410f511f512f811fa13fa13fb15fc14fc14fc15fe17fd17fc18fb17fa17fa15f915f813f812f712f710f60f00000000000000000000000000000000000000000000f212f011ef12ed12ed11eb11e911e90fe910e610e410e410e40fe50fe70ee410e70ee80fe70fe90fe910e810eb0fe910ea11eb10
CSIX,1573004735,024353490001,-63,6,128,433004000e120e110f0e0f0d110c100b1009110911071307130514041505140517061606160715081308130911091109100a0f0a0e0b00000000000000000000000000000000000000000000110d111011111113101210150f170e170e180e190f1c0e1c0e1b0e1b0c1a0d1c0d1a0c170d1a0d180e180d180e160e180f180f16
CSIX,1573063164,024353490001,-63,6,128,433004001803170216ff14fe15fd15fd13fc13fa12f913f711f610f611f612f413f514f413f513f612f713f812f912fa12f911fb10fc0000000000000000000000000000000000000000000017fd18ff19001a011b021b041b061b071b071d081f091f091e091d081c091f091b081c081c071b081c071c081b061d071d061b05
CSIX,1573126269,024353490001,-63,6,128,43300400ebffeb00ed02ee02ee03ef04f005f006f007ef08f009f00af00af00bef0bee0bee0bee0aef09ef08ef06ef06ee04f004f00200000000000000000000000000000000000000000000eb02eb01e900e9ffe9fee8fde7fce9fbe7fbe6fae5f8e6f8e6f8e6f9e7f9e5f9e7f9e7fae7fae7fbe7fbe7fce8fce7fbe7fbe8fc
CSIX,1573153174,024353490001,-63,6,128,43300400fa12fb13fe12fe10001100110210031003100510060f060f061007100712071306120612051104120311021101110110ff1000000000000000000000000000000000000000000000fe13fd14fc14fb15fa15f916f816f716f616f516f418f418f316f418f415f418f516f515f516f616f716f616f715f616f716f716
CSIX,1573185102,024353490001,-64,6,128,4330040008eb07ea04ea03ec02eb01ecffedfdecfdecfbebfaecf8ecf8ebf8ebf7eaf8e9f9e9f9e9faeafbeafcecfeecffebffec00ed0000000000000000000000000000000000000000000006e908e909e80ae80be80de80de70ee810e711e714e613e613e712e612e813e511e710e810e80fe70ee70ee70ee80fe80fe70de9
CSIX,1573213730,024353490001,-64,6,128,43300400f5ecf4ecf3f0f3f0f1f2f0f2f0f4f0f5f0f6edf6edf7ecf9eaf8ebf8eaf7e9f6eaf6eaf6ecf6edf5eef4f0f5f0f4f1f4f3f300000000000000000000000000000000000000000000f2eef3ecf3ebf2e9f4e9f4e6f5e6f6e6f7e5f6e4f7e1f6e0f7e1f6e2f8e3f7e1f7e3f8e5f7e3f7e5f6e5f7e4f6e6f6e5f5e5f5e7
CSIX,1573244704,024353490001,-64,6,128,43300400eef2ecf4ecf7ecf8ecf9ecfaedfcecfeecfdeafeeb00eb01e901ea02e701e800e801e800e9ffeafeebfdecfdecfcedfbeefa00000000000000000000000000000000000000000000ecf4ecf2ecf1ebefecefecedebebeeebeceaede8ebe5ece6ede5ece7ede8ebe6ede8edeaece9edeaecebebebededecebecebecec
CSIX,1573283944,024353490001,-63,6,128,43300400ffeafeeafbebfbedf9ecf8eef8eff6eff6eef5eef4eff3f0f2eff2eff1eef2edf3eef3eef4eef5eef6eef7eff8eefaeffbef00000000000000000000000000000000000000000000feeaffe9ffe801e701e703e603e504e605e606e408e308e208e407e407e507e306e605e605e505e503e504e503e704e603e503e8
CSIX,1573304131,024353490001,-63,6,128,43300400f510f713f810f911fc12fb11fe10fe11fe1100120111011200130213021400140114ff14fe12fe12fd11fc10fc11fc0ffa0e00000000000000000000000000000000000000000000fa12f813f813f613f414f415f213ec15f612ef12ee15ee17eb13f313ec11ee13ee11f012f014ef12f112f015f212f013f214f313
CSIX,1573333423,024353490001,-63,6,128,43300400fce9fbe9f9ebf8edf7ecf6ecf6eef4eef3eff2eef1f0f1f0f1f0eff0efefefedf0eef1edf2eef4eef5eef6eef7eef8eff9ef00000000000000000000000000000000000000000000f9e9fbe9fce7fde5fce5ffe400e301e401e302e203e003e003e102e103e302e002e302e401e301e400e300e300e500e4fee3ffe4
CSIX,1573363165,024353490001,-62,6,128,4330040009130a130b100b100d0f0c0e0d0d0e0d0e0b100c0f0b100a110b100a120c110c110d100d0f0d0e0e0c0e0c0c0c0e0a0d090d000000000000000000000000000000000000000000000c100b120b130b150a140a170818071806190719071c071c061b071b061a051b061a0617061a0619081807190716081809180918
CSIX,1573423278,024353490001,-62,6,128,43300400041805190815071509150a140a110c120c110e120e100f0f0f11100f1111111210120f120d110d120b11091109130811051100000000000000000000000000000000000000000000091507170617061a0519041c031c021c011d001dff21ff21fe1f001fff1eff1fff1e001c001e011d021d021e011b021d031e021e
CSIX,1573457900,024353490001,-63,6,128,4330040005e804e702e801e900eaffe9ffebfbeafcedfaebf9ebf8ebf8eaf7ebf8eaf8e8f8e9f9e9faeafbeafdebfdecfeebffec00ed0000000000000000000000000000000000000000000000e903e803e805e605e708e609e509e60ce50be40de30de30de30ce20de50ee30ce50be60be40be509e40ae409e609e509e308e4
CSIX,1573483344,024353490001,-63,6,128,4330040018ff18fe16fc16fc15fb15fa14fa13f712f813f611f510f412f412f313f313f313f313f513f613f713f812f913fa11fb10fd0000000000000000000000000000000000000000000014fa16fc17fd18fe18fe19001a011a021b031b041f041e051d051d051c051d051c041a041c041b041c031c031a021c031d021b03
CSIX,1573518450,024353490001,-63,6,128,43300400e9f8e9f9eafcebfceafdeafeecffeb01ed01eb03ec04ec05eb04eb05ea06e905ea04ea04eb03eb02ec01ec00ec00eeffeefd00000000000000000000000000000000000000000000ebfceafaeaf9e9f8e9f8e8f7e8f4e9f3e9f4e8f2e6f1e6f1e7f0e6f1e8f1e6f1e7f2e8f3e6f3e7f2e7f3e7f3e8f4e7f5e6f4e7f5
CSIX,1573544780,024353490001,-63,6,128,43300400f5eef4eff4f0f4f2f3f2f3f3f3f4f2f5f1f5eff6f0f7f0f8eff7eef7eef7edf6eef6eff6f0f6f0f5f2f5f3f5f3f4f5f5f6f400000000000000000000000000000000000000000000f3f2f4f1f4eff4eff4eef5edf5ebf6ecf6eaf6e9f6e7f7e7f7e8f6e9f8e9f6e7f7e9f7eaf6e9f7eaf6eaf6eaf6ebf5e9f4e9f5eb
CSIX,1573576129,024353490001,-64,6,128,43300400ea02ee07eb06ef02ed05f306f307ee09f308f40cf40cf40cf40df50df20ef30ef30ef20df20cf20cf20af30af209f208f20600000000000000000000000000000000000000000000ef04ed02ed02ea02ec01eb00e901e9ffeaffe8ffe6feea01e900e4ffee00e7fbedfbee02e501ed03e602e6ffec03ea01e903eb03
CSIX,1573633274,024353490001,-64,6,128,43300400eafde9feeb00eb01ec03eb03ee04ed06ee06ec08ee09ee0aed0bed0bec0beb0ceb0bea0aec09eb08eb06ec05ec04ee03ee0200000000000000000000000000000000000000000000eb00eaffeafee7fde8fde7fae6fae7f9e6f8e6f7e4f6e4f5e5f5e4f6e6f6e4f5e5f7e7f8e5f7e6f8e6f9e5f8e7fae5f8e5f9e6fa
CSIX,1573693285,024353490001,-64,6,128,43300400160618041600150016ff15ff14fd14fc13fb15f914f814f816f715f717f717f817f817fa15fb15fc15fd13fd14fe13ff12000000000000000000000000000000000000000000000015001603160418051806190819091809190b190a1b0c1b0d1b0d1b0c190d1b0e1a0d180a1b0c190b190a1a0b1708190a1b091908
CSIX,1573728482,024353490001,-63,6,128,43300400fc16fd16011600140115021503130513051207140713081209140a1309150916091508150714051504130313021401120112000000000000000000000000000000000000000000000114ff15fe16fd18fd17fb18fa19f918f819f81af61cf61cf51bf61bf51af51cf61af719f61af71af819f81af918f81af91bfa1a
CSIX,1573753534,024353490001,-63,6,128,4330040002e802e7ffe8ffe9fde9fde9fdebfaebfaebf8ebf8ecf6edf6ecf5ecf5eaf5e9f6ebf7eaf8ebf9eafaecfcecfbecfcedfded00000000000000000000000000000000000000000000feeb01ea01e802e703e705e506e607e608e509e50ae20ae30de210e409e50be209e408e509e408e507e408e406e507e307e306e5
CSIX,1573814604,024353490001,-63,6,128,43300400f317f713fb19fb15ff13fa14ff10ff11ff11001402100113021305110213031603130215021302110112fe0fff12fe0ffc0e00000000000000000000000000000000000000000000fc13fb13f813f716f815f514f315f316f318ef13ee17ee15ee15ef17f115ef17f215f213ef15f017f214ef15f014f015f215f518
CSIX,1573874878,024353490001,-63,6,128,43300400f9eaf8e9f6ecf7edf6eff6eff5f1f3f2f4f4f1f3f1f5f1f6f0f5f0f6eff5eff5eff4eff4f1f5f1f4f2f5f3f6f3f4f4f5f5f400000000000000000000000000000000000000000000f3ecf5eaf6e9f6e6f8e8f9e5fae4fbe4fbe4fbe3fce0fce1fce1fbe1fde2fce1fce2fce5fbe3fbe4fae5fbe3fae6fae4f9e4f9e5
CSIX,1573934237,024353490001,-63,6,128,43300400f012f013f312f512f512f712f911fa11fb11fb13fd11fd12fe12fe12fe13fd13fe13fe12fe11fd12fc10fc10fb10fc0ffa0e00000000000000000000000000000000000000000000f516f316f115f016ef15ed15ed14ec13eb14ea14e815e815e814e915e913e714e913eb13ea14eb14ec14eb14ed14eb14eb16ed15
CSIX,1573964063,024353490001,-63,6,128,43300400140714061404130313021301110012ff11ff12fe11fc10fc11fc11fc11fc12fc11fc11fd0ffd10fd10ff0ffe10ff0e000d010000000000000000000000000000000000000000000015011503160416061706170816091609160b170b190d190d180d180b160c190e160c160b170c170b170a180b160a170b180a1709
CSIX,1573995119,024353490001,-63,6,128,43300400fe18ff17031600150215021602120512041207140611081107120812091208120713061206110512031102110311021000100000000000000000000000000000000000000000000004170217011800190019fe1afc1bfa1afa1bfa1bf91df91efa1cfb1ef81af91ef91bfa1bfa1bfa1bfa1bfb1cfc1afb1cfc1dfc1b
CSIX,1574023189,024353490001,-63,6,128,43300400e9f6e8f6eaf9ebf9eafbeafbebfceafdebfeeafeea00eb00ea00eb01ea00ea00eb00ebffecffecfeedfdeefdedfbeffbf0fa00000000000000000000000000000000000000000000e9fde9fae8f9e7f8e7f6e7f5e7f4e8f3e7f3e7f2e6f0e5efe6f0e6f0e8f0e5efe7f0e7f2e7f1e7f2e7f3e7f2e8f4e7f2e5f3e7f3
CSIX,1574053246,024353490001,-63,6,128,43300400e900e901eb03eb03eb04eb05ed05ed07ee06ed07ee07ef08ee08ef09ee09ed09ee08ee07ef07ef06ef05f004ef04f102f10100000000000000000000000000000000000000000000ed04ec02ea02e901e901e7ffe7fee8fde7fde6fbe4fae5fae5fae5fbe7fbe4fbe6fce7fde6fce7fce7fde6fde8fee6fde6fee7fe
CSIX,1574085521,024353490001,-63,6,128,43300400ed11ee12f012f111f212f213f411f513f512f514f612f712f713f813f714f714f713f713f711f611f50ff50ef40ef40df40b00000000000000000000000000000000000000000000f411f211f011ef11ee11ec10eb10eb0fea0fe80fe610e60fe70ee70fe80ee610e90fe90fe910ea0fea11ea11eb10e911e911eb12
CSIX,1574114117,024353490001,-63,6,128,43300400ffe9fee8fdebfdebfcebfbebfbedfaedfaeef8edf8eef8eff8eef8eff8edf8eef8edf9edfaeffbeefdeffdf0fdf0fdf1fff100000000000000000000000000000000000000000000fbeefdecfdecfdeaffeb01e701e909ea03e902e903e604e601e802e804e701e503e703e804e703e802e703e700e902e700e600e6
CSIX,1574145825,024353490001,-63,6,128,43300400edececedecf0edf0ebf2ebf2ecf5ebf6ebf6e9f5ebf7eaf8eaf8eaf8e9f7e9f7e9f7eaf6edf7edf6eef5eff6f0f5f1f5f3f500000000000000000000000000000000000000000000edf3eef1eeefededeeedeeebefeaefeaf0e8efe7efe4efe5f0e5efe5f0e7efe4efe6f0e8efe7eee8edeaede9eeeaede8ece8ece9
CSIX,1574175839,024353490001,-64,6,128,43300400e8f6e6f5e8f8e9f9e8fae9faeafceafdebfee8ffe900ea01e800ea00e800e900e9ffe9feebfdebfdecfceefcedfbeffbf0fa00000000000000000000000000000000000000000000e9fce9fce9f8e7f8e8f7e7f5e7f3e8f2e8f1e7f1e5efe5f0e6f0e5f0e7eee6efe7f0e8f1e6f0e7f0e7f2e6f1e7f3e5f2e4f2e5f3
CSIX,1574203768,024353490001,-64,6,128,433004000a130a140b120a100b0f0c0e0d0d090e110b0e0f100c0f0a0f0b100a100a110c100c0f0c0e0c0d0c0b0c0b0d0a0d070d080b000000000000000000000000000000000000000000000b0e0a100b120a13091508160717071707180418041b031c031b051b0517061c0517071907170719061608170717071909190717
CSIX,1574236614,024353490001,-64,6,128,4330040011f30ff20ef10cf20cf10bf109f109ef07f008ee06ef05ee06ee05ed05ec06eb06ed07ed07ef08ef07f008f109f108f309f4000000000000000000000000000000000000000000000cf10ef110f111f212f213f315f315f415f417f419f419f419f618f517f519f416f516f516f516f414f316f314f415f315f214f3
CSIX,1574293168,024353490001,-64,6,128,4330040006ec04eb01ed01ed00ec00edfeeefdeefceefaedf9eef8eef8edf8eef8ebf8ecf8ebf9ebfbedfbecfdedfceefdedfdeeffee0000000000000000000000000000000000000000000001eb04e906ea07e807e90ae80ce90cea0eea0ce90ee70ee70ee80de80ee90fe80dea0cea0de90bea0aea0bea08eb09e908e809e9
CSIX,1574325813,024353490001,-64,6,128,433004001705170415021401150015fe14fd14fc13fb15f814f813f715f715f616f617f617f816f816f915fa15fb14fc15fd13fd13ff000000000000000000000000000000000000000000001802180519061a081a091a0b1a0d180d190e19101a121b1219121a1118111a10180f170d180e180d180c180c160a190b190b190a
CSIX,1574413479,024353490001,-63,6,128,43300400e700e702ea04eb04eb06ea07ec07eb09ed09ec0bed0ced0deb0dec0deb0dea0deb0ceb0bec0aeb09eb08ec08ec07ed06ed0400000000000000000000000000000000000000000000e701e6ffe5fde4fde5fce4fbe5f8e5f8e4f7e4f6e2f5e2f5e4f5e4f6e5f6e4f5e5f7e7f8e6f8e7f9e7fbe7fae7fce6fce5fde6fe
CSIX,1574445245,024353490001,-62,6,128,4330040006150714091308120a120b120b110c100c100e110e0f0e0f0e0f101010100f110e110e110d100c100a0f0a1009100810060f00000000000000000000000000000000000000000000071405150417031802180119001afe19fe19fd1afc1cfc1cfc1bfd1bfd19fd1bfe18ff18ff18ff17011701170115021804180417
CSIX,1574473381,024353490001,-62,6,128,4330040015f113f114ec11f011ee10ee0ced0eed0dec0eea0dec0cea0de90dea0de80eea0deb0feb0cef0eee0ff00ef010f20ef20ef40000000000000000000000000000000000000000000011ef13f115f017f118f319f418f71af61bf71bf61bf71df61cf81df71cfb1cf71cf817f617f819f618f518f41af518f319f118f0
CSIX,1574533509,024353490001,-61,6,128,43300400e4f9e0f6ebfdebf6eeffe604dbffe6fdebffe907e902e705e701eb04ee0be707e507e703eb05ee07eb07ec03ea00f002ef0200000000000000000000000000000000000000000000f1eef1ecf3ebf2e8f3e9f3e8f4e8f3e9f3e6f4e7f3e5f2e6f2e6efe7f1e7efe6f1e8f0eeeeeae7ebede8f0eff2f9e6f5e4f0e5ed
CSIX,1574563259,024353490001,-62,6,128,433004000d1010120f0e0f0f100e100d0f0b100c1109130b12091309120a120a130b120a110b100b0f0b0e0b0d0b0c0a0c0b0b0a0a0b000000000000000000000000000000000000000000000e0e0d100b100c140b120b140b18071a06150a1509170a1608170c1807190917091508150a1509140c140b150c110d130d130e14
CSIX,1574595027,024353490001,-62,6,128,43300400f012f013f213f313f414f415f614f715f714f716f715f815f716f815f716f616f615f615f712f612f610f50ff40ff50ef50d00000000000000000000000000000000000000000000f212f011ef11ed11ed10eb10eb0feb0eea0fe90ee60fe60fe70ee80ee90de80fea0eeb0eea0feb0fed10ec10ee10ec11ec13ed12
CSIX,1574624128,024353490001,-62,6,128,43300400140614041403140314021301120116ff160015fe13fe12fd14fe14fe15fe14ff14ff1400120011011002100210020e030e040000000000000000000000000000000000000000000012031305130615071408130b130b120b130c140c150e140e130d140c120c140d130c120b140b130a130a130a1208150916081508
CSIX,1574654814,024353490001,-62,6,128,43300400e501e502e705e804e807e808ea07e909ea09e80bea0bea0be90bea0be90be70be909e908eb08ea07eb05ec05ec03ee03ed0200000000000000000000000000000000000000000000e802e700e6ffe5fde5fde5fbe4fae5f9e5f9e3f8e2f7e2f7e3f7e3f8e5f7e2f8e4f9e5fae4fae4fbe4fde4fde5fee3fde2ffe4ff
CSIX,1574685468,024353490001,-63,6,128,43300400fe18fe190217021703170417051506160616071707160715071708160717071706160516041403140213011300130212ff11000000000000000000000000000000000000000000000117ff17fe18fd1afc19fa1af91bf919f81af71bf51cf51df51cf61cf61af61cf71af819f91af91afa1afa1afb18fa1afc1cfc1b
CSIX,1574714369,024353490001,-63,6,128,43300400edf4edf4ecf7eef7ecf8ecf9edfaecfbedfaebfaecfbecfcebfbebfcebfceafbecfaedfaeefaeff9f0f9f2f7f1f8f2f8f4f700000000000000000000000000000000000000000000ecf6edf5edf4ecf3edf2edf0edefefefeeeeeeedeeeceeebeeeceeecefededecefeeefefeeeeeef0eef1edf0eef2edf0ecf0ecf1
CSIX,1574743700,024353490001,-64,6,128,43300400e7fee600e702e902e804e905ea05eb07ea06e908ea07eb09ea09ea0aea09e908e908eb07eb06ec04eb04ee03ec02ee01ef0000000000000000000000000000000000000000000000e701e6ffe6fee4fce5fce4fae3f9e5f8e4f8e3f6e1f5e2f5e3f5e3f5e4f6e2f6e4f7e5f8e4f8e5f9e5fae3fae6fce3fbe3fbe4fc
CSIX,1574774264,024353490001,-64,6,128,43300400ecf0ebf1ecf5ebf6eaf7eaf7ebf9eafaeafbe8fbe8fce9fde8fce9fce7fbe8fbe9fbe9faebfaebf9edf8eef9eef8f0f8f1f700000000000000000000000000000000000000000000ecf2edf0edeeecededededeaeeeaefeaefe9eee8eee6eee6efe7eee7efe7eee7efe8efeaede9eeebedecedebeeeeecebebececed
CSIX,1574803833,024353490001,-63,6,128,43300400f2eff5f2f0f1f1f2eef4f1f3f0f4f0f7eff7edf4f0f6eef8ecf7eef8eef5eef7eef5f0f6f1f5f0f5f2f5f3f5f4f5f5f6f6f600000000000000000000000000000000000000000000f3f1f5eff3eef4ecf4eef4ebf7ecf3f2f7ecf6ebf8e6f8eaf4e8f7e9f5ebfbe5f8e7f8ecf6eaf6ebf5edf5edf5eef4ecf4ecf3ee
CSIX,1574836891,024353490001,-63,6,128,43300400fe17ff180116031504160516061406150614081608140814081508140816071707160615061405130213031300130111ff10000000000000000000000000000000000000000000000116ff17fe17fd19fc18fa19fa1af919f81af81af51bf61cf61af71af619f61bf719f818f819f918fb19fb19fb18fb19fc1afd1a
CSIX,1574866436,024353490001,-63,6,128,433004000c140e150f110e1010101010100e110e110d130e120c130c140d130d140e130e130f110e0f0d0f0e0d0e0c0e0c0f0a0e090e000000000000000000000000000000000000000000000d110c130b140b160a1509180918081707190719071c071c071b081a0719071b071908170819081709160a1809150a170d170d16
CSIX,1574893188,024353490001,-63,6,128,433004000117ff160417031507150415071107150711091309120c130c1508100b15081108120615081205130413040f041003110210000000000000000000000000000000000000000000000313011600130018fe16fe17fa15fb16fa17fb17fc19fb18fd18fc1bfd16f917fa16fb14fa17fa16fd17fd16ff13001702190016
CSIX,1574929852,024353490001,-62,6,128,43300400e8fde7feea01e901e902e902eb02ea04eb05e906ea06eb07ea07eb06e907e906e805e904eb03eb03ec01ed01ec00eeffeefe00000000000000000000000000000000000000000000ebffebfdeafce8fbeafae8f8e8f7e9f7e9f6e9f6e6f5e7f5e8f5e7f5e8f6e7f5e8f6e9f8e7f7e8f8e8fae8f9e9fae7fae6fae7fb
CSIX,1574954490,024353490001,-62,6,128,43300400e907e909eb0aec0beb0ded0bee0dee0dee0ded10f00ef010ef11ef10ed10ed10ee10ed0eee0ded0bee09ee08ed09ef07ef0500000000000000000000000000000000000000000000ed08ec07ea06e905e904e703e701e701e701e601e5ffe400e5fee401e700e5ffe702e902e603e602e903e502ea03e806e507e706
CSIX,1575014109,024353490001,-62,6,128,4330040017fd17fb16fa16f916f915f814f814f613f615f413f412f413f413f314f414f414f514f713f713f912fa12fa12fb11fb11fd0000000000000000000000000000000000000000000014fb15fe16fe17ff16ff180118031703170318041b051a051905190418051a0418031703190218021701180116ff19001afe19fe
CSIX,1575044429,024353490001,-62,6,128,43300400f70ef9100110ff13021401170016ff16fe1500140312041205130715051703190117ff16fe12ff11000f010f0011ff10fd0f00000000000000000000000000000000000000000000f60df40ef210ee0fed0eec0aea0af507ee0aef0aed0ced0eea13ed14eb0fe711ec0eed0cf00df10bf40df50ff711f313f215f214
CSIX,1575075125,024353490001,-62,6,128,43300400e908e909eb0bec0aec0cec0cee0cee0def0dee0fef0ff00fee0fef0fee0fed0fed0eee0dee0bee0bee09ef08ee08f007ef0500000000000000000000000000000000000000000000ee0aec08eb07e907ea06e805e704e804e703e703e403e503e502e503e602e403e602e803e604e704e705e705e806e606e608e608
CSIX,1575164296,024353490001,-62,6,128,4330040019051a041902190119011a0018ff19fe18fe1afd18fc18fb19fc18fc1afd1afd19ff18ff16ff16011501130214031203110400000000000000000000000000000000000000000000170018031904190519071908190a180a190b1a0b1b0d1b0d1a0d1a0c190d1b0d180c180b190b190a19091a0918081a091c081b07
CSIX,1575196613,024353490001,-62,6,128,43300400150e170d13151608180a1508220619051608180512fb19061a061604100c1807180716051c0c150812071207140310090f0900000000000000000000000000000000000000000000140b140e1910131113111314110e10121116111517151019101811160b12111711151212120e1212141214130a17151216121611
CSIX,1575227687,024353490001,-62,6,128,433004001503160216ff15ff16fe16fe15fd15fb14fc16fa15fa14fa16fa15fa16fb16fb16fc15fd13fd14fe11ff1100110010000f020000000000000000000000000000000000000000000014001502150417051606160816081509160a160a180c190b170a170a160a180b170a160818091608170717071606180619061805
CSIX,1575266390,024353490001,-63,6,128,43300400ea06eb08ed09ed09ed0aed0bee0aee0cef0cef0def0df00dee0def0ded0ded0dee0ced0bef09ef08ef07f007ef06f105f10400000000000000000000000000000000000000000000ed08ec06ea06e905ea04e803e802e802e801e701e500e500e600e601e700e500e700e801e801e802e902e803ea04e804e805e905
CSIX,1575316930,024353490001,-63,6,128,43300400f715f818fa15fc15fc16fd17fc1602160215ff1700170017ff19ff16fe19fe18fe18fc16fc13fb13fb11fb10fa11fb10f81000000000000000000000000000000000000000000000fb15f715f715f516f414f316f214f115f014f014ee16ee16ed15ef16ee15ee15ef15f113f014f214f214f215f513f316f417f517
CSIX,1575354627,024353490001,-63,6,128,43300400e9f9e9f9e8fce9fce8fde8fee9ffe700e8ffe500e700e801e700e700e600e6ffe7fee8fdeafdeafcecfcedfbedfaeefaf0f900000000000000000000000000000000000000000000eafaeaf8e9f6e9f5e9f4e9f2e9f2ebf1eaf0eaefe9ede9edeaedeaedebefe9eeebf0ebf1eaf0ebf1eaf2eaf2ebf4eaf3e8f5e9f5
CSIX,1575373346,024353490001,-62,6,128,43300400fe14ff170213021403150216041404150514061607150715061606140517051604160316021401130013001100110010fe1000000000000000000000000000000000000000000000ff15fc16fc14fa16fb15f916f817f715f616f716f418f418f316f416f414f418f516f614f516f815f915f815fa14fa16fb17fc17
CSIX,1575434113,024353490001,-62,6,128,43300400ebf7eaf9ebfbebfbe9fce9fdebfeea00ea00e700e901e902e700e801e701e7ffe7fee8feeafdeafdecfcedfbedfaeefaeff900000000000000000000000000000000000000000000ebf9eaf8ebf6e9f5eaf4eaf1eaf1ebf0ebf0ebefeaeceaecebecebedecedeaedecefedf1ecefecf1ecf2ecf2edf4eaf3eaf4eaf4
CSIX,1575496186,024353490001,-62,6,128,4330040008130a130b100b0f0d100d100e0e0f0e100d120d110c120c120d120d130e130f121011100f0f0e0f0c0f0c0e0c0f0b0e090f000000000000000000000000000000000000000000000812071306140616051504170218011801180219011b021b011b021a0019011b0119021702180217031703170516061707170716
CSIX,1575525120,024353490001,-62,6,128,43300400ef0def0ef20ff30ff310f411f611f512f712f614f714f815f716f715f617f516f416f414f413f311f310f30ff20ff30df20c00000000000000000000000000000000000000000000f20df00def0ced0ced0beb0bea0bea09e909e809e60ae60ae608e709e707e609e809ea08e809ea0aeb0aeb0bec0beb0beb0deb0d
CSIX,1575561562,024353490001,-63,6,128,43300400f5eaf4eaf2edf2eef1eef0eef0efefefeef0ecf0ecf1ecf1ebf0ebf0ebefebeeeceeededefeef0eef2eef3eef3edf5eef7ee00000000000000000000000000000000000000000000f4eff6edf6ebf6eaf6eaf8e8f8e7f9e7fae6f9e5fbe3fae3fce4fbe3fce5fbe3fbe5fbe7fbe5fae6f9e7f9e6f8e8f8e6f6e6f6e7
CSIX,1575631998,024353490001,-63,6,128,4330040014f614f413f311f311f311f20ff20ff10ff10fef0ef00eef0fef0eee0fee11ee10ef10f010f210f310f40ff610f70ef90ef9000000000000000000000000000000000000000000000ff511f512f613f614f615f816f816f817f918f91afa1af91afb1afa18fb1bfa18fa17f918fa17f917f818f816f817f818f617f6
CSIX,1575647063,024353490001,-64,6,128,43300400ea0deb0eed10ee0fee10ee11f010f111f112f114f213f313f213f214f214f014f013ef12f010f00ff00df00bef0bf10af10800000000000000000000000000000000000000000000ef0dee0cec0ceb0cea0be90ae70ae809e609e509e309e309e308e409e608e209e509e709e509e50ae70be70be80be60ce60de70d
CSIX,1575704742,024353490001,-63,6,128,43300400edf6e9f3edf6edf7ebf8ebf7ecfaedfdecfce9fbe8fdebfeeaffeafdeafdeafdeafdebfcedfbeefaeffaf0faf0f9f1faf3f800000000000000000000000000000000000000000000eff4f0f2eff1f0f0f1efefeef2eaf2ebf2eaefe9f1eaede4eee8f3eaf0ebeeecf0edefeaf0eef0e6f3eef5ede8eaecf4f4e7f2ed
CSIX,1575763192,024353490001,-64,6,128,43300400ed0bed0df10df00df20ff30ff40ff510f50ff411f510f611f513f612f414f512f312f312f510f30ff30df30cf20bf30af20900000000000000000000000000000000000000000000ef0ced0bed0aea0aeb09e908e909e908e807e807e507e506e605e607e707e607e707e908e708e909ea09ea0aeb0ae909e90aea0a
CSIX,1575795222,024353490001,-64,6,128,43300400100f100f120a10080f0913080f08120811071305120611051105120613051307120813071006100a10090f090d0a0d0a0b0a00000000000000000000000000000000000000000000110e0e0f0f0e0d110f100e110c130b110c140d150c160b180b150e170a170a170b160b110c140d170e120b120d140d150e130d11
CSIX,1575826839,024353490001,-64,6,128,4330040009ed09ed05ed05ec04ec04ed02ec02ebffeaffe9fdedffebfde7fee9fee800e900ea00eb01ec02ec03ec04ee05ed03ee05ef0000000000000000000000000000000000000000000008ec0cec10ec12ec0eeb14ed11f014ee13ef14ee15ec15eb15ed14ec14ee16ed12ec12ed12ec13ee0fee11f00eed0feb12ed0fea
CSIX,1575854069,024353490001,-65,6,128,43300400eb03eb05ed06ee06ee08ee08f009f00bf00aef0cf00cf10cf00df00def0eee0eef0dee0cef0aef09ef08ef08ef06ef06f00400000000000000000000000000000000000000000000eb05e904e903e702e801e7ffe7ffe7fee7fde6fde4fce4fce4fbe5fde6fce3fde5fde7fee5fde6fee6ffe7fee9ffe6fee700e800
CSIX,1575883414,024353490001,-64,6,128,4330040013fb14fa01f112f710f610f609e70cf20ff40fef12e30cf00def0ef11aea0fef0ff010f117f710f30ff60ef511fb0df60ef80000000000000000000000000000000000000000000014f616f811f619fa17fb1afc19fb19fe1aff1afe1dff1cff1bff1dfe20001c001b0018fe16f718fe1afe19ff1bf119fe19fd19fc
CSIX,1575913881,024353490001,-64,6,128,4330040014071506140313031402130012ff13fd13fd14fc14fb14fa14fa15f916fa16fa17fb16fc14fd14ff12ff120013011101100300000000000000000000000000000000000000000000160516081608170a160a170c170e150e160f16101812181217121811161119101710160e170f160f170d170e150c160d170d170c
CSIX,1575973709,024353490001,-63,6,128,433004000cef0beb07ef08f007ec05ee04ef02ee00ed00ebffec00edfeebfeebffeaffeaffeb01eb01ec00eb02ed01ee03ef04ee04f0000000000000000000000000000000000000000000000bee0dee0fee0fee10ed11ee13ee12ef14ee15ef17ed16ed16ee15ed13ee17ee14ef14ef14ee13ed11ee13ee10ed12ee12eb11ee
CSIX,1576037804,024353490001,-64,6,128,43300400ffe9fee9faebfbecf9ecf8edf6eff5eef5eff3eef3f0f2eff1edf2edf2ecf2edf3ecf4ebf5edf6edf8edf8edf8edfaeefbee00000000000000000000000000000000000000000000f9eafce8fde8fde5ffe6ffe401e501e502e401e403e203e103e102e204e204e003e202e403e202e401e302e300e502e400e300e4
CSIX,1576064477,024353490001,-64,6,128,4330040009140a140b100b100d0e0e0f0e0c100b0f0a120a120a1209140a130a150b140b140d130c110b100d0e0c0e0c0d0d0c0d0b0e000000000000000000000000000000000000000000000d120c150a150a170917091908190818071a081a071d071c071c071c071c061d071c0619081c081b081a081a0818081a091a0919
CSIX,1576093300,024353490001,-64,6,128,43300400ecfdecfeee00ef01f002f003f104f005f106f007f107f108f009f009ef0aef09ef08ef07f007f006f005f005f003f103f20100000000000000000000000000000000000000000000ec00ecfeebfcebfceafceafaeafaebf9eaf9e9f8e8f7e8f6e9f6e9f7eaf7e7f7e9f8eaf8e9f8eaf9e9f9e9faeafae9f9e8faeafb
CSIX,1576127263,024353490001,-64,6,128,4330040009f30bf409f209f106f308f203f203f000f202ef01efffeeffee00ee00ed01ed01ee02ed03ef03f004f004f104f104f206f3000000000000000000000000000000000000000000000aee08ed0aed0def0cec0ded0def12f010f10ff112ec13ed11ee14f20ff012ed15f216ed11ec12ef13e911f10dee10ed0fee0fef
CSIX,1576153217,024353490001,-63,6,128,43300400fbe8f5eaee01f9f1f5f6f3f4f5f8f2f6f3f9ebf6ecfff3fcf0f8ec0003f4efffecf9e9f7f1ecf0f9f2f8f1faf1f6f1f9f3f900000000000000000000000000000000000000000000f7ecf7e9fde3f7e5fbe8fce7fae9fae5fde5f5e6fcebfbe0f7e2f8e104e9fce4fce8f7e5f7e7fbe4f7e8fbe5f5f0f9ebefe3fee9
CSIX,1576183186,024353490001,-64,6,128,43300400eb07ec08ef09f008f10bf20bf40bf40df50cf410f40cf40ef310f70cf60df615f00ff40ff60ef50ef40bf50cf407f60bf50a00000000000000000000000000000000000000000000ee0cec0bec09ea09ea09e908e707e907e707e706e405e405e405e406e506e305e505e707e506e607e707e608e807e606e607e707
CSIX,1576244634,024353490001,-64,6,128,43300400e9f8e9f9ecfdecfdebffec00ed01ed03ee03ec05ed06ee06ec07ec07eb07ea07ea05e905ec04ec03ed03ed02ed01ef00ee0100000000000000000000000000000000000000000000e8fee8fbe8fae6f8e6f8e6f6e6f5e7f5e7f4e6f3e4f1e4f1e5f0e4f2e5f2e3f1e5f2e6f4e5f2e5f3e6f4e6f3e8f5e6f3e5f4e6f4
CSIX,1576273186,024353490001,-64,6,128,4330040011f610f50ef40df40cf40bf30af209f208f008ef07f006ef07ee06ee08ef09ec09ee09ef09f10af10af20af30af209f40af6000000000000000000000000000000000000000000000ff20ff212f213f213f314f516f516f716f617f519f41af519f618f518f71af419f718f517f719f718f617f717f517f618f416f6
CSIX,1576334508,024353490001,-65,6,128,433004000ff510f40ff10af20af309ef06f006f006f104ee05ef05f005ed05ed06ed05ed06ee07ed05ee08f206f107f209f107f208f5000000000000000000000000000000000000000000000cf10fee11f010ef11ef12f013f312f215f116f319f317f41bf516f517f11af318f116f719f518f114f316f315f316f317f413f3
CSIX,1576364866,024353490001,-64,6,128,43300400fdebfcedfceff8edfaeff8f0faf1f5f3f5eff5f2f6f1f5f2f3f2f3f3f3eff2eef5eff5f1f5f1f6f1fcf2faf0f9f0fbf2fcf300000000000000000000000000000000000000000000f9eef9ecfaeafaebfde8fce9fde8fce6fce5fbe8fee301e301e6ffe600e3fee2fee502e500e400e400e700e500e701e6fee5fee7
CSIX,1576394815,024353490001,-63,6,128,43300400eef2edf2eef6eef7eef8eef9eefbedfceefdecffedffec01ec00ec00eb00eaffebffebfeedfeedfeeefceffdeffdf0fcf1fb00000000000000000000000000000000000000000000ebf6ecf3ecf1ebf0ecefecededeceeeceeebeceaece8ebe9ece9ebe9ede9ece8ece9edebeceaedebecececebeceeebecebedecee
CSIX,1576423205,024353490001,-62,6,128,43300400e733ea31e7230517012b0429fb1012131036f216240a3c201e1a18fd34091b291d0431f8240c190e170628fd220b0ff919fa00000000000000000000000000000000000000000000e9dee9dee3e6e2dce6dee0dfe2ded9e4d3dce2e8ccf3c3d8d1e0d0f7bb0cc9e3daebd51ec903cffede0cce1fd00ad20ae322dc29
CSIX,1576456734,024353490001,-64,6,128,433004000deb0beb08ec07ed05ec04eb02ed00ec00ecfeeafdebfdebfdeafde9fde8fee8ffe9ffe900eb00eb01ec01ed02ee03ef04ef0000000000000000000000000000000000000000000009e90ce90ee90fe910e912e912e912eb14eb14ea17e917e916ea16e915eb17e815ea13ea14e913ea12e913e811ea13ea12e911ea
CSIX,1576484986,024353490001,-63,6,128,43300400ed0bee0bf10df20df30ef40ff60ff60ff70ff812f911fa12f913f914f814f714f813f613f711f610f60ef60ef60ef70df60b00000000000000000000000000000000000000000000ee0eec0dea0ce90ce90be70ae709e708e608e509e309e309e408e409e508e309e509e609e509e609e70ae60ae90ae70ae70ce90b
CSIX,1576513190,024353490001,-63,6,128,4330040011f20ef20eef0bf20af109f008f105ef07ee06ee05ee05ee04ee03eb03ec05ea05ed04ec05ee05ee06ef07f008f108f208f30000000000000000000000000000000000000000000010f010f113f013f115f014f316f115f317f219f41bf51bf51bf61af518f51bf116f418f217f317f116f117f017f218f418f315f4
CSIX,1576576160,024353490001,-65,6,128,433004000af107f009f309f107f403ef02f002f104f1ffeeffef00efffeefdeffeeefeecffedfeed00ef01ee02f002f004f002f204f2000000000000000000000000000000000000000000000bea0ceb10ed0bee0eed0eef0deb0fef0fee10ed13ec14ed15ed10ee11f012ef11f110ee13ec11ed11ee10ef0fec11ed12ee0eee
CSIX,1576604611,024353490001,-64,6,128,4330040011f30ff20df10bf20bf109f008f006ef05ef05ee03ed03ed03ec03ec04eb05ea05eb05ec05ed06ee06ef07f007f007f007f2000000000000000000000000000000000000000000000fee11ef12ef14ef14f015f117f217f318f318f21bf21bf21af31af11af31bf119f318f218f218f217f118f116f117f217f016f2
CSIX,1576634837,024353490001,-64,6,128,4330040014021502110011fe14fd11fd11fd0ffa10fa11fa0ef80ef70ff611f610f60ff710f811f90ff90ef90ef90efb0efd0dfc0dfe0000000000000000000000000000000000000000000012fb160015031500170316011504160315031807190a170619071b0914061a051b0918061a061907180419051605160b1c011703
CSIX,1576664073,024353490001,-63,6,128,4330040012f912f810f70ef70ef60df50cf50af40af40af109f109f10af109f00bef0bf00bf10bf10bf30bf30bf40bf50cf50bf60bf70000000000000000000000000000000000000000000010f512f713f714f814f915fa17fa16fb17fc17fc1afc1afc19fc19fb18fc1afc18fc16fb17fb17fb16fa17fb15fa17fb17fa16f9
CSIX,1576724624,024353490001,-64,6,128,43300400feeafdeafaecfaeef9edf8eef7f0f4eff4f0f4eef3f1f3f1f3f1f2f0f2eff2eef3eff4eff5f0f6f0f7f0f8f0f8f0f9f1faf100000000000000000000000000000000000000000000faebfceafce9fde8fee7ffe700e601e701e602e503e304e303e402e403e602e201e501e501e501e500e600e500e701e500e500e6
CSIX,1576754674,024353490001,-64,6,128,43300400091509130c110a0f0c0f0e0e0d0d0e0b100c110c110a110a110b120b130b130d120c110c0f0c0f0d0d0c0c0c0b0d0a0c090d000000000000000000000000000000000000000000000c130b140a1609170918081808190719071a051b041e041d041d061d051b051eff1f0620081c061a081a071b0719061a071b0719
CSIX,1576783709,024353490001,-64,6,128,43300400f915fa15fd15fe13ff140014021304130413051405130613061407140714061606150515041303130212011100110010ff1000000000000000000000000000000000000000000000fc17fa17f817f718f718f418f319f317f318f119f01af01af019f11af218f01cf218f319f21af319f419f419f418f419f41af518
CSIX,1576815256,024353490001,-64,6,128,43300400edfeeb00f4fef0fceffdedfbf1ffea00efffe8ffeffdee09ebffedffeb06e800ec05ea06efffef02f002f005ef00f1fcf0fc00000000000000000000000000000000000000000000f0ffe8fdebfbeaf8eef8ebf7e7f7ebf3eaf6e5f5e6f5e9f5ebf2e9f5ecf6eaf7eaf3e8f1e8f4e7f8ebf6eaf8e7fae4f4e9fde5fa
CSIX,1576843284,024353490001,-63,6,128,43300400091409130b110a100c0f0c0e0d0d0d0c0e0c100b0f0a100b100b110b110d110d100d0f0d0d0d0c0d0b0c0b0d0a0d090c080d000000000000000000000000000000000000000000000d110c130b130b150a1509170817071706180619061c061b061a071a0619071c0619071807190718081807190717071908190818
CSIX,1576873433,024353490001,-63,6,128,43300400180017ff17fd16fc15fb15fa14f913f713f714f512f512f414f413f314f315f415f515f613f713f712f912fa13fa11fb11fd0000000000000000000000000000000000000000000017fd18ff1a001a011b021b041b051b061c061d071e081e091d091e071c081f081d061b051d061c061c051d041b041d051d041c04
CSIX,1576903751,024353490001,-63,6,128,43300400130f140e140b140a140915081406140515051804150316021703170218031904180417051505140612061207110710070f0800000000000000000000000000000000000000000000150b140e150f1511141113131315121413161317121b1318131a141912181217101613150f181612151714161213151415151414
CSIX,1576934530,024353490001,-63,6,128,433004000b130c130d110d0f0e0e0f0e0f0c100c0f0b120a11091209120a120a130b130c120c100c100b0f0c0d0c0c0b0c0c0b0c090c000000000000000000000000000000000000000000000e100d120c130c150b150a170a17081708180919081b091b081b091a071a081b08190718091909180a180a19091609180b180b17
CSIX,1576963199,024353490001,-63,6,128,43300400ff13001201140415051104120413040e091107130811070e08110a0f091209140911081008120311040e030f0210030e000d000000000000000000000000000000000000000000000114fc150013fe16fe15f914fb15f816f815f516f517f617f616f61af715f717f816f817fa13fc15f913f814f913f915f818fc16
CSIX,1576993407,024353490001,-63,6,128,43300400f611f612f812f910fa11fa11fc11fd11fe11fe12ff12ff12ff13ff13ff14fe14fe13fe13fd11fc11fc0ffb0ffa0ffb0efa0d00000000000000000000000000000000000000000000fa12f712f711f513f512f212f112f90def13f012ee13ee14ea10ea12f111f010ef12f011ef11f012f111f112f211f012f213f312
CSIX,1577027295,024353490001,-63,6,128,43300400f510f810f915f814fe0efe16fa0ef913fc100013031203110112001301140013ff15fe11fd10fd12fc11fd10fb10fc0efa0d00000000000000000000000000000000000000000000fa13fb11f610f614f514f311f212f110f012f011ee13ed14f014f014f211f114ef10f012f013f112f312f310f20ff012f412f416
CSIX,1577055891,024353490001,-63,6,128,43300400eb09ec0bee0cef0bef0df00df10df20ef30ef211f410f411f211f311f211f212f311f10ff20ef20df20bf30cf20bf30af20900000000000000000000000000000000000000000000ee0cec0beb0ae90ae909e808e708e806e605e606e305e406e504e406e504e305e505e705e606e605e707e607e808e708e609e809
CSIX,1577086189,024353490001,-63,6,128,4330040012f811ff18fc0efb14f615f615fa12f612f513fa0cf711f313f50ef20ff310f715f60ff70cfd12fa14f70ffa0ff90bff09fe0000000000000000000000000000000000000000000012f813fa13fd13fd14fb13fd130018fe1906190318fd1903120017001801180416011803190513fe1304170412fd1f030fff17fb
CSIX,1577143580,024353490001,-63,6,128,43300400f8e7f7e7f5e9f5ebf4eaf4ebf3edf2eef2eef0edf0f0efefefeeefeeefeeefedf0edf1ecf3edf4edf6edf6eef6eef7eff9ef00000000000000000000000000000000000000000000f4eaf6e9f7e7f8e6f9e5fae4fce4fde4fde3fde2fee0fee0fee0fde0fee2fedffee3fde4fde2fde4fce4fce3fbe6fae4f9e3fbe4
CSIX,1577173590,024353490001,-63,6,128,433004000aec09ea07ec06ec05eb04eb03ec02ec00ecffe9feeafeebffe9ffeaffe800e900e901eb01eb02ec03ed03ee03ee03ef04f00000000000000000000000000000000000000000000008eb0aeb0bec0deb0dec0feb10ed11ed11ed12ec14eb14eb14ec12eb13ed13eb12ec11ed11ec11ed0fec11eb0dec0eeb0ee90ee9
CSIX,1577203891,024353490001,-63,6,128,43300400f717f718fb17fa16fd17fc17fe150016001501180217021601180217021901190018ff17ff16fe15fe13fc13fb13fb12fa1100000000000000000000000000000000000000000000fa17f817f717f518f518f218f118f117f018ee18ec1aec19ec18ed19ee17ec19ee17ef17ef18f017f217f118f217f218f21af319
CSIX,1577234436,024353490001,-63,6,128,4330040015fe13f915f912f915f714f412f711f410f412f411f310f212f312f211f212f213f512f411f511f610f710f911f910fa0efc0000000000000000000000000000000000000000000014f916fb17fc16fc18fd18ff1900190119011a031c031c031b051b0419041c031b0219021a01190119ff1a0119fe1aff19ff18ff
CSIX,1577268228,024353490001,-63,6,128,433004000713091304140c0f0c0f0c0e0d0a0e0c0d0c0e0d130a0e0a100d100a070f0d0c0f0e0e0c150c0d0e0a0c0a0c0809080d070c000000000000000000000000000000000000000000000a11081206160814061405160314041503180317fb19041b021902190917031a0317031605180416051605160a13041607160716
CSIX,1577323680,024353490001,-63,6,128,43300400110c110b1108100811071106110511041103130312021301130213021403140313031205110510050f060e050e060d060c070000000000000000000000000000000000000000000011081109110b110c110c110f100f100f1011101111131113101311130f1210140f120f1010111011101010110f0e110f120f120e
CSIX,1577354612,024353490001,-63,6,128,43300400f9e7f8e7f5ebf6ebf4ebf4ecf4eef2edf2eeefeeefefefefeeeeefeeefecefedefedf1ecf3eef3edf6eef6eff7eef7eff9ef00000000000000000000000000000000000000000000f5eaf8e8f8e7f8e5fae5fbe3fde3fde4fee3fde2fedffee0ffe0fee0ffe100dfffe2fee3fee2fde3fce4fde3fbe5fce4fbe3fae3
CSIX,1577391855,024353490001,-63,6,128,4330040012f410f40ff30ef50cf30cf10ef30af00cf10bf10aef0af00af009ef0bee0bee0bf00cf00af10cf20bf40bf40cf50bf60bf7000000000000000000000000000000000000000000000ff310f312f312f514f514f616f716f817f819f819f918fa18fc19fa17fa1bf917f717f816f915f815f715f713f715f715f614f6
CSIX,1577413652,024353490001,-63,6,128,43300400ea07ea07ec0aed09ed0aee0bef0cf00cf10df00ef10ef110f00ff110f00fef0ff00fee0df00cf00bf009f109f009f208f20600000000000000000000000000000000000000000000ec09ea07e906e705e805e603e502e602e501e401e201e201e3ffe300e400e200e501e701e501e602e603e602e703e603e605e705
CSIX,1577447724,024353490001,-63,6,128,43300400d7f8eae6eaf4e8fbfbf4e7e6e8faeeedebf7ddfaf2f3edf6edfaeefbebf5eaf3ecf2ecf0eef4eef1f3f2f1f2f1f2f3f3f5f200000000000000000000000000000000000000000000edefeeedefecf0e9eeeaeae7eee5f4e7f6e5f3e6f0e0f2ddf3f0f3e7f5e6efe1f2e4f7e5f9e7f0e6f6e7f9dafbe7efe4e4d2f5f8
CSIX,1577473790,024353490001,-63,6,128,433004000d110e110f0f0e0e100e100d100b110b1009120a1209120813091209140a130b130a120b100b0e0b0e0b0c0b0d0c0c0b0a0b00000000000000000000000000000000000000000000110e0f100f120f130e140e160d160b160b180c180b1b0b1b0b1a0b190a190b1a0a180b160b180b170c160c170c140d160e170d15
CSIX,1577504147,024353490001,-63,6,128,4330040009180a160c140a140d130d140c100f110f0f110f110e110e120f120f1310121011110f100e100d100b0f0b0f0a0f090f080f000000000000000000000000000000000000000000000d150a170918091a0919061b061c041c041d041d0320021f021f041e031d0320041d041c041e041b051b061c061a061c081c071b
CSIX,1577534860,024353490001,-63,6,128,43300400fcebfbedf9ecfaeef9eef8eff7eff5f0faf0f5f0f4f0f5f0f3f0f4f0f4eff4eff5eff6eff7f1f8f0f8f1f9f1fbf1fbf2fcf200000000000000000000000000000000000000000000f9ecfbebfcebfce9fde9ffe800e900e900e802e703e502e603e703e703e701e601e801e801e700e8ffe900e8ffea00e9ffe8fee9
CSIX,1577563700,024353490001,-63,6,128,4330040001e800e9ffeafeeafdeafcebfcecf9edfaecf8ebf7edf7edf7ecf6ebf7ebf8eaf9ebfaebfaedfcedfdeefceffdeefdefffef00000000000000000000000000000000000000000000fee900e801e702e704e605e607e607e708e608e60ae409e50ae509e509e70ae408e708e707e507e706e606e605e805e605e504e6
CSIX,1577595184,024353490001,-63,6,128,43300400eef2ecf3edf6edf6ecf8ecf8edfaecfaedfbebfcebfdebfdeafdebfde9fceafceafcebfbeefaedfaeff9f0faeff9f0faf2f800000000000000000000000000000000000000000000ebf6ebf3edf1ebf0edf0ecededeceeedefeceeecede9ede9eeeaedeaeeeaeeeaeeebefedeeebedecedededeceeefeceeebeeecef
CSIX,1577634306,024353490001,-63,6,128,4330040004ea03e901ea00ebffebfeebfeedfcecfbedfaebfaedf7ecf9ebfaecf9eafaebfbebfbecfcedfceefeeffeefffeffff000f00000000000000000000000000000000000000000000000e902e804e805e706e708e608e709e80ae80ae70ce50ce50be60be60be70ce60be80ae80ae709e808e808e707e908e707e607e7
CSIX,1577657755,024353490001,-63,6,128,433004000fef0eef0bee0bef09ee09ee08ee07ed06ee06eb04ec04ec05eb04eb05eb06eb06ec06ec06ee06ee07f007f007f107f208f2000000000000000000000000000000000000000000000ced0fee10ee12ee12ef13f014f014f115f216f018f118f117f217f016f218f016f215f115f014f113f014f011f013f013ef12ef
CSIX,1577684436,024353490001,-63,6,128,433004000a130c110e0f0c0f0e0f100e0e0b100d100b130b110a110b0f0a100c1108110b100b100b100b0e0c0d0b0c0b0c0b0b0b090b000000000000000000000000000000000000000000000e100d120c140b160b160917081807180819071a071c081b071b0818071a081b07190718081809170a1709180a1508170a170916
CSIX,1577713512,024353490001,-63,6,128,4330040016fd16fb14fa13fa13f913f712f811f610f612f510f410f411f510f411f312f411f511f610f710f80ff90ffa10fa0efb0efc0000000000000000000000000000000000000000000015f916fb17fd18fe18fe1a001a0118021a021a031c041b041b051b0319041b031a0219021a02190118001a00180019001aff19ff
CSIX,1577803210,024353490001,-63,6,128,4330040003140413061205100610071108100b0f070d0b0d0b0e0b0e0b0e0b0e0c0f0b0f0b0f0a0f080d080e060d070d070d050d040d000000000000000000000000000000000000000000000713051404150316021501170017ff17ff16ff18fe19fe19fe18ff19fe17fe18ff17ff15ff170016001600170216011603170215
CSIX,1577863366,024353490001,-64,6,128,4330040016fa15f913f712f712f712f610f510f510f410f20ff30ff30ff20ff210f210f210f410f40ff60ff60ff80ef80ef80df90efa0000000000000000000000000000000000000000000014f615f718fa18fa18fb19fc19fd19fe19fe1aff1cff1bff1bff1afe1aff1c001aff18ff1aff19fe18fd19fd17fc19fd19fb19fb
CSIX,1577894773,024353490001,-64,6,128,433004001502140215ff14ff15ff15fd12fb15fe15fd15fa13fa13fa13f913f914fa14fa14fb13fb12fc11fd10fd11fe10fe10ff0e000000000000000000000000000000000000000000000015fd1600180117021803180519051707190718081a0a1a0919091a0918091a09170818081907180717061906170519071a061904
CSIX,1577923482,024353490001,-64,6,128,4330040016fe16fd15fc14fb13fa14f912f812f811f812f611f611f612f611f612f612f612f712f711f911fa10fa0ffb10fc0efc0ffd0000000000000000000000000000000000000000000016fb18fc17fd19ff18ff190119021802190319041b061c051a051b0419051b04190418031a03190319011902170119021a011900
CSIX,1577953291,024353490001,-63,6,128,433004000ded0cec09ec09ed07ec06ec05ec04ec03ec03ec01ec02eb02eb01eb02eb03ea03ec04eb04ee03ee05ef04ef06ef05f106f2000000000000000000000000000000000000000000000aeb0cec0eec0fec10ec11ed12ee12ef13ee13ee16ee15ee15ef15ee13f015ee13ef12ee12ee12ee10ee12ed10ed11ed10ec10ec
CSIX,1578045105,024353490001,-64,6,128,43300400e9fee9ffea01eb02eb03ec04ed04ec06ee06ec07ed07ee09ed09ed09ec09ec08ec07ed07ee06ee05ef04f003ef03f003f10100000000000000000000000000000000000000000000e900e8fee8fce7fbe7fbe7f9e7f9e7f8e7f8e7f7e5f5e5f5e6f5e6f7e7f7e5f6e7f7e9f8e6f8e7f9e7fae7fae8fbe7fae5fbe7fc
CSIX,1578074861,024353490001,-63,6,128,433004000f0215061afe160111030ffc13ff0efc12fd12fd13fc10fd0efc12fb11f911fd0fff0bfa0e0212fc10fc0fff0fff0dff0e000000000000000000000000000000000000000000000014ff1401150216061603170517081507150817061509160d160c1708160818081605140715031806190716061306160717051505
CSIX,1578106898,024353490001,-63,6,128,4330040013f412f412f310f30ef20ff10df10cf10cf00cee0bee0bef0bef0aee0cee0bee0cf00bf00bf20bf20bf30cf30cf30bf50bf60000000000000000000000000000000000000000000012f213f515f516f516f717f818f817f918f919fa1bfa1bfa1afc19f918fb1bf918f918f818f818f817f718f717f717f718f417f7
CSIX,1578134115,024353490001,-63,6,128,43300400111101110e0803140a0c080a0a09080a0a0a1008100a0b0b12090d1008090b0f0a0a13090f030d080a0909070a070807070700000000000000000000000000000000000000000000090d090f080f0813081206130613031202140212081306120b120616040e06130314051107130812061206111012001014190219
CSIX,1578164372,024353490001,-64,6,128,433004000e0d0f0d0f0a0f0a100910091007110610061105110510041204110512061106110611060f060e060e070d060c070c070b0800000000000000000000000000000000000000000000110a100c0f0d0f0f100f0f110e110e110d120e120e150e140d140e130d120e140d130d110e120e110f100f110f0f0f1110110f10
CSIX,1578193226,024353490001,-64,6,128,43300400e603e605e906e906ea08ea09ed09ec0aed09eb0bec0aed0bec0cec0cec0dec0cec0bec0bee09ee09ee07ef06ed05ef04f00300000000000000000000000000000000000000000000e807e705e604e403e502e300e400e4ffe4ffe3fde1fbe1fbe2fae3fce3fde1fde3fee5ffe2fee300e401e301e500e3fee300e401
CSIX,1578223489,024353490001,-63,6,128,43300400eef1ecf2edf4eef5edf6edf7edf8edf8edf9eaf9ecfaecfbe9fbedfbeafaebfaecf8ecf9eef9eff9f0f9f0f9f1f8f2f8f2f700000000000000000000000000000000000000000000edf4edf2eef0edefeeefefedefecf0ecf1ecf0ebf0e9f0e8f1e9f0eaf0eaefe9f0ebf0ecefebefecefedeeecefeeeeedededeeed
CSIX,1578254032,024353490001,-63,6,128,43300400ecf3ebf4ecf7ecf7ecf9ecfaedfaecfbecfceafcecfdebfee9ffecfeeafeeafde9fceafceefbedfbeffaf0fbeffbf0faf1fa00000000000000000000000000000000000000000000ebf6ecf4ecf2ecf1edf1edeeedeeefeeeeedeeecedebecebedebedeceeecedebededefefecededefecf0eceeedf1ecf0eaf0ecf1
CSIX,1578285094,024353490001,-64,6,128,43300400071508140a1309110b120a100b100c0f0c0e0e0e0e0d0e0d0e0f0e0e0e0e0e100d0f0c0f0b0e0a0f090e090d080e070d060e000000000000000000000000000000000000000000000b13091508150717061605180418031703190319021b021c021a031a0219031a0319031704190318051704180516061807190618
CSIX,1578313831,024353490001,-64,6,128,43300400ff1600170215031304140414051206130611091309110811091208110913081308120513061105120411030f0310020f020f0000000000000000000000000000000000000000000003150117ff16fd17fd16fb18fb18fb18f918f918f81af91af819fa1af918f819f918fb17f918fb18fc18fb19fd17fd19fe1afe19
CSIX,1578375970,024353490001,-63,6,128,43300400031405140712041009100813080f040f090e080e080f080f0a0e0a0f0b100c110a0f090e080e080e060d060c050d040c050d0000000000000000000000000000000000000000000005120215031201160115fe15fe180215fa16fc14fd160119fc18fc19fd15fe17ff16fe18fe17011602120014030f001505150014
CSIX,1578404961,024353490001,-64,6,128,43300400eb0aec0bee0cf00bf00df00df20df20ef30ef30ff30ff410f310f410f310f211f30ff30ff40df20df30bf30bf20af40af30800000000000000000000000000000000000000000000ed0ced0bea09e909ea08e806e908e611e505e504e304e504e502ea08e407e505e806e907e807e808e908e809e908e808e809e90a
CSIX,1578433567,024353490001,-64,6,128,4330040004e702e601e801e900e9ffe8feebfceafceafae9faeaf9ebfae9f9ebf9e9fae9fbe9fceafdebfeebfeedfeedffedffee01ef0000000000000000000000000000000000000000000001e803e704e606e606e609e50ae60be70be70ce60de40de50ee50ce50ce60ce40be609e60ae509e708e509e507e707e506e407e5
CSIX,1578464353,024353490001,-64,6,128,433004000c140a110a100c100c0f0c0f0c0d0c0c0e0c0f0e0e0d0f0a110c110d0e0c0f0d0e0c0f0c0d0b0b0c0a0b090c0b0b090c080b000000000000000000000000000000000000000000000d120d110a130c1209150a1408160616061507170519061c071607190618061a071604160719081609160916091609170b150918
CSIX,1578493325,024353490001,-64,6,128,433004001902190118ff16ff17ff16fd15fd15fb15fa16f914f813f715f815f815f816f915f915fb13fb13fc12fd12fe12fd11fe10000000000000000000000000000000000000000000000018fe18001a0219031a041a061a0719081a091b091c0b1c0a1b0a1c0919091c0a19081a071a071a081a061b061a051b061c041b05
CSIX,1578523614,024353490001,-64,6,128,4330040001e800e8ffe9ffebfdebfceafbecfaedfbecf9ebf9edf8edf8ecf7ecf8ecf8ebf8ecf9ecfbedfbeefceffdeffeeffef0fff000000000000000000000000000000000000000000000fee900e901e802e703e704e705e706e806e708e60ae50ae509e708e608e807e506e705e806e605e704e704e604e804e604e504e6
CSIX,1578553307,024353490001,-64,6,128,433004000c130d120e100d0f0f0e0e0e0f0c0f0b0f0b110b10091009110a1209120a110b100b100b0e0a0d0b0d0b0c0b0b0b0a0b090b000000000000000000000000000000000000000000000f100d110d120c140c140b160a16091609170918081a081a081909180817091909170a160a170a160b150b160b140b160c160c16
CSIX,1578593402,024353490001,-64,6,128,43300400eb09ea09ed0bee0aee0bef0bf10cf10df20cf10ff20ef30ef20ff20ef10ff10ff10ef10df20cf20bf20af209f209f208f20700000000000000000000000000000000000000000000ee0dec0beb0ae90aea09e807e707e806e706e605e405e505e505e605e604e505e605e805e606e806e807e807e907e708e609e809
CSIX,1578613263,024353490001,-64,6,128,43300400eef0edf1ecf3f0f4eff6eef5eff7edf8eef8ecf8eef9edfaecfaecf9ecf9ebf8ecf8edf8eff8f0f7f1f8f1f7f0f7f2f7f4f700000000000000000000000000000000000000000000edf3eef1eef0eeeeefeef0ecf0ebf1ecf1ebf1e9f1e8f1e8f2e8f1e9f2eaf1e9f2eaf1ecf1ebf1ecf0ecefebf0eeefedeeecf0ed
CSIX,1578647295,024353490001,-64,6,128,43300400e7ffe8ffe903eb02eb03ed04ed02ec06ed05ed07ee08ed09ed08ed07ed07ec07ec06ec05ee06ee05ef04f002ef03f003f00000000000000000000000000000000000000000000000eb04e903e701e7ffe9fee8fde6fbe7fbe6f9e6fae4f9e6f9e7f9e5fae5f9e5fae7fae7fae7fae6fbe6fee6fce7fde7fce5fde7fe
CSIX,1578673944,024353490001,-63,6,128,4330040009ec08ea06eb05eb05ed04ed01ee00ec01ec01eafeecfdeeffea00eb00eb00ea01ec00eb02ec02ed04f002f004ed04f004f10000000000000000000000000000000000000000000004ea07eb08ea08e70ae90bea0dea0deb0eeb0eeb10e80feb0fe90fe90dea10ea0deb0ceb0dec0deb0beb0cea0beb0bec0be80ae9
CSIX,1578736599,024353490001,-64,6,128,43300400e9f3e8f4e9f7eaf8e9f8e9f9ebfbe9fcebfce9feeaffe9ffe9ffe9ffe8fde8fee9fce9fdebfdebfcedfaeefbedfaeffaf0f900000000000000000000000000000000000000000000e8f8e8f6e8f4e7f3e8f2e9f0e9eeeaeeeaedeaede9ebe9ebeaebe9edebece9ebeaedebefe9edeaefe9f0e9efeaf2e8f0e7f0e8f1
CSIX,1578764577,024353490001,-64,6,128,43300400ec0bec0cec0fed0dee10ee0df20ff60ff10ef212f413f412f312f515f412f415f312f413f410f410f40ff40ef30ef30df40b00000000000000000000000000000000000000000000e90ae907e607e705e507e605e504e403e302e201df01df03e2ffe304e602e106e604e506e802e504e70adf03df07e109e00fe503
CSIX,1578793995,024353490001,-64,6,128,43300400f114f215f515f514f615f715f914f915fb14fb16fd15fd15fc16fd15fc17fc16fc16fb15fb14fa13f911fa11f911f910f81000000000000000000000000000000000000000000000f515f215f014ef15ee13ec14eb13eb11ea12ea11e713e813e912ea13ea11e912ea12ed11ec13ec12ed13ed14ef14ed14ed16ee16
CSIX,1578824217,024353490001,-64,6,128,43300400f114f215f514f614f714f814f913fa14fb13fb16fc15fd15fd16fc15fe17fb17fc16fa14fb13fa13fa11fa10f911fa10f80f00000000000000000000000000000000000000000000f515f315f114ef15ef14ed13ec13ec12eb11eb12e812e812e911ea12ea10e913ec11ed11ec12ed12ee13ed14ef13ee14ee15ef15
CSIX,1578856123,024353490001,-64,6,128,4330040010ef0ef10aef0af30df008eb09ef08f008f006ec05ee04ed05ed06ed06ed05ed07ec07ed06ef06f009f008f306f307f208f3000000000000000000000000000000000000000000000cef0fef0fef12ef12f114f214f414f415f314f415f216f315f414f414f516f314f412f113f214f312f212f510f010f011f012ef
CSIX,1578883887,024353490001,-64,6,128,43300400e9f9e9fbeafdecfdecfeebffecffec01ed01eb02ec03ec03eb03eb03eb03e903eb03ec02ed01ed00ee00efffeefff0fef0fd00000000000000000000000000000000000000000000e8fde9fbe8f9e7f7e8f7e8f5e8f4e9f3e9f3e8f2e8f0e8f0e9f0e8f1ebf2e8f1e9f3e9f4e9f3e9f5e9f5e9f5e9f7e8f5e7f6e8f7
CSIX,1578913427,024353490001,-65,6,128,4330040003e901e900eb00ebfeecffebfdedf9ebfbf0f8ecf9edf8eef8ebf9eef9ecf8ecfaedfaebfceefceefdeffceffcf0fcf0fef00000000000000000000000000000000000000000000000e903e804e806e706e808e70ae809e90cea0ae80ce50be70be80ae60bea0ae60ae908e909e809e907e809e806e906e805e605e8
CSIX,1578947864,024353490001,-65,6,128,433004001705180417011602160017ff15fe15fc14fc16fa14fa15f916f815f916fa17f915fa15fb13fc13fc12fd11fd12fe11fe11ff000000000000000000000000000000000000000000001903190619071a091a0a190b190c190d190e190e1a101a101910190e190e1a0f180d180c1a0c190c190a1a0b18091a0a1b091a09
CSIX,1578976398,024353490001,-64,6,128,4330040006ec04ec03ec03ed01ed01ed00edfeeefeedfdecfcedfceefcecfcecfcecfdecfdecfeedfeeeffee00f000f000f000f102f10000000000000000000000000000000000000000000003eb06eb07ea08ea09ea0beb0beb0ceb0deb0eea0fea0fea0eeb0eea0dec0eea0ceb0beb0ceb0ceb0aeb0bea09eb0aea0ae909ea
CSIX,1579004517,024353490001,-64,6,128,4330040016ff15fd15fd15fd13fb12fb12f913fa11f813f611f711f712f612f713f812f812f912fa10fb11fb10fd10fe10fd0ffd0eff0000000000000000000000000000000000000000000015fa15fc16fc17ff18ff19ff17021701180318031a041a051a0619041805190517051702170319011702190115021903190218ff
CSIX,1579035763,024353490001,-64,6,128,43300400f1eff0f0f0f2f1f2f0f4f0f4f1f5eff6f0f7eef7eef8edf9edf7edf8edf7edf7eef7eef6f0f6f1f6f3f6f3f6f3f6f4f6f4f600000000000000000000000000000000000000000000eff3f0f0f0eff1eef1edf2ecf3ebf4ebf5eaf4eaf4e8f5e8f5e8f4e9f7eaf5e9f3ebf8ecf4ecf5e9f4ecf3ecf3edf2ecf1ebf1ec
CSIX,1579128039,024353490001,-65,6,128,43300400eb01e903ec04ed03ec04ec06ed05ed07f009ee09ee0aef0aed0aee0aed0aec0bed09ed07ef07ee05ef05f004f005f004f10300000000000000000000000000000000000000000000ea05e802e701e700e7ffe6fde6fce7fbe6fbe6fbe4f9e4f9e6f9e5fae7fbe5fae6fbe9fce6fce6fae8fce6fde8ffe7fde6ffe8ff
CSIX,1579153691,024353490001,-64,6,128,4330040003e702e600e7ffe8fee8fde8fbe9fae9faeaf8e8f8e9f8e9f8e8f8e8f8e7f9e7f9e8fae9fbeafcebfdecfdedfdecfdedffee0000000000000000000000000000000000000000000001e604e605e507e408e509e40ae40be50ce40ce40ee30ee30ee40ee40de50ee30ce50be50be50ae509e509e408e609e508e307e5
CSIX,1579183846,024353490001,-64,6,128,4330040011f312f110f10ff10ef00df00cf00bef0aef0bec09ed09ed0aec0aed0cec0ced0bed0cef0bf00cf10bf20bf30bf30af40cf5000000000000000000000000000000000000000000000fef12f013f115f115f317f317f418f519f619f51bf51bf61af71af619f71bf61af616f518f517f617f517f515f517f517f316f3
CSIX,1579213241,024353490001,-64,6,128,433004000df40def09f307f207f405f107f108ef08ed04f408f003f204ed06ee07ee05ed07ef08ee07f107f108f307f209f208f308f5000000000000000000000000000000000000000000000ff20ff411f312f413f415f416f614f816f616f319f616f618f717f715f715f717f915f515f616f70ff715f80df816f113fa15f6
CSIX,1579265321,024353490001,-65,6,128,43300400ed06ee07f009f008f109f10af20af20cf30cf20ff40ef40ff30ff40ff20ff210f30df20cf30df20bf20af309f209f308f20700000000000000000000000000000000000000000000ed09ec06eb05ea05ea04e903e902e901e901e700e6ffe6ffe7ffe801e8ffe600e801e900e801e901ea02ea03ea03ea03ea04eb04
CSIX,1579304588,024353490001,-65,6,128,43300400ed02ec03ed06ee06ef06ef08f108f009f00af00bf00cf00cf10af10ff00def0cf00cef0bf00af009f007f107f007f106f10500000000000000000000000000000000000000000000ed04ec02ea01ea00eaffe9fee9fdeafce9fce8fbe7fae7f9e8f9e8fae9fae7fbe9fbe9fde8fce9fee9fee9fdeafee9fee9ffea00
CSIX,1579334138,024353490001,-65,6,128,4330040006ed04eeffed03ee03ec00ecfcf0fdedfceefbedfceefaecfaecfbecfbebfaecfcecfdeafdeeffeeffef01f000ef01f002ef0000000000000000000000000000000000000000000000ed01e706ea07e905ec09eb06e90aea09eb09eb0dec0eea0fe90ae80eec0bea0ceb09ea09eb09e909e80bec06ea04e908ea06eb
CSIX,1579364283,024353490001,-65,6,128,43300400fde8fde8fbecfcedf8ebfaecf8ebf7ecf7eef3ecf4ebf3edf4ebf2ecf3ebf3ecf5ecf4ebf7edf7eef8edfaeefaeefbeffcef00000000000000000000000000000000000000000000fce7fee7ffe601e401e504e504e406e506e507e50ae20ae30ae408e409e508e407e505e705e604e504e607e405e604e601e703e5
CSIX,1579393788,024353490001,-65,6,128,4330040013f613f612f40ff50ff30ef30df20df10df10df00cf00bf00cef0cef0cee0def0cf00df10cf20cf20cf30cf50cf50bf60bf70000000000000000000000000000000000000000000013f414f616f717f717f718f919fa18fb19fb1afc1cfe1cfd1bfd1afc19fd1bfc19fc18fb19fb17fb17fa18fa16fa17fa18f916f8
CSIX,1579425249,024353490001,-65,6,128,4330040012f312f10ef00ef00eef0dee0bef0bee09ee09eb08ed08ec08eb09ec09eb09eb09ec0aec09ee0aef0af00af20bf10af20af30000000000000000000000000000000000000000000011ef13f115f116f116f418f419f519f619f71af61df61cf61bf71bf61bf71cf71af618f71af519f617f519f515f517f417f317f3
CSIX,1579454312,024353490001,-65,6,128,43300400120b120b0e0b0c0a120b1008110612061105130512031104130413041304130513061206110610070e060d070e070d060c0700000000000000000000000000000000000000000000130a120c120e120f1110101210130e130f130f150f170f160e160e150d140e160d140d120f140e130e120e120d10101110110f11
CSIX,1579514283,024353490001,-65,6,128,43300400eff1eef2eff4eef5edf6edf7eef8edf9edfaebfaecfcecfbebfcecfbebfaeafaeafbecfaedfaedf9eff9f1f9f0f8f1f9f2f800000000000000000000000000000000000000000000f0f3eef0ecf3ebedefeceeebf2edf1eef0ebf1e8f1e7f1e4f3e8f1eaf2eaf1e7f1eaf2ebf1eaf0ecf0ecf0ebf1eeefeceeecefee
CSIX,1579545422,024353490001,-64,6,128,43300400f515f616f716f815fa16fb16fc14fd15fe16fe18ff160017ff17ff18ff18ff18fe18fd16fd15fc14fc13fb12fb12fb11fa1100000000000000000000000000000000000000000000f717f416f316f017f016ee16ed16ec14ec15eb15e816e915e914ea15eb14e916eb14ed14ec16ed15ee15ed15ef15ee15ee17f016
CSIX,1579573922,024353490001,-65,6,128,433004000a120c110e100d0f0e0f0e0d0f0c100b0f0a120b120a1209120b130a120b130b120b110c0f0a0f0c0d0b0d0a0c0b0c0b0a0b000000000000000000000000000000000000000000000d120b150a1609170817071906190619051a051b051d051d051c051b0419041c051a0619071a0619071807180816081809180916
CSIX,1579604999,024353490001,-65,6,128,43300400021a06180510011603130715050f080d09150d1309130b110c110d120d140c120b130b12091208130711060f06110610040f00000000000000000000000000000000000000000000031601170117ff1aff18fc1af81bfd1afa19fb1afb1bff1ef51cfc1ffb1ffc23fa18fb1c001cfd1f0016fc1df818fc140218ff19
CSIX,1579633573,024353490001,-65,6,128,43300400ea10ee11f410f30df30cf10df10cf111f113f415f614f713f413f40ff211f013f212f212f30ff40df20bf209f00af10af10900000000000000000000000000000000000000000000f610f111ec10ec12eb13eb12ec11ed0feb0ce90be50ce40ee60ee710e80de90eea0be809e60ce50ce80fe80fee0eec0bea0be90b
CSIX,1579667841,024353490001,-65,6,128,43300400e802e804e905ea03eb05ea09ec06ed09ed09ec0bed0aed0cec0ceb0bea0bea0bec0aeb09ec08ed08ee06ee05ee05f004f00300000000000000000000000000000000000000000000e906e903e800e600e701e5ffe7fbeafce3fbe4f9e1f9e2f8e1f8e1fae1f9e5fbe6fbe6fce6fbe3fce6fce4fde6fee4fde4ffe7ff
CSIX,1579693286,024353490001,-65,6,128,433004000a110e130d100e0e0e0d0f0d0e0c110b100a130a11091308140a140a140b130b130c110c100b0f0d0e0b0c0a0d0b0c0b0b0b000000000000000000000000000000000000000000000c0f0b110a1209140914091507160716061707170619071a071808190618071a0718071707180716081609170a150a150b180a15
CSIX,1579723702,024353490001,-65,6,128,43300400f412f413f712f712f813f813fa12fb13fb13fd14fd14fd14fc15fd15fc16fc16fb16fb14fb12fa12fa11f910f810f90ef80e00000000000000000000000000000000000000000000f612f411f311f112f110ef11ef11ee0fee0fec10ec10ea11eb0fec10ed0fe912ea11ee0fed13eb0df011ef12ef11ef10ee13f013
CSIX,1579765865,024353490001,-65,6,128,43300400f9eaf8e9f6ebf7ecf5ecf4ecf4eef3eef3eef1eef0eff1eff0eef0eef1eef0edf2eef2edf4eef5eef6eff6eff7eff8f0f9f000000000000000000000000000000000000000000000f7ebf9e9fae8fbe7fbe7fde6fde5ffe6ffe600e400e300e301e3ffe400e500e3ffe5fee5fee4fde5fde5fee5fde7fee5fbe5fbe6
CSIX,1579818581,024353490001,-65,6,128,433004000bec0aec08eb08ec07eb06ec05ec04eb02eb01e901eb00ea01ea01e902e802e903e903ea04ec04ed05ee04ef05ef04ef06f00000000000000000000000000000000000000000000009eb0cec0dec0eec0eed0fec11ed12ee12ee13ed15ec14ec13ec13eb13ee15ec13ed11ed12ed11ee11ec11ec0fed10eb0fea0feb
CSIX,1579843485,024353490001,-65,6,128,43300400ee07ed0af00bf00af20bf10cf10cf30cf20cf20ef30df70ff30ff410f212f212f410f20df00bf409f60df20af10cf20cf30300000000000000000000000000000000000000000000eb0aed08ec08eb07eb07ea05ea06ea04ea04e804e603e604e802e704e903e604e904e805e904e805ea05e906eb05e905ea07ea07
CSIX,1579873867,024353490001,-65,6,128,4330040017f916eaeff217e711f908f214140cf107ef04ed22db09f207ee02ecefdd04ed02eb09e903fd0df00bf407f50ff406f509f30000000000000000000000000000000000000000000010f717f305f119f311f918fb110c18fa13fd13f60afd14f316fa15f424f813f413f817f2220215f214f219f212e117f216f413ef
CSIX,1579904816,024353490001,-64,6,128,433004000cf013ef0aef06eb09f10aec09f208ef03e802eb04ec02ec03ec01eb02ea03ed03ec01ed03ed04f005f002f103f106f306f2000000000000000000000000000000000000000000000ff510f715f512f311f611f918f61af715f614f21af419f615f618fa1df719fc19f916f712f518f317f713f814f514f117f211f5
CSIX,1579936708,024353490001,-65,6,128,43300400f1eef0efeff2eff2eef4eef4eef5edf6edf6ebf6ebf7ebf8eaf7ebf7eaf7eaf6ebf6ecf5eef5eef5f0f5f1f6f1f4f3f4f3f400000000000000000000000000000000000000000000eff0eeeef0ecefecf1ecf1e9f2e9f3e9f2e8f2e7f3e5f3e3f3e4f2e6f4e6f5e5f3e4f5e8f3e5f5e9f1eaf2e7f3eaf2e9f0e9f1eb
CSIX,1579998243,024353490001,-65,6,128,433004000bf00bec09ef06ed07ed06ed05ef02ec05ec04ea03eb02ed04ec01eb02eb02eb02ec04ec03ed04ee05ee05f005f005f105f3000000000000000000000000000000000000000000000bed0dee0eee0fee10f010f012ef11f013f114f116f116f015f115ef13f115f012f112ef13ee11ef11f011ee0ef111f00ef011ef
CSIX,1580028890,024353490001,-65,6,128,43300400120813071304130413031403130213011301140013ff13ff14ff14fe150015ff14001301120111010f03100311030e030e04000000000000000000000000000000000000000000001405140714081409150a150c140c130d130e140e151115101410140f130f1511130e130d140e140d130c140d130b150d150c140b
CSIX,1580053431,024353490001,-65,6,128,4330040011fa11f40df515f311f70ff710f50ff20df40fef0cf20cf00cf00fee0ef10ff00df20df10ef20ef20bf50bf40cf60bf70bf90000000000000000000000000000000000000000000012f413f815f715f915fa16f817fc16fb18fd17fd1aff19fc18fd1bfb17fb1ffc18fa17fb18fd19f918fb19fd14fb18fa17fa16f8
CSIX,1580145400,024353490001,-65,6,128,4330040004130612071208110a1009110a0f0a0e0c0d0e0e0c0e0c0d0e0f0e0e0d0e0e0e0d0f0c0f0b0e0a0e090c080c090e070d060d000000000000000000000000000000000000000000000812061405140416041602170118001700180018ff1bff1bff1a001bff19ff1b0019001701190118021702180216011804180319
CSIX,1580174384,024353490001,-65,6,128,4330040011ef10ef0ded0cef0bed0bed08ed08ec08ec08ea06eb06eb06ea06ea06ea07e907ea07eb07ed09ed08ef08ef09f008f109f2000000000000000000000000000000000000000000000fee11ef12ee14ee14f016f017f116f217f219f11bf31bf21af31af219f31af018f218f218f017f215f017f014f117f217f015f0
CSIX,1580203720,024353490001,-65,6,128,4330040006ec03ee01ed02ee00ee00ed01f1feefffef01eefeef00f0ffeeffed00ed04eb04ef02f002f006f005f208f207f208f309f500000000000000000000000000000000000000000000fbeff1eff1eff6eff4ed08e5f2e401eaede90dee00e7fae8f7e80bea06e807e3fce906e503f005edfdeafef00ce905e903ea01f0
CSIX,1580244672,024353490001,-65,6,128,43300400f0edefeeeff1eff3eef2eef3eef5ecf6edf7eaf7ebf8ebf8eaf8ebf8eaf8eaf6ebf7ecf5edf6eef5eff6f0f6f0f5f1f6f3f400000000000000000000000000000000000000000000edf1efeeefeceeecf0ebf0e9f1e8f3e8f2e7f2e7f2e4f3e4f3e5f1e6f3e6f2e5f2e7f3e8f2e7f2e8f1e9f2e8f1eaf1e8efe9f0e9
CSIX,1580265155,024353490001,-64,6,128,43300400f916f917fe16fe15fe15ff1500140114021404160514051404160415051504160416031501150111ff12fc1201130011fe1100000000000000000000000000000000000000000000fe1df513f720f618041cf51cfa1af824f61cf212eb24f31bef18f61bf117f018f216f21af31af318f319f319f617f519f619f619
CSIX,1580293237,024353490001,-65,6,128,433004000e120e1110100f0e100f100d110c120b120b130913081207120914081409140a140a120a110a110b0f0b0f0b0e0b0c0b0b0c00000000000000000000000000000000000000000000110f0f110f130e140e150d160c180a170b190b1a0a1c0b1b0b1a0b1a0a190c1b0b190b190c190c190c170d180c160c180e180d16
CSIX,1580325416,024353490001,-65,6,128,433004000df010f00cf00ded09ee0bef0bee06ed04f005ec05ed02ef04ec04ed06eb05eb05ed06ed05ee08f007f108f207f107f208f3000000000000000000000000000000000000000000000bef0ff111f20ef012f414f513f413f415f215f317f418f616f517f215f517f111f215f115f211f414f216f111f114ef14ef14f3
CSIX,1580361413,024353490001,-65,6,128,43300400fde8fce8faeafaebf8eaf8ebf8edf6ecf6edf4ecf3eef3eff3edf3edf3edf2edf3edf5ecf5eef7edf7eff8eef8eef9effaef00000000000000000000000000000000000000000000fae9fde7fde7fee600e602e502e503e505e505e405e205e206e304e405e504e103e403e503e402e401e502e400e601e400e401e5
CSIX,1580384503,024353490001,-65,6,128,4330040000e8ffe8fce9fdebfbeafbeaf9ecf9eef9eaf7ecf5eef4edf4ebf5edf6ecf5ebf6ecf7ebf8edf8ecfaedfaeefaeefaeffcef00000000000000000000000000000000000000000000fce900e701e702e602e605e506e506e608e606e408e207e207e406e407e608e207e405e506e406e504e405e404e604e503e403e5
CSIX,1580413651,024353490001,-65,6,128,43300400ec0ceb0eef0ef00ef010f110f310f311f411f413f613f612f414f513f513f413f413f412f510f410f30ef40df30df40cf30b00000000000000000000000000000000000000000000ef11ed0fec0eea0feb0de80de70ce80be70be60be40be40be50ae50be50be40be50ae80ae60be70be80ce60ce90ce70ce70ee90e
CSIX,1580444358,024353490001,-65,6,128,4330040014041505140213011401120012fd11fe0e0013fc13fc11fb13fa12fa14fb13fc13fc13fd12fd12fe10ff10ff10000fff0e010000000000000000000000000000000000000000000014021405150615071508150a150a140c140c140c160c160e150d170a140e170c160c150a160c150a1509160a1509160917091508
CSIX,1580473968,024353490001,-65,6,128,4330040017fe17ff16fc15fd15fb15fb14f912f813f714f512f512f413f513f414f514f514f613f713f912fa11fb11fb11fb10fc10fd0000000000000000000000000000000000000000000017fb17fe18ff190019011a031a0519051a051a061c071d071c071c061a061d061b051a051b041a041a041b0319031b031c021a02
CSIX,1580504551,024353490001,-65,6,128,433004001803170017ff15ff15fe16fd14fd14f712f513f813f812f814f815f715f716f814f914fa13fb12fd12fd12fd12fd10fe10000000000000000000000000000000000000000000000017ff160118031803190418061a07170719081a0a1b0b1b0a1a0b1a09180a1d0a19081a071a071a081a071a071a071b071a061906
CSIX,1580537026,024353490001,-65,6,128,43300400120d130b1409120913081307130614041304150214021401150215021503160415041405120512071106100610060f060e07000000000000000000000000000000000000000000001509140b140d140e130f131113121112111312141316141613151314121414151213121313141313121213121310121215111410
CSIX,1580601125,024353490001,-65,6,128,43300400e801e802ea04eb04eb06eb06ed07ed09ee08ed0bee0bee0bec0ced0bec0bec0bec0aed0aee08ee08ee06ef06ef05f005f00300000000000000000000000000000000000000000000e804e802e800e600e7ffe5fde6fce6fce5fbe4fbe2fae3fbe3fae2fbe4fae2fae4fbe5fce3fbe4fde5fde4fce6fee4fee3fee5fe
CSIX,1580623882,024353490001,-65,6,128,43300400eef0eef1edf3eef4edf4edf6edf8ecf8ecf9eaf9ebfaebfbebfbeafbeafbe9faebf9ebf8edf8eef7eff7f0f8f0f7f1f7f2f600000000000000000000000000000000000000000000ecf3edf1edefedefeeedefecefebf1ebf0eaefe9efe6efe7f0e7efe8f1e9eee7f0e9efeaefe9efeaefebeeebefecefeaedebeeec
CSIX,1580654684,024353490001,-65,6,128,43300400f514f716f915fb13fb14fc15fe13ff15001400160115021301150215011601160115ff15ff14ff14fd12fd11fd11fd10fb0f00000000000000000000000000000000000000000000f915f715f516f416f316f115f016f115f015ef16ed17ed17ed16ee17ef15ec18ee16ef16ef16f016f116f117f216f117f117f316
CSIX,1580715740,024353490001,-65,6,128,433004000a140a130d110b110d0f0d0f0e0d0e0c0f0c120b110a100a120b110a120b120c110c100d0f0c0d0d0c0c0b0b0c0c0b0c090c000000000000000000000000000000000000000000000e120c130c150b160b16091808190719071a071a061d061c061b081b061a071c061a0719071b081a08190819081808190a1a0918
CSIX,1580747811,024353490001,-65,6,128,4330040006ea03e41212f9e800eef9eb10fffff1f5f0f4f1fdf2f2f4f4f2f4ecede2f5eef3edf5f3e6def3eff7f1f7f0ecdafbf6faf2000000000000000000000000000000000000000000000aeb0beb17ef0ceb0fec12e90cff12f00fec13e91bce13ec13e812e410cf10e50fe60eed18f00eea0ce90ae90ed809eb09e808e7
CSIX,1580776100,024353490001,-65,6,128,4330040000ecffecfdedfeeffceffbeffbf0f9f1f9f1f6f0f7f0f6f1f6f1f6f1f6f0f6f0f7f0f7f0f8f0f9f1faf1faf2faf1fbf2fcf200000000000000000000000000000000000000000000feec00eb01ea01e902ea04e805e905e906e806e808e708e708e807e707e807e606e905e905e705e804e904e804ea05e804e703e9
CSIX,1580804890,024353490001,-65,6,128,433004000d100d100f0d0d0c0f0b0e0b10091008100712061205120413051306130613071207120810080f090e080e080e080c080c0900000000000000000000000000000000000000000000120d100f111010110f120f140e150d160e170e180e1a0e1a0d190e180c170e1a0c170d160e170c170d160d160d140e160f160e15
CSIX,1580833584,024353490001,-65,6,128,4330040015f913f70ff511f40ef50df30cf40cf30cf10bef0af10bf10bef0bef0cef0cef0cf00cf10bf10cf20cf40cf40cf50bf50df60000000000000000000000000000000000000000000011f314f414f516f618f517f819f71afa18fa1bfb1dfb1bfa1cfa1bfc1afa1df91afb1afa1bf81af917fa18f816fa18f819f919f5
CSIX,1580872980,024353490001,-65,6,128,43300400051409110a0d0a100a0e0f100c0b0d0c0c0b130c1209110a110a110a110b110c120b100c0e0c0d0d0b0b0b0b0a0d0a0b0a0b000000000000000000000000000000000000000000000d0d10110e130e140d140d1b09150a1b0b160b18081a0c1b08190c1d0617091b0c1b0a1b091a091906170c1b0a1809150d1b0c16
CSIX,1580899072,024353490001,-65,6,128,4330040001ea00e8fdecfdecfcecfbecfaedf8eef8eef5edf5eff5eff4eef5eef5edf5edf5ecf7edf8eef9eefaeffaf0faf0faf0fcf100000000000000000000000000000000000000000000fee901e701e803e604e705e506e607e608e507e608e308e308e507e408e508e308e507e707e406e605e606e504e804e504e405e5
CSIX,1580924410,024353490001,-65,6,128,4330040009ec08ec05ec05ed04ec03ed01ed00ec00ecfeebfeecfdecfdebfdebfeeafeeaffeaffeb00ec01ec02ee02ef02ee02f003f10000000000000000000000000000000000000000000005e908ea09ea0be90bea0de90eea0feb0fea10ea12e813e811ea11e911ea12e810e90fea0fea0fea0fea0eea0dea0eea0ee90ee9
CSIX,1580960098,024353490001,-65,6,128,4330040012fc12fa11f912fa0ff810f90ef80df50df60ef40ef30df30ef40df20ff40ff40ff50ff50ef60ff80df90df90df90cf90dfb0000000000000000000000000000000000000000000013f814fa15fb15fc15fd16fe17ff1700180018011a021a021903190118011a00170117001800170017ff18fe16ff170018ff17ff
CSIX,1581046030,024353490001,-65,6,128,433004000ff50bf30df00bf50bf109f208f207f208f007ec04ef04ee04ef03ea07e70dee0ced08ee0aec07f309ef08f40af208f808f0000000000000000000000000000000000000000000000def0ff110f011f111f215f315f413f515f514f418f518f417f617f516f517f515f614f416f415f413f314f313f213f515f212f1
CSIX,1581103297,024353490001,-65,6,128,43300400ffe9fdeafbebfbecfaecf9ecf8eef7eef6edf5ecf5eff4eff4eef4eef3ecf4ecf4edf5edf7eef9eef9effaf0f9effbf0fcf000000000000000000000000000000000000000000000fbe8fde7ffe600e501e503e503e404e504e505e407e207e207e406e406e506e205e505e605e503e502e502e502e604e402e402e6
CSIX,1581134040,024353490001,-65,6,128,43300400fde8fdeafbebfbecf9ecf8ecf8eef7eef6eef4edf4eef3eff3edf3eff4eef4edf6edf4edf7eef6f0f9effaf0f8f1f9f0fcf100000000000000000000000000000000000000000000fae8fde8fde6ffe6ffe502e502e403e504e504e305e205e206e304e304e505e204e503e603e402e601e601e501e601e500e301e6
CSIX,1581164346,024353490001,-65,6,128,433004000d110e110e0d0f0d100c100c110911091007130813061306130713061508130813081209110810090e090e070f080e090d0900000000000000000000000000000000000000000000110f10120f130e150e140c170c180b180a180c180c1b0c1b0b1b0c180a190a1a0a190a170c190c170c160c170c150d160f170e16
CSIX,1581223733,024353490001,-65,6,128,433004000c130c120d0b0c0c0f0c0e0b0e090f090f0711081007110612081108120811091109100a0e090d090c090c080c090b090a0a00000000000000000000000000000000000000000000100c100e0f100f120d110d130c140b140b140c150b170c170b170b160a160b180d1509120b150b140c140c140c120d130e150d13
CSIX,1581255808,024353490001,-65,6,128,4330040017021600120115fd14fc14fb13ff13f913f814f815f912f712f714f514f415f613f713f811f712fa11fa11fb0efc10fc10fd0000000000000000000000000000000000000000000017ff17011e001804190318061c0118071b07190a1e111a0c1a0c1c0a1f0a1d091a081807160c1a0719051b041b0c18051b061a05
CSIX,1581284272,024353490001,-65,6,128,43300400071608160a130a120c120b120b0f0d0f0e0e100e0f0d110d0f0e110d110e100f100f0e100d0e0c0f0a0d0a0e0a0e090d080e000000000000000000000000000000000000000000000a150917071807190719051b041b021a031a021c011e011e011d031c011b031d021b031a041c041a041a051b0519051b061b0619
CSIX,1581313295,024353490001,-65,6,128,43300400081109110b100a0f0b0e0c0e0c0c0d0a0d0b0f0c0e0a0f0b100b0f0a100c0f0d0f0c0f0b0e0b0c0c0b0b0a0a0a0c090c080c000000000000000000000000000000000000000000000b110a1409130816081406170618051605170417031b031a031a0319031804190417051605180717071608170715061807180817
CSIX,1581347447,024353490001,-65,6,128,43300400fe15ff14011402120212041204110610051007110810081008110811091208120712061106100410040f030f020f030f010f0000000000000000000000000000000000000000000002150116ff16fe18fd17fc17fb18fa16fa18f917f719f719f718f819f817f819f917fa16fa18fb17fb17fb18fb16fb18fb18fb17
CSIX,1581404310,024353490001,-65,6,128,4330040011f310f20ef10cf20cf10bf00af009ef08ef08ee07ed07ef08ed06ee07ed08ec08ee08ee08ef08f009f108f209f209f30af3000000000000000000000000000000000000000000000ff011f112f113f114f215f416f415f517f617f51af519f619f618f517f619f517f515f516f515f415f316f314f416f316f215f3
CSIX,1581433267,024353490001,-65,6,128,43300400f2ebf1ebf1eef1efeff0eff0f0f3eef3eff5ebf5edf5ecf6ebf5ecf5ebf5ebf5ebf4ecf5eef4eff4f0f4f2f5f0f4f2f4f3f300000000000000000000000000000000000000000000f0edf1ebf2e9f2e7f3e8f4e5f5e5f6e6f6e5f6e4f6e1f7e2f7e2f6e3f7e4f6e2f6e4f6e6f5e4f4e6f4e7f3e6f4e8f3e5f2e6f3e6
CSIX,1581463878,024353490001,-65,6,128,43300400100d120b130b12061207130611061204130314031401130013011400130214001502130312020f0411030f0511050e030d05000000000000000000000000000000000000000000001308130b140c11101510120f1511111212131312121612161016121410121215101210101110100f12111511121011131310120e
CSIX,1581493372,024353490001,-65,6,128,43300400140b160b15081507140615051403140214021600150015ff160016ff170018011701160214021303120311031204100410060000000000000000000000000000000000000000000018061809180a180b170c170f1711161016111612181417141614171316131713171215101712171117101711160e17101a11180e
CSIX,1581523951,024353490001,-64,6,128,43300400ef0cef0df00cf30cf40df40ef50df60ef70ef70ff70ff80ff811f80ff712f710f610f710f70ef60ef70cf60cf60cf60cf60b00000000000000000000000000000000000000000000f10df00def0ced0ced0beb09ea0aea09ea09ea09e809e709e707e808ea08e809ea08ec09ea09eb09eb0aea0aec0aeb0bea0ceb0b
CSIX,1581553982,024353490001,-64,6,128,43300400ea01ea02eb05ed04ec06ed07ee07ee09ef09ee0aef0aef0bee0bee0bee0bed0bef0bee09ef09ef08ef06f006ef06f005f00400000000000000000000000000000000000000000000ea06ea04e803e702e701e6ffe6fee6fee6fde5fde4fbe3fbe4fbe4fce6fce4fce6fde7fee5fee6ffe5ffe600e700e6ffe5ffe700
CSIX,1581598073,024353490001,-64,6,128,4330040015f914f813f611f711f611f50ff50ff40ef30ff10df20cf10ef10ef00ef00ff10ef10ef20ef30ef40df50ef60ef60df60ef80000000000000000000000000000000000000000000013f514f716f817f917fa18fc1afc19fe19fd1bfe1cff1dff1b001bff1aff1cfe19fe19fd1afd19fc19fc19fb18fc19fb1afb19fb
CSIX,1581643891,024353490001,-65,6,128,433004000f0f100e110c100a110911081007120711061305120414031405130415051406130513071106110710070f070f070e070d0800000000000000000000000000000000000000000000130b120d110e12111111111310140f140e1610150e1811180f1710160e140f170f150e140f151114101310151111101314151113
CSIX,1581679372,024353490001,-64,6,128,4330040010f811f50ff50ff30cf30df30af30bf108f20bf008f009f109f009f00aef0bf00af00bf10af20bf40af50cf50bf409f60af70000000000000000000000000000000000000000000010f310f213f214f514f615f616f713f516fa16f916f918fa18f818f815f817f717f917f715f714f615f816f612f714f616f513f7
CSIX,1581705141,024353490001,-63,6,128,4330040010fd08f00ef80ff70af910f007f10cf107f107ec04f907f402f000ed0aec09f208ee07f003f207ed0bf408f809f308f40af5000000000000000000000000000000000000000000000cf710f00ff412f60ef313f514f614f813f914f616f716f813fd16f612fe1cf40ff716ef12f60ef115fb13f315f612f615f715f6
CSIX,1581736720,024353490001,-64,6,128,43300400fdecfbebf8eefaf1f8eff9f0f7f0f5f0f4f3f4f2f3f3f3f3f2f2f3f2f2f0f2f0f2f1f5eff3f2f5f8f5f1f9f5fcedf3f3fae900000000000000000000000000000000000000000000faecfaeafceafdeafeea00e700e6ffe801e802e703e502e602e701e601e702e501e801e9ffe7ffe7fee900e8ffe9ffe7fde7fee7
CSIX,1581766050,024353490001,-64,6,128,43300400192e1e1a2213240a26132c12210a30053207480048f53d124b101c1529121dfc21fc34f82efb2801260320fc1af521ee29fd000000000000000000000000000000000000000000000d330736082b0b300d4816410b5be84a0334f240102817141635152b2536154f103d103a123516361e361c302a302c4c34492e38
CSIX,1581794754,024353490001,-64,6,128,43300400edf9ecfaedfdeefdedffeeffef00ee01ef01ee02ef04ef04ed05ee05ed05ed04ed03ed03ee02f204ef01f102effef100f1ff00000000000000000000000000000000000000000000ebfcebfaeaf8e9f8eaf7eaf5eaf4ebf3ebf3eaf1eaf0eaf0ebf1eaf1ebf2e8f1e7f4eaf6ebf4eaf4ebf5eaf4ebf6eaf4eaf4e9f5
CSIX,1581823389,024353490001,-64,6,128,43300400fceafaeaf9edf8edf7eef7eef6eff5f0f5f1f3f0f2f1f2f2f1f0f2f1f1f0f2f0f1f0f2f0f4f0f5f0f6f1f6f1f7f0f7f2f9f100000000000000000000000000000000000000000000f8eafbe9fbe8fce6fce6fee400e401e501e501e403e102e203e301e402e502e200e400e600e300e5fee5ffe5fee7ffe5fee4fee6
CSIX,1581854771,024353490001,-64,6,128,43300400140814061404120313021301120013ff12fe14fd13fd13fc14fc15fc15fc16fc14fc14fd13fe12fe11ff1100110110021002000000000000000000000000000000000000000000001704160617081709170a170c170d160c170e17101812171216121610160f1811150e160e170f170d170c170d160c170d180d160c
CSIX,1581883819,024353490001,-64,6,128,43300400ecf4ebf6ecf8edfaedfaecfbedfdecfeecfeeaffeb00eb01ea01ea01ea00e900ea00ebffecfeedfdedfceefdeefceffcf0fa00000000000000000000000000000000000000000000e9f9e9f6e9f5e8f3e9f3e9f1e9efebefeaeee9ede9ebeaebebebeaecebece9ecebedeaefeaeeebefeaf0e9efebf0eaefe9efebf1
CSIX,1581943271,024353490001,-64,6,128,4330040002170517051506120713081309110a110b110d120e100d0f0e110e110d110e120d110b110b110a1108100810080f071006100000000000000000000000000000000000000000000006160417021802190119ff1afe1bfd1bfc1bfc1cfb1efc1efb1cfd1cfc1bfb1dfb1bfe1bfd1bfd1bff1afe1bff19001b011c011a
CSIX,1582003508,024353490001,-64,6,128,433004001010110f120c110c130a130a1209130714071606150514051606160617071708160815091308120911081009100a0f0a0d0b00000000000000000000000000000000000000000000140c130e13101312131211151115101510171018101b0f1a0f1910180e1710190f170f1610171116101511161114111612161214
CSIX,1582040933,024353490001,-63,6,128,43300400e9fce9feea00eb01eb02eb03ec03ec05ed05eb06ec07ec07eb07eb07ea07ea06eb06eb05ed04ed03ee03ee02ee02ef02ef0000000000000000000000000000000000000000000000e900e9fee8fde7fbe7fbe7f9e7f7e8f7e8f6e7f6e5f4e5f4e6f4e5f5e7f5e5f5e7f6e8f7e6f6e7f7e7f8e7f8e8f9e6f9e5f9e7f9
CSIX,1582125591,024353490001,-63,6,128,43300400e8fee900ea02ea02eb03eb05ed05ec06ec07eb08ec08ec09eb09ec09eb09ea08eb07eb06ed05ed05ee03ee03ee02ef02ef0100000000000000000000000000000000000000000000ea00eafee9fde8fce8fbe8f9e8f9e8f8e8f8e7f7e6f6e6f6e7f5e6f7e8f7e6f6e7f8e8f9e7f9e7f9e7fae6fae8fbe6fbe6fbe7fb
CSIX,1582153405,024353490001,-64,6,128,4330040002180419061606160816081608140a140a130c150c140c140d150c140c160b160b150a1608130713061205120412041203120000000000000000000000000000000000000000000005150317021801190018ff1bfe1afd1afd1bfd1bfb1dfb1dfb1cfc1dfc1bfb1dfc1cfd1afe1cff1b001bff1c0019ff1c001d011c
CSIX,1582183428,024353490001,-64,6,128,43300400f91bf016f916e601f413f6180129f81cfb10040af51cf91af91cfa15f918f917f818f916f712f30ff711f811fa14f70ff60e00000000000000000000000000000000000000000000f311f011f110ed11ed11ed12eb10ea0ee80eeb10e811e613f008ec0eeb0cf704ea0fe910fe16ee12ed11dd0cec0fee15ee19ed18
CSIX,1582213533,024353490001,-64,6,128,4330040011111211130d130d140d140c130a150914081708160816061808170817081709160a150a1309120b110a100a100a0f0a0e0c00000000000000000000000000000000000000000000120e1110101111130f130f150e160d160e170e180e1a0e1a0e190f180e180f1a0e180e160f170f16101511161014111613171215
CSIX,1582244299,024353490001,-63,6,128,433004000216031705140514071407130813091309120b130b120c130b130b120b140b140a14081307120612051105110411031003100000000000000000000000000000000000000000000005140415021502170117ff18fe19fd17fd19fd19fc1bfc1bfb1afd1afc19fc1afd1afd18fe1afe19ff19ff1a0018ff19001a0019
CSIX,1582277787,024353490001,-64,6,128,43300400f30bef12f218f415f213f612f210f20ffb13f813f814f912fa14f613f317f20ff113f110f513f30ef40ef50cf40af40bf20a00000000000000000000000000000000000000000000f612f513f212f212f213ed11f012ed10ec0fec10eb11ea0fea12e70eeb14eb0feb08f00beb0fea0eeb0eed0ded0cec10ec11f315
CSIX,1582305419,024353490001,-64,6,128,43300400ebfae6feea00ecffea01ea02ed03eb02eb04e904ea05e906e705e904e804e904e902e902eb01eb00ed00ef00edffeefff0fc00000000000000000000000000000000000000000000eafee9fbe9f7e7f7e8f9e6f7e7f5e9f5ebf4e8f4e7f2e8f1e8f0e8f4eaf0e8f4ebf4e6f6e8f5e8f5e9f8e9f7eaf8e7f6e7f9e8f9
CSIX,1582335910,024353490001,-64,6,128,43300400ebffea00ec02ec02ec03ed04ee04ed06ee06ec08ed08ee08ec08ed08eb07ec07ec06ec05ee03ee03ef02f002ef02f001f00000000000000000000000000000000000000000000000eb02e9ffeafee8fdeafde8fbe9faeafae9f8e9f9e7f7e7f8e8f8e8f8e8f8e8f8e8f8eafae8f9e9fae9fae9fbeafde8fce7fde8fd
CSIX,1582364164,024353490001,-64,6,128,4330040014ff15fe13fc13fb13fa12f911f911f812f812f611f611f612f612f512f613f612f712f810f910fa10fb10fb10fb0ffc0ffd0000000000000000000000000000000000000000000014fd15ff150016011602160317041605160517061808180817071806160618061705160417051704160317031602170217021701
CSIX,1582398437,024353490001,-64,6,128,433004001801190017fc16fd17fa17fa15fa15f914f817f615f515f517f616f618f618f617f716f815fa15fb14fc13fc14fd12fd12fe0000000000000000000000000000000000000000000018fd190019011a021a031b051a0719071a071a081d0a1d091c091d081a091e091b081a061c081c071b051b061a031c051c041c04
CSIX,1582426049,024353490001,-63,6,128,4330040013160b050a0bfc23011b0e12f5fee80eef19fe18f3fbdcf1d705f00108f1fde3ede3f8f205f510f814ef09f609070f081103000000000000000000000000000000000000000000000ff81109110e130b070efc16fa1afb14f10bec0beb0dec03e6f5e3f4f0f4f6f3f8e4f8e1fded08f312eb11e603f5150220fb15f5
CSIX,1582453325,024353490001,-64,6,128,43300400f514f614fb12f913fc14fc14fe110014ff150015ff15011501150016ff18ff17ff15ff140015fe14fd12fc12fe11fb10fb0f00000000000000000000000000000000000000000000f614f413ef15f313f113f013ee15ef12ee11ee13ea0feb13ec11ed13eb11ec13ee12ef13f110f013f214f014ef12f114f116f314
CSIX,1582483584,024353490001,-65,6,128,43300400ffeafee9fcebfbecfbecfaecf8eef8edf7eef6ecf5edf4eef5ecf5edf5ebf6ecf6ecf8ecf9eef9eefbeffbf0fceffcf0fdf000000000000000000000000000000000000000000000fdea00e800e902e802e804e605e706e807e706e707e507e508e606e606e707e506e705e806e705e703e704e802e903e702e602e7
CSIX,1582516122,024353490001,-65,6,128,43300400eef6edf7edf8eefaecfbedfcedfdecfeedfeebffec00eb00eb00eb00eb00eaffecfeecffedfeeefdeffdf0fdeffcf1fcf1fb00000000000000000000000000000000000000000000ebf7eef7eef3edf1eef1eeefeeeff0efefeeefedeeebefebf0ecefedefeeeeeceeeeefefeeefeef0edf0edf0eef1eef1ecf1edf2
CSIX,1582543799,024353490001,-65,6,128,43300400fbebfaeaf9edf7edf7edf5eef6eff4eff3eff4eef1eff2eff2edf2eff1edf2edf3edf4edf6eef7edf7eff8f0f8eff8f0faf000000000000000000000000000000000000000000000f9eafbe8fce8fde6fee8ffe601e601e602e602e603e303e303e401e302e503e302e501e602e500e6ffe600e6ffe8ffe6ffe6fee6
CSIX,1582581616,024353490001,-65,6,128,43300400eaf7e9f8eafaebfbeafde9fdeafee900e900e802e902e803e802e802e701e601e800e800eafeeafdecfcecfdecfcedfceefa00000000000000000000000000000000000000000000eafaeaf8e9f6e9f4e9f4eaf3eaf1ebf1eaf0eaf0e8eee9eeeaeee9efeaefe8eee9f0eaf0eaf0eaf1e9f2e8f2eaf3e8f2e7f3e9f4
CSIX,1582633319,024353490001,-65,6,128,43300400fce7fce6fae9fae9f9eaf8eaf9edf5ecf6ecf3ebf4edf3edf2ecf3ecf3ebf4ebf4eaf5ebf7ecf6ecf9edfaeffaeffaeffbef00000000000000000000000000000000000000000000f8e9fae7fce7fce5fee600e500e501e502e401e303e103e102e201e202e302e002e201e402e200e400e400e300e500e2ffe2ffe3
CSIX,1582668189,024353490001,-64,6,128,43300400110c100a12061205110b120411061204100216041102140114ff13011102130414041204100410030f030e040e050d050c05000000000000000000000000000000000000000000001209120d130d120e11110f0e11100d1113111211111412141213121212100d151518151012130a150d0a1109180e1411180e130d
CSIX,1582693366,024353490001,-65,6,128,4330040006e805e803e903ea01ea00e9ffebfeeafdeafce9fbeafaeafbeafae9fbe9fce9fce9fde9feebffeb00ed00eeffee00ee01ef0000000000000000000000000000000000000000000003e805e806e708e708e80be70ce80ce80de80ee80fe50fe50fe60ee50ee70fe50de70ce70de60ce80be70ce70ae80be60ae60ae6
CSIX,1582723372,024353490001,-63,6,128,4330040000ebfeeafceffceefbedfbedfaeff9eef8f1f7eff7f0f6f0f6eef8f0f7edf7eff7eef9eefaeffaeffdf1fcf2fcf1fcf2fdf100000000000000000000000000000000000000000000f7f7f5f40ded06e2f8f3ed01f7f10de7ecf5edf9fceb00e6fceb00e502e406e205e702ed03ed02e903e9fde900eb02e802e8ffe7
CSIX,1582753878,024353490001,-64,6,128,43300400f614f714f914fa13fb14fc14fe13fe14ff140015001400140114011600150016ff15ff14ff12fe12fc11fc0ffc10fc10fb0f00000000000000000000000000000000000000000000fa15f714f615f516f415f214f215f114f015ef15ee15ee15ed14ef16f014ed17ef15f014f015f115f215f216f215f215f216f415
CSIX,1582785421,024353490001,-64,6,128,433004000d070d0615050f0013011003140115fd11fe0d011100120011fc13fe14fc14ff14fe130113040e010f0110020c010e020d0100000000000000000000000000000000000000000000120613081208130b130b130e120e1210120c120f14111110100d140e1412131210110f0f1211140f140e160a0e0e130a130e120b
CSIX,1582847283,024353490001,-65,6,128,43300400eef0eef0eef4eff5edf5eef6eef7ecf8edf8ecf9ecfaecfaebfaebf9ebf9ebf8ecf9ecf7eef8eff7f0f7f1f7f1f7f2f8f3f600000000000000000000000000000000000000000000edf5eef3eef1edf0eeefefedefedf0ecf0ebf0ebf0e9efe9f0e9efe9f1eaf0e8f0eaf0ebf0eaf0ecefecefebf0eeefededeceeee
CSIX,1582874979,024353490001,-64,6,128,43300400f6eaf6eaf5ecf5ecf4edf4eef4eff2eff2f1f0eff1f1f0f3f0f1f0f1f0f0f1f0f1f0f2f0f4f1f4f1f5f1f6f2f6f1f7f3f8f200000000000000000000000000000000000000000000f5edf6ecf7ebf7e9f8e9f9e7fae7fbe8fce7fbe6fde4fde4fde5fce6fde6fce4fbe5fbe7fbe5fae6fae7fae6f9e9f9e6f8e6f9e7
CSIX,1582903363,024353490001,-64,6,128,4330040012ef12ef10ed0fee0fed0eed0dee0ced0bed0bec0aec09ec0aeb0aec0aeb0beb0bec0bed0bef0bef0bf10bf20bf20bf30cf4000000000000000000000000000000000000000000000cee0eef10f011ef11f013f113f214f216f216f218f219f118f218f217f319f117f216f216f116f116f016f114f016f017ee16ee
CSIX,1582933398,024353490001,-64,6,128,433004000e130e130f110e100f10100f0f0e100c100c110c110a110b110b110a120b120c110c100c0f0b0e0c0c0b0c0b0b0c0a0b090c000000000000000000000000000000000000000000000e0c0d0e0d0f0d110c120c130c140b140b150a160a180a180a180b170a170b180a170b160b170c160c150d160c140d170e170e16
CSIX,1582966001,024353490001,-64,6,128,4330040006e001e401ebfbe3ffeafeeaf8ebfdebfbebf6edfbeaf9ecfdee00ecfde8fcebfdeafdeaffedffef01ed01ef02ed02ef03f000000000000000000000000000000000000000000000faeefcecffe9feeaffec05ea04e903ea03e802e804e705ea00e304e806e807e305e605e808e405e704e8fee5fee901e900ed02e2
CSIX,1582996340,024353490001,-64,6,128,43300400eb10eb11ee11ef10ef11ee12f110f113f212f314f413f515f415f415f316f315f314f213f311f210f10ef30ef20ef30cf20b00000000000000000000000000000000000000000000f110ef10ed0feb0feb0ee90ee70de80ce70be60ce40ce40ce40ae50ce60ae30be50be70be60ce70ce80de70de90ee70ee70fe80f
CSIX,1583023900,024353490001,-65,6,128,43300400fb15fc16fe15fe14fe14ff1401110112011103130311031203140412041402140315021401110012ff10ff0fff10fe0ffe0f000000000000000000000000000000000000000000000013fe14fc14fb15fb15f916f716f716f616f516f318f418f417f517f415f317f516f515f516f615f716f716f815f716f817f917
CSIX,1583053961,024353490001,-65,6,128,4330040012f112ef10ef0ff00eef0cee0cef0bee0aed0aec08ed07ec08ec08ec09eb09eb09eb0aec0aee0aef0af00af10af10af20bf3000000000000000000000000000000000000000000000ef010f111f213f113f215f316f416f517f418f41bf41af419f51af319f51bf518f517f518f418f416f318f315f317f217f116f1
CSIX,1583085683,024353490001,-65,6,128,43300400e7fee6fee801e800e802e802eb03ea04ea05ea06eb06eb08e908ea07e907e907e906e905eb04eb03ec02ec02ec02ed01eefe00000000000000000000000000000000000000000000ea02e900e8ffe6fee7fde6fbe6fbe7fae6f8e5f8e3f6e3f7e4f6e4f7e5f7e3f6e4f7e6f8e5f8e5f8e5f9e5f9e6fbe4fae4fbe4fc
CSIX,1583116038,024353490001,-65,6,128,4330040015ff16fe14fc13fc13fb13fb11fa11f810f811f610f710f611f510f612f511f612f612f711f810f90ffa0ffb10fb0efc0efd0000000000000000000000000000000000000000000012fc13fe13ff15ff1500160116021603160317041905190619061905180519051805160318041703180218021602190218011802
CSIX,1583143521,024353490001,-65,6,128,43300400e603e708e90be90aeb08e90af00aec0bee0bec0dee0cee0eee0fef0eec10ed0fed0eed0def0bee0aee09ef09ed07f008ee0500000000000000000000000000000000000000000000ec09e906eb04e804e705e904e0ffe602e400e301e2f9e002e2fedf00e1fddf00e402e3fee2ffe400e303e502e106e400e004e505
CSIX,1583173739,024353490001,-64,6,128,433004000fee0eed0cec0bed0bed0aed09ee07ed07ee06ec06ed04ec06eb04eb05eb06eb06ec06ed06ee07ef07f008f108f107f208f30000000000000000000000000000000000000000000009ef0bef0dee0eee0fef11ef12ef12f014ef15f017f017f017f016f016f017ef15f113f014ef13f013ee14ee12ef14ee14ed13ed
CSIX,1583203799,024353490001,-64,6,128,43300400ebfbeafdebffecffec00eb00ed01ed01ee02ed03ee03ee04ed04ee05ed05ed04ee03ee03ef02f001f101f100f100f3fff3fe00000000000000000000000000000000000000000000ee01edffedfeebfdebfdeafbeafaebf9e9f9e8f7e7f4e8f5e8f4e8f5e9f5e7f5e9f6e9f7e9f6e9f7e9f9e9f8e9f8e9f8e8f8ebf8
CSIX,1583268435,024353490001,-65,6,128,43300400ffe9ffe8fdebfdebfcecfbecfaeef9eef7eef6edf6eff4eff4eef3eef5eef4edf6eef6eef7eff8eff9f0f9f1f9f0f9f1faf000000000000000000000000000000000000000000000fbedfcecfdeafee9ffe801e702e603e604e505e406e206e206e307e207e507e207e406e506e406e505e505e505e704e503e503e6
CSIX,1583325887,024353490001,-66,6,128,43300400f20ff410f611f610f711f911fa11fc12fc12fe14fe13ff14fe15ff15ff17fd18fd16fd16fc15fb15fb14fb13fa13fa12f91200000000000000000000000000000000000000000000f60ff40ff30ef10fef0fee0fec0fec0deb0eea0de60ee70de70ce80de90be70de90cea0cea0ceb0ced0ded0ded0eed0ded0eee0f
CSIX,1583353368,024353490001,-65,6,128,43300400f711f913fb11fb12fd13fe1300120113011202140314031403160415031703170217021701150015ff14ff14fe15fe14fc1300000000000000000000000000000000000000000000fa10f910f712f512f411f213f311ea12f012ef0fec12ee12f015ef12ec0fea10ee0fef0fef10f110f210f210f410f312f312f513
CSIX,1583386277,024353490001,-64,6,128,4330040006140716091309130b130c120c110e120e111112101111111212111212141113121310140f120e130d130c130c140b13081400000000000000000000000000000000000000000000061204140314021602160018ff18ff18fd18fe19fb1bfc1bfc1afc1bfb19fb1afb19fc17fe19ff17001700180116011703180418
CSIX,1583443789,024353490001,-62,6,128,43300400eafaecf6e9faecf9ecfcebfce9fdebfceefcea00eafce7ffeafee801e7fde701eafce7feeaffecffedfceefceafbecfaeefa00000000000000000000000000000000000000000000effaeef9edf8edf6edf6eff5ecf4edf4eff2eef0edefedf2edeeedeeeeefeeeeedf0eff3eef1eef3eef5edf1eaf7ebf1e9f7ebf7
CSIX,1583503661,024353490001,-62,6,128,43300400090f09120b110a0d0d0f0510061305120a0f0918091307170614091501170c1513030411041e0327031c0403f9290e13f910000000000000000000000000000000000000000000000d040e080f080e070d0b0e0c0e0e0d0e0b100d110a130c1409130a110a12091409130a130b130714091307130610091307140713
CSIX,1583534069,024353490001,-63,6,128,43300400fb18fc19fe18ff180019001900180218021703190318041804190418031902190219021901170017ff15fe15fd14fd14fc1300000000000000000000000000000000000000000000ff13fd14fc14fc16fb15f917f818f717f717f618f31af31af319f41af419f31af419f517f419f618f719f719f718f61af71bf71a
CSIX,1583564028,024353490001,-62,6,128,43300400ea0beb0bed0eee0ded0eee0ef00ff10fef10ef11f111f211f112f012f012ef12f011f010f00ff00def0df00cf00cf00af00900000000000000000000000000000000000000000000f10aef09ee0aed09ed09eb08ea08ea07e907e807e607e606e605e606e705e506e706e906e706e807e808e808e908e808e70ae80a
CSIX,1583593599,024353490001,-62,6,128,43300400e8fde502ec03eb03e602e903eb08e706ea07e606e908ea08e908ea08e808e907e709e804ea04e902eb05ee04eb00eb01ed0000000000000000000000000000000000000000000000ed02ea01ea00e901ea00e9fdeafce8fee8fce6fde5fbe5fae6f9e5fae6f9e5f9e5fae8fce5f9e7f8e5fce5fde7fde5fbe3fde5fe
CSIX,1583623571,024353490001,-62,6,128,43300400ea06ea08ec09ed08ed0aed0bef0aef0cef0cee0df00df00eef0eef0fef0eee0fee0dee0cef0bef0aef09ef08ee08ef06ef0600000000000000000000000000000000000000000000f208f005ef06ef06ed07ec03eb04eb04ec03e902e801e702e800eb01e9ffe703ea04e705e802e903ea02e804eb05e904e806e905
CSIX,1583655017,024353490001,-62,6,128,43300400e6f7e4f8e6fae6fae5fbe5fde6fee6ffe6ffe401e500e502e402e502e301e300e400e4ffe6fee6fde8fce8fce8fbeafaebf900000000000000000000000000000000000000000000edfdecfbebfae9f9eaf8e9f6e9f5e9f4e9f4e8f2e6f0e6f0e6f0e7f0e8f0e6efe7f1e8f2e6f1e7f3e6f3e6f2e7f5e5f3e4f4e4f4
CSIX,1583685138,024353490001,-62,6,128,433004000de90ce709e809e908e707e607e805e704e803e503e702e603e502e503e404e404e506e506e707e808e908ea09ea08eb09ed0000000000000000000000000000000000000000000004ee06ee07ed09ec09ed0beb0deb0dec0eec0feb12ea12ea12ea11ea12eb12ea11ea10ec10ea10ea0fe910e90ee910e910e710e7
CSIX,1583714050,024353490001,-63,6,128,43300400e9fae9fae9fceafce9fde9feeaffea00ea00e901ea02e903e803e903e702e702e801e800eaffeafeebfdebfdebfcecfceefb00000000000000000000000000000000000000000000f0fff0fdeffceefbedfaecf9ecf8ebf7ecf8ebf6eaf5eaf5ebf4e9f4ebf4e9f4eaf4ebf6eaf5eaf6eaf6e9f6eaf8e8f6e7f7e7f7
CSIX,1583751623,024353490001,-63,6,128,433004000ef313f30ff00df20ef00eef0def10ee0eef09ec0dee0bef0eed0aed0bed0feb0beb0eed0ef00ff00cf20ef30ff20ef40ef5000000000000000000000000000000000000000000000bf40df50df70ef40ef610f610f711f812f713f616f715f716f814f515f817f715f615f614f417f514f614f513f515f513f015f3
CSIX,1583775923,024353490001,-63,6,128,43300400140a150a15081508160616061504190316001703160216011802180118031903190418041504150514051307130811081109000000000000000000000000000000000000000000000f060f081009100a100a0f0d100e100e100f10101113111211121212111112131211110f12111210120f1310120f1310150f150f
CSIX,1583834122,024353490001,-63,6,128,433004000fef0fed0ced0ced0ced0bec0bed0aec08ec08ea07eb06eb08e907eb08e908ea08e90aeb0aed0bee0bef0af00bf00af00bf2000000000000000000000000000000000000000000000bf10df20ef30ff20ff311f212f312f313f313f316f216f215f215f116f317f215f313f315f214f213f214f211f112f013ee13ef
CSIX,1583863825,024353490001,-64,6,128,43300400f9e8f8e8f6ebf7ebf6ebf5ebf4ecf4ecf3ecf2ecf1edf0eff2edf1edf0ecf1ebf2ecf3ebf4ecf6ecf8ecf9edf8edf9eefbee00000000000000000000000000000000000000000000f8edf9ecf9eafaeafbeafce8fde8fee8fee6fee600e1fee4ffe4fee302e5ffe3ffe4ffe500e2ffe6fde7fee5ffe8fde5fbe5fbe6
CSIX,1583898610,024353490001,-65,6,128,4330040016fd16fb15f914f913f814f712f713f511f513f411f411f313f412f313f314f314f414f413f613f812f912f912fa10fb10fc0000000000000000000000000000000000000000000012fb13fd14fd15fd15fe160017001601180119021a031b031a031a0319031b0319021702190218011800190017ff180119fe18fe
CSIX,1583923342,024353490001,-65,6,128,433004000cee0bed0aec09ed08ec07ec06ee05ec05ec04ea04eb03ec04ea03ea04e905e905ea05ea06ec07ed07ee08ef09ef08f109f10000000000000000000000000000000000000000000008f009f00aef0cee0cf00eef0fee0ff010ef11f013ee13ee13ef13ef13f013ee12ef11f012ef11ef10ee11ef0fef10ee10ed0fed
CSIX,1583957154,024353490001,-65,6,128,43300400ec09ec03e911e805ec08eb09e60cf00eee09ed0ee60af00aed0bef09e303eb0deb0eeb0bf103ea0cef05f106fa04f207f00000000000000000000000000000000000000000000000f20af00aef07ef0aee07ea09e70bec08ea04ec07f4feea03e503e502f300e103e903ea07e102eb05eb03eb04eafce703e605e809
CSIX,1584013449,024353490001,-65,6,128,4330040004ec02ec00eb03ed00eeffeefeedfceefceefcebfbedfaeefbeef8ebfaedfbedfdebfdeafeecfdebffeeffed01ed00f001f00000000000000000000000000000000000000000000001f002ee04ee03ec04ef05ec06ec09ed06e90aed0ae909e90ae90aed0ae90beb0be908eb08ea09ea05eb08ea04ea08eb09eb05ec
CSIX,1584045463,024353490001,-64,6,128,43300400051407160812071309130813081107160a100c110d0e0e0f0f100c0e0f120d110e110d130a1209120811081008100710061000000000000000000000000000000000000000000000070d0710051006120511051402150114011502140318021802170217011600170018021500180117021602170414041705180517
CSIX,1584076185,024353490001,-64,6,128,43300400fce5fbe4f9e7f9e7f8e8f7e7f7e8f5eaf6e9f3e8f4eaf2eaf2e9f1eaf2e8f2e7f3e7f3e7f6e9f7e8f8e9f9eaf9eafaeafceb00000000000000000000000000000000000000000000f9effaedfaecfbebfceafde8fee800e800e601e602e302e402e402e402e501e301e501e500e401e5ffe4ffe3ffe5fee3fee2fee3
CSIX,1584103453,024353490001,-63,6,128,43300400150816081605150516051503150315011501160115ff15fe16ff16fe18fe18ff170016001501150114021303130412041105000000000000000000000000000000000000000000000f021003100412061106120812091209120b130b130d130e130e140d120d150e130c130b140c140c140b150b140a150c170c170b
CSIX,1584133386,024353490001,-62,6,128,433004000a180c180d160c150e150d140d120f120f1211121010110f1111121013111312121211120f120e120d120c110b120a110911000000000000000000000000000000000000000000000a0c0a0e0a100a110911081307150615061606170519061a041906190519061b06190618071908180818091a0818091a0a1c0a1b
CSIX,1584163958,024353490001,-61,6,128,43300400ef11ef13f213f112f213f313f412f513f613f514f613f714f715f715f617f615f515f515f614f512f410f410f40ff50ef30c00000000000000000000000000000000000000000000fa0ef80ff70ff510f50ff310f210f20ff00fef0fed10ed10ec0fed0fed0fec10ed0fee0fed10ee10ef11ed11ef10ed11ec13ed13
CSIX,1584254197,024353490001,-62,6,128,4330040016f917f715f615f614f514f512f512f411f412f210f20ff111f110f112f012f212f112f311f411f411f610f611f710f810f9000000000000000000000000000000000000000000000bf60df60ff710f710f813f813f914fa15fb15fb17fb18fb17fc17fb17fd18fc17fc15fc17fb16fb17fa17fa15f918f919f819f8
CSIX,1584283473,024353490001,-62,6,128,43300400ef0fe90fee0dee0fef0fef0ff00ef115f011f210f410f413f312f413f314f112f312f112f50ef110f112f00ef40ef310f30d00000000000000000000000000000000000000000000f60bf30bf30bf20bf10cee0bf00af009ee0bec08e60aed0beb0ae90cec07e80aeb0ae90be809e70de909e506ea14ef0de207e907
CSIX,1584374320,024353490001,-62,6,128,43300400e8fde8fee9ffe9ffe901e901eb01eb03ea02e904eb04eb05ea05ea06e905e805e904e903eb03eb02ec00ec00ebffedffeefe00000000000000000000000000000000000000000000f204f001ef01ef00efffedfdecfdedfcecfcebfbe9f9e9f9e9f9e9faeaf9e9f9eafaeafae9fae9fce9fce8fbe9fce8fbe6fce7fc
CSIX,1584433760,024353490001,-62,6,128,43300400ecf1eaf1ebf3ebf2eaf3ebf4ecf5ebf7ecf7e8f8eaf9eaf9e8f9e9fae7f8e7f8e7f7e8f7eaf6eaf6ecf6edf5edf5eff6f0f400000000000000000000000000000000000000000000f2faf2f8f2f7f1f5f1f6f0f3f0f2f1f2f0f0f0eff0ecf0ecf1edf0edf1eeefebefedf0eeefedefeeeeeeeeefefefedeeecebebee
CSIX,1584499390,024353490001,-63,6,128,43300400e90ce90dec0fed0eed0fee0ff00ff011f111f114f112f213f114f215f116f016f015ee14f012ef11ef0fef0eee0eef0def0b00000000000000000000000000000000000000000000f50af40af20af10bf00bef0aee0aed09ec0aea09e80ae809e808e809e908e609e709e909e80ae90be90be80be90ce70ce60de70c
CSIX,1584523970,024353490001,-63,6,128,433004001607160615031405150215031301160215fd16fe15fd14fd16fc16fc16fc18fe17fe16fe1600150114001202130312031105000000000000000000000000000000000000000000000d000d010e020f021003100511061005110712071409130a140a150a130a150a14091408150a1509150816081508160a170a1609
CSIX,1584559085,024353490001,-63,6,128,43300400fa18fb17021702130315021504140413031307150612061205130816081405160615041606140516ff11021301110011fd1000000000000000000000000000000000000000000000030d020e010e020f02110012ff11fd12fe13fd14fc16fc16fb16fb15fa16fb1afa16fc12fc17fe16fc17fb17fd17fb18fc1afb18
CSIX,1584584547,024353490001,-63,6,128,43300400e705e607e908ea08ea09eb0aec0aed0bed0cec0dee0def0fed10ee10ec10eb10ec0feb0eec0dec0cec0aed09ec09ee08ee0600000000000000000000000000000000000000000000f208f007f006ed07ee06eb06eb05ea04e904e804e604e603e602e503e602e403e503e703e504e603e504e504e705e404e305e405
CSIX,1584617994,024353490001,-63,6,128,4330040019f818f717f515f515f614f312f412f312f212f010f00fef11ef10ee12ee13ee13ef13f012f112f212f412f412f511f611f7000000000000000000000000000000000000000000000df60ef70ff711f712f713f815f814f916f917fa1afa1afa1afa1afa19fb1cfa19fa19fa1bfa1afa19f91bf91af81cf81df81cf8
CSIX,1584647167,024353490001,-63,6,128,4330040002e501e4fee7fee8fce8fbe8faeaf9e9f9ebf7e8f6eaf5ebf5e9f5eaf5e7f5e8f5e8f6e8f7eaf8e9faeafbebfbebfbecfdec00000000000000000000000000000000000000000000fbf0fdeefdedfeebffec00e900e901e802e802e704e504e405e504e405e505e304e405e605e303e502e403e402e503e203e102e2
CSIX,1584678694,024353490001,-63,6,128,4330040017fd17fc14fa14fb13f913f812f711f710f611f510f40ff411f210f212f212f211f312f311f412f611f710f811f910f910fa000000000000000000000000000000000000000000000df90ef90ffa10fa11fa12fb13fc13fc15fd16fd18fe18fe18fe18fe18ff19fe18ff18fe19fe18fe18fd19fd17fc1afd1afd1afd
CSIX,1584710989,024353490001,-63,6,128,4330040012ef11ee0fed0eee0cee0ced0aee09ec08ed08ea06eb05eb07e906e907e908e708e909e909eb09eb0aed0aee0bee0aef0bf10000000000000000000000000000000000000000000007f209f20af20bf10cf10df00ef00ff111f011f015ef14ef14f015ef14f016ef14ef13f014ef14ef13ee15ee12ef15ee16ed15ee
CSIX,1584740776,024353490001,-63,6,128,43300400e4fbe7fde9fee9ffe8ffe800eb01ea02ea03e905ea04ea05e807e807e705e806e804e804e902e902ea00eb00ec00edffedfe00000000000000000000000000000000000000000000f003ee02ee02ec01ec01eaffeafeeafdeafce9fce6fae5fae7f9e4f9e6f9e4f9e5fbe7f9e5f9e6fae5fae4f9e5fbe4fae1f9e3fa
CSIX,1584764945,024353490001,-63,6,128,43300400e6fce7fee900eb00e903e902eb04ea06ea05e907eb08eb07eb07eb09e909e908ea07ea06eb05ea04ec03ec02ec02ed01ee0000000000000000000000000000000000000000000000ef03ee03ed01ec01ec01ec00eaffeaf9e8fde7fde7fbe5fbe5fde4fbe7fae3fde4fbe6fae3f9e6fce6fce5fce6fde4f9e3fbe5fb
CSIX,1584794048,024353490001,-64,6,128,4330040019f919f918f715f715f615f614f613f412f313f111f111f012ef11ef13ef13ef14ef13f112f313f313f512f612f710f711f90000000000000000000000000000000000000000000010f611f713f713f714f816f817f917fb18fa1afb1cfb1dfb1cfc1cfa1cfc1efc1cfc1bfb1dfb1dfb1cfb1dfb1bfa1dfb1efa1dfb
CSIX,1584858852,024353490001,-64,6,128,433004001a021902180016ff17fe16fe14fd14fb14fa15f713f613f614f614f515f617f615f616f714f815f914fb14fa14fb11fb12fd0000000000000000000000000000000000000000000013fc13fe15ff16ff160117021903180418051a051c051c061c071d061a071e071b061b061c071b071c061c061b051d051e051d05
CSIX,1584883946,024353490001,-63,6,128,43300400f317f418f716f716f916fa16fc14fd16fe15fe1600150116001602170218011801180117ff16ff16fd15fd13fd14fd13fb1200000000000000000000000000000000000000000000fc13fa14f815f816f716f516f417f316f217f117ef18ee18ee18ef19ef18ed1aef19f018ef1af019f01af01af119ef19ef1bef19
CSIX,1584915753,024353490001,-63,6,128,43300400eeecedededefeef1edf1edf2eef5edf5edf6ebf7ecf9ebfaebf9eafae9f9e9f9eaf9eaf8ecf7ecf6eef7eef7eff7f0f6f1f600000000000000000000000000000000000000000000eef6eff4eef2eef1eef1efefeeedefedefecefeaeee8eee8eee8eee9efe9ede7eee9eeeaede8ede9ede9ece8edeaede8ece8ede8
CSIX,1584948630,024353490001,-62,6,128,43300400ef11f013f213f312f413f412f711f912f912fa14fb12fc13fb14fc14fb15fb15fb15fb14fa12fa12f911f910f910f90ff80e00000000000000000000000000000000000000000000f811f611f510f311f311f112f011ef10ee11ee11eb12eb12eb11eb13eb11ea13eb12ed12eb12ec12ed12ec14ed12eb14eb14ec14
CSIX,1584978178,024353490001,-62,6,128,43300400fb1bfc1cff1aff19001901180216031704150616071508140716081608160817081707160615041504130313031303120112000000000000000000000000000000000000000000000415021601170019ff18fe1bfb1bfa19fa1bf91bf81ef81ef81df91ef81df71ff81df91cf91ff81ef91df91efa1cf91ff920fa1f
CSIX,1585003682,024353490001,-62,6,128,4330040006e405e303e503e701e600e6ffe9fde8fde9fce8f9e9f9eaf9e9f9e9f9e7f9e7f9e8fae8fbeafbe9fdebfcecfdecfdedffed00000000000000000000000000000000000000000000fee900e801e703e503e605e506e507e509e408e30be10ae10ae209e10ae30be00ae209e30ae10ae208e209e107e309df08df08e0
CSIX,1585037971,024353490001,-62,6,128,43300400e6fbe5fce8fee9fee8ffe900eb01ea03ec03ea05ec06ec07eb06eb07ea07eb08eb07ea05ec05ec04ed03ee03ed03ef02ef0100000000000000000000000000000000000000000000eb02eaffe9fee8fde9fce7fbe7fae8f9e7f8e6f8e4f6e4f6e4f6e4f7e5f6e3f6e5f7e5f8e3f7e4f7e4f9e4f8e5f9e3f8e2f8e4f8
CSIX,1585063448,024353490001,-62,6,128,43300400ee0fee0ff210f10ff310f310f70ff612f70ff811fa12fa11fa13fa12f913f912f912f912f911f810f80ff80ef80ef80df70b00000000000000000000000000000000000000000000f70ff50ff40ef20ff30fee10ef0eee10ec0eed0eeb0fe90eea0dea0eeb0dea0ceb0eec0dec0eec0eec0eeb0dee10ed10ec10ec10
CSIX,1585094349,024353490001,-62,6,128,43300400ee15ef16f316f315f416f415f714f816f914f917fb15fc16fb17fc16fc18fc18fb18fb17fb15fa15f913f912f813f711f71200000000000000000000000000000000000000000000f915f715f515f316f315f016ef16ee14ee15ec15e916e916e915ea16eb15e917ea16ec15ea17eb17ec17eb17ec16ea17ea19eb17
CSIX,1585127437,024353490001,-62,6,128,4330040009e909e907e906eb05ea04ea03ec01eb01ecffeafeebfdebfdebfdebfde9fde9feeaffeaffeb00ec01ed01ed01ed01ee02ef0000000000000000000000000000000000000000000002ec04ec06eb06ea07ea0ae90be90bea0dea0ce90fe80ee70ee80ee70ee90fe70ee80de90de70de80ce70de70ce80de70de50de6
CSIX,1585214749,024353490001,-62,6,128,43300400e503e504e706e906e908ea08ec08ec0bed0bec0dee0cef0dee0eef0eed0fec0fed0fed0eee0cee0cee0aee0aed09ef09ef0700000000000000000000000000000000000000000000ec09ea07e806e806e705e603e403e502e400e201e0ffe0ffe1fee1ffe2ffdfffe200e200e100e101e202e101e203e001df02e102
CSIX,1585249419,024353490001,-62,6,128,433004001604170216011500150014fe13fe13fc11fb13f912f912f814f812f814f714f814f813f912fa13fa12fb11fb12fc10fd10fe0000000000000000000000000000000000000000000013fc14ff15ff16001601170317041705170619061a081a081a081a0719081a08190818061a071a071a061b0719051b071b061b06
CSIX,1585275812,024353490001,-62,6,128,43300400e806e807eb09ec08ed09ed0aef0af00bf10cf10ef20ef30ef20ff30ff210f110f110f10ff20ef10df20cf20bf20bf30af20900000000000000000000000000000000000000000000ef0aed09ec07ea07eb07e906e705e803e704e603e403e303e402e404e503e304e503e604e404e504e505e404e605e405e306e405
CSIX,1585308318,024353490001,-62,6,128,433004000cfe0aff1d0716f129f6240327121a000bff08f216f108e70edb15e523e70deb06f1fff5fde9fbdf00e600e601e4fef3fff000000000000000000000000000000000000000000000ef12ed13ed0deb14e90fe811ed09f013ef12f617f717f61df71bf522f91ef223f521fb150323060b1512161a271b1d22141e1222
CSIX,1585334041,024353490001,-62,6,128,43300400e5fbe6fce7fee8fee801e801ea03eb05ea04e906eb06ec07ea08eb09eb09e909ea09ea09eb08eb07ec06ec04ec04ed03ee0200000000000000000000000000000000000000000000ea01e900e7fee7fde7fde6fbe5fae6f9e5f9e5f7e3f5e3f4e4f5e3f5e4f6e1f6e3f7e3f8e2f7e2f8e2f9e1f9e3f8e2f7e0f7e3f7
CSIX,1585364581,024353490001,-62,6,128,43300400e3f9e4fbe6fce6fbe8fbec00ec05e903e608e806ec07ec06ec06eb0ae90ce809e807e905ea06ed06eb05eb05ea03ef02ef0000000000000000000000000000000000000000000000eaffeafce8fae7fae8f7e8f7e7f7e8f5e6f5e5f2e4eee6f1e5f2e3f4e7f4e1f1e4f4e5f3e3f3e5f6e4f7e3f7e0f7dff3e1f4e5f4
CSIX,1585393535,024353490001,-62,6,128,43300400ebf0eaf1eaf4ebf4eaf6eaf7ebf9eafaebfae9fbeafceafde9fde9fee9fde7fde8fde9fdeafdeafcecfbecfbecf9eef9eff900000000000000000000000000000000000000000000ebf9ebf7eaf4eaf4eaf3eaf1eaf0ebefebeeeaede9eae9ebeaebe9ebebece7eaeaeceaede8ebe9ece7eee7ece8ede8eae7ebe9ec
CSIX,1585423738,024353490001,-62,6,128,43300400f4f1f1e6efeef2f6f2f1f0eeeef5f1f4f0f3ecf6eff5edf2ebf7eff8f1f1e9f1ebf9f0f5eff4f0f3f0f5f3f3f2f0f3f5f7f400000000000000000000000000000000000000000000effbf0f4eef3ebf6f0f2eceeeef2f3eff1e8ececeef2f4eaeee1e7e7f1eef0eaede5eeeaf1e8efebeeebf3ebefe5ebebf3eef7e3
CSIX,1585458900,024353490001,-62,6,128,4330040006e805e802e902eb01ea00ebffecfdebfdecfbeafbecfaedfaecf9ecf9ebf9ebf9ebfaebfbecfcecfcedfdedfeedfeeeffef00000000000000000000000000000000000000000000ffec01eb03ea03ea04e906e907e808e909e909e70be60be60be70ae70ae80ae509e609e709e609e608e509e508e709e508e409e5
CSIX,1585485736,024353490001,-62,6,128,43300400e8fbe7fce9ffe9feea00ea01ec01ec04ec03eb05ec05ec07ec07ed08ec08ea07eb07ec07ec05ec05ed03ee03ed02ef02ef0000000000000000000000000000000000000000000000ec02eb00eaffe9fee9fee8fce7fbe8fae8f9e7f8e5f7e5f7e6f7e5f7e7f8e4f8e5f9e6f9e5f8e5f9e5f9e4f9e6fbe4f8e3f9e5f9
CSIX,1585514424,024353490001,-62,6,128,4330040003e502e400e6ffe7fde8fde8fceafaeaf9ebf8e9f7ebf5ecf6eaf6ebf5e9f5e9f5eaf6eaf7ebf8eafaebfaedfaecfbedfced00000000000000000000000000000000000000000000fbebfee9ffe800e601e702e404e505e506e505e408e107e107e306e207e407e107e206e406e105e204e205e104e205e104df04e0
CSIX,1585544744,024353490001,-63,6,128,4330040014111410140d130c140b160c1009170414051602140415021604160217031804170416041505150613051206110711070f07000000000000000000000000000000000000000000001207130a130b140d130e140f13121113121212131315121512151516121715171416131315151314141514151313161418151614
CSIX,1585573346,024353490001,-62,6,128,43300400051b0a27021309130213071d0b1008140f0d0b130b150b0e0f150b120f140e140c130b150a1309130911081107110710051100000000000000000000000000000000000000000000071205140516031702180219011b001cff1a001dfc1c001efd1cfc1ffd1dfe1bfd190221ff20011ef921fe21071e0013fc27fe21
CSIX,1585604016,024353490001,-62,6,128,43300400f314f315f614f613f613f713f912fa13fb13fd14fd13ff14fd14fe15fe15fd15fd15fb15fb12fb12fa11fa10fa10fa0ffa0e00000000000000000000000000000000000000000000fc11fa12f912f813f713f514f414f312f113f114f016f015ef14f015f013ef16f015f014ef15ef15f015ef16f115f017f017f016
CSIX,1585633878,024353490001,-62,6,128,43300400ffe300e5fee7ffe9fde9fceafceefcee00effeebfdeafaeaf9eaf6e8f7e9f7ebfaebfaecfbedfdedfeed00ef01ef01f002f000000000000000000000000000000000000000000000f9eefbecfaebfbeafbebfde9ffea01ea03e805e606e305e205e203e305e402e102e500e300e301e600e904e708ea0ae408e006e0
CSIX,1585663924,024353490001,-62,6,128,43300400e8f2e8f4e8f6eaf6eaf7eaf8ecf9ebfbebfbe9fcebfeebfeeafee9ffe9ffe8ffe9fee9fcebfcecfcedfbeefbeefaf0faf1f900000000000000000000000000000000000000000000edfcedfaecf8ebf7ebf7ebf4eaf3ecf3ebf2eaf1e9efe9eeeaefe9f0eaefe8eee9f0e9f0e8f0e8f0e8f0e7f1e8f0e6efe6efe8ef
CSIX,1585693357,024353490001,-63,6,128,4330040008eb19fd1dea22e900ed1df219e90ff10ef00df10aef04ec08ea07eb0ced0beb0fe80ce90eee06ea0cec0ef207f30aef0cf3000000000000000000000000000000000000000000000bf20fed0af10ef00df213ee11f50ff512f50ff612ee1bf019eb17f214f61ef616f71ee51bf51eef1bf11bf016f11bf320ed1bf3
CSIX,1585723350,024353490001,-62,6,128,4330040006160d190a150b100b0f09100a100e100d0d0f0e0f0c0f0c100b0f0a100b110d11100f100f0b0d0d0b0c0c0b0b0d0b0c080c00000000000000000000000000000000000000000000080e070f0710071106120514041505150416041704190418051803170317041904160616041906190617051a081807190b1b0518
CSIX,1585754809,024353490001,-62,6,128,43300400ea0dea0fee0fee0eef0ff00ff10ff310f310f413f512f613f513f613f514f414f314f313f613f212f213f50bf412f606f50700000000000000000000000000000000000000000000f50df30df10cf00def0dee0cec0cec0beb0bea0be80be80ce80be80ce90ae70ce80ce90be70ce80ce90de70cea0de80ee70fe80e
CSIX,1585784954,024353490001,-63,6,128,433004000df616ef0eea0ffa0cf014ee13f610f10beb12f205e608e90fe710e60ae70ce80be90ae70aec0af00bed0cee0ef00cf00cf1000000000000000000000000000000000000000000000cf10ef110f310f111f312f413f315f416f318f41af21bf017f618f218f319f019f317f31cf11af217f118ee18ee19f114ed1cf3
CSIX,1585813386,024353490001,-63,6,128,43300400f317f417f717f815f917f916fa16fc16fc15fe17ff16001600170018001800190018ff17fe16fd17fc15fb14fa14fb12fa1100000000000000000000000000000000000000000000fb13fa14f813f714f615f415f315f215f215f015ee17ed17ee16ee17ee15ed18ee16f016ef18ef17f118f018f117ef18f01af018
CSIX,1585847381,024353490001,-63,6,128,43300400ed0bec0cf00df00cf10df20ef30df40ef70ff510f610f611f513f611f513f512f612f512f510f50ff40ef50df40cf40bf40a00000000000000000000000000000000000000000000f50cf20cf20cef0cf00bee0bed0bec0bec0aeb0ae90ae90be809e80be90ae709e80aeb09e809ea0aea0be90beb0bea0be80ce90d
CSIX,1585878787,024353490001,-63,6,128,433004001af919f918f616f715f615f412f412f312f313f111f011f011f011ef11ee13ee13ef13f012f113f311f412f612f70ff710f90000000000000000000000000000000000000000000011f512f614f615f716f717f919fa18fa1afb1bfc1efd1dfe1dfe1dfc1cfd1ffd1cfc1dfc1dfc1efb1dfb1efb1cfc1efc1ffb1efb
CSIX,1585908492,024353490001,-64,6,128,43300400e4fae5fbe6fde8fee800e801e902ea03e903e905ea05eb06e907e908e807e707e807e806ea04ea04eb02eb01eb01ee00efff00000000000000000000000000000000000000000000ed02eb01ea00e9ffe8ffe8fde6fbe8fae6f9e5f8e4f7e3f7e4f6e3f7e4f7e1f6e4f7e4f8e3f7e4f7e3f8e2f8e4f8e2f7e1f8e4f8
CSIX,1585937352,024353490001,-64,6,128,43300400f518f418fb15fa14fb15fd15fd13ff1300130115021303130315031403160216021601150014fe14fe12fe11fe11fe10fc0f00000000000000000000000000000000000000000000ff10fe11fd12fc12fb13f914f814f714f615f615f517f518f417f517f416f318f417f516f418f416f417f418f517f519f41af519
CSIX,1585965333,024353490001,-64,6,128,43300400fae8fae9f5edf7edf5edf4edf4eef2f0f3f1f2eff2f2f0f2f0f1f0f1f0f1f0eff1f1f1f0f3f1f4f1f5f1f6f2f7f1f7f3f8f100000000000000000000000000000000000000000000f7f5f8f1f8eff9eef8f0faedfaebfbecfaebfce9fce7f9e7fbe7f9e8fbe8fce4fbe6fce8fae6fbe7f8e7fbe6f9e7fae4f9e5fae6
CSIX,1585993691,024353490001,-64,6,128,4330040011ed10ec0dec0ced0cec0bec09ec08eb07ec06e904ea03ea05e904e905e805e805e806e906eb07eb08ed08ee09ee08ef09f10000000000000000000000000000000000000000000006ef08ef09ef0bee0bee0ded0eee0fee10ed11ed14ec13ec13ed13ec14ed15eb14ec13ec15eb14ec13eb15eb13ec15eb16e915ea
CSIX,1586033487,024353490001,-64,6,128,43300400071608160a1409130b130a120b110c0f0b0f0e100e0e0e0d0f0f0f0e100f100f0f0f0e100d0f0c100a0f090f090f080f060f000000000000000000000000000000000000000000000a0d0a0e090f091009110813081407140615051606190619051906180518061b0518061806190619061907190618061a071b061a
CSIX,1586057768,024353490001,-64,6,128,43300400fae7f9e8f8eaf8ebf6ebf6ecf5edf4eef4eef2eef2f0f1f0f1efeff0f0eef0edf1eef2edf3eef4eef6eff6eff7eff8f0f9ef00000000000000000000000000000000000000000000f8f1f9f0f9eefaeef9ecfbebfbebfceafde9fde7fee5fde6fde6fde5fee6fde4fde6fde6fce5fde5fce6fce4fce6fce4fbe3fce5
CSIX,1586083508,024353490001,-63,6,128,43300400e707e707e909ea09e909eb0bec0aed0ced0cec0eee0eef0fed0fee10ed10ed10ed0fed0eee0ced0ced0aee09ed09ef08ef0600000000000000000000000000000000000000000000f009ef08ee07ec06ec06e906e905e904e804e703e403e403e402e403e502e303e403e603e304e403e504e404e604e304e206e305
CSIX,1586113544,024353490001,-63,6,128,43300400f5e8f4e8f2ebf2ebf2ecf1ecf2eef0eff0f0edefeef1edf2edf0edf2ecf0ecf0ecefeeefeff0f0eff2f0f3f0f3eff4f0f6f000000000000000000000000000000000000000000000f3f1f5eff6eef5edf6edf6eaf7eaf9e9f8e9f8e7f8e4f8e4f9e5f8e4f8e5f8e4f8e5f8e7f7e4f7e5f7e6f6e5f6e7f6e4f5e3f6e4
CSIX,1586145295,024353490001,-63,6,128,43300400f512ef13f40ff811f813f813f812fa12fa11fb15fe10fe11fe15fe13fc14fd15fc14fc14fc12fb12fc11fb10f911fb0ff90f00000000000000000000000000000000000000000000fa0df60cf610f510f60ff210f310f310f210f011ed11ef11ee10ef12ef11ed13ee12f010ee12ef12ef13ef14ef13ef14ec14ee13
CSIX,1586173966,024353490001,-63,6,128,4330040011121111120f110e120c120c120a130913091508140714071506160716071708160715081408130912091209110a0f0a0e0b000000000000000000000000000000000000000000000f090f0a0f0b0f0d0f0e0f0f0f100f110e110f130f160f160f150f150e1510170f160f1410161015111412151014111612171115
CSIX,1586235624,024353490001,-63,6,128,43300400f818f919fc18fc16fe17fe16ff14011501150316041505150516061605180518041803180216011600150014ff14ff13fd1200000000000000000000000000000000000000000000010fff11ff12fe13fd14fc14fb15fa15f916f817f718f619f619f719f618f51af619f618f61af619f71af71af719f51bf51cf61b
CSIX,1586263322,024353490001,-63,6,128,43300400ee10ed12f310f310f312f311f613f50df710f913fb14fb14fa16fa14f916f914f815f714f812f713f510f810f710f70ff60e00000000000000000000000000000000000000000000fb0df90ef80df60ff60ff310f20ff30fef0ff210ef11f012ef11ed12ed10eb10eb11ef10ec11ee11ec12ec10ef13ee13ec13ee13
CSIX,1586293621,024353490001,-63,6,128,43300400eb0feb11ef11ef11f111f112f411f412f512f513f713f814f715f815f816f717f716f616f714f613f512f510f511f610f50e00000000000000000000000000000000000000000000f70ff50ff30ef210f20fef0fee0fee0eec0eeb0fe810e810e80fe810e90fe710e80fe90fe810e810e910e810ea11e711e713e712
CSIX,1586324224,024353490001,-63,6,128,433004000c160c160d120d120e120e110e0e0f0d0f0c120d110b120a130b130b150b140c140c130c120c110d0f0d0e0d0f0d0d0d0c0d000000000000000000000000000000000000000000000c090c0c0c0d0d0e0d0f0c120c130b130b150c150b180b180b180c190b190b1a0b190b180b1a0b190c190c1a0c170c1b0d1b0d1b
CSIX,1586356728,024353490001,-63,6,128,43300400f216f316f716f714f915fa15fc13fe14fe14ff15011402150216021602170218011801180016ff16fe15fe14fd15fd13fc1200000000000000000000000000000000000000000000fe11fc12fa13fa14f914f715f515f515f315f317f018f018f017f018f016ee19f017f016ef18f018f118f018f218f019f01af019
CSIX,1586383426,024353490001,-63,6,128,433004000b170d170e140d120e110f110f0e110d110c140d130b1409160b150b170c170d170d160e140e140f110f110e100f100e0e0f000000000000000000000000000000000000000000000c0c0c0e0b0f0c110c110c140b160a1609180a19091c0a1b0a1b0a1c091b091d091c091a091c091b0a1a0a1c0a190a1b0d1d0b1a
CSIX,1586413507,024353490001,-63,6,128,43300400150f13100d0c090e150c0d0a16100f0c130310f51a0f190a250927021b031409160c1506130a110b1109100a120c0f0a0d0b000000000000000000000000000000000000000000000f040f060f070f08100a110e130e0f0c110f0f111013111215141312111212151014111211131114101311161015101412101217
CSIX,1586505631,024353490001,-63,6,128,433004001706170115ff16fd170018fc16fd14fb14fa16f815f814f717f716f616f616f717f915f914f915fa15fb14fd14fe12fe12fe000000000000000000000000000000000000000000000ffb11fd11fe13fe13ff150016011602170318031a051a051a071b0519061c081a061a061a061a061b041b071a041c0520061d06
CSIX,1586563669,024353490001,-63,6,128,433004000a150b140c130c110d110e110e0f0f0f0f0e110f100d110d120e120e120f120f120f110f100f0e100d0f0c0f0b100a0f090f00000000000000000000000000000000000000000000090a090c090d090e0a0f09110912081208130715071707180617071706170719071708160818081708170917081608180a190918
CSIX,1586598732,024353490001,-63,6,128,43300400e809e80beb0cec0cec0dec0eef0eee0fef0fef11f011f012ef13f013ef13ee13ee12ee11ee0eee0eee0cef0cee0bf00aef0900000000000000000000000000000000000000000000f40bf20af00aef0aef0aed09ec09eb08eb08e908e608e608e607e608e607e407e608e707e607e607e608e508e708e509e40ae60a
CSIX,1586626196,024353490001,-63,6,128,43300400f1ebf0ebefeef0efeeefeef0eff1ecf2edf2eaf3ebf5ebf5eaf4eaf5eaf4e9f3eaf3ebf2edf2eef2eff2f0f2f0f2f1f3f3f200000000000000000000000000000000000000000000f3f6f3f4f3f3f3f2f3f1f3eff3edf3edf3ecf3eaf3e8f3e8f3e8f2e8f4e8f2e6f3e8f3e9f2e7f3e8f3e8f2e8f2e9f2e7f0e7f1e8
CSIX,1586653650,024353490001,-63,6,128,4330040014ef13ef11ed10ef10ed0fec0eed0deb0deb0de90cea0aea0ce90ce80ce90de80cea0dea0cec0ded0dee0eef0ff00df10ef30000000000000000000000000000000000000000000008f20af30cf20cf20df10ff210f110f212f214f217f216f217f216f215f318f116f216f117f116f115f117f016f017f018ef17ef
CSIX,1586716756,024353490001,-64,6,128,433004000cea0ce909e909ea07e906e904e903e803e803e602e700e801e601e602e402e502e403e303e705e706e807ea08e908eb09ec0000000000000000000000000000000000000000000003f204f105f106f007f008ef09ee0aef0cef0cef0fed0fed0fee0fec0eed10ec0fec0eed0feb0eeb0deb0eea0deb0fea0ee90fe9
CSIX,1586743925,024353490001,-65,6,128,43300400fb19fc1aff19fe1800180119021804190418061907190718071a071a071d071c071c041c041a021b001a0019ff19ff17fc1700000000000000000000000000000000000000000000010d000eff0fff10fe11fd13fc13fb14f915f915f817f818f817f817f718f619f718f917f71af718f918f81bf919f91af91ef91c
CSIX,1586775556,024353490001,-64,6,128,433004000be60ae507e507e704e605e504e701e501e5ffe2fee4fde3fde2fde2fde0fedfffe0ffe101e202e203e405e406e405e607e80000000000000000000000000000000000000000000000f204f104f106ef06ee08ee0aed0bee0ced0dec0fea10eb0fec0feb0fec10e90fea0fe90fe90ee90ee80fe70de70fe60fe50ee5
CSIX,1586803971,024353490001,-64,6,128,43300400f7e8f6e6f4eaf4eaf4eaf3ebf3ecf0edf0edeeeceeeeedefededeceeebebecebebebedeaefebf0eaf2eaf3ebf3eaf4ebf7eb00000000000000000000000000000000000000000000f7f5f7f3f7f2f7f0f8eff8edf9ecfaecfaebfbeafbe7fbe7fbe8fbe7fce7fbe6fbe6fbe8fae6f9e6f9e7f9e6f8e7f8e5f8e3f8e4
CSIX,1586833443,024353490001,-64,6,128,4330040009150c150e140c110e0f0f100e0d120f100b1510100c1407160f1010140d140d140d100d100e110f100f0e0e0f0f0d0e0b0e000000000000000000000000000000000000000000000909080c080d090f070f09120813091108130813081706170715071606160617081707130a1607150c170b1a081508170c190d17
CSIX,1586864342,024353490001,-63,6,128,43300400eb13ec14ee15ee14ef14f015f114f316f316f418f617f718f519f619f51af31af419f318f316f215f214f213f112f210f10e00000000000000000000000000000000000000000000f70ff50ef30ff20ff10ff00fee0fec0eec0fea0fe70fe80fe80ee910e90ee711ea10ea10e811e810e811e812e912e812e714e713
CSIX,1586902709,024353490001,-63,6,128,43300400f919fa1afc19fc18fd19fe19001801180218041a04190519041b061b051c031d031d021c011bff1afe18fd18fc18fc16fa1500000000000000000000000000000000000000000000ff11fd12fc13fa14fa14f915f716f615f516f416f218f218f217f317f317f218f418f416f418f418f518f419f619f51af61cf61b
CSIX,1586930411,024353490001,-62,6,128,4330040010131112110f120f130d130d120b140b140a160a1509160817091809190a190b180b170c150c150d130d110d110f0f0e0d0e000000000000000000000000000000000000000000000d090e0b0c0b0c0d0e0d0f100f12130e0e100d120b160c1609130b140d150c160c150d130e150e150e140f150e140f1611161015
CSIX,1586998695,024353490001,-62,6,128,433004001a061a051a031a0319021a0218ff19ff18fe1afd18fd18fc1afc1afc1cfc1cfd1cfe1bff19ff190018011702170415031406000000000000000000000000000000000000000000001001100211031203120413061307130714081409150b160b150b160a150b170a17091609180a180918081a0919081b091d091c09
CSIX,1587014007,024353490001,-62,6,128,4330040004e905e802e801e901e801ecffeafdea00ebfbe9fce9fbe8fce7fce9fbe8fbe7fbe7fde8ffe9ffe900eb00ec02eb01ed03ed00000000000000000000000000000000000000000000fef303f002f201f003ee07f005f108f108ed09ee0aed08ee09ec08ed08ed09eb07e906e907ea06e907e908eb04e905ea05e706e9
CSIX,1587046118,024353490001,-63,6,128,4330040002ecf6ebf5e901e7fbe7f8ebfbe9f8e9faeafaecf6edf3ecf2eaf3ecf5e3f6ebf2e4f8e6fdebf7eaf9effaeff8eafaedfdef0000000000000000000000000000000000000000000002f301f302f001f202f306f006f105eb06ee02ec0beb09ef0ae70aef05ef08ec07ec02eb04e803e701ec05e401e604eb07de04ea
CSIX,1587075091,024353490001,-62,6,128,433004000718081a0a170a160b160c160c140d150d1310150f131013111510141116101610170e170c150b160915081608160714051400000000000000000000000000000000000000000000060c050d050d050f040f041103120311021302130216021602160416021503170317041604180517061805190617061a071b071c
CSIX,1587105157,024353490001,-62,6,128,433004000e1410141111101111101210120e130e130d150d140d150c150d160d160e160f150f140f1310111010100f100e110d100b11000000000000000000000000000000000000000000000a090a0a090b0a0d0a0d090e090f0810081109120913091409140a140a130b150a140b130b140c140c140d150d130e160f150e16
CSIX,1587133341,024353490001,-62,6,128,43300400ed0dec0fee0def0ef00ff012f00ff210f110f114f314f413f212f213f115f114f114f013f111f011f00ff00def0df20cf00900000000000000000000000000000000000000000000f409f206f308f109f107f108ef09f009ee07ed06ec07ea07ea07eb06ed06ea08ea06ec09eb0aec0bed09ea08ee0aea0aea0de90c
CSIX,1587196208,024353490001,-62,6,128,4330040018fc19fb17fa17fa17f917f915f815f714f615f514f514f316f415f417f417f516f617f615f816f915fa14fb14fc13fc12fe000000000000000000000000000000000000000000000efa0ffb10fc11fc11fc12fe13ff13ff140015ff170017001701180017001900180016ff18ff180018fe19ff18fe1afe1cfd1bfd
CSIX,1587223670,024353490001,-63,6,128,4330040019fc1afb18f818f918f718f716f616f415f516f315f315f216f215f217f218f217f317f416f516f715f815fa15fa14fa13fd000000000000000000000000000000000000000000000ffa10fc11fc13fc13fd14fe15fe15ff16001700180119011901190018011a00190018ff1a001aff1afe1bfe19fd1cfe1dfd1dfd
CSIX,1587257289,024353490001,-63,6,128,43300400f013f113f315f413f414f614f614f714f814f817f916fa16f917f918f919f819f718f617f615f514f513f412f412f410f40e00000000000000000000000000000000000000000000f90ef70ef60ef50ef50ef30ff20ff10ef10eef0eee10ed0fed0fee10ee0eec11ee11ef10ed10ee11ee11ee11ef12ed12ed14ee13
CSIX,1587292964,024353490001,-64,6,128,43300400f100ecfdcff6f500ea0aebfef6dbea00f608ee0d1710f113ea0eec0eea2df40aeb0bec06e105e90ee902ef04f201f006ef0000000000000000000000000000000000000000000000f102f100f7f4f001f0fceef9fdfdeffceef9eefce4f2effaeaf6eafcf0e4e6f7e7faf0fdcef9f209dfffe9f5e3e3effbe4ffecfe
CSIX,1587313495,024353490001,-63,6,128,43300400e6ffe6ffe702e803e703e704e904e906e906e608e808e809e708e709e608e408e607e506e704e803e801e901e9ffebffecfd00000000000000000000000000000000000000000000f001ef01ef00ee00edffebfdecfcecfcebfceafbe8fae8fae8f9e8fbe9fae6fae7fbe8fbe7fbe7fce7fce6fce7fee5fce3fde4fd
CSIX,1587345221,024353490001,-63,6,128,43300400011a031a05180418061807180716091709160a170a160a160b170c170b190a190a190819071706180516031502160114001300000000000000000000000000000000000000000000041003110212021401130015ff15ff15fe16fd16fc19fc19fc18fd18fe17fd1afd19ff18ff1aff19001a001b0019ff1c001e011c
CSIX,1587376091,024353490001,-63,6,128,43300400ea10ea10ed11ec11ee12ef12f012f113f212f215f314f315f116f216f016f016f015ef14f013ef11ef0fef0eee0ef00cef0a00000000000000000000000000000000000000000000f40cf20cf10bf00cf00bee0bed0bed0aec0aeb0ae90ae80be90ae90bea0ae70be90cea0be90ce90ce90de80eeb0de70ee710e810
CSIX,1587403509,024353490001,-63,6,128,4330040007ea07ea05e904eb04ea03e902ea01ea00e9ffe8ffe9fee9ffe8fee8ffe700e600e701e702e903ea04eb04ec06ec05ee06ef0000000000000000000000000000000000000000000003f205f205f005f107f008f008f009f009ef0bee0ced0cee0cef0cee0bed0deb0aed0bec0bec0aec09ec0aea09eb0bea0ae90ae9
CSIX,1587433816,024353490001,-63,6,128,43300400f7e5f5e5f3e7f4e9f3e9f2e9f2eaf0ecf1ebeee9eeebeeebedeaeceaede8ede8eee8efe7f1e9f3e8f4eaf6e9f7e9f8eafbeb00000000000000000000000000000000000000000000f7f1f8f0f8eff9eef8eef9ecf9ebfbebfbe9fae9fce5fbe5fce6fbe6fbe7fae4fae5fae6f9e4f9e6f9e5f8e4f8e5f8e2f7e2f7e3
CSIX,1587463663,024353490001,-63,6,128,43300400e301e403e605e604e606e607e807e809e80ae70ce80ce80ce70de70de50de40de50ce50ae709e608e806e705e804e903ea0100000000000000000000000000000000000000000000f003ef01ee01ec00ed00ebffeaffebfee9fee8fde5fce5fce6fbe5fce6fce3fce5fde6fde4fde5fee4fee4ffe5ffe2fee1ffe2ff
CSIX,1587496409,024353490001,-63,6,128,43300400ffeafeeafdeafcebfbebfaeafaecf9ecf8ebf7eaf7ebf7ecf7ebf6ebf6e9f6e9f7e9f8e9f9ebfaeafbebfcebfdebfeed00ee00000000000000000000000000000000000000000000fdf2fef1fef0ffefffef01ee01ed02ed02ed03ec04ea04e906eb04ea04ea04e804ea02ea04ea03e902e902e801ea02e802e702e8
CSIX,1587528584,024353490001,-63,6,128,43300400e705e605e807e807e808e809ea09ea0cec0be80beb0de90ce90beb0be80de90ce90ce70aea06ea07eb07e907eb05eb04ec0400000000000000000000000000000000000000000000f205f004ee04ee02ed03ee01ee00eefeea00ec01e901e800e7fee700e8ffe600e7ffe7ffe5ffe9feeb02e700e605e601e605e602
CSIX,1587556488,024353490001,-63,6,128,43300400fc18fd190018001701180118021603160316051806170617061806180519051a041903190317021700150015fe15fe14fd1300000000000000000000000000000000000000000000000eff0ffe0ffe10fe11fc12fc13fb12fb14fa14f816f816f715f816f815f717f816f816f916fa16fa16fa17fb17f918fa1afb19
CSIX,1587614520,024353490001,-63,6,128,43300400f213ea12fb0bfb1ef60e081bf00a02060d1a011b011605220e1d09170e1c0a150d19081705100912071407150612080d091000000000000000000000000000000000000000000000f100f4f7f501eafcf3ffedf9ec00e8ffecfaec01e9ffe803e8feea03e5feeffee509e708e908f401f608ed11f11af7040313f809
CSIX,1587629592,024353490001,-64,6,128,43300400f010f113f412f613f314f614fa12f913fa15fc16f915fd15f918fb14f918f919fa18f917f914f815f713f812f712f610f50e00000000000000000000000000000000000000000000f80bf90af808f40bf50bf30af00bf10af30cf00bee0aee0bf00bef0eec0aed0bee0bef0def0bf00cef0fee0ff110ee0fef11ee13
CSIX,1587655676,024353490001,-63,6,128,43300400e916f71fed10e70bf71bf205e70ef212f50df718f110f31bfd17ec16f516ee15e91df21af808f912ee10f111ef0cf00cf00b00000000000000000000000000000000000000000000f90cff0ff70cfb0cf910fa0ef40cf50ff413f307f910f116f209ee0de913ed0ff20df60fef12f00df513ed0bf50eeb13e718ef11
CSIX,1587681503,024353490001,-64,6,128,43300400ebf2edf5f0f3ecf4ecf7edf3eaf7eaf5edf7e7f8e9f7e9fae8fae7fae8f7e8f8e9f7e8f9eaf7eaf5ebf5edf5edf4eff5f0f300000000000000000000000000000000000000000000f3faf2f7f5f6f2f5f5f3f4f5f5f4f7f1f3f3f5eff7edf4ebf2e9f3eff5f1f0eef8eef3eef4eff3f0f5f2eeeff1f1f0f2f0eeeeee
CSIX,1587707344,024353490001,-64,6,128,43300400e8f3eaf3eafae7fbe6f9e8f8eafde5fee7fce700e602e2ffe6ffe602e302e301e600e500e600e6fee8fce9fde8fcebfbedfb00000000000000000000000000000000000000000000f5f5f6f7f2f4f2f0f5f3f3f4f0f0f4edf6f0f1f0f1e9f6ebf2efeeebf2e9f3eceef1eeeef2ecf0f0edf2ebeeeff0ecf2e8f0e8ec
CSIX,1587759223,024353490001,-65,6,128,43300400e8ffe801e903ea02e904e804ea04e906ea06e808ea08ea09e70ae909e709e709e807e807e906e804e902ea02ea01ec01edff00000000000000000000000000000000000000000000f001f0ffeffeeefdeefeedfcecfbedfbecfaebfae9f8e9f8e9f8e9f8eaf8e8f8eaf9ebf9e9f9eafaeafbe9fbeafce8fbe6fde8fc
CSIX,1587774409,024353490001,-65,6,128,433004000ee90de90be80ae909e809e708e806e605e605e304e503e504e404e405e306e306e507e407e609e709e90aea0beb0aec0bef0000000000000000000000000000000000000000000008f10af10af00cf00bf00df00ff10ff010f111ef14ef15ef14f014ef13f015ef13ef12ee12ee12ee11ed12ed10ee11eb11e911eb
CSIX,1587800382,024353490001,-65,6,128,433004000bea0be808e808e908e807e706e805e705e705e404e603e504e403e505e305e306e407e507e708e809e90aec0aeb0aed0bef0000000000000000000000000000000000000000000005f007f008ef09ee0aee0cef0bed0def0dee0fee12ed13ed12ee11ed11ef12ec12ee0fee11ed0fed0fed0fec0eec0feb0fe90fe9
CSIX,1587826250,024353490001,-65,6,128,43300400e7f8e5fae7fce8fce6fee6fee7ffe600e700e502e602e604e303e403e303e202e301e300e6ffe6fde7fce8fce9fbebfbecfa00000000000000000000000000000000000000000000f0fceffbeffaedf9edf9edf7ecf6edf6ecf5ebf5eaf3eaf2eaf1e9f3eaf2e8f1eaf2eaf3e9f2eaf3e9f5e8f4e9f6e8f5e5f5e6f6
CSIX,1587866572,024353490001,-65,6,128,43300400160d180b17091708180819071806190519051c041a021a021c031c031d041d051d051c061a0719091809160a160b140a120b000000000000000000000000000000000000000000000f050f070f081009100a100c100c100d100e120f1211121112121311121213131212111113121210130f1410140e15101711160f
CSIX,1587884278,024353490001,-65,6,128,43300400edf0ecf1ebf4edf4ebf5eaf4ebf6eaf6eaf6e8f6e8f8e8f9e7f7e6f8e7f6e5f5e7f5e8f4eaf4eaf3eef3eef2eef1f0f2f2f300000000000000000000000000000000000000000000f3f8f4f7f3f6f3f5f3f4f3f3f3f2f4f1f3f1f3eff2edf2edf2edf2edf3eef0ecf1edf2eef2edf1eef0eff0eef0efefeeeeedeeee
CSIX,1587913748,024353490001,-64,6,128,43300400e604e806e907e906e908e909ea09e90bea0ae90ce90cea0de80de90ee80ee60ee70ce70be90ae808e807e905e804eb03eb0100000000000000000000000000000000000000000000f203f102f001ef01ef01ee00ed00edffecfeecfeeafde9fdeafce9feeafde7fde9fee9ffe9fee8ffe800e700e801e600e601e601
CSIX,1587944025,024353490001,-64,6,128,43300400f312f212f513f513f613f614f813f815f914f916fa15fa15f918fa17f918f719f818f717f715f615f512f511f411f510f40e00000000000000000000000000000000000000000000f90bf70af70af50af50af40bf40bf30bf30bf20cf00cf00def0cf00def0ced0def0df10def0ef00df20ff00ef10ff111f012ef12
CSIX,1587978319,024353490001,-64,6,128,43300400eef0edf1edf2eef3edf3edf4edf4ecf5ecf6e9f6eaf8eaf7e9f6e9f7e8f5e8f5e9f4eaf3ecf4ecf2eef2f0f2eff2f1f2f3f100000000000000000000000000000000000000000000f5f7f6f6f6f5f5f4f6f4f5f2f6f2f7f1f6f1f5f0f5eef5eef5eef4eef5eef3ecf4eef4eff3edf3eef3eff1eef2f0f1eeefedf0ed
CSIX,1588005047,024353490001,-64,6,128,43300400ffe501e9fde9fcea00eafbe7f7ebffeaf9e7f6f2fbecf6ea01ebfdf0f9e7fde705defbe5f9e3fff204e802e807f206ee04ef00000000000000000000000000000000000000000000fff300f2fff201f101f000f103f007eb04ef04ed04eb05ee06eb05e805ef05ec04ec05eb05ec04ec03eb06ea05ec03ea04e804e8
CSIX,1588033355,024353490001,-65,6,128,43300400e6fde4ffe500e401e502e503e603e505e705e406e507e408e208e409e108e107e106e205e403e403e501e600e6ffe7fee8fc00000000000000000000000000000000000000000000f1feeffcf0fceefbeffbedfaeef9edf8edf8edf7ebf5eaf5eaf5e9f6eaf5e9f6e9f7eaf8e7f7e8f9e8fae7f8e8fae6f8e4f9e4fa
CSIX,1588063537,024353490001,-65,6,128,4330040010121111120f120d130e140e130c160b160b180b17091809190a180b1a0c1a0d190d180e160d160f140f130f121111100e11000000000000000000000000000000000000000000000b090a0b0a0c0a0c0a0d090f0a0f0910091109110a130a130a140b130a130c150b130b130c140c140d130e140d120e1410150f14
CSIX,1588097092,024353490001,-65,6,128,43300400e7fbe5fce7fee7fee600e600e701e703e803e504e606e707e407e407e307e205e205e304e403e401e5ffe6ffe6ffe8fde9fc00000000000000000000000000000000000000000000effeeffceefbeefaedfaedf8ecf7edf6ecf6ebf5eaf3eaf3ebf3eaf4ebf5e9f4eaf5eaf5e8f4e9f6e8f6e7f6e9f7e6f6e5f7e6f7
CSIX,1588127847,024353490001,-65,6,128,43300400edf3edf4ebf5ecf6ebf7eaf7ecf9eafbeafae8fbe9fce8fde7fce7fee6fce5fce6fae6fbe7fae8f9e9f9eaf8eaf6edf6eef500000000000000000000000000000000000000000000f2f8f2f7f2f5f2f4f2f4f2f2f2f1f3f0f2f0f2eef1ebf3ecf3edf2edf2eef0ecf1eef1eff0edf0eeefeeefefefefeeeeedeeeeef
CSIX,1588157201,024353490001,-65,6,128,4330040004ec03eb01ec01ec00ecffebffedfdecfdecfbeafbebfaebfbeafaeafbe8fbe8fce8fde8fdeafeea00eb00eb01eb01ed03ee0000000000000000000000000000000000000000000001f202f203f104f104f106f006f007f007f008ef0aed0aed0aee09ee09ee0aec09ee08ee09ed08ed08ed08ec06ed08eb07eb07eb
CSIX,1588190326,024353490001,-69,6,128,43300400b5bab8c7a6e3abe1afdbb1dab4dab0e6bcd79fdea4e5baeaa3e4aaf894f195e1b3dda2e1cfdab2e6c9f2bef1b1d8d5e7f1eb00000000000000000000000000000000000000000000e9ede2f2dcd9e2cae5c7e0f0dedce7efd2e3d6c4cfb4d0a7cdd2c5c7d1c7c0c3d9b3d7cacbbbc7bfc6d0b3bcc3c0c0bfb3c9c9c3
CSIX,1588243352,024353490001,-64,6,128,433004000a170c180e150d140f150e150f12101210101312121014101412121114131312131412140f130f130c120c120c120a110812000000000000000000000000000000000000000000000b0d0a0f090f091109110814071507150616071607190619051a061a0619051a061a0617071a07190719071a09170a1a0b1b0a1b
CSIX,1588274316,024353490001,-65,6,128,43300400ec0fed10ee12f011f112f113f212f314f313f316f415f617f416f517f317f217f316f216f214f213f111f111f111f10ff00d00000000000000000000000000000000000000000000f50cf30cf20bf20cf10bef0bed0bed0aec0aeb0be90be90ae80ae90bea0ae70ce80bea0be90cea0cea0de90dea0de80de810e90f
CSIX,1588303914,024353490001,-65,6,128,43300400fde5fbe3f9e5fae6f8e6f8e5f7e8f6e7f6e7f4e6f4e7f3e7f3e6f3e8f3e5f4e5f4e5f5e5f7e7f8e7fae8fbe8fce7fde9fee900000000000000000000000000000000000000000000fbf1fceffceffdedfdedffebffebffeb01ea00e902e602e603e701e502e702e401e601e701e400e6ffe500e4ffe500e3ffe2ffe2
CSIX,1588334209,024353490001,-64,6,128,43300400101412141311121013101310130e140e140d160e150c160c160d160d160e170e150e140f120e110f100f0f0f0f0f0d0f0c0f000000000000000000000000000000000000000000000c090c0a0b0b0c0d0c0d0c0f0c100c100b120c120c140d140c150d150c140d160d140c140e160e140f140f150f14101611171116
CSIX,1588365181,024353490001,-65,6,128,43300400e806e906ea08eb08eb09eb0aec09ed0bed0bec0ded0ded0dec0ded0eeb0deb0ceb0ceb0bed09ec08ed06ee06ed06ee05ee0400000000000000000000000000000000000000000000f307f206f107f006f005ee05ed05ed04ed04eb04e903e904e904e904e903e703e804ea03e704e805e805e704e805e505e505e605
CSIX,1588393648,024353490001,-64,6,128,433004000219031905170515071607150815091409150a150a130b130b150b150a150a170a150816081406140512041204120311021000000000000000000000000000000000000000000000050e040f030f0311031102120214011301150116ff18ff18001800180018001a001800190119011a0219021a0219011b011d011b
CSIX,1588424527,024353490001,-64,6,128,43300400ffe5fee5fce7fce7fbe8fae7f9eaf8e9f9eaf6e8f6e9f5eaf6e8f6e9f6e7f7e8f7e8f9e8faeafbeafcebfdecfdecfdeeffee00000000000000000000000000000000000000000000fbf0fceefceefdecfdedfeebffea00ea00e900e901e602e502e601e502e502e302e501e601e301e400e400e3ffe500e300e101e2
CSIX,1588454168,024353490001,-64,6,128,43300400fa1afb1bfe19fe19ff19ff18011702190317041a05170518051a0418031a031a0219021800170016fe15fe13fd14fe12fc1100000000000000000000000000000000000000000000031100100113ff14fd14fc18fd160113fa17fb18fa1bfb19f61df71cf81afa1ff81bf81af71df71bf91bf71cf91bf91df91ef91d
CSIX,1588485175,024353490001,-64,6,128,4330040019f719f516f415f415f214f212f212f011f012ee10ef10ee12ee11ed12ed13ed13ee12ef12f012f112f312f413f511f611f7000000000000000000000000000000000000000000000ef50ff610f512f612f714f715f614f817f818f81bf91af81afa1bf91bf91df81bf91af81cf91bf81af71df81af81df81ef81cf7
CSIX,1588516002,024353490001,-64,6,128,4330040014f615f512f312f311f211f210f20ff10ff210ef0eef0eef0fee0eee0fed0fee0fef10ef0ff10ff210f30ff410f40ff510f7000000000000000000000000000000000000000000000bf40ef50ff610f610f612f613f713f714f815f717f818f817f818f718f819f719f817f819f818f818f719f817f819f81af719f7
CSIX,1588543529,024353490001,-65,6,128,43300400e908e80beb0bea0beb0deb0cee0dec0def10ee12f012f012ef12ef11ed12ee12ee11ed11ef0eee0eed0bef0cef0def0bee0900000000000000000000000000000000000000000000f10aee08ee07ec08ed07ea07ea05e905e903e906e607e507e506e507e504e205e304e604e405e504e506e505e706e507e509e507
CSIX,1588575710,024353490001,-65,6,128,433004000c0f0b0f0d0d0f0e0e0e0e0e100c110c110b120a1009110b120b120a130b130c120c110c100d100d0e0d0e0d0d0e0c0e0a0d000000000000000000000000000000000000000000000b0a090c090c080d070f0a0d090d070d060f0511081408140814091407140917081407130b140a130a13091608120a170d120913
CSIX,1588611308,024353490001,-66,6,128,43300400eeeeedeeedf2edf3ecf2ebf3ecf5eaf6ebf6e7f6e8f7e7f9e7f8e7f7e6f7e5f6e6f6e7f5e8f5e9f4ecf3ecf3ecf2edf2f0f100000000000000000000000000000000000000000000f0f5f1f3f1f0f1f1f1f0f1eef2eef2edf2ecf2ebf1e9f0e9f2e9f0e9f1eaefe7f0eaf0eaefe8f1e9efeaefe9f0ebf0e9efe8efeb
CSIX,1588705568,024353490001,-65,6,128,433004000cef08ed06ed0df106f006e908ea05ea05eb03e901ee02ec03ea02ed06e903ec07ebffeb06ef01e905ec07ed06ed07ef07f00000000000000000000000000000000000000000000005f208f409f107f208f40cf30ef10ef10cf00cf310f011f111f00fee10f010ed0fef0eee10f011f10aed10ef11ed0fec0def0feb
CSIX,1588723390,024353490001,-65,6,128,43300400ecf0ebf0eaf3ebf3eaf3e9f4eaf5eaf6eaf6e7f6e9f8e9f9e8f7e7f8e7f7e7f7e7f6e8f5eaf6ebf5ecf5edf5edf4f0f4f0f400000000000000000000000000000000000000000000f1f6f1f4f1f3f0f3f2f2f2f0f2f0f3eff1eff1eef0ecf0ebf0ebefecf0eceeeaeeecefededebeeebeeeceeebeeededebecebedec
CSIX,1588755501,024353490001,-65,6,128,43300400fc17fd19001700160118011702160318031605180617061706180518051904190319021902170017ff15ff14ff15ff13fe13000000000000000000000000000000000000000000000112ff12fe13fd15fd13fb15fb15f913f816f917f719f819f818f81af818f61af819f817f71af618f819f719f818f819f91afa1a
CSIX,1588790808,024353490001,-65,6,128,4330040016fc17fc14f914f914f814f612f713f512f513f211f311f213f213f114f214f214f214f413f513f512f712f713f811f912fa0000000000000000000000000000000000000000000010f912fa13fb13fc13fc15fc16fe17fe17ff18fe1a001b001a001aff19001c001a001a001c001a001aff1b001aff1b001bff1aff
CSIX,1588813426,024353490001,-65,6,128,4330040001e800e8fee9feebfbe9fceafbebf9eaf8eaf7e9f7ebf6eaf5e9f6e9f7e7f6e8f7e9f8e8faeafbe9fceafcebfdebfdebffec00000000000000000000000000000000000000000000fceffeeefeedffecffeb01eb01eb02ea02e903e906e705e705e803e605e805e504e603e604e503e603e604e603e805e503e404e7
CSIX,1588920658,024353490001,-63,6,128,4330040000e303ecf4ecfce5edf2f7def2ee01ebf6e9f1e8f1e7f5e6f0eaf3eaf1eaf3e5eef0f1e9f1eaf1ecececf3e7ede7f3eafbeb0000000000000000000000000000000000000000000003f004ef06ec0aea0bec09f00bee0eed0dea0ae911eb0ce80eea11e909ec0fea0def06f001e60fe308e500eb04e408ea02e604e5
CSIX,1588936003,024353490001,-63,6,128,433004000eee0fed0cec0aec09eb08e907eb04ea03e906e705e805e605e504e506e406e406e508e507e708e709e909ea0be90aec0ced000000000000000000000000000000000000000000000af00bf00cf00df00ef010f010f010f112f014f116f116f016f116f015f117f015f014f015ef14ef14ef14ef13ef14ef15ee14ee
CSIX,1588979212,024353490001,-62,6,128,43300400f110f312f90ef711fd12fc16f8130211fe110014fc17011202170219001c0019ff18fe17fd16fd15fc15fc13fb15fc14fa1300000000000000000000000000000000000000000000f810f710f610f50ff40ff210f20ff00ef010f010ef13eb12ee13f013ec12eb11ee15f012f014ec12ec13f115ee10f513ef19f217
CSIX,1588997554,024353490001,-63,6,128,4330040011ef11ee0eed0eee0dec0deb0bec0aea0aea0ae809e808e809e708e70ae60be60ae70be80cea0cea0cec0cec0ded0cee0ef0000000000000000000000000000000000000000000000cef0ef00ff110f110f112f114f214f215f216f219f218f218f318f217f319f117f117f218f117f117f118f015f117f117f016f0
CSIX,1589025938,024353490001,-63,6,128,43300400eb0beb0dee0def0eef10f010f110f112f212f116f314f315f215f314f115f116f214f114f212f112f10ff00ff00ff10df00c00000000000000000000000000000000000000000000f10eef0cee0cec0cec0bea0be90be90ae809e70ae50ae40ae509e50ae609e309e509e609e40ae50ae60be50ae70ae60ae50be70b
CSIX,1589057195,024353490001,-63,6,128,43300400f212f413f713f712f813f814fa13fb15fb14fd16fd15fe15fe16fe17fd18fd18fd17fb17fc14fb15fa13fa12f913f911f81000000000000000000000000000000000000000000000f811f611f512f312f312f112f012ef12ee12ee12ec13eb13ec12ec13ec12ea14ec12ed13ec13ed13ee14ed13ee13ec13ed14ee13
CSIX,1589085202,024353490001,-62,6,128,4330040008f004f20efa0be409f006f4fbf6eded03f204e9eee6fbe100e6f8e803e1f3e9fbee02e8f9ebfbe801ecffef02f000ee02ee0000000000000000000000000000000000000000000005ef06ef05ee09ef09ec08ec0ceb08ee0eef0bed0cea12e60bef10f10cf409ee11ee0ee808eb0de509ed11ea0eef06f10de70ce9
CSIX,1589113451,024353490001,-63,6,128,43300400e8fde8ffe901ea01ea03ea03eb05ec06ec06ea08ec08ec08ea08ea09ea08e908ea08ea07eb06eb04ec04ec03ec02ed02ee0000000000000000000000000000000000000000000000ed03ec02eb01e900ea00e9fee9fde8fce8fce7fbe5fae5f9e5f9e5fae6f9e4f9e5fae6fbe5fae5fae5fbe5fae6fbe5f9e4fbe6fb
CSIX,1589143434,024353490001,-63,6,128,43300400e8f8e8fae9fcebfdeafee9ffeb00ea02ea01e903ea03ea04e904e804e804e703e803e802ea02ea00eb00ebffebfeecfeeefc00000000000000000000000000000000000000000000ecffecfdebfcebfbebfaeaf9e9f8eaf7e9f7e9f5e7f4e8f4e8f4e7f5e8f4e6f4e7f5e7f6e7f4e7f5e7f6e6f5e7f6e6f4e6f5e7f6
CSIX,1589207504,024353490001,-63,6,128,4330040015fb15fa13fa12f712f712f611f611f410f510f210f20ef20ff20ff20fef11f111f211f20ff410f510f510f610f710f70ff8000000000000000000000000000000000000000000000ff711f911fa13fa13fb14fc16fd15fe15fe17fe18ff18fe18ff19fe18ff1aff18fe17fe18fe18fe18fd19fe18fe19fd19fd18fd
CSIX,1589240864,024353490001,-63,6,128,43300400e807e708ea0aea0aea0beb0cec0ded0eee0eed11ee11ef12ed12ee12ec12ec12ec12eb11ec0feb0eec0ded0ceb0ced0bec0900000000000000000000000000000000000000000000ef0bec0aec09ea08ea08e807e706e705e604e504e204e204e203e305e303e104e204e404e104e204e304e204e504e204e206e305
CSIX,1589270261,024353490001,-62,6,128,4330040002160817040b0e0e0a040e0b08140e0e08140c0e0e0d0a0d0c0d0e0d0b0e0f0e0f100b0e0a120e0f0a10080f090e070f070d00000000000000000000000000000000000000000000060bfe0fff0c040f000dfd120415fd120211ff0efe1603130314f914fe12fe15031400160118fc1600120218fd1202130113fe12
CSIX,1589323759,024353490001,-63,6,128,43300400100e100e100b110a130a150814021604110510091507170417071207170815091509130a1309140a120e0c0a10080d0f0f0c000000000000000000000000000000000000000000000c080b070d0b0f090b0f080b0d0f0908070d090d0c1310120d120e100d110e141216081216120a101812111714070e1b11111714
CSIX,1589356233,024353490001,-63,6,128,43300400ea09ea0aec0ced0ced0dec0eee0eef0ff010ef12f011f112ef12ef11ee13ed12ee12ed10ee0fee0eee0cee0cee0cef0aee0900000000000000000000000000000000000000000000f308f108f007ee07ee07ec06eb05eb04ea04e904e704e704e704e705e804e505e704e805e705e705e706e605e907e706e708e708
CSIX,1589383461,024353490001,-63,6,128,43300400f4eef2edf1f0f1f0f0f1f0f1f0f3eef3eff3ecf3edf4edf5ecf3ecf4ecf3ecf3ecf2edf2eff3eff2f1f2f2f3f2f2f3f2f5f200000000000000000000000000000000000000000000f6f5f6f3f6f2f5f1f6f1f6eef7eef7eef8edf8ecf8eaf7eaf8eaf7eaf7ebf7e9f7e9f7ebf6e9f7ebf5eaf6eaf6ecf6ebf5eaf5eb
CSIX,1589431527,024353490001,-63,6,128,43300400140216ff15fe16fe16fe15fc14fb14fa13fa14f714f715f616f816f718f717f818f817fa16fa16fa14fd13fd14fd14fe1400000000000000000000000000000000000000000000000c0110000d0412021104110611061008130812031509150a16061604150b1807160b150717081406140715071305160519041704
CSIX,1589447179,024353490001,-63,6,128,43300400f717f818fc17fc16fd18fd18fe17ff180017021a03180418031a0319031b021c021bff1cff19fe19fc18fc17fb18fb16f91500000000000000000000000000000000000000000000fd0ffb10fa10f911f911f712f613f512f512f414f314f315f215f316f315f117f216f315f217f216f316f317f416f318f419f418
CSIX,1589476815,024353490001,-63,6,128,43300400f8e7f6e7f4e9f4eaf3eaf2e9f2ecf1ecf1eceeebeeedeeededecedecedebeceaedeaeee9f0ebf1eaf3ebf3ebf4eaf5eaf7ea00000000000000000000000000000000000000000000f8f2faf0f9eff9edfaecfbebfceafdebfdeafde9fde6fde6fde6fce6fde7fce4fce6fce6fce5fbe6fbe6fbe5fbe7fbe4f9e4fae5
CSIX,1589504599,024353490001,-63,6,128,4330040018f718f716f515f516f216f214f214f013f015ed12ee13ed14ed14ed15ec16ec15ee16ee15ef15f116f215f316f414f415f7000000000000000000000000000000000000000000000ef80ff911f912f913f914fb15fb15fc16fc17fc19fd19fd19fe1afb19fd1cfc1afc19fc1bfc1afc1bfa1cfb19fa1bfb1cf91bf9
CSIX,1589563430,024353490001,-62,6,128,43300400e7fce6fde8ffe8ffe801e702e902e905e904e706e907e807e707e808e708e608e607e607e806e804e804e902e802e901eaff00000000000000000000000000000000000000000000f100f0fef0feeefdeffeedfcecfbecfaecfaebf9e8f8e8f8e8f7e7f8e7f7e5f7e6f8e7f8e5f7e6f8e6f8e5f8e7f8e5f7e4f8e5f8
CSIX,1589593707,024353490001,-62,6,128,43300400f6f0fdeffbe8f8edf8ecfcedf9edf9f4f7effaf1f5f3f4f6f3f6f3f2f4f6f4f2f5f5f2f5f4f3f3f5f4f5f5f4f5f3f6f3f6f30000000000000000000000000000000000000000000003f403f103f707f3fdf401f103ee00f5fbf306ed05ee03ec04e903ebf9eb01f006eef4ebfaf2fff103f4f9edffeaf7edfee608e7
CSIX,1589628317,024353490001,-63,6,128,43300400110e110e110b110b100b100b1407130711071807150612041603180116031603180718071406150614091307130911060f0b000000000000000000000000000000000000000000000a0709070a080a090a090c0a0c0c0a0c0c0d0c0d0f0f0d0f0e100f100e1111101011111113110f11111112101012121510110f11
CSIX,1589684182,024353490001,-64,6,128,43300400f9e8f9e7f7e9f7eaf6eaf5ebf4edf3edf3eef1ecf1eeefedefedf0edefebefebf0ebf0ebf2ecf3ebf5ebf5ecf5ebf7ecf8ec00000000000000000000000000000000000000000000f8f3f9f1f9f0f8eff9eff9edf9ecfaecfaebfae9f9e7f9e6fbe6f9e5fbe6fae3fbe5fbe5fae3fbe4fae5fbe3fae5fce4fae3fbe4
CSIX,1589713375,024353490001,-63,6,128,4330040001effee5eff4fae403f2f9fa07f7faf4f6fff505eafdf7fef602fb0e0212f20bf30df111ec07e80fec0aeb0bee0eeb08f0070000000000000000000000000000000000000000000003f506f505f207f305f006f106ef0df306ec09e90be40be608e80ae601e50be309e108e9fde20ce805e706e80eec08e901e804e4
CSIX,1589745262,024353490001,-64,6,128,43300400e905ea05ec07ec07ed07ee09ef09ef0aee0aee0bf10cf10cf00cf10ef10eef0eef0def0df00bf00bf009f009f008f008f00600000000000000000000000000000000000000000000f207f206f005ef06ef06ed05ec04ec05eb04e904e704e703e704e504e603e303e603e704e504e604e603e503e704e501e403e703
CSIX,1589773679,024353490001,-63,6,128,43300400170e180d160b160a1609170815061605150417041702170218031802180218031803170416041504140513051406120611070000000000000000000000000000000000000000000011041207110813081309140c140c140c150e150f1710171117111810171218131812161018131813181119121611191319131812
CSIX,1589804441,024353490001,-63,6,128,43300400ebf3eaf3e9f5ebf6eaf6ebf7ecf8ebfaeafae9fbeafceafde9fce9fde8fbe8fce9fae9faebfaecf9edf9eef9eef8eff8f0f700000000000000000000000000000000000000000000effbeff9eef9eef8edf7edf6ecf4eef4ecf3ecf2eaf0eaf0eaefe9f0ebf0e9eeeaefebf0eaeeeaefe9efe9eeeaf0e9eee9efeaef
CSIX,1589863911,024353490001,-63,6,128,4330040016fd16fc14fa14fa14f914f812f712f511f512f311f311f313f312f214f214f314f415f513f613f712f912f911f911fa10fc0000000000000000000000000000000000000000000011fa12fb13fc14fc14fd16fe16001501160117011a011a0219021a0119021a021a0218011a01190219011a0117001a001aff19ff
CSIX,1589894275,024353490001,-64,6,128,43300400160015ff15fd15fc15fc15fb13fa14f814f815f614f613f615f715f616f617f716f816fa14fa15fc13fc13fd13fe11ff11000000000000000000000000000000000000000000000011fd12fe13ff14ff140015021603150315041604180518051805180417061a0518051805190517051904180416031a051a021802
CSIX,1589923439,024353490001,-63,6,128,43300400f3eef1eef0f0f0f1eef0eef1eff2edf3edf4eaf3ebf4eaf5eaf3eaf3e9f2eaf2ebf1ecf0eef1eff0f1f1f2f2f2f0f3f1f5f000000000000000000000000000000000000000000000f3f3f4f1f4f0f3eef4eff5ecf6ecf7ebf7ebf6eaf6e8f6e8f6e8f4e8f7e8f6e7f6e7f6e9f5e7f5e8f5e9f5e8f5eaf4e9f4e9f3e9
CSIX,1589953982,024353490001,-63,6,128,43300400eafbe9ffe703e902e902ea03e905ea06e807e608e907e908e708e90ae609e508e707e805e905e903ea03ea02ea01ec00ecfe00000000000000000000000000000000000000000000eefeedfdecfdebfcebfbebfaeaf9ecf7eaf8eaf7e8f5e7f4e8f4e7f5e8f5e5f6e9f7e7f7e7f7e8f7e8f8e8f7e6f9e9fae8f9e7f9
CSIX,1590013348,024353490001,-63,6,128,43300400f0f1eff1edf3eef3edf4ecf5edf6ecf7edf6eaf6ebf7ebf9eaf8eaf8e9f8e9f6eaf6ebf5edf6eef5eff6f0f5eff5f2f4f3f400000000000000000000000000000000000000000000f4f6f2f5f4f4f3f2f2f1f2f1f2eff4eef4eef3edf4ecf2ebf4eaf4ebf2edf2ebf4ebf3eef3ebf1edf1edf0ecf1eef1ebf1ecf1ee
CSIX,1590043624,024353490001,-63,6,128,4330040009e908e806e805e904e803e803e901e801e800e6ffe8fee8ffe7ffe7ffe500e501e601e702e903e904eb05eb06eb05ec06ee0000000000000000000000000000000000000000000002ef04ee05ed06ec06ec08ec09eb0aec0bec0cea0de90ee80ee90ee80eea10e70ee90ee90ee90ee90de80ee80ce90ee80de60de8
CSIX,1590104584,024353490001,-63,6,128,43300400fde8fbe8faeafae9f8eaf8eaf7ebf5ecf6ecf4eaf3edf2ecf2ebf3ebf2eaf3eaf3eaf4e9f6ebf6ebf8ecf8edf9ebfaedfced00000000000000000000000000000000000000000000f9f1faf0fbeffbedfbedfcebfdeafeeafee9fee8ffe6fee6ffe4fde401e800e2ffe400e600e500e6ffe500e5ffe600e5fee4ffe4
CSIX,1590133923,024353490001,-63,6,128,4330040005160617081408140a150a140a120c120c120f130e120e110f130e120f140e140e140d150b130a140913081208130611051200000000000000000000000000000000000000000000070d070e060f061106110513051404140315041503190418031904190319011a021a0218011b01190319021903170319031a041a
CSIX,1590165383,024353490001,-63,6,128,43300400f5e9f3e9f1ebf2ecf0ecefecf0eeeeeeeeeeeceeedefecf0ecefebf0eaeeebedecedecedefeef0edf0eef2eef3edf4edf6ee00000000000000000000000000000000000000000000f6f2f7f0f7eff8eef8eef9edf8ebfaebfaeafae9fae6fae6fae6f9e5fae6f9e4f9e6fae7f9e5f9e6f8e6f8e5f8e7f9e6f7e5f7e7
